<?xml version="1.0" encoding="utf-8"?>
<COLLADA xmlns="http://www.collada.org/2005/11/COLLADASchema" version="1.4.1" xmlns:xsi="http://www.w3.org/2001/XMLSchema-instance">
  <asset>
    <contributor>
      <author>Blender User</author>
      <authoring_tool>Blender 4.5.3 LTS commit date:2025-09-08, commit time:12:46, hash:67807e1800cc</authoring_tool>
    </contributor>
    <created>2025-09-24T17:41:11</created>
    <modified>2025-09-24T17:41:11</modified>
    <unit name="meter" meter="1"/>
    <up_axis>Z_UP</up_axis>
  </asset>
  <library_effects>
    <effect id="color_003-effect">
      <profile_COMMON>
        <technique sid="common">
          <lambert>
            <emission>
              <color sid="emission">0 0 0 1</color>
            </emission>
            <diffuse>
              <color sid="diffuse">0.439216 0.439216 0.439216 1</color>
            </diffuse>
            <index_of_refraction>
              <float sid="ior">1.5</float>
            </index_of_refraction>
          </lambert>
        </technique>
      </profile_COMMON>
    </effect>
    <effect id="polished_steel_002-effect">
      <profile_COMMON>
        <technique sid="common">
          <lambert>
            <emission>
              <color sid="emission">0 0 0 1</color>
            </emission>
            <diffuse>
              <color sid="diffuse">0.776471 0.756863 0.737255 1</color>
            </diffuse>
            <reflectivity>
              <float sid="specular">1</float>
            </reflectivity>
            <index_of_refraction>
              <float sid="ior">1.5</float>
            </index_of_refraction>
          </lambert>
        </technique>
      </profile_COMMON>
    </effect>
  </library_effects>
  <library_images/>
  <library_materials>
    <material id="color_003-material" name="color.003">
      <instance_effect url="#color_003-effect"/>
    </material>
    <material id="polished_steel_002-material" name="polished steel.002">
      <instance_effect url="#polished_steel_002-effect"/>
    </material>
  </library_materials>
  <library_geometries>
    <geometry id="Mesh_0_003-mesh" name="Mesh_0.003">
      <mesh>
        <source id="Mesh_0_003-mesh-positions">
          <float_array id="Mesh_0_003-mesh-positions-array" count="13188">0.02906602 0.07948154 -0.02890408 0.02906602 0.07948154 -0.02890408 0.0199247 0.08751636 -0.03335529 0.0199247 0.08751636 -0.03335529 0.02906602 0.08101558 -0.02616298 0.02906602 0.08101558 -0.02616298 0.0199247 0.08786845 -0.03276431 0.0199247 0.0911628 -0.02613782 0.02906602 0.08375674 -0.02022802 0.02906602 0.08375674 -0.02022802 0.0199247 0.09214359 -0.02376133 0.0199247 0.09214359 -0.02376133 0.02906602 0.08400821 -0.01967477 0.02906602 0.08980482 8.9629e-4 0.02906602 0.08980482 8.9629e-4 0.02906602 0.0892893 -0.00170648 0.02906602 0.0892893 -0.00170648 0.0199247 0.09829229 -0.003404021 0.0199247 0.09829229 -0.003404021 0.0199247 0.09801566 -0.005076348 0.02906602 0.0884217 -0.006107389 0.02906602 0.0884217 -0.006107389 0.0199247 0.0962553 -0.01225608 0.02906602 0.08700084 -0.01111185 0.02906602 0.08700084 -0.01111185 0.0199247 0.09576493 -0.0137524 0.0199247 0.09576493 -0.0137524 0.02906602 0.08647269 -0.01297283 0.0199247 0.09396684 -0.01929754 0.0199247 0.09396684 -0.01929754 0.0184158 0.09229445 -0.02665334 0.0184158 0.08896237 -0.03335529 0.0184158 0.08513987 -0.03979319 0.0199247 0.08409625 -0.03911417 0.0199247 0.08409625 -0.03911417 0.02906602 0.07753258 -0.03238707 0.02906602 0.07753258 -0.03238707 0.0199247 0.08183288 -0.04235827 0.0199247 0.08183288 -0.04235827 0.02906602 0.07436394 -0.03711491 0.02906602 0.07436394 -0.03711491 0.02906602 0.07355922 -0.03832203 0.0199247 0.07985877 -0.04518741 0.0199247 0.07985877 -0.04518741 0.02906602 0.06914573 -0.04393005 0.0199247 0.07530701 -0.05077028 0.0199247 0.07530701 -0.05077028 0.02906602 0.06840384 -0.04473477 0.02906602 0.06840384 -0.04473477 0.0199247 0.07518124 -0.0509212 0.02906602 0.06429213 -0.04917341 0.02906602 0.06429213 -0.04917341 0.0199247 0.07010138 -0.05629026 0.0199247 0.06783801 -0.05835241 0.0199247 0.06783801 -0.05835241 0.02906602 0.06162649 -0.05163788 0.02906602 0.06162649 -0.05163788 0.0199247 0.06464421 -0.06126958 0.0199247 0.06464421 -0.06126958 0.02906602 0.05904877 -0.05401438 0.02906602 0.05904877 -0.05401438 0.0199247 0.05965232 -0.06518012 0.0199247 0.05965232 -0.06518012 0.02906602 0.0542078 -0.05783689 0.02906602 0.0542078 -0.05783689 0.0199247 0.05882245 -0.06583398 0.02906602 0.0534408 -0.05844044 0.02906602 0.01921433 -0.07369273 0.02906602 0.01921433 -0.07369273 0.02906602 0.02122616 -0.07329034 0.03031086 0.02087408 -0.07181918 0.02906602 0.02810412 -0.07135397 0.03031086 0.02762633 -0.06990796 0.02906602 0.02855682 -0.07119047 0.02906602 0.02855682 -0.07119047 0.03031086 0.03421515 -0.06748116 0.02906602 0.03479355 -0.06888943 0.02906602 0.03479355 -0.06888943 0.02906602 0.03754723 -0.0676195 0.02906602 0.03754723 -0.0676195 0.03031086 0.04059016 -0.06453883 0.02906602 0.0412817 -0.0658968 0.02906602 0.0412817 -0.0658968 0.03031086 0.0467137 -0.06111872 0.02906602 0.0461353 -0.06316828 0.02906602 0.0461353 -0.06316828 0.02906602 0.04750585 -0.06240123 0.03031086 0.05256062 -0.05720818 0.03031086 0.05806803 -0.05287015 0.03031086 0.06322336 -0.04810458 0.03031086 0.06798893 -0.04294925 0.03031086 0.07233953 -0.03742927 0.03031086 0.07623749 -0.03159493 0.03031086 0.07967019 -0.02547138 0.03031086 0.08261251 -0.01909637 0.03031086 0.08503925 -0.01250755 0.03031086 0.08693796 -0.005755364 0.03031086 0.08830851 0.00113517 0.02906602 0.0906347 0.007874846 0.02906602 0.0906347 0.007874846 0.03031086 0.08913838 0.008113741 0.02906602 0.09064728 0.007987976 0.02906602 0.09064728 0.007987976 0.02906602 0.0909239 0.01513004 0.02906602 0.0909239 0.01513004 0.03031086 0.08941501 0.01513004 0.03031086 0.08830851 0.02911233 0.03031086 0.08913838 0.02213376 0.02906602 0.09064728 0.02225947 0.02906602 0.09064728 0.02225947 0.02906602 0.09083586 0.01754426 0.02906602 0.09083586 0.01754426 0.0199247 0.1000527 0.01697844 0.0199247 0.09991431 0.009584903 0.0199247 0.09968799 0.007145524 0.0199247 0.09968799 0.007145524 0.0199247 0.09923535 0.002216517 0.0199247 0.09923535 0.002216517 0.0184158 0.09922277 -0.00532782 0.0184158 0.09744983 -0.01260817 0.0184158 0.09513622 -0.01972508 0.01668059 0.09600383 -0.02003943 0.01668059 0.09313696 -0.02703058 0.0148071 0.09366506 -0.02726948 0.01668059 0.08977967 -0.03379535 0.01668059 0.08591943 -0.04029613 0.0184158 0.08085215 -0.04592931 0.0184158 0.07612431 -0.0517385 0.0184158 0.07098156 -0.05717045 0.0184158 0.06543642 -0.06222522 0.0184158 0.05955177 -0.06683987 0.0199247 0.05268633 -0.0699582 0.0199247 0.05077511 -0.07103961 0.0199247 0.05077511 -0.07103961 0.0199247 0.04624843 -0.07361727 0.0199247 0.04624843 -0.07361727 0.0199247 0.041332 -0.07595604 0.0199247 0.041332 -0.07595604 0.0199247 0.03957164 -0.07678592 0.0199247 0.0326811 -0.07946419 0.0199247 0.03142368 -0.07984143 0.0199247 0.03142368 -0.07984143 0.0199247 0.02560192 -0.08161437 0.0199247 0.02560192 -0.08161437 0.0199247 0.02113813 -0.08262026 0.0199247 0.02113813 -0.08262026 0.0199247 0.01838445 -0.08324897 0.02906602 0.01422244 -0.07468605 0.02906602 0.01422244 -0.07468605 0.03031086 0.01398354 -0.07318973 0.02906602 0.009658098 -0.07522672 0.02906602 0.009658098 -0.07522672 0.03031086 0.007017552 -0.07401967 0.03124129 -0.006876707 -0.07228446 0.03031086 1.2666e-6 -0.07428371 0.03124129 1.2666e-6 -0.07256108 0.03124129 0.00687921 -0.07228446 0.03124129 0.01371949 -0.07147967 0.03124129 0.02047175 -0.07013428 0.03124129 0.02709823 -0.0682733 0.03124129 0.03356128 -0.06588423 0.03124129 0.03981053 -0.06300479 0.03124129 0.04582095 -0.05963498 0.03124129 0.0515421 -0.05581247 0.03124129 0.05694895 -0.05154991 0.03124129 0.06200367 -0.04688495 0.03124129 0.0666812 -0.0418176 0.03124129 0.07094383 -0.03641074 0.03124129 0.07476633 -0.03068959 0.03124129 0.07812356 -0.02467924 0.03124129 0.08101558 -0.01842993 0.03124129 0.08339208 -0.01196688 0.03124129 0.08526563 -0.005340397 0.03124129 0.08661103 0.001411795 0.03124129 0.08741575 0.008239507 0.03124129 0.0876798 0.01513004 0.03124129 0.08741575 0.022008 0.03124129 0.08661103 0.02883571 0.03124129 0.08101558 0.0486775 0.03124129 0.08339208 0.04221445 0.03031086 0.08261251 0.04934394 0.03031086 0.08503925 0.04275512 0.03124129 0.08526563 0.03558796 0.03031086 0.08693796 0.03600287 0.02906602 0.0884217 0.03635495 0.02906602 0.08980482 0.02935123 0.02906602 0.09006887 0.02718853 0.02906602 0.09006887 0.02718853 0.0199247 0.09965026 0.02435934 0.0199247 0.09965026 0.02435934 0.0199247 0.1000149 0.01778316 0.0199247 0.1000149 0.01778316 0.0184158 0.1012974 0.01699101 0.0184158 0.1011592 0.009509444 0.0184158 0.1004676 0.002053081 0.01668059 0.1013855 0.001939892 0.01668059 0.1001281 -0.005516409 0.01668059 0.09833002 -0.01285964 0.0148071 0.09888327 -0.01301056 0.0148071 0.09653192 -0.0202406 0.01285809 0.09407997 -0.02676653 0.01285809 0.09407997 -0.02676653 0.01285809 0.09384107 -0.02734494 0.01285809 0.09384107 -0.02734494 0.01285809 0.08915096 -0.03634792 0.01285809 0.08915096 -0.03634792 0.01285809 0.09044611 -0.03416001 0.01285809 0.09044611 -0.03416001 0.0148071 0.09027004 -0.03407198 0.0148071 0.08639729 -0.04059791 0.01668059 0.08159399 -0.04648256 0.01668059 0.0768159 -0.05234205 0.01668059 0.07162278 -0.05783689 0.01668059 0.06603991 -0.06292939 0.01668059 0.06009244 -0.06759434 0.0184158 0.05334019 -0.07101446 0.0184158 0.04682683 -0.07472378 0.0184158 0.04006201 -0.07793015 0.0184158 0.03308343 -0.08063358 0.0184158 0.02591627 -0.08282142 0.0184158 0.01861077 -0.08446866 0.0199247 0.01107895 -0.08433032 0.0199247 0.01063883 -0.08436805 0.0199247 0.01063883 -0.08436805 0.02906602 0.007130682 -0.0755285 0.02906602 0.007130682 -0.0755285 0.02906602 1.2666e-6 -0.07580512 0.02906602 -0.009655535 -0.07522672 0.02906602 -0.009655535 -0.07522672 0.02906602 -0.007128179 -0.0755285 0.02906602 -0.007128179 -0.0755285 0.03031086 -0.007014989 -0.07401967 0.03124129 -0.01371693 -0.07147967 0.03031086 -0.01399356 -0.07318973 0.03124129 -0.02046918 -0.07013428 0.03180718 -0.04483759 -0.05803805 0.03124129 -0.03980803 -0.06300479 0.03180718 -0.038953 -0.06133246 0.03124129 -0.03355872 -0.06588423 0.03180718 -0.03284204 -0.06414902 0.03124129 -0.02709567 -0.0682733 0.03180718 -0.02651727 -0.06648778 0.03180718 -0.02002912 -0.06831103 0.03180718 -0.01342773 -0.06963133 0.03180718 -0.006738364 -0.07042348 0.03180718 1.2666e-6 -0.07068753 0.03180718 0.006728351 -0.07042348 0.03180718 0.01341772 -0.06963133 0.03180718 0.02003163 -0.06831103 0.03180718 0.02651983 -0.06648778 0.03180718 0.03283196 -0.06414902 0.03180718 0.0389555 -0.06133246 0.03180718 0.04484015 -0.05803805 0.03180718 0.0504356 -0.054291 0.03180718 0.05572926 -0.05012899 0.03180718 0.06067085 -0.04555207 0.03180718 0.06524777 -0.04061049 0.03180718 0.06942236 -0.03531682 0.03180718 0.07316941 -0.0297088 0.03180718 0.07645124 -0.02383679 0.03180718 0.07928037 -0.01771324 0.03180718 0.08160656 -0.01138848 0.03180718 0.08344238 -0.004912853 0.03180718 0.08475005 0.001700997 0.03180718 0.08554226 0.008390367 0.03180718 0.08580631 0.01513004 0.03180718 0.08554226 0.02185714 0.03180718 0.08475005 0.02854651 0.03180718 0.08344238 0.03516042 0.03180718 0.08160656 0.04163604 0.03180718 0.07928037 0.04796075 0.03124129 0.07812356 0.05492675 0.03180718 0.07645124 0.0540843 0.03124129 0.07476633 0.06093716 0.03180718 0.07316941 0.05995637 0.03124129 0.07094383 0.06665831 0.03180718 0.06942236 0.06556439 0.03124129 0.0666812 0.07206517 0.03180718 0.06524777 0.07085806 0.03124129 0.06200367 0.07711994 0.03180718 0.06067085 0.07579964 0.03124129 0.05694895 0.08179742 0.03180718 0.05572926 0.08037656 0.03180718 0.03283196 0.09439659 0.03180718 0.0389555 0.09158003 0.03124129 0.03356128 0.0961318 0.03124129 0.03981053 0.09325236 0.03180718 0.04484015 0.08828562 0.03124129 0.04582095 0.08988255 0.03180718 0.0504356 0.08453857 0.03124129 0.0515421 0.08606004 0.03031086 0.05256062 0.08745574 0.03031086 0.05806803 0.08311772 0.03031086 0.06322336 0.07835215 0.03031086 0.06798893 0.07319682 0.03031086 0.07233953 0.06767684 0.03031086 0.07623749 0.0618425 0.03031086 0.07967019 0.05571895 0.02906602 0.08400821 0.04992234 0.02906602 0.08400821 0.04992234 0.02906602 0.08547937 0.04594892 0.02906602 0.08547937 0.04594892 0.02906602 0.08647269 0.0432204 0.02906602 0.08647269 0.0432204 0.02906602 0.08832108 0.03669446 0.02906602 0.08832108 0.03669446 0.0199247 0.09721094 0.03886973 0.0199247 0.09721094 0.03886973 0.0199247 0.09869468 0.03169 0.0199247 0.09869468 0.03169 0.0199247 0.09912216 0.02839559 0.0199247 0.09912216 0.02839559 0.0184158 0.1008825 0.02447253 0.01668059 0.1018005 0.02456057 0.01668059 0.1022154 0.01701611 0.01668059 0.1020771 0.009459137 0.0148071 0.1026555 0.009421467 0.0148071 0.1019513 0.001864433 0.0148071 0.1006939 -0.005629599 0.01285809 0.1008825 -0.005667328 0.01285809 0.1008825 -0.005667328 0.01285809 0.1007316 -0.006283462 0.01285809 0.1007316 -0.006283462 0.01285809 0.09907186 -0.01306086 0.01285809 0.09907186 -0.01306086 0.01285809 0.0978899 -0.01668214 0.01285809 0.0978899 -0.01668214 0.01285809 0.09672051 -0.02030348 0.01285809 0.09672051 -0.02030348 1.45823e-4 0.09533739 -0.02384936 1.45823e-4 0.09533739 -0.02384936 1.45823e-4 0.09402972 -0.02674138 1.45823e-4 0.09402972 -0.02674138 -0.0018031 0.0920304 -0.03070217 1.45823e-4 0.09220647 -0.0307902 1.45823e-4 0.09220647 -0.0307902 1.45823e-4 0.08916354 -0.0363605 1.45823e-4 0.08916354 -0.0363605 1.45823e-4 0.08916354 -0.0363605 1.45823e-4 0.08855998 -0.037467 1.45823e-4 0.08855998 -0.037467 0.01285809 0.08656072 -0.0407111 0.01285809 0.08656072 -0.0407111 0.01285809 0.08329147 -0.04538863 0.01285809 0.08329147 -0.04538863 0.0148071 0.08204668 -0.04683464 0.0148071 0.07724338 -0.05271929 0.0148071 0.07202517 -0.05823928 0.0148071 0.06640458 -0.06335687 0.0148071 0.06043195 -0.06804698 0.01668059 0.05381798 -0.0718066 0.01668059 0.04725438 -0.07554107 0.01668059 0.04042667 -0.07878518 0.01668059 0.03338521 -0.08151376 0.01668059 0.02615517 -0.08371418 0.01668059 0.01878678 -0.08537399 0.0184158 0.01120465 -0.08556258 0.0184158 0.003748297 -0.08611583 0.0199247 0.003697991 -0.08488357 0.0199247 0.003697991 -0.08488357 0.02906602 1.2666e-6 -0.07580512 0.0199247 1.2666e-6 -0.08488357 0.0199247 1.2666e-6 -0.08488357 0.0199247 -0.003695487 -0.08488357 0.0199247 -0.003695487 -0.08488357 0.0199247 -0.01063632 -0.08436805 0.0199247 -0.01063632 -0.08436805 0.0199247 -0.01107639 -0.08433032 0.0199247 -0.01838189 -0.08324897 0.02906602 -0.01421993 -0.07468605 0.02906602 -0.01421993 -0.07468605 0.02906602 -0.01921176 -0.07369273 0.02906602 -0.01921176 -0.07369273 0.03031086 -0.02087157 -0.07181918 0.03031086 -0.02763634 -0.06990796 0.03031086 -0.03421258 -0.06748116 0.03031086 -0.0405876 -0.06453883 0.03124129 -0.04581838 -0.05963498 0.03180718 -0.05043303 -0.054291 0.03199577 -0.05445671 -0.04864531 0.03199577 -0.05445671 -0.04864531 0.03199577 -0.0492888 -0.05271929 0.03199577 -0.0492888 -0.05271929 0.03199577 -0.04381912 -0.0563783 0.03199577 -0.04381912 -0.0563783 0.03199577 -0.03807282 -0.05959725 0.03199577 -0.03807282 -0.05959725 0.03199577 -0.03208756 -0.06235092 0.03199577 -0.03208756 -0.06235092 0.03199577 -0.02591371 -0.06462687 0.03199577 -0.02591371 -0.06462687 0.03199577 -0.01957643 -0.06641238 0.03199577 -0.01957643 -0.06641238 0.03199577 -0.01311337 -0.06770747 0.03199577 -0.01311337 -0.06770747 0.03199577 -0.006574928 -0.06847453 0.03199577 -0.006574928 -0.06847453 0.03199577 1.2666e-6 -0.06873857 0.03199577 0.006577432 -0.06847453 0.03199577 0.006577432 -0.06847453 0.03199577 0.01311594 -0.06770747 0.03199577 0.01311594 -0.06770747 0.03199577 0.01957899 -0.06641238 0.03199577 0.01957899 -0.06641238 0.03199577 0.02591627 -0.06462687 0.03199577 0.02591627 -0.06462687 0.03199577 0.03209012 -0.06235092 0.03199577 0.03209012 -0.06235092 0.03199577 0.03807532 -0.05959725 0.03199577 0.03807532 -0.05959725 0.03199577 0.04382169 -0.0563783 0.03199577 0.04382169 -0.0563783 0.03199577 0.04929137 -0.05271929 0.03199577 0.04929137 -0.05271929 0.03199577 0.05445927 -0.04864531 0.03199577 0.05445927 -0.04864531 0.03199577 0.0593003 -0.04416894 0.03199577 0.0593003 -0.04416894 0.03199577 0.06376403 -0.03934049 0.03199577 0.06376403 -0.03934049 0.03199577 0.06783801 -0.03417259 0.03199577 0.06783801 -0.03417259 0.03199577 0.07149708 -0.02869033 0.03199577 0.07149708 -0.02869033 0.03199577 0.07471603 -0.02294403 0.03199577 0.07471603 -0.02294403 0.03199577 0.0774697 -0.01697134 0.03199577 0.0774697 -0.01697134 0.03199577 0.07975816 -0.01078492 0.03199577 0.07975816 -0.01078492 0.03199577 0.08154368 -0.004447638 0.03199577 0.08154368 -0.004447638 0.03199577 0.08282625 0.002002775 0.03199577 0.08282625 0.002002775 0.03199577 0.08359324 0.008541285 0.03199577 0.08359324 0.008541285 0.03199577 0.08385729 0.01513004 0.03199577 0.08385729 0.01513004 0.03199577 0.08359324 0.02170622 0.03199577 0.08359324 0.02170622 0.03199577 0.08282625 0.02824473 0.03199577 0.08282625 0.02824473 0.03199577 0.08154368 0.0346952 0.03199577 0.08154368 0.0346952 0.03199577 0.07975816 0.04103249 0.03199577 0.07975816 0.04103249 0.03199577 0.0774697 0.04721891 0.03199577 0.0774697 0.04721891 0.03199577 0.07471603 0.05319154 0.03199577 0.07471603 0.05319154 0.03199577 0.07149708 0.0589379 0.03199577 0.07149708 0.0589379 0.03199577 0.06783801 0.06442016 0.03199577 0.06783801 0.06442016 0.03199577 0.06376403 0.06958806 0.03199577 0.06376403 0.06958806 0.03199577 0.0593003 0.07441651 0.03199577 0.0593003 0.07441651 0.03199577 0.05445927 0.07889282 0.03199577 0.05445927 0.07889282 0.03199577 0.04929137 0.0829668 0.03199577 0.04929137 0.0829668 0.03199577 0.04382169 0.08662587 0.03199577 0.04382169 0.08662587 0.03199577 0.03807532 0.08984482 0.03199577 0.03807532 0.08984482 0.03199577 0.03209012 0.09259849 0.03199577 0.03209012 0.09259849 0.03199577 0.02591627 0.09487444 0.03199577 0.02591627 0.09487444 0.03180718 0.02651983 0.09673535 0.03124129 0.02709823 0.09852087 0.03031086 0.02762633 0.1001555 0.03031086 0.03421515 0.09772872 0.03031086 0.04059016 0.0947864 0.03031086 0.0467137 0.09136629 0.02906602 0.04750585 0.0926488 0.02906602 0.04750585 0.0926488 0.02906602 0.05022186 0.09083813 0.02906602 0.05022186 0.09083813 0.02906602 0.0534408 0.08868801 0.02906602 0.0534408 0.08868801 0.02906602 0.05800515 0.08509182 0.02906602 0.05800515 0.08509182 0.02906602 0.05904877 0.08426195 0.02906602 0.06429213 0.07942098 0.02906602 0.06512206 0.07852822 0.02906602 0.06512206 0.07852822 0.02906602 0.06914573 0.07417762 0.02906602 0.06914573 0.07417762 0.02906602 0.07145935 0.07123529 0.02906602 0.07145935 0.07123529 0.02906602 0.07355922 0.0685696 0.02906602 0.07355922 0.0685696 0.02906602 0.07705479 0.06333881 0.02906602 0.07705479 0.06333881 0.02906602 0.07753258 0.06263464 0.02906602 0.08101558 0.05641049 0.02906602 0.08173233 0.05486392 0.02906602 0.08173233 0.05486392 0.0199247 0.09263396 0.05299037 0.0199247 0.09263396 0.05299037 0.0199247 0.09407997 0.04905474 0.0199247 0.09407997 0.04905474 0.0199247 0.09517395 0.04604953 0.0199247 0.09719836 0.03893262 0.0184158 0.09840548 0.03923439 0.0184158 0.09991431 0.03189116 0.01668059 0.1008322 0.03205466 0.0148071 0.1013855 0.03214269 0.0148071 0.1023663 0.02461081 0.0148071 0.1027938 0.01702868 0.01285809 0.1029824 0.01702868 0.01285809 0.1029824 0.01702868 0.01285809 0.1029447 0.01513004 0.01285809 0.1029447 0.01513004 0.01285809 0.1028441 0.009421467 0.01285809 0.1028441 0.009421467 0.01285809 0.1023789 0.004366695 0.01285809 0.1023789 0.004366695 0.01285809 0.1021399 0.001839339 0.01285809 0.1021399 0.001839339 1.45823e-4 0.1015741 -0.001932859 1.45823e-4 0.1015741 -0.001932859 1.45823e-4 0.1006813 -0.006283462 1.45823e-4 0.1006813 -0.006283462 1.45823e-4 0.1000401 -0.009389221 1.45823e-4 0.1000401 -0.009389221 1.45823e-4 0.09795278 -0.0167073 1.45823e-4 0.09795278 -0.0167073 -0.0018031 0.09777677 -0.01664441 -0.0018031 0.09516137 -0.0237739 -0.003689229 0.09463322 -0.02356016 -0.003689229 0.09151488 -0.0304507 -0.0018031 0.08839654 -0.03737896 1.45823e-4 0.0844357 -0.04386717 1.45823e-4 0.0844357 -0.04386717 1.45823e-4 0.08329147 -0.04538863 1.45823e-4 0.08329147 -0.04538863 0.01285809 0.08219754 -0.04694777 0.01285809 0.08219754 -0.04694777 0.01285809 0.07738173 -0.052845 0.01285809 0.07738173 -0.052845 0.01285809 0.07651412 -0.05377548 0.01285809 0.07651412 -0.05377548 0.01285809 0.07215094 -0.05837756 0.01285809 0.07215094 -0.05837756 0.01285809 0.06886911 -0.06137019 0.01285809 0.06886911 -0.06137019 0.01285809 0.06653034 -0.06350779 0.01285809 0.06653034 -0.06350779 0.01285809 0.06054508 -0.06821042 0.01285809 0.06054508 -0.06821042 0.01285809 0.05146664 -0.07401967 0.01285809 0.05146664 -0.07401967 0.01285809 0.05422037 -0.07244789 0.01285809 0.05422037 -0.07244789 0.0148071 0.05411976 -0.07228446 0.0148071 0.04751843 -0.07604408 0.0148071 0.04065299 -0.0793007 0.0148071 0.03357386 -0.08205443 0.0148071 0.02630609 -0.08426743 0.0148071 0.0188874 -0.08593982 0.01668059 0.01131784 -0.08649307 0.01668059 0.00377345 -0.08704632 0.0184158 -0.003745734 -0.08611583 0.0184158 -0.01121473 -0.08556258 0.0184158 -0.01862078 -0.08446866 0.0199247 -0.02113562 -0.08262026 0.0199247 -0.02113562 -0.08262026 0.02906602 -0.0212236 -0.07329034 0.02906602 -0.02810162 -0.07135397 0.02906602 -0.02855426 -0.07119047 0.02906602 -0.02855426 -0.07119047 0.02906602 -0.03479099 -0.06888943 0.02906602 -0.03479099 -0.06888943 0.02906602 -0.03754466 -0.0676195 0.02906602 -0.03754466 -0.0676195 0.02906602 -0.04127919 -0.0658968 0.02906602 -0.04127919 -0.0658968 0.02906602 -0.04613274 -0.06316828 0.02906602 -0.04613274 -0.06316828 0.02906602 -0.04751586 -0.06240123 0.03031086 -0.04672372 -0.06111872 0.03124129 -0.05153954 -0.05581247 0.03180718 -0.0557267 -0.05012899 0.03199577 -0.05929774 -0.04416894 0.03199577 -0.05929774 -0.04416894 0.03199577 -0.07471346 -0.02294403 0.03199577 -0.07471346 -0.02294403 0.03199577 -0.07149451 -0.02869033 0.03199577 -0.07149451 -0.02869033 0.03199577 1.2666e-6 0.01513004 0.03199577 -0.06784808 -0.03417259 0.03199577 -0.06784808 -0.03417259 0.03199577 -0.06376153 -0.03934049 0.03199577 -0.06376153 -0.03934049 0.03199577 1.2666e-6 -0.06873857 0.03199577 0.01957899 0.09665995 0.03199577 0.01957899 0.09665995 0.03199577 0.01311594 0.09795504 0.03199577 0.01311594 0.09795504 0.03199577 1.2666e-6 0.09898614 0.03199577 0.006577432 0.09872204 0.03199577 0.006577432 0.09872204 0.03199577 -0.006574928 0.09872204 0.03199577 -0.006574928 0.09872204 0.03199577 1.2666e-6 0.09898614 0.03180718 -0.006738364 0.1006711 0.03180718 1.2666e-6 0.1009351 0.03180718 0.006728351 0.1006711 0.03180718 0.01341772 0.09987884 0.03180718 0.02003163 0.0985586 0.03124129 0.02047175 0.1003819 0.03031086 0.02087408 0.1020668 0.02906602 0.02390444 0.1027835 0.02906602 0.02390444 0.1027835 0.02906602 0.02810412 0.1016015 0.02906602 0.02810412 0.1016015 0.02906602 0.03309601 0.09975314 0.02906602 0.03309601 0.09975314 0.02906602 0.03479355 0.099137 0.02906602 0.0412817 0.09614437 0.02906602 0.0419104 0.09579235 0.02906602 0.0419104 0.09579235 0.0199247 0.04950511 0.1020919 0.0199247 0.04950511 0.1020919 0.0199247 0.0553143 0.09849572 0.0199247 0.0553143 0.09849572 0.0199247 0.05579215 0.09820652 0.0199247 0.06177735 0.09385591 0.0199247 0.06382691 0.09210813 0.0199247 0.06382691 0.09210813 0.0199247 0.0674231 0.08907783 0.0199247 0.0674231 0.08907783 0.0199247 0.07166051 0.08490324 0.0199247 0.07166051 0.08490324 0.0199247 0.07269161 0.08389729 0.0199247 0.07757031 0.07833957 0.0199247 0.07867681 0.07689356 0.0199247 0.07867681 0.07689356 0.0199247 0.08203411 0.07244241 0.0199247 0.08203411 0.07244241 0.0199247 0.08478778 0.0681672 0.0199247 0.08478778 0.0681672 0.0199247 0.0860452 0.06621825 0.0199247 0.0895785 0.05973005 0.0199247 0.08996826 0.05887502 0.0199247 0.08996826 0.05887502 0.0184158 0.09377819 0.05346816 0.0184158 0.09635591 0.04642677 0.01668059 0.09723609 0.04671597 0.01668059 0.09929817 0.03944814 0.0148071 0.09985148 0.03958648 0.01285809 0.1000401 0.03963679 0.01285809 0.1000401 0.03963679 0.01285809 0.1006813 0.03653103 0.01285809 0.1006813 0.03653103 0.01285809 0.1015741 0.03218036 0.01285809 0.1015741 0.03218036 0.01285809 0.1023914 0.02588081 0.01285809 0.1023914 0.02588081 0.01285809 0.1025549 0.02462339 0.01285809 0.1025549 0.02462339 1.45823e-4 0.1028441 0.02082604 1.45823e-4 0.1028441 0.02082604 1.45823e-4 0.1029447 0.01511746 1.45823e-4 0.1029447 0.01511746 1.45823e-4 0.1029824 0.01321876 1.45823e-4 0.1029824 0.01321876 1.45823e-4 0.1025549 0.005624115 1.45823e-4 0.1025549 0.005624115 1.45823e-4 0.1023914 0.004366695 1.45823e-4 0.1023914 0.004366695 -0.0018031 0.1013855 -0.001895129 -0.0018031 0.09985148 -0.009338915 -0.003689229 0.09929817 -0.009200632 -0.003689229 0.09723609 -0.0164684 -0.005411863 0.09635591 -0.0161792 -0.005411863 0.09377819 -0.02322065 -0.005411863 0.09069758 -0.03003573 -0.003689229 0.08790618 -0.03707718 -0.0018031 0.08427226 -0.04375398 -0.0018031 0.07969534 -0.04982721 1.45823e-4 0.0798462 -0.0499404 1.45823e-4 0.0798462 -0.0499404 1.45823e-4 0.07650154 -0.05375033 1.45823e-4 0.07650154 -0.05375033 1.45823e-4 0.07481658 -0.05566155 1.45823e-4 0.07481658 -0.05566155 1.45823e-4 0.06938463 -0.06099295 1.45823e-4 0.06938463 -0.06099295 1.45823e-4 0.06890684 -0.06140792 1.45823e-4 0.06890684 -0.06140792 1.45823e-4 0.06357544 -0.06590938 1.45823e-4 0.06357544 -0.06590938 1.45823e-4 0.06049478 -0.06814759 1.45823e-4 0.06049478 -0.06814759 1.45823e-4 0.05742675 -0.07038575 1.45823e-4 0.05742675 -0.07038575 1.45823e-4 0.05149179 -0.07405734 1.45823e-4 0.05149179 -0.07405734 1.45823e-4 0.05095112 -0.07439684 1.45823e-4 0.05095112 -0.07439684 0.01285809 0.04760646 -0.07622009 0.01285809 0.04760646 -0.07622009 0.01285809 0.04187268 -0.0789361 0.01285809 0.04187268 -0.0789361 0.01285809 0.04072844 -0.07947677 0.01285809 0.04072844 -0.07947677 0.01285809 0.03363674 -0.08223044 0.01285809 0.03363674 -0.08223044 0.01285809 0.0318135 -0.08278375 0.01285809 0.0318135 -0.08278375 0.01285809 0.02635633 -0.0844435 0.01285809 0.02635633 -0.0844435 0.01285809 0.02140218 -0.08556258 0.01285809 0.02140218 -0.08556258 0.01285809 0.01892513 -0.08612841 0.01285809 0.01892513 -0.08612841 0.01285809 0.0113933 -0.08724749 0.01285809 0.0113933 -0.08724749 0.0148071 0.01138073 -0.0870589 0.0148071 0.003798604 -0.08761215 0.01668059 -0.003783464 -0.08704632 0.01668059 -0.01131528 -0.08649307 0.01668059 -0.01878428 -0.08537399 0.0184158 -0.02592629 -0.08282142 0.0199247 -0.02559936 -0.08161437 0.0199247 -0.02559936 -0.08161437 0.0199247 -0.03142112 -0.07984143 0.0199247 -0.03142112 -0.07984143 0.0199247 -0.03267854 -0.07946419 0.0199247 -0.03956913 -0.07678592 0.0199247 -0.04132944 -0.07595604 0.0199247 -0.04132944 -0.07595604 0.0199247 -0.0462585 -0.07361727 0.0199247 -0.0462585 -0.07361727 0.0199247 -0.05077254 -0.07103961 0.0199247 -0.05077254 -0.07103961 0.0199247 -0.05268383 -0.0699582 0.0199247 -0.05881989 -0.06583398 0.02906602 -0.05345082 -0.05844044 0.03031086 -0.05255806 -0.05720818 0.03124129 -0.05694639 -0.05154991 0.03180718 -0.06068086 -0.04555207 0.03180718 -0.06524527 -0.04061049 0.03180718 -0.0694198 -0.03531682 0.03180718 -0.0731669 -0.0297088 0.03180718 -0.07646125 -0.02383679 0.03199577 -0.07747977 -0.01697134 0.03199577 -0.07747977 -0.01697134 0.03199577 -0.07975566 -0.01078492 0.03199577 -0.07975566 -0.01078492 0.03199577 -0.08154118 -0.004447638 0.03199577 -0.08154118 -0.004447638 0.03199577 -0.08282369 0.002002775 0.03199577 -0.08282369 0.002002775 0.03199577 -0.08360332 0.008541285 0.03199577 -0.08360332 0.008541285 0.03199577 -0.08385479 0.01513004 0.03199577 -0.08385479 0.01513004 0.03199577 -0.08360332 0.02170622 0.03199577 -0.08360332 0.02170622 0.03199577 -0.08282369 0.02824473 0.03199577 -0.08282369 0.02824473 0.03199577 -0.08154118 0.0346952 0.03199577 -0.08154118 0.0346952 0.03199577 -0.07975566 0.04103249 0.03199577 -0.07975566 0.04103249 0.03199577 -0.07747977 0.04721891 0.03199577 -0.07747977 0.04721891 0.03199577 -0.07471346 0.05319154 0.03199577 -0.07471346 0.05319154 0.03199577 -0.07149451 0.0589379 0.03199577 -0.07149451 0.0589379 0.03199577 -0.06784808 0.06442016 0.03199577 -0.06784808 0.06442016 0.03199577 -0.06376153 0.06958806 0.03199577 -0.06376153 0.06958806 0.03199577 -0.05929774 0.07441651 0.03199577 -0.05929774 0.07441651 0.03199577 -0.05445671 0.07889282 0.03199577 -0.05445671 0.07889282 0.03199577 -0.0492888 0.0829668 0.03199577 -0.0492888 0.0829668 0.03199577 -0.04381912 0.08662587 0.03199577 -0.04381912 0.08662587 0.03199577 -0.03807282 0.08984482 0.03199577 -0.03807282 0.08984482 0.03199577 -0.03208756 0.09259849 0.03199577 -0.03208756 0.09259849 0.03199577 -0.02591371 0.09487444 0.03199577 -0.02591371 0.09487444 0.03199577 -0.01957643 0.09665995 0.03199577 -0.01957643 0.09665995 0.03199577 -0.01311337 0.09795504 0.03199577 -0.01311337 0.09795504 0.03180718 -0.01342773 0.09987884 0.03124129 -0.01371693 0.1017273 0.03124129 -0.006876707 0.102532 0.03124129 1.2666e-6 0.1028086 0.03124129 0.00687921 0.102532 0.03124129 0.01371949 0.1017273 0.03031086 0.01398354 0.1034373 0.02906602 0.01422244 0.1049336 0.02906602 0.01446133 0.1048833 0.02906602 0.01446133 0.1048833 0.02906602 0.02122616 0.1035379 0.02906602 0.02122616 0.1035379 0.0199247 0.02630609 0.1116104 0.0199247 0.02630609 0.1116104 0.0199247 0.02916038 0.110856 0.0199247 0.03615152 0.1084418 0.0199247 0.03644073 0.108316 0.0199247 0.03644073 0.108316 0.0199247 0.04294151 0.105512 0.0199247 0.04294151 0.105512 0.0199247 0.04611015 0.1038649 0.0199247 0.04611015 0.1038649 0.0184158 0.05012124 0.1031733 0.0184158 0.05648368 0.09923762 0.0184158 0.06254434 0.09483671 0.0184158 0.06825298 0.08999568 0.0184158 0.07359695 0.08475232 0.0184158 0.07853853 0.0791192 0.0184158 0.08305257 0.07314652 0.0184158 0.08711397 0.06685954 0.0184158 0.09069758 0.0602833 0.01668059 0.09151488 0.06069827 0.01668059 0.09463322 0.05380767 0.0148071 0.09516137 0.05402147 0.0148071 0.09777677 0.04689198 0.01285809 0.09795278 0.04695487 0.01285809 0.09795278 0.04695487 1.45823e-4 0.09907186 0.04330837 1.45823e-4 0.09907186 0.04330837 1.45823e-4 0.1007316 0.03653103 1.45823e-4 0.1007316 0.03653103 1.45823e-4 0.1008825 0.03591489 1.45823e-4 0.1008825 0.03591489 1.45823e-4 0.1021399 0.02840816 1.45823e-4 0.1021399 0.02840816 1.45823e-4 0.1023789 0.02588081 1.45823e-4 0.1023789 0.02588081 -0.0018031 0.1026555 0.02082604 -0.0018031 0.1027938 0.01321876 -0.0018031 0.1023663 0.005636632 -0.003689229 0.1018005 0.005686938 -0.003689229 0.1008322 -0.001807093 -0.005411863 0.09991431 -0.001643657 -0.005411863 0.09840548 -0.00898683 -0.006933331 0.09719836 -0.008685111 -0.006933331 0.09517395 -0.01580196 -0.006933331 0.09407997 -0.01880717 -0.006933331 0.09407997 -0.01880717 -0.006933331 0.09263396 -0.0227428 -0.006933331 0.09263396 -0.0227428 -0.006933331 0.08996826 -0.02862745 -0.006933331 0.08996826 -0.02862745 -0.006933331 0.0895785 -0.02948248 -0.006933331 0.0860452 -0.03597068 -0.005411863 0.08711397 -0.03661197 -0.003689229 0.08380705 -0.04342705 -0.003689229 0.07925522 -0.04946261 -0.0018031 0.0746783 -0.05552327 -0.0018031 0.06925886 -0.06085467 -0.0018031 0.06346225 -0.06575852 -0.0018031 0.05731356 -0.07022231 -0.0018031 0.05085051 -0.07422083 1.45823e-4 0.04419887 -0.07790499 1.45823e-4 0.04419887 -0.07790499 1.45823e-4 0.04187268 -0.07891094 1.45823e-4 0.04187268 -0.07891094 1.45823e-4 0.03720772 -0.08092278 1.45823e-4 0.03720772 -0.08092278 1.45823e-4 0.0318135 -0.08278375 1.45823e-4 0.0318135 -0.08278375 1.45823e-4 0.0300154 -0.0834124 1.45823e-4 0.0300154 -0.0834124 1.45823e-4 0.02265959 -0.08534884 1.45823e-4 0.02265959 -0.08534884 1.45823e-4 0.02140218 -0.08558773 1.45823e-4 0.02140218 -0.08558773 1.45823e-4 0.01517808 -0.08675712 1.45823e-4 0.01517808 -0.08675712 1.45823e-4 0.01076459 -0.08724749 1.45823e-4 0.01076459 -0.08724749 1.45823e-4 0.01076459 -0.08724749 0.01285809 0.01076459 -0.08728522 0.01285809 0.01076459 -0.08728522 0.01285809 0.00381118 -0.08780074 0.01285809 0.00381118 -0.08780074 0.01285809 1.2666e-6 -0.08780074 0.01285809 1.2666e-6 -0.08780074 0.01285809 -0.003808617 -0.08780074 0.01285809 -0.003808617 -0.08780074 0.0148071 -0.003796041 -0.08761215 0.0148071 -0.01137816 -0.0870589 0.0148071 -0.01888489 -0.08593982 0.01668059 -0.02615267 -0.08371418 0.0184158 -0.03308093 -0.08063358 0.0184158 -0.0400595 -0.07793015 0.0184158 -0.04682433 -0.07472378 0.0184158 -0.05333763 -0.07101446 0.0184158 -0.05954921 -0.06683987 0.0199247 -0.0596624 -0.06518012 0.0199247 -0.0596624 -0.06518012 0.02906602 -0.05420523 -0.05783689 0.02906602 -0.05420523 -0.05783689 0.02906602 -0.0616365 -0.05163788 0.02906602 -0.0616365 -0.05163788 0.02906602 -0.05905884 -0.05401438 0.02906602 -0.05905884 -0.05401438 0.03031086 -0.05806547 -0.05287015 0.03124129 -0.06200116 -0.04688495 0.03124129 -0.0666787 -0.0418176 0.03124129 -0.07094126 -0.03641074 0.03124129 -0.07476377 -0.03068959 0.03124129 -0.07813364 -0.02467924 0.03180718 -0.07927787 -0.01771324 0.03180718 -0.08160406 -0.01138848 0.03180718 -0.08343982 -0.004912853 0.03180718 -0.08474755 0.001700997 0.03180718 -0.08553969 0.008390367 0.03180718 -0.08580374 0.01513004 0.03180718 -0.08553969 0.02185714 0.03180718 -0.08474755 0.02854651 0.03180718 -0.08343982 0.03516042 0.03180718 -0.08160406 0.04163604 0.03180718 -0.07927787 0.04796075 0.03180718 -0.07646125 0.0540843 0.03180718 -0.0731669 0.05995637 0.03180718 -0.0694198 0.06556439 0.03180718 -0.06524527 0.07085806 0.03180718 -0.06068086 0.07579964 0.03180718 -0.0557267 0.08037656 0.03180718 -0.05043303 0.08453857 0.03180718 -0.04483759 0.08828562 0.03180718 -0.038953 0.09158003 0.03180718 -0.03284204 0.09439659 0.03180718 -0.02651727 0.09673535 0.03180718 -0.02002912 0.0985586 0.03124129 -0.02046918 0.1003819 0.03031086 -0.02087157 0.1020668 0.03031086 -0.01399356 0.1034373 0.03031086 -0.007014989 0.1042672 0.03031086 1.2666e-6 0.1045312 0.03031086 0.007017552 0.1042672 0.02906602 0.007130682 0.1057761 0.0199247 0.01473796 0.1141 0.0199247 0.01590734 0.1138863 0.0199247 0.01590734 0.1138863 0.0199247 0.02200573 0.1127421 0.0199247 0.02200573 0.1127421 0.0184158 0.02952504 0.112038 0.0184158 0.03660416 0.1095986 0.0184158 0.04348218 0.1066311 0.01668059 0.04387193 0.1074736 0.01668059 0.05057388 0.103978 0.01668059 0.0569992 0.1000046 0.01668059 0.06311023 0.09555339 0.01668059 0.06888169 0.09067469 0.01668059 0.07427591 0.08538103 0.01668059 0.07925522 0.07971018 0.01668059 0.08380705 0.07367461 0.01668059 0.08790618 0.06732475 0.0148071 0.08839654 0.06762653 0.0148071 0.0920304 0.06094974 0.01285809 0.09402972 0.05698889 0.01285809 0.09402972 0.05698889 0.01285809 0.09533739 0.05409687 0.01285809 0.09533739 0.05409687 1.45823e-4 0.09672051 0.05055099 1.45823e-4 0.09672051 0.05055099 1.45823e-4 0.0978899 0.04692971 1.45823e-4 0.0978899 0.04692971 -0.0018031 0.09888327 0.04325807 -0.0018031 0.1006939 0.03587716 -0.0018031 0.1019513 0.02838301 -0.003689229 0.1013855 0.02830761 -0.003689229 0.1020771 0.02078837 -0.003689229 0.1022154 0.01323133 -0.005411863 0.1012974 0.01325649 -0.005411863 0.1008825 0.005774974 -0.006933331 0.09965026 0.005888164 -0.006933331 0.09965026 0.005888164 -0.006933331 0.09912216 0.001851856 -0.006933331 0.09912216 0.001851856 -0.006933331 0.09869468 -0.001442432 -0.006933331 0.09869468 -0.001442432 -0.006933331 0.09721094 -0.008622229 -0.006933331 0.09721094 -0.008622229 -0.01607459 0.08832108 -0.006446897 -0.01607459 0.08832108 -0.006446897 -0.01607459 0.08647269 -0.01297283 -0.01607459 0.08647269 -0.01297283 -0.01607459 0.08547937 -0.01570135 -0.01607459 0.08547937 -0.01570135 -0.01731944 0.08261251 -0.01909637 -0.01607459 0.08400821 -0.01967477 -0.01607459 0.08400821 -0.01967477 -0.01607459 0.08173233 -0.02461636 -0.01607459 0.08173233 -0.02461636 -0.01607459 0.08101558 -0.02616298 -0.01607459 0.07753258 -0.03238707 -0.006933331 0.08478778 -0.03791964 -0.006933331 0.08478778 -0.03791964 -0.006933331 0.08203411 -0.04219484 -0.006933331 0.08203411 -0.04219484 -0.005411863 0.08305257 -0.04289895 -0.005411863 0.07853853 -0.04887163 -0.003689229 0.07427591 -0.05513346 -0.003689229 0.06888169 -0.06042712 -0.003689229 0.06311023 -0.06530582 -0.003689229 0.0569992 -0.06975704 -0.003689229 0.05057388 -0.07373046 -0.0018031 0.04411089 -0.07774156 -0.0018031 0.03713232 -0.08074676 -0.0018031 0.02995252 -0.08322381 -0.0018031 0.02260929 -0.08516019 -0.0018031 0.01514035 -0.08656853 -0.0018031 0.007595956 -0.0873984 -0.0018031 1.2666e-6 -0.08768761 1.45823e-4 1.2666e-6 -0.0878762 1.45823e-4 0.007608532 -0.08759957 1.45823e-4 0.007608532 -0.08759957 1.45823e-4 1.2666e-6 -0.0878762 1.45823e-4 -0.007605969 -0.08759957 1.45823e-4 -0.007605969 -0.08759957 0.01285809 -0.01076203 -0.08728522 0.01285809 -0.01076203 -0.08728522 0.01285809 -0.01140332 -0.08724749 0.01285809 -0.01140332 -0.08724749 0.01285809 -0.01892256 -0.08612841 0.01285809 -0.01892256 -0.08612841 0.01285809 -0.02139967 -0.08556258 0.01285809 -0.02139967 -0.08556258 0.01285809 -0.02635383 -0.0844435 0.01285809 -0.02635383 -0.0844435 0.0148071 -0.02630352 -0.08426743 0.01668059 -0.03338271 -0.08151376 0.01668059 -0.04042416 -0.07878518 0.01668059 -0.04725182 -0.07554107 0.01668059 -0.05382806 -0.0718066 0.01668059 -0.06008988 -0.06759434 0.0184158 -0.06544643 -0.06222522 0.0199247 -0.06464171 -0.06126958 0.0199247 -0.06464171 -0.06126958 0.0199247 -0.0678355 -0.05835241 0.0199247 -0.0678355 -0.05835241 0.0199247 -0.07009881 -0.05629026 0.02906602 -0.0643022 -0.04917341 0.02906602 -0.0643022 -0.04917341 0.03031086 -0.06322085 -0.04810458 0.03031086 -0.06798636 -0.04294925 0.03031086 -0.07233697 -0.03742927 0.03031086 -0.07623493 -0.03159493 0.03031086 -0.07966762 -0.02547138 0.03124129 -0.08101308 -0.01842993 0.03124129 -0.08338952 -0.01196688 0.03124129 -0.08526307 -0.005340397 0.03124129 -0.08660846 0.001411795 0.03124129 -0.08741325 0.008239507 0.03124129 -0.08768987 0.01513004 0.03124129 -0.08741325 0.022008 0.03124129 -0.08660846 0.02883571 0.03124129 -0.08526307 0.03558796 0.03124129 -0.08338952 0.04221445 0.03124129 -0.08101308 0.0486775 0.03124129 -0.07813364 0.05492675 0.03124129 -0.07476377 0.06093716 0.03124129 -0.07094126 0.06665831 0.03124129 -0.0666787 0.07206517 0.03124129 -0.06200116 0.07711994 0.03124129 -0.05694639 0.08179742 0.03124129 -0.05153954 0.08606004 0.03124129 -0.04581838 0.08988255 0.03124129 -0.03980803 0.09325236 0.03124129 -0.03355872 0.0961318 0.03124129 -0.02709567 0.09852087 0.03031086 -0.02763634 0.1001555 0.02906602 -0.02390187 0.1027835 0.02906602 -0.02390187 0.1027835 0.02906602 -0.0212236 0.1035379 0.02906602 -0.0212236 0.1035379 0.02906602 -0.01445883 0.1048833 0.02906602 -0.01445883 0.1048833 0.02906602 -0.01421993 0.1049336 0.02906602 -0.007128179 0.1057761 0.02906602 -0.004839718 0.1058641 0.02906602 -0.004839718 0.1058641 0.02906602 1.2666e-6 0.1060527 0.02906602 0.004842221 0.1058641 0.02906602 0.004842221 0.1058641 0.0199247 0.007394731 0.1149174 0.0184158 0.007482767 0.1161622 0.0184158 0.01492661 0.1153323 0.0184158 0.02228236 0.1139618 0.01668059 0.02248358 0.1148545 0.01668059 0.02978909 0.1129307 0.01668059 0.03693109 0.1104536 0.0148071 0.03713232 0.1109943 0.0148071 0.04411089 0.1079891 0.0148071 0.05085051 0.1044684 0.0148071 0.05731356 0.1004698 0.0148071 0.06346225 0.09600609 0.0148071 0.06925886 0.09110224 0.0148071 0.0746783 0.08577084 0.0148071 0.07969534 0.08007478 0.0148071 0.08427226 0.07400155 0.01285809 0.0844357 0.07411473 0.01285809 0.0844357 0.07411473 0.01285809 0.08855998 0.06771457 0.01285809 0.08855998 0.06771457 0.01285809 0.08916354 0.06660807 0.01285809 0.08916354 0.06660807 0.01285809 0.09220647 0.06103771 0.01285809 0.09220647 0.06103771 1.45823e-4 0.09407997 0.05701404 1.45823e-4 0.09407997 0.05701404 -0.0018031 0.09653192 0.05048817 -0.003689229 0.09600383 0.05028694 -0.003689229 0.09833002 0.04310721 -0.003689229 0.1001281 0.03576397 -0.005411863 0.09922277 0.03557538 -0.005411863 0.1004676 0.02819442 -0.005411863 0.1011592 0.02073806 -0.006933331 0.09991431 0.0206626 -0.006933331 0.1000527 0.01326906 -0.006933331 0.1000149 0.01246434 -0.006933331 0.1000149 0.01246434 -0.01607459 0.09064728 0.007987976 -0.01607459 0.09064728 0.007987976 -0.01607459 0.09006887 0.003058969 -0.01607459 0.09006887 0.003058969 -0.01607459 0.08980482 8.9629e-4 -0.01607459 0.0884217 -0.006107389 -0.01731944 0.08693796 -0.005755364 -0.01731944 0.08503925 -0.01250755 -0.01823735 0.08339208 -0.01196688 -0.01823735 0.08101558 -0.01842993 -0.01731944 0.07967019 -0.02547138 -0.01731944 0.07623749 -0.03159493 -0.01607459 0.07705479 -0.03309124 -0.01607459 0.07705479 -0.03309124 -0.01607459 0.07355922 -0.03832203 -0.01607459 0.07355922 -0.03832203 -0.01607459 0.07145935 -0.04098773 -0.01607459 0.07145935 -0.04098773 -0.006933331 0.07867681 -0.04664599 -0.006933331 0.07867681 -0.04664599 -0.006933331 0.07757031 -0.048092 -0.006933331 0.07166051 -0.05465567 -0.006933331 0.07166051 -0.05465567 -0.006933331 0.07269161 -0.05364972 -0.005411863 0.07359695 -0.05450475 -0.005411863 0.06825298 -0.05974811 -0.005411863 0.06254434 -0.06458914 -0.005411863 0.05648368 -0.06899005 -0.005411863 0.05012124 -0.07292568 -0.003689229 0.04387193 -0.07722604 -0.003689229 0.03693109 -0.08020603 -0.003689229 0.02978909 -0.08268314 -0.003689229 0.02248358 -0.08460694 -0.003689229 0.01506489 -0.08600264 -0.003689229 0.00754565 -0.08683258 -0.003689229 1.2666e-6 -0.0871092 -0.0018031 -0.007593393 -0.0873984 1.45823e-4 -0.01076203 -0.08724749 1.45823e-4 -0.01076203 -0.08724749 1.45823e-4 -0.01517552 -0.08675712 1.45823e-4 -0.01517552 -0.08675712 1.45823e-4 -0.02141225 -0.08558773 1.45823e-4 -0.02141225 -0.08558773 1.45823e-4 -0.02265709 -0.08534884 1.45823e-4 -0.02265709 -0.08534884 1.45823e-4 -0.03001284 -0.0834124 1.45823e-4 -0.03001284 -0.0834124 0.01285809 -0.03181093 -0.08278375 0.01285809 -0.03181093 -0.08278375 0.0148071 -0.0335713 -0.08205443 0.0148071 -0.04065048 -0.0793007 0.0148071 -0.04751586 -0.07604408 0.0148071 -0.05411726 -0.07228446 0.0148071 -0.06042939 -0.06804698 0.01668059 -0.06603741 -0.06292939 0.0184158 -0.07097899 -0.05717045 0.0199247 -0.07519131 -0.0509212 0.02906602 -0.06840133 -0.04473477 0.02906602 -0.06840133 -0.04473477 0.02906602 -0.06914317 -0.04393005 0.02906602 -0.07356923 -0.03832203 0.02906602 -0.07437396 -0.03711491 0.02906602 -0.07437396 -0.03711491 0.02906602 -0.07753008 -0.03238707 0.02906602 -0.07753008 -0.03238707 0.02906602 -0.07947903 -0.02890408 0.02906602 -0.07947903 -0.02890408 0.02906602 -0.08101308 -0.02616298 0.02906602 -0.08101308 -0.02616298 0.02906602 -0.08375418 -0.02022802 0.02906602 -0.08375418 -0.02022802 0.03031086 -0.08260995 -0.01909637 0.03031086 -0.08503675 -0.01250755 0.03031086 -0.08694797 -0.005755364 0.03031086 -0.08831858 0.00113517 0.03031086 -0.08913588 0.008113741 0.03031086 -0.08941251 0.01513004 0.03031086 -0.08913588 0.02213376 0.03031086 -0.08831858 0.02911233 0.03031086 -0.08694797 0.03600287 0.03031086 -0.08503675 0.04275512 0.03031086 -0.08260995 0.04934394 0.03031086 -0.07966762 0.05571895 0.03031086 -0.07623493 0.0618425 0.03031086 -0.07233697 0.06767684 0.03031086 -0.06798636 0.07319682 0.03031086 -0.06322085 0.07835215 0.03031086 -0.05806547 0.08311772 0.03031086 -0.05255806 0.08745574 0.03031086 -0.04672372 0.09136629 0.03031086 -0.0405876 0.0947864 0.03031086 -0.03421258 0.09772872 0.02906602 -0.02810162 0.1016015 0.02906602 -0.02810162 0.1016015 0.0199247 -0.0263161 0.1116104 0.0199247 -0.0263161 0.1116104 0.0199247 -0.02201581 0.1127421 0.0199247 -0.02201581 0.1127421 0.0199247 -0.01590484 0.1138863 0.0199247 -0.01590484 0.1138863 0.0199247 -0.01473546 0.1141 0.0199247 -0.007392227 0.1149174 0.0199247 1.2666e-6 0.115194 0.02906602 1.2666e-6 0.1060527 0.0199247 0.005320072 0.1149928 0.0199247 0.005320072 0.1149928 0.0199247 1.2666e-6 0.115194 0.0199247 -0.005330085 0.1149928 0.0199247 -0.005330085 0.1149928 0.0184158 1.2666e-6 0.1164388 0.01668059 1.2666e-6 0.1173567 0.01668059 0.00754565 0.1170801 0.01668059 0.01506489 0.1162502 0.0148071 0.01514035 0.1168161 0.0148071 0.02260929 0.1154078 0.0148071 0.02995252 0.1134714 0.01285809 0.0318135 0.1130313 0.01285809 0.0318135 0.1130313 0.01285809 0.03720772 0.1111704 0.01285809 0.03720772 0.1111704 0.01285809 0.04187268 0.1091585 0.01285809 0.04187268 0.1091585 0.01285809 0.04419887 0.1081526 0.01285809 0.04419887 0.1081526 0.01285809 0.05095112 0.1046444 0.01285809 0.05095112 0.1046444 0.01285809 0.05149179 0.1043049 0.01285809 0.05149179 0.1043049 0.01285809 0.05742675 0.1006333 0.01285809 0.05742675 0.1006333 0.01285809 0.06049478 0.09839516 0.01285809 0.06049478 0.09839516 0.01285809 0.06357544 0.09615695 0.01285809 0.06357544 0.09615695 0.01285809 0.06890684 0.09165549 0.01285809 0.06890684 0.09165549 0.01285809 0.06938463 0.09124052 0.01285809 0.06938463 0.09124052 0.01285809 0.07481658 0.08590912 0.01285809 0.07481658 0.08590912 0.01285809 0.07650154 0.0839979 0.01285809 0.07650154 0.0839979 0.01285809 0.0798462 0.08018797 0.01285809 0.0798462 0.08018797 0.01285809 0.08329147 0.0756362 0.01285809 0.08329147 0.0756362 1.45823e-4 0.08329147 0.0756362 1.45823e-4 0.08329147 0.0756362 1.45823e-4 0.08656072 0.07095867 1.45823e-4 0.08656072 0.07095867 1.45823e-4 0.08915096 0.06659549 1.45823e-4 0.08915096 0.06659549 1.45823e-4 0.09044611 0.06440758 1.45823e-4 0.09044611 0.06440758 1.45823e-4 0.09384107 0.05759245 1.45823e-4 0.09384107 0.05759245 -0.0018031 0.09366506 0.05751705 -0.003689229 0.09313696 0.05727809 -0.005411863 0.09229445 0.05690091 -0.005411863 0.09513622 0.04997259 -0.005411863 0.09744983 0.04285573 -0.006933331 0.0962553 0.04250365 -0.006933331 0.09801566 0.03532391 -0.006933331 0.09829229 0.03365153 -0.006933331 0.09829229 0.03365153 -0.006933331 0.09923535 0.02803099 -0.006933331 0.09923535 0.02803099 -0.006933331 0.09968799 0.02310198 -0.006933331 0.09968799 0.02310198 -0.01607459 0.09064728 0.02225947 -0.01607459 0.09064728 0.02225947 -0.01607459 0.0909239 0.01513004 -0.01607459 0.0909239 0.01513004 -0.01607459 0.09083586 0.01270323 -0.01607459 0.09083586 0.01270323 -0.01731944 0.08913838 0.008113741 -0.01731944 0.08830851 0.00113517 -0.01823735 0.08661103 0.001411795 -0.01823735 0.08526563 -0.005340397 -0.01880317 0.08344238 -0.004912853 -0.01880317 0.08160656 -0.01138848 -0.01880317 0.07928037 -0.01771324 -0.01823735 0.07812356 -0.02467924 -0.01823735 0.07476633 -0.03068959 -0.01731944 0.07233953 -0.03742927 -0.01731944 0.06798893 -0.04294925 -0.01607459 0.06914573 -0.04393005 -0.01607459 0.06914573 -0.04393005 -0.01607459 0.06512206 -0.04828065 -0.01607459 0.06512206 -0.04828065 -0.01607459 0.06429213 -0.04917341 -0.006933331 0.0674231 -0.05883026 -0.006933331 0.0674231 -0.05883026 -0.006933331 0.06382691 -0.06186056 -0.006933331 0.06382691 -0.06186056 -0.006933331 0.06177735 -0.06360834 -0.006933331 0.05579215 -0.06795895 -0.006933331 0.0553143 -0.06824815 -0.006933331 0.0553143 -0.06824815 -0.006933331 0.04950511 -0.07184433 -0.006933331 0.04950511 -0.07184433 -0.006933331 0.04611015 -0.07361727 -0.006933331 0.04611015 -0.07361727 -0.005411863 0.04348218 -0.07638353 -0.005411863 0.03660416 -0.079351 -0.005411863 0.02952504 -0.08179038 -0.005411863 0.02228236 -0.08371418 -0.005411863 0.01492661 -0.08508479 -0.005411863 0.007482767 -0.08591467 -0.005411863 1.2666e-6 -0.08619129 -0.003689229 -0.007555663 -0.08683258 -0.0018031 -0.01513779 -0.08656853 -0.0018031 -0.02260679 -0.08516019 -0.0018031 -0.02996253 -0.08322381 1.45823e-4 -0.03181093 -0.08278375 1.45823e-4 -0.03181093 -0.08278375 0.01285809 -0.03363418 -0.08223044 0.01285809 -0.03363418 -0.08223044 0.01285809 -0.04072594 -0.07947677 0.01285809 -0.04072594 -0.07947677 0.01285809 -0.04188275 -0.0789361 0.01285809 -0.04188275 -0.0789361 0.01285809 -0.0476039 -0.07622009 0.01285809 -0.0476039 -0.07622009 0.01285809 -0.05146414 -0.07401967 0.01285809 -0.05146414 -0.07401967 0.01285809 -0.05421781 -0.07244789 0.01285809 -0.05421781 -0.07244789 0.01285809 -0.06054258 -0.06821042 0.01285809 -0.06054258 -0.06821042 0.0148071 -0.06640207 -0.06335687 0.01668059 -0.07162028 -0.05783689 0.0184158 -0.07612174 -0.0517385 0.0199247 -0.07530444 -0.05077028 0.0199247 -0.07530444 -0.05077028 0.0199247 -0.07985627 -0.04518741 0.0199247 -0.07985627 -0.04518741 0.0199247 -0.08183038 -0.04235827 0.0199247 -0.08183038 -0.04235827 0.0199247 -0.08409368 -0.03911417 0.0199247 -0.08409368 -0.03911417 0.0199247 -0.0875138 -0.03335529 0.0199247 -0.0875138 -0.03335529 0.0199247 -0.08786588 -0.03276431 0.0199247 -0.09117287 -0.02613782 0.0199247 -0.09214103 -0.02376133 0.0199247 -0.09214103 -0.02376133 0.02906602 -0.08400565 -0.01967477 0.02906602 -0.08648276 -0.01297283 0.02906602 -0.08699828 -0.01111185 0.02906602 -0.08699828 -0.01111185 0.02906602 -0.08841913 -0.006107389 0.02906602 -0.08841913 -0.006107389 0.02906602 -0.08928674 -0.00170648 0.02906602 -0.08928674 -0.00170648 0.02906602 -0.08981484 8.9629e-4 0.02906602 -0.08981484 8.9629e-4 0.02906602 -0.0906322 0.007874846 0.02906602 -0.0906322 0.007874846 0.02906602 -0.09064477 0.007987976 0.02906602 -0.09064477 0.007987976 0.02906602 -0.09093397 0.01513004 0.02906602 -0.09093397 0.01513004 0.02906602 -0.09083336 0.01754426 0.02906602 -0.09083336 0.01754426 0.02906602 -0.09064477 0.02225947 0.02906602 -0.09064477 0.02225947 0.02906602 -0.09006637 0.02718853 0.02906602 -0.09006637 0.02718853 0.02906602 -0.08981484 0.02935123 0.02906602 -0.08841913 0.03635495 0.02906602 -0.08831858 0.03669446 0.02906602 -0.08831858 0.03669446 0.02906602 -0.08648276 0.0432204 0.02906602 -0.08648276 0.0432204 0.02906602 -0.08547681 0.04594892 0.02906602 -0.08547681 0.04594892 0.02906602 -0.08400565 0.04992234 0.02906602 -0.08400565 0.04992234 0.02906602 -0.08172976 0.05486392 0.02906602 -0.08172976 0.05486392 0.02906602 -0.08101308 0.05641049 0.02906602 -0.07753008 0.06263464 0.02906602 -0.07706481 0.06333881 0.02906602 -0.07706481 0.06333881 0.02906602 -0.07356923 0.0685696 0.02906602 -0.07356923 0.0685696 0.02906602 -0.07146936 0.07123529 0.02906602 -0.07146936 0.07123529 0.02906602 -0.06914317 0.07417762 0.02906602 -0.06914317 0.07417762 0.02906602 -0.0651195 0.07852822 0.02906602 -0.0651195 0.07852822 0.02906602 -0.0643022 0.07942098 0.02906602 -0.05905884 0.08426195 0.02906602 -0.05800259 0.08509182 0.02906602 -0.05800259 0.08509182 0.02906602 -0.05345082 0.08868801 0.02906602 -0.05345082 0.08868801 0.02906602 -0.05023187 0.09083813 0.02906602 -0.05023187 0.09083813 0.02906602 -0.04751586 0.0926488 0.02906602 -0.04751586 0.0926488 0.02906602 -0.04190784 0.09579235 0.02906602 -0.04190784 0.09579235 0.02906602 -0.04127919 0.09614437 0.02906602 -0.03479099 0.099137 0.02906602 -0.03309351 0.09975314 0.02906602 -0.03309351 0.09975314 0.0199247 -0.03614896 0.1084418 0.0199247 -0.02915781 0.110856 0.0184158 -0.02952247 0.112038 0.0184158 -0.02227985 0.1139618 0.0184158 -0.01492404 0.1153323 0.0184158 -0.007480263 0.1161622 0.01668059 -0.007555663 0.1170801 0.0148071 -0.007593393 0.1176459 0.0148071 1.2666e-6 0.1179351 0.0148071 0.007595956 0.1176459 0.01285809 0.01076459 0.1174951 0.01285809 0.01076459 0.1174951 0.01285809 0.01517808 0.1170047 0.01285809 0.01517808 0.1170047 0.01285809 0.02140218 0.1158353 0.01285809 0.02140218 0.1158353 0.01285809 0.02265959 0.1155964 0.01285809 0.02265959 0.1155964 0.01285809 0.0300154 0.11366 0.01285809 0.0300154 0.11366 1.45823e-4 0.0318135 0.1130313 1.45823e-4 0.0318135 0.1130313 1.45823e-4 0.03363674 0.112478 1.45823e-4 0.03363674 0.112478 1.45823e-4 0.04072844 0.1097243 1.45823e-4 0.04072844 0.1097243 1.45823e-4 0.04187268 0.1091836 1.45823e-4 0.04187268 0.1091836 1.45823e-4 0.04760646 0.1064677 1.45823e-4 0.04760646 0.1064677 1.45823e-4 0.05146664 0.1042672 1.45823e-4 0.05146664 0.1042672 1.45823e-4 0.05422037 0.1026955 1.45823e-4 0.05422037 0.1026955 1.45823e-4 0.06054508 0.09845799 1.45823e-4 0.06054508 0.09845799 1.45823e-4 0.06653034 0.0937553 1.45823e-4 0.06653034 0.0937553 1.45823e-4 0.06886911 0.09161776 1.45823e-4 0.06886911 0.09161776 1.45823e-4 0.07215094 0.08862513 1.45823e-4 0.07215094 0.08862513 1.45823e-4 0.07651412 0.08402305 1.45823e-4 0.07651412 0.08402305 1.45823e-4 0.07651412 0.08402305 1.45823e-4 0.07738173 0.08309257 1.45823e-4 0.07738173 0.08309257 1.45823e-4 0.08219754 0.07719534 1.45823e-4 0.08219754 0.07719534 -0.0018031 0.08204668 0.07708221 -0.0018031 0.08639729 0.07084548 -0.0018031 0.09027004 0.06431955 -0.003689229 0.08977967 0.06404292 -0.005411863 0.08896237 0.06360286 -0.006933331 0.08751636 0.06360286 -0.006933331 0.08751636 0.06360286 -0.006933331 0.08786845 0.06301188 -0.006933331 0.0911628 0.05638533 -0.006933331 0.09214359 0.0540089 -0.006933331 0.09214359 0.0540089 -0.006933331 0.09396684 0.0495451 -0.006933331 0.09396684 0.0495451 -0.006933331 0.09576493 0.04399996 -0.006933331 0.09576493 0.04399996 -0.01607459 0.08700084 0.04135942 -0.01607459 0.08700084 0.04135942 -0.01607459 0.0884217 0.03635495 -0.01607459 0.0884217 0.03635495 -0.01607459 0.0892893 0.03195405 -0.01607459 0.0892893 0.03195405 -0.01607459 0.08980482 0.02935123 -0.01607459 0.08980482 0.02935123 -0.01607459 0.0906347 0.02237266 -0.01607459 0.0906347 0.02237266 -0.01731944 0.08913838 0.02213376 -0.01731944 0.08941501 0.01513004 -0.01823735 0.0876798 0.01513004 -0.01823735 0.08741575 0.008239507 -0.01880317 0.08554226 0.008390367 -0.01880317 0.08475005 0.001700997 -0.01900434 0.08282625 0.002002775 -0.01900434 0.08282625 0.002002775 -0.01900434 0.08154368 -0.004447638 -0.01900434 0.08154368 -0.004447638 -0.01900434 0.0542581 -4.36559e-4 -0.01900434 0.0542581 -4.36559e-4 -0.01900434 0.07975816 -0.01078492 -0.01900434 0.07975816 -0.01078492 -0.01900434 0.0774697 -0.01697134 -0.01900434 0.0774697 -0.01697134 -0.01880317 0.07645124 -0.02383679 -0.01880317 0.07316941 -0.0297088 -0.01823735 0.07094383 -0.03641074 -0.01823735 0.0666812 -0.0418176 -0.01731944 0.06322336 -0.04810458 -0.01607459 0.05904877 -0.05401438 -0.01607459 0.05800515 -0.05484426 -0.01607459 0.05800515 -0.05484426 -0.01607459 0.0534408 -0.05844044 -0.01607459 0.0534408 -0.05844044 -0.01607459 0.05022186 -0.06059062 -0.01607459 0.05022186 -0.06059062 -0.01607459 0.04750585 -0.06240123 -0.01607459 0.04750585 -0.06240123 -0.01607459 0.0419104 -0.06554478 -0.01607459 0.0419104 -0.06554478 -0.01607459 0.0412817 -0.0658968 -0.006933331 0.04294151 -0.07526445 -0.006933331 0.04294151 -0.07526445 -0.006933331 0.03644073 -0.07806849 -0.006933331 0.03644073 -0.07806849 -0.006933331 0.03615152 -0.0781942 -0.006933331 0.02916038 -0.08060842 -0.006933331 0.02630609 -0.08136284 -0.006933331 0.02630609 -0.08136284 -0.006933331 0.02200573 -0.08249455 -0.006933331 0.02200573 -0.08249455 -0.006933331 0.01590734 -0.08363878 -0.006933331 0.01590734 -0.08363878 -0.006933331 0.01473796 -0.08385252 -0.006933331 0.007394731 -0.08466982 -0.006933331 0.005320072 -0.08474528 -0.006933331 0.005320072 -0.08474528 -0.006933331 1.2666e-6 -0.08494645 -0.006933331 -0.005330085 -0.08474528 -0.006933331 -0.005330085 -0.08474528 -0.006933331 -0.007392227 -0.08466982 -0.005411863 -0.007480263 -0.08591467 -0.003689229 -0.01506239 -0.08600264 -0.003689229 -0.02248102 -0.08460694 -0.003689229 -0.02978652 -0.08268314 -0.0018031 -0.03714233 -0.08074676 1.45823e-4 -0.03720521 -0.08092278 1.45823e-4 -0.03720521 -0.08092278 1.45823e-4 -0.04187017 -0.07891094 1.45823e-4 -0.04187017 -0.07891094 1.45823e-4 -0.04419636 -0.07790499 1.45823e-4 -0.04419636 -0.07790499 1.45823e-4 -0.05094856 -0.07439684 1.45823e-4 -0.05094856 -0.07439684 1.45823e-4 -0.05148929 -0.07405734 1.45823e-4 -0.05148929 -0.07405734 1.45823e-4 -0.05742418 -0.07038575 1.45823e-4 -0.05742418 -0.07038575 1.45823e-4 -0.06050485 -0.06814759 1.45823e-4 -0.06050485 -0.06814759 1.45823e-4 -0.06358546 -0.06590938 1.45823e-4 -0.06358546 -0.06590938 0.01285809 -0.06652778 -0.06350779 0.01285809 -0.06652778 -0.06350779 0.01285809 -0.06887912 -0.06137019 0.01285809 -0.06887912 -0.06137019 0.01285809 -0.07216095 -0.05837756 0.01285809 -0.07216095 -0.05837756 0.0148071 -0.07202261 -0.05823928 0.01668059 -0.07681334 -0.05234205 0.0184158 -0.08084958 -0.04592931 0.0184158 -0.0851373 -0.03979319 0.0184158 -0.08895981 -0.03335529 0.0184158 -0.09230452 -0.02665334 0.0184158 -0.09513366 -0.01972508 0.0199247 -0.09396427 -0.01929754 0.0199247 -0.09396427 -0.01929754 0.0199247 -0.09576237 -0.0137524 0.0199247 -0.09576237 -0.0137524 0.0199247 -0.09625273 -0.01225608 0.0199247 -0.0980131 -0.005076348 0.0199247 -0.09828972 -0.003404021 0.0199247 -0.09828972 -0.003404021 0.0199247 -0.09923279 0.002216517 0.0199247 -0.09923279 0.002216517 0.0199247 -0.09969806 0.007145524 0.0199247 -0.09969806 0.007145524 0.0199247 -0.0999118 0.009584903 0.0199247 -0.1000501 0.01697844 0.0199247 -0.1000124 0.01778316 0.0199247 -0.1000124 0.01778316 0.0199247 -0.09964776 0.02435934 0.0199247 -0.09964776 0.02435934 0.0199247 -0.09911966 0.02839559 0.0199247 -0.09911966 0.02839559 0.0199247 -0.09869211 0.03169 0.0199247 -0.09869211 0.03169 0.0199247 -0.09720838 0.03886973 0.0199247 -0.09720838 0.03886973 0.0199247 -0.0971958 0.03893262 0.0199247 -0.09517139 0.04604953 0.0199247 -0.09407746 0.04905474 0.0199247 -0.09407746 0.04905474 0.0199247 -0.09263145 0.05299037 0.0199247 -0.09263145 0.05299037 0.0199247 -0.08996576 0.05887502 0.0199247 -0.08996576 0.05887502 0.0199247 -0.08957594 0.05973005 0.0199247 -0.08604264 0.06621825 0.0199247 -0.08478528 0.0681672 0.0199247 -0.08478528 0.0681672 0.0199247 -0.08203154 0.07244241 0.0199247 -0.08203154 0.07244241 0.0199247 -0.07867431 0.07689356 0.0199247 -0.07867431 0.07689356 0.0199247 -0.07758033 0.07833957 0.0199247 -0.07268905 0.08389729 0.0199247 -0.07167059 0.08490324 0.0199247 -0.07167059 0.08490324 0.0199247 -0.06742054 0.08907783 0.0199247 -0.06742054 0.08907783 0.0199247 -0.06382441 0.09210813 0.0199247 -0.06382441 0.09210813 0.0199247 -0.06177479 0.09385591 0.0199247 -0.05578958 0.09820652 0.0199247 -0.05531179 0.09849572 0.0199247 -0.05531179 0.09849572 0.0199247 -0.04950255 0.1020919 0.0199247 -0.04950255 0.1020919 0.0199247 -0.04610759 0.1038649 0.0199247 -0.04610759 0.1038649 0.0199247 -0.04293894 0.105512 0.0199247 -0.04293894 0.105512 0.0199247 -0.03643816 0.108316 0.0199247 -0.03643816 0.108316 0.0184158 -0.03660166 0.1095986 0.01668059 -0.03692859 0.1104536 0.01668059 -0.02978652 0.1129307 0.01668059 -0.02248102 0.1148545 0.01668059 -0.01506239 0.1162502 0.0148071 -0.01513779 0.1168161 0.01285809 -0.01076203 0.1174951 0.01285809 -0.01076203 0.1174951 0.01285809 -0.007605969 0.1178472 0.01285809 -0.007605969 0.1178472 0.01285809 1.2666e-6 0.1181238 0.01285809 0.007608532 0.1178472 0.01285809 0.007608532 0.1178472 0.01285809 1.2666e-6 0.1181238 1.45823e-4 0.00381118 0.1180483 1.45823e-4 0.00381118 0.1180483 1.45823e-4 0.01076459 0.1175328 1.45823e-4 0.01076459 0.1175328 1.45823e-4 0.0113933 0.1174951 1.45823e-4 0.0113933 0.1174951 1.45823e-4 0.01892513 0.116376 1.45823e-4 0.01892513 0.116376 1.45823e-4 0.02140218 0.1158102 1.45823e-4 0.02140218 0.1158102 1.45823e-4 0.02635633 0.114691 1.45823e-4 0.02635633 0.114691 -0.0018031 0.03357386 0.112302 -0.0018031 0.04065299 0.1095483 -0.0018031 0.04751843 0.1062916 -0.0018031 0.05411976 0.102532 -0.0018031 0.06043195 0.09829455 -0.0018031 0.06640458 0.09360444 -0.0018031 0.07202517 0.08848685 -0.0018031 0.07724338 0.0829668 -0.003689229 0.0768159 0.08258962 -0.003689229 0.08159399 0.07673013 -0.003689229 0.08591943 0.0705437 -0.005411863 0.08513987 0.07004076 -0.006933331 0.08409625 0.06936174 -0.006933331 0.08409625 0.06936174 -0.01607459 0.07948154 0.05915164 -0.01607459 0.07948154 0.05915164 -0.01607459 0.08101558 0.05641049 -0.01607459 0.08101558 0.05641049 -0.01607459 0.08375674 0.05047559 -0.01607459 0.08375674 0.05047559 -0.01607459 0.08400821 0.04992234 -0.01607459 0.08647269 0.0432204 -0.01731944 0.08503925 0.04275512 -0.01731944 0.08693796 0.03600287 -0.01731944 0.08830851 0.02911233 -0.01823735 0.08661103 0.02883571 -0.01823735 0.08741575 0.022008 -0.01880317 0.08554226 0.02185714 -0.01880317 0.08580631 0.01513004 -0.01900434 0.08385729 0.01513004 -0.01900434 0.08385729 0.01513004 -0.01900434 0.08359324 0.008541285 -0.01900434 0.08359324 0.008541285 -0.01900434 0.0558927 0.007271289 -0.01900434 0.0558927 0.007271289 -0.02554285 0.04412347 0.005749821 -0.02554285 0.04335641 0.002694368 -0.02559316 0.04325586 0.002719461 -0.02559316 0.04325586 0.002719461 -0.02559316 0.04276543 0.001223206 -0.02559316 0.04276543 0.001223206 -0.02554285 0.04238826 -2.98247e-4 -0.02554285 0.0412063 -0.003227949 -0.01900434 0.05156725 -0.007830023 -0.01900434 0.05156725 -0.007830023 -0.01900434 0.07471603 -0.02294403 -0.01900434 0.07471603 -0.02294403 -0.01900434 0.07149708 -0.02869033 -0.01900434 0.07149708 -0.02869033 -0.01880317 0.06942236 -0.03531682 -0.01880317 0.06524777 -0.04061049 -0.01823735 0.06200367 -0.04688495 -0.01731944 0.05806803 -0.05287015 -0.01731944 0.05256062 -0.05720818 -0.01731944 0.0467137 -0.06111872 -0.01731944 0.04059016 -0.06453883 -0.01607459 0.03479355 -0.06888943 -0.01607459 0.03309601 -0.06950557 -0.01607459 0.03309601 -0.06950557 -0.01607459 0.02810412 -0.07135397 -0.01607459 0.02810412 -0.07135397 -0.01607459 0.02390444 -0.07253593 -0.01607459 0.02390444 -0.07253593 -0.01607459 0.02122616 -0.07329034 -0.01607459 0.02122616 -0.07329034 -0.01607459 0.01446133 -0.07463574 -0.01607459 0.01446133 -0.07463574 -0.01607459 0.01422244 -0.07468605 -0.01607459 0.007130682 -0.0755285 -0.01607459 0.004842221 -0.07561653 -0.01607459 0.004842221 -0.07561653 -0.01607459 1.2666e-6 -0.07580512 -0.006933331 1.2666e-6 -0.08494645 -0.01607459 -0.004839718 -0.07561653 -0.01607459 -0.004839718 -0.07561653 -0.01607459 -0.007128179 -0.0755285 -0.006933331 -0.01473546 -0.08385252 -0.006933331 -0.01590484 -0.08363878 -0.006933331 -0.01590484 -0.08363878 -0.005411863 -0.01492404 -0.08508479 -0.005411863 -0.02227985 -0.08371418 -0.005411863 -0.02952247 -0.08179038 -0.003689229 -0.03692859 -0.08020603 -0.0018031 -0.0441209 -0.07774156 -0.0018031 -0.05086058 -0.07422083 -0.0018031 -0.05731105 -0.07022231 -0.0018031 -0.06345975 -0.06575852 1.45823e-4 -0.06890428 -0.06140792 1.45823e-4 -0.06890428 -0.06140792 1.45823e-4 -0.06939464 -0.06099295 1.45823e-4 -0.06939464 -0.06099295 1.45823e-4 -0.07482665 -0.05566155 1.45823e-4 -0.07482665 -0.05566155 0.01285809 -0.07651156 -0.05377548 0.01285809 -0.07651156 -0.05377548 0.01285809 -0.07739174 -0.052845 0.01285809 -0.07739174 -0.052845 0.0148071 -0.07724088 -0.05271929 0.01668059 -0.08159148 -0.04648256 0.01668059 -0.08591693 -0.04029613 0.01668059 -0.08977717 -0.03379535 0.01668059 -0.09314697 -0.02703058 0.01668059 -0.09600126 -0.02003943 0.0184158 -0.09744727 -0.01260817 0.0184158 -0.09923279 -0.00532782 0.0184158 -0.1004651 0.002053081 0.0184158 -0.1011566 0.009509444 0.0184158 -0.1012949 0.01699101 0.0184158 -0.10088 0.02447253 0.0184158 -0.0999118 0.03189116 0.0184158 -0.09840291 0.03923439 0.0184158 -0.09635335 0.04642677 0.0184158 -0.09377568 0.05346816 0.0184158 -0.09069502 0.0602833 0.0184158 -0.08711147 0.06685954 0.0184158 -0.08305007 0.07314652 0.0184158 -0.07853597 0.0791192 0.0184158 -0.07359439 0.08475232 0.0184158 -0.06825041 0.08999568 0.0184158 -0.06254184 0.09483671 0.0184158 -0.05648118 0.09923762 0.0184158 -0.05011868 0.1031733 0.0184158 -0.04347962 0.1066311 0.01668059 -0.04386943 0.1074736 0.0148071 -0.0441209 0.1079891 0.0148071 -0.03714233 0.1109943 0.0148071 -0.02996253 0.1134714 0.0148071 -0.02260679 0.1154078 0.01285809 -0.02265709 0.1155964 0.01285809 -0.02265709 0.1155964 0.01285809 -0.02141225 0.1158353 0.01285809 -0.02141225 0.1158353 0.01285809 -0.01517552 0.1170047 0.01285809 -0.01517552 0.1170047 1.45823e-4 -0.01076203 0.1175328 1.45823e-4 -0.01076203 0.1175328 1.45823e-4 -0.003808617 0.1180483 1.45823e-4 -0.003808617 0.1180483 1.45823e-4 1.2666e-6 0.1180483 1.45823e-4 1.2666e-6 0.1180483 -0.0018031 0.003798604 0.1178597 -0.0018031 0.01138073 0.1173064 -0.0018031 0.0188874 0.1161873 -0.0018031 0.02630609 0.114515 -0.003689229 0.02615517 0.1139618 -0.003689229 0.03338521 0.1117613 -0.003689229 0.04042667 0.1090328 -0.003689229 0.04725438 0.1057887 -0.003689229 0.05381798 0.1020542 -0.003689229 0.06009244 0.09784185 -0.003689229 0.06603991 0.0931769 -0.003689229 0.07162278 0.08808445 -0.005411863 0.07098156 0.08741801 -0.005411863 0.07612431 0.08198606 -0.005411863 0.08085215 0.07617688 -0.006933331 0.07985877 0.07543498 -0.006933331 0.07985877 0.07543498 -0.006933331 0.08183288 0.07260584 -0.006933331 0.08183288 0.07260584 -0.01607459 0.07436394 0.06736248 -0.01607459 0.07436394 0.06736248 -0.01607459 0.07753258 0.06263464 -0.01607459 0.07753258 0.06263464 -0.01731944 0.07967019 0.05571895 -0.01731944 0.08261251 0.04934394 -0.01823735 0.08101558 0.0486775 -0.01823735 0.08339208 0.04221445 -0.01823735 0.08526563 0.03558796 -0.01880317 0.08344238 0.03516042 -0.01880317 0.08475005 0.02854651 -0.01900434 0.08282625 0.02824473 -0.01900434 0.08282625 0.02824473 -0.01900434 0.08359324 0.02170622 -0.01900434 0.08359324 0.02170622 -0.01900434 0.05644595 0.01513004 -0.01900434 0.05644595 0.01513004 -0.02554285 0.0451042 0.01513004 -0.02554285 0.0451042 0.01513004 -0.02554285 0.04500365 0.01197397 -0.02554285 0.04466414 0.008843004 -0.02559316 0.04442524 0.008088588 -0.02559316 0.04442524 0.008088588 -0.02559316 0.04402285 0.005762398 -0.02559316 0.04402285 0.005762398 -0.02568119 0.04280316 0.001223206 -0.02568119 0.04280316 0.001223206 -0.02559316 0.04228764 -2.73094e-4 -0.02559316 0.04228764 -2.73094e-4 -0.02559316 0.04110568 -0.003177642 -0.02559316 0.04110568 -0.003177642 -0.02559316 0.04007458 -0.005302667 -0.02559316 0.04007458 -0.005302667 -0.02554285 0.03982311 -0.006057143 -0.02554285 0.03825139 -0.008785665 -0.02554285 0.0345546 -0.01386559 -0.02554285 0.03649103 -0.01138848 -0.01900434 0.04787051 -0.0147835 -0.01900434 0.04787051 -0.0147835 -0.01900434 0.06783801 -0.03417259 -0.01900434 0.06783801 -0.03417259 -0.01900434 0.06376403 -0.03934049 -0.01900434 0.06376403 -0.03934049 -0.01880317 0.06067085 -0.04555207 -0.01823735 0.05694895 -0.05154991 -0.01823735 0.0515421 -0.05581247 -0.01823735 0.04582095 -0.05963498 -0.01823735 0.03981053 -0.06300479 -0.01731944 0.03421515 -0.06748116 -0.01731944 0.02762633 -0.06990796 -0.01731944 0.02087408 -0.07181918 -0.01731944 0.01398354 -0.07318973 -0.01731944 0.007017552 -0.07401967 -0.01731944 1.2666e-6 -0.07428371 -0.01607459 1.2666e-6 -0.07580512 -0.01731944 -0.007014989 -0.07401967 -0.01607459 -0.01421993 -0.07468605 -0.01607459 -0.01445883 -0.07463574 -0.01607459 -0.01445883 -0.07463574 -0.01607459 -0.0212236 -0.07329034 -0.01607459 -0.0212236 -0.07329034 -0.006933331 -0.02201581 -0.08249455 -0.006933331 -0.02201581 -0.08249455 -0.006933331 -0.0263161 -0.08136284 -0.006933331 -0.0263161 -0.08136284 -0.006933331 -0.02915781 -0.08060842 -0.006933331 -0.03643816 -0.07806849 -0.006933331 -0.03643816 -0.07806849 -0.006933331 -0.03614896 -0.0781942 -0.005411863 -0.03660166 -0.079351 -0.003689229 -0.04386943 -0.07722604 -0.003689229 -0.05057138 -0.07373046 -0.003689229 -0.0569967 -0.06975704 -0.003689229 -0.06310766 -0.06530582 -0.0018031 -0.06925636 -0.06085467 -0.0018031 -0.07468831 -0.05552327 1.45823e-4 -0.07649898 -0.05375033 1.45823e-4 -0.07649898 -0.05375033 1.45823e-4 -0.07984369 -0.0499404 1.45823e-4 -0.07984369 -0.0499404 0.01285809 -0.08219504 -0.04694777 0.01285809 -0.08219504 -0.04694777 1.45823e-4 -0.08328896 -0.04538863 1.45823e-4 -0.08328896 -0.04538863 1.45823e-4 -0.08443319 -0.04386717 1.45823e-4 -0.08443319 -0.04386717 0.01285809 -0.08328896 -0.04538863 0.01285809 -0.08328896 -0.04538863 0.0148071 -0.08204412 -0.04683464 0.0148071 -0.08639472 -0.04059791 0.0148071 -0.09026753 -0.03407198 0.0148071 -0.0936625 -0.02726948 0.0148071 -0.09652936 -0.0202406 0.01668059 -0.09834003 -0.01285964 0.01668059 -0.1001381 -0.005516409 0.01668059 -0.101383 0.001939892 0.01668059 -0.1020871 0.009459137 0.01668059 -0.1022254 0.01701611 0.01668059 -0.1017979 0.02456057 0.01668059 -0.1008297 0.03205466 0.01668059 -0.09930825 0.03944814 0.01668059 -0.09723353 0.04671597 0.01668059 -0.09463071 0.05380767 0.01668059 -0.09152495 0.06069827 0.01668059 -0.08790361 0.06732475 0.01668059 -0.08380448 0.07367461 0.01668059 -0.07925271 0.07971018 0.01668059 -0.0742734 0.08538103 0.01668059 -0.06887912 0.09067469 0.01668059 -0.06310766 0.09555339 0.01668059 -0.0569967 0.1000046 0.01668059 -0.05057138 0.103978 0.0148071 -0.05086058 0.1044684 0.01285809 -0.05094856 0.1046444 0.01285809 -0.05094856 0.1046444 0.01285809 -0.04419636 0.1081526 0.01285809 -0.04419636 0.1081526 0.01285809 -0.04187017 0.1091585 0.01285809 -0.04187017 0.1091585 0.01285809 -0.03720521 0.1111704 0.01285809 -0.03720521 0.1111704 0.01285809 -0.03181093 0.1130313 0.01285809 -0.03181093 0.1130313 0.01285809 -0.03001284 0.11366 0.01285809 -0.03001284 0.11366 1.45823e-4 -0.02635383 0.114691 1.45823e-4 -0.02635383 0.114691 1.45823e-4 -0.02139967 0.1158102 1.45823e-4 -0.02139967 0.1158102 1.45823e-4 -0.01892256 0.116376 1.45823e-4 -0.01892256 0.116376 1.45823e-4 -0.01140332 0.1174951 1.45823e-4 -0.01140332 0.1174951 -0.0018031 -0.01137816 0.1173064 -0.0018031 -0.003796041 0.1178597 -0.003689229 -0.003783464 0.1172939 -0.003689229 0.00377345 0.1172939 -0.003689229 0.01131784 0.1167406 -0.003689229 0.01878678 0.1156215 -0.005411863 0.01861077 0.1147162 -0.005411863 0.02591627 0.113069 -0.005411863 0.03308343 0.1108812 -0.005411863 0.04006201 0.1081777 -0.005411863 0.04682683 0.1049714 -0.005411863 0.05334019 0.101262 -0.005411863 0.05955177 0.09708744 -0.005411863 0.06543642 0.09247279 -0.006933331 0.06464421 0.09151715 -0.006933331 0.06464421 0.09151715 -0.006933331 0.06783801 0.08859997 -0.006933331 0.06783801 0.08859997 -0.006933331 0.07010138 0.08653783 -0.006933331 0.07518124 0.08116877 -0.006933331 0.07530701 0.08101785 -0.006933331 0.07530701 0.08101785 -0.01607459 0.06914573 0.07417762 -0.01607459 0.07355922 0.0685696 -0.01731944 0.07233953 0.06767684 -0.01731944 0.07623749 0.0618425 -0.01823735 0.07476633 0.06093716 -0.01823735 0.07812356 0.05492675 -0.01880317 0.07645124 0.0540843 -0.01880317 0.07928037 0.04796075 -0.01880317 0.08160656 0.04163604 -0.01900434 0.07975816 0.04103249 -0.01900434 0.07975816 0.04103249 -0.01900434 0.08154368 0.0346952 -0.01900434 0.08154368 0.0346952 -0.01900434 0.0558927 0.02297621 -0.01900434 0.0558927 0.02297621 -0.02554285 0.04466414 0.02140444 -0.02554285 0.04500365 0.01827353 -0.02559316 0.04489046 0.01826095 -0.02559316 0.04489046 0.01826095 -0.02559316 0.04500365 0.01513004 -0.02559316 0.04500365 0.01513004 -0.02559316 0.04489046 0.01198655 -0.02559316 0.04489046 0.01198655 -0.02559316 0.04456353 0.008855581 -0.02559316 0.04456353 0.008855581 -0.02568119 0.04445034 0.008088588 -0.02568119 0.04445034 0.008088588 -0.02568119 0.03190147 0.003687679 -0.02568119 0.03190147 0.003687679 -0.02951622 0.01930236 0.01198655 -0.02950364 0.01940292 0.01197397 -0.02950364 0.01940292 0.01197397 -0.02951622 0.01878678 0.009685516 -0.02951622 0.01563072 0.003373324 -0.02951622 0.01693844 0.00534743 -0.02950364 0.01702642 0.005297183 -0.02950364 0.01702642 0.005297183 -0.02950364 0.01808267 0.007422149 -0.02950364 0.01808267 0.007422149 -0.02951622 0.01799464 0.007459878 -0.02950364 0.0188874 0.009647786 -0.02950364 0.0188874 0.009647786 -0.02950364 0.03066927 0.009245395 -0.02950364 0.03066927 0.009245395 -0.02950364 0.03117221 0.01338225 -0.02950364 0.03117221 0.01338225 -0.02950364 0.01964181 0.01433789 -0.02950364 0.01964181 0.01433789 -0.02951622 0.01954126 0.01433789 -0.02954137 0.01944065 0.01433789 -0.02954137 0.01920175 0.01199913 -0.02954137 0.01868623 0.009710669 -0.02954137 0.0179066 0.007497608 -0.02954137 0.01685041 0.005397737 -0.02954137 0.01555532 0.003436207 -0.02954137 0.01403385 0.001638114 -0.02954137 0.01231122 5.38304e-5 -0.02951622 0.01410925 0.001575231 -0.02950364 0.01571875 0.003310441 -0.02950364 0.01571875 0.003310441 -0.02950364 0.02801614 0.001348912 -0.02950364 0.02801614 0.001348912 -0.02950364 0.02961301 0.005209147 -0.02950364 0.02961301 0.005209147 -0.02947854 0.0297262 0.005171418 -0.02944082 0.02983939 0.005133688 -0.02947854 0.0307824 0.009220242 -0.02947854 0.03129798 0.01338225 -0.02950364 0.0311219 0.01755684 -0.02950364 0.0311219 0.01755684 -0.02950364 0.01959156 0.01670181 -0.02950364 0.01959156 0.01670181 -0.02951622 0.01949095 0.01670181 -0.02954137 0.01939034 0.01668924 -0.02951622 0.01916402 0.01904058 -0.02954137 0.01906341 0.01901543 -0.02959167 0.01897543 0.01900285 -0.02959167 0.01930236 0.01667666 -0.02959167 0.01935261 0.01433789 -0.02959167 0.01911371 0.0120117 -0.02959167 0.01861077 0.009735763 -0.02959167 0.01781862 0.007535338 -0.02959167 0.01677495 0.005435466 -0.02959167 0.01547986 0.003486514 -0.02959167 0.01397097 0.001700997 -0.02959167 0.01224833 1.16698e-4 -0.02959167 0.01034963 -0.001241266 -0.02954137 0.01039993 -0.001329302 -0.02959167 0.008300065 -0.00237292 -0.02954137 0.008337795 -0.002460956 -0.02959167 0.006137371 -0.003253102 -0.02959167 0.003874063 -0.003856658 -0.02954137 0.006162524 -0.003328561 -0.02951622 0.008388102 -0.002548992 -0.02951622 0.01045024 -0.001404702 -0.02951622 0.01237404 -2.16141e-5 -0.02950364 0.01418471 0.001499831 -0.02950364 0.01418471 0.001499831 -0.02950364 0.02594143 -0.00225979 -0.02950364 0.02594143 -0.00225979 -0.02947854 0.02604204 -0.002322614 -0.02947854 0.02812927 0.001298606 -0.02944082 0.02824246 0.001248359 -0.02936536 0.0283305 0.001198053 -0.02926474 0.02975136 0.004467308 -0.02926474 0.02975136 0.004467308 -0.02936536 0.02993994 0.005095958 -0.02944082 0.03090816 0.009195089 -0.02944082 0.03141111 0.01336967 -0.02947854 0.03124767 0.01756942 -0.02950364 0.03053092 0.02168107 -0.02950364 0.03053092 0.02168107 -0.02950364 0.01926463 0.0190531 -0.02950364 0.01926463 0.0190531 -0.02950364 0.0186485 0.02135419 -0.02950364 0.0186485 0.02135419 -0.02951622 0.01854789 0.02131646 -0.02954137 0.01845991 0.02129131 -0.02959167 0.01837188 0.02125358 -0.02954137 0.01757973 0.02346658 -0.02959167 0.01750427 0.02342885 -0.03091198 0.01481342 0.02449768 -0.02959167 0.01637262 0.02547842 -0.03091198 0.01583194 0.02263671 -0.03091198 0.01662409 0.02067518 -0.03091198 0.01717734 0.01862561 -0.03091198 0.01747912 0.01653832 -0.03091198 0.01751685 0.01441329 -0.03091198 0.0173031 0.01231348 -0.03091198 0.01683783 0.01025134 -0.03091198 0.01613372 0.008252084 -0.03091198 0.01517808 0.006353378 -0.03091198 0.0140087 0.004593014 -0.03091198 0.01263815 0.00298357 -0.03091198 0.01109153 0.001550137 -0.03091198 0.009368896 3.0531e-4 -0.03091198 0.007520496 -7.13184e-4 -0.03091198 0.005546391 -0.001505315 -0.03091198 0.003509402 -0.002058565 -0.03091198 0.00140953 -0.002347767 -0.02959167 0.001560449 -0.00418359 -0.03091198 -7.02873e-4 -0.002398073 -0.03091198 -0.002815306 -0.002184331 -0.02959167 -7.78317e-4 -0.004233896 -0.02954137 0.001560449 -0.004271626 -0.02954137 0.00388664 -0.003944694 -0.02951622 0.006187677 -0.003429174 -0.02950364 0.008425831 -0.002636969 -0.02950364 0.008425831 -0.002636969 -0.02950364 0.01051312 -0.001492738 -0.02950364 0.01051312 -0.001492738 -0.02950364 0.01243692 -1.09635e-4 -0.02950364 0.01243692 -1.09635e-4 -0.02950364 0.02338892 -0.005566716 -0.02950364 0.02338892 -0.005566716 -0.02947854 0.02347689 -0.005642175 -0.02944082 0.02356493 -0.005717635 -0.02944082 0.02614259 -0.002398073 -0.02936536 0.02621805 -0.002448379 -0.02926474 0.02629351 -0.002498686 -0.02926474 0.02629351 -0.002498686 -0.02926474 0.02734971 -6.62893e-4 -0.02926474 0.02734971 -6.62893e-4 -0.02926474 0.0284059 0.001160323 -0.02926474 0.0284059 0.001160323 -0.02926474 0.0300154 0.005070805 -0.02926474 0.03108417 0.009169936 -0.02936536 0.03100878 0.009182512 -0.02936536 0.0315243 0.01336967 -0.02944082 0.03137338 0.01756942 -0.02947854 0.03064411 0.02170622 -0.02950364 0.02937412 0.02569222 -0.02950364 0.02937412 0.02569222 -0.02950364 0.02771437 0.02951472 -0.02950364 0.02771437 0.02951472 -0.02950364 0.01775574 0.02355462 -0.02950364 0.01775574 0.02355462 -0.02951622 0.01766771 0.02350431 -0.02951622 0.01653605 0.02557903 -0.02954137 0.01644802 0.02552872 -0.02954137 0.01507747 0.02742743 -0.02959167 0.01500201 0.02737712 -0.03091198 0.01358115 0.02620774 -0.02959167 0.01341772 0.02908718 -0.03091198 0.01214772 0.02776694 -0.03096222 0.008715033 0.03023141 -0.03091198 0.0105257 0.02913749 -0.03096222 0.01047539 0.02906203 -0.03096222 0.01208484 0.02770406 -0.03096222 0.01350575 0.02615743 -0.03096222 0.01473796 0.02444738 -0.03096222 0.01575648 0.02259898 -0.03096222 0.01654863 0.02065002 -0.03096222 0.0170893 0.01861304 -0.03096222 0.0173785 0.01652574 -0.03096222 0.01742881 0.01442587 -0.03096222 0.01721507 0.01232606 -0.03096222 0.01674979 0.01027649 -0.03096222 0.01604568 0.008289754 -0.03096222 0.01510262 0.006403684 -0.03096222 0.01394581 0.004643321 -0.03096222 0.01257526 0.003046393 -0.03096222 0.01102864 0.001612961 -0.03096222 0.00931859 3.80754e-4 -0.03096222 0.007482767 -6.3774e-4 -0.03096222 0.005521237 -0.001417279 -0.03096222 0.003484249 -0.001970589 -0.03096222 0.00140953 -0.00225979 -0.03096222 -7.02873e-4 -0.002297461 -0.03096222 -0.002802729 -0.002096295 -0.03091198 -0.004877448 -0.001719057 -0.03096222 -0.004852294 -0.001631081 -0.03096222 -0.006838977 -9.26942e-4 -0.03091198 -0.006876707 -0.001002371 -0.02959167 -0.005392968 -0.003479421 -0.02959167 -0.003104507 -0.003995001 -0.02954137 -7.78317e-4 -0.004321873 -0.02951622 0.001572966 -0.004372179 -0.02951622 0.003911733 -0.004032671 -0.02950364 0.006225407 -0.003529727 -0.02950364 0.006225407 -0.003529727 -0.02950364 0.01345545 -0.01304829 -0.02950364 0.01345545 -0.01304829 -0.02950364 0.0170893 -0.01099872 -0.02950364 0.0170893 -0.01099872 -0.02950364 0.02042144 -0.008496463 -0.02950364 0.02042144 -0.008496463 -0.02947854 0.02050948 -0.008584499 -0.02944082 0.02058488 -0.008672535 -0.02936536 0.02064776 -0.008747935 -0.02936536 0.02364039 -0.005793035 -0.02926474 0.02370327 -0.005843341 -0.02926474 0.0241056 -0.005315244 -0.02926474 0.0241056 -0.005315244 -0.02568119 0.02934896 -0.00181967 -0.02568119 0.02934896 -0.00181967 -0.02568119 0.04009974 -0.005302667 -0.02568119 0.04009974 -0.005302667 -0.02559316 0.03973513 -0.006006836 -0.02559316 0.03973513 -0.006006836 -0.02559316 0.03816336 -0.008722782 -0.02559316 0.03816336 -0.008722782 -0.02559316 0.036403 -0.01132559 -0.02559316 0.036403 -0.01132559 -0.02559316 0.03446662 -0.0138027 -0.02559316 0.03446662 -0.0138027 -0.02554285 0.03244221 -0.01621693 -0.01900434 0.04324328 -0.02115851 -0.01900434 0.04324328 -0.02115851 -0.01900434 0.0593003 -0.04416894 -0.01900434 0.0593003 -0.04416894 -0.01880317 0.05572926 -0.05012899 -0.01880317 0.0504356 -0.054291 -0.01880317 0.04484015 -0.05803805 -0.01880317 0.0389555 -0.06133246 -0.01823735 0.03356128 -0.06588423 -0.01823735 0.02709823 -0.0682733 -0.01823735 0.02047175 -0.07013428 -0.01823735 0.01371949 -0.07147967 -0.01823735 0.00687921 -0.07228446 -0.01823735 1.2666e-6 -0.07256108 -0.01823735 -0.006876707 -0.07228446 -0.01731944 -0.01399356 -0.07318973 -0.01731944 -0.02087157 -0.07181918 -0.01607459 -0.02390187 -0.07253593 -0.01607459 -0.02390187 -0.07253593 -0.01607459 -0.02810162 -0.07135397 -0.01607459 -0.02810162 -0.07135397 -0.01607459 -0.03309351 -0.06950557 -0.01607459 -0.03309351 -0.06950557 -0.01607459 -0.03479099 -0.06888943 -0.006933331 -0.04293894 -0.07526445 -0.006933331 -0.04293894 -0.07526445 -0.005411863 -0.04347962 -0.07638353 -0.005411863 -0.05011868 -0.07292568 -0.005411863 -0.05648118 -0.06899005 -0.005411863 -0.06254184 -0.06458914 -0.003689229 -0.06887912 -0.06042712 -0.003689229 -0.0742734 -0.05513346 -0.0018031 -0.07969278 -0.04982721 -0.0018031 -0.0842697 -0.04375398 1.45823e-4 -0.08855748 -0.037467 1.45823e-4 -0.08855748 -0.037467 0.01285809 -0.08655822 -0.0407111 0.01285809 -0.08655822 -0.0407111 0.01285809 -0.08914846 -0.03634792 0.01285809 -0.08914846 -0.03634792 0.01285809 -0.09044355 -0.03416001 0.01285809 -0.09044355 -0.03416001 0.01285809 -0.09383857 -0.02734494 0.01285809 -0.09383857 -0.02734494 0.01285809 -0.09407746 -0.02676653 0.01285809 -0.09407746 -0.02676653 0.01285809 -0.09671801 -0.02030348 0.01285809 -0.09671801 -0.02030348 0.01285809 -0.09788739 -0.01668214 0.01285809 -0.09788739 -0.01668214 0.01285809 -0.09906935 -0.01306086 0.01285809 -0.09906935 -0.01306086 0.0148071 -0.0988807 -0.01301056 0.0148071 -0.1006914 -0.005629599 0.0148071 -0.1019488 0.001864433 0.0148071 -0.1026529 0.009421467 0.0148071 -0.1027913 0.01702868 0.0148071 -0.1023637 0.02461081 0.0148071 -0.101383 0.03214269 0.0148071 -0.0998615 0.03958648 0.0148071 -0.0977742 0.04689198 0.0148071 -0.09515881 0.05402147 0.0148071 -0.0920279 0.06094974 0.0148071 -0.08839398 0.06762653 0.0148071 -0.0842697 0.07400155 0.0148071 -0.07969278 0.08007478 0.0148071 -0.07468831 0.08577084 0.0148071 -0.06925636 0.09110224 0.0148071 -0.06345975 0.09600609 0.0148071 -0.05731105 0.1004698 0.01285809 -0.05148929 0.1043049 0.01285809 -0.05148929 0.1043049 1.45823e-4 -0.05146414 0.1042672 1.45823e-4 -0.05146414 0.1042672 1.45823e-4 -0.0476039 0.1064677 1.45823e-4 -0.0476039 0.1064677 1.45823e-4 -0.04188275 0.1091836 1.45823e-4 -0.04188275 0.1091836 1.45823e-4 -0.04188275 0.1091836 1.45823e-4 -0.04072594 0.1097243 1.45823e-4 -0.04072594 0.1097243 1.45823e-4 -0.03363418 0.112478 1.45823e-4 -0.03363418 0.112478 1.45823e-4 -0.03181093 0.1130313 1.45823e-4 -0.03181093 0.1130313 -0.0018031 -0.02630352 0.114515 -0.0018031 -0.01888489 0.1161873 -0.003689229 -0.01878428 0.1156215 -0.003689229 -0.01131528 0.1167406 -0.005411863 -0.01121473 0.1158102 -0.005411863 -0.003745734 0.1163634 -0.005411863 0.003748297 0.1163634 -0.005411863 0.01120465 0.1158102 -0.006933331 0.01107895 0.1145779 -0.006933331 0.01838445 0.1134966 -0.006933331 0.02113813 0.1128678 -0.006933331 0.02113813 0.1128678 -0.006933331 0.02560192 0.1118619 -0.006933331 0.02560192 0.1118619 -0.006933331 0.03142368 0.110089 -0.006933331 0.03142368 0.110089 -0.006933331 0.0326811 0.1097118 -0.006933331 0.03957164 0.1070335 -0.006933331 0.041332 0.1062036 -0.006933331 0.041332 0.1062036 -0.006933331 0.04624843 0.1038649 -0.006933331 0.04624843 0.1038649 -0.006933331 0.05077511 0.1012871 -0.006933331 0.05077511 0.1012871 -0.006933331 0.05268633 0.1002058 -0.006933331 0.05882245 0.09608155 -0.006933331 0.05965232 0.09542769 -0.006933331 0.05965232 0.09542769 -0.01607459 0.05904877 0.08426195 -0.01607459 0.05904877 0.08426195 -0.01607459 0.06162649 0.08188545 -0.01607459 0.06162649 0.08188545 -0.01607459 0.06429213 0.07942098 -0.01607459 0.06429213 0.07942098 -0.01607459 0.06840384 0.07498234 -0.01607459 0.06840384 0.07498234 -0.01731944 0.06798893 0.07319682 -0.01823735 0.0666812 0.07206517 -0.01823735 0.07094383 0.06665831 -0.01880317 0.06942236 0.06556439 -0.01880317 0.07316941 0.05995637 -0.01900434 0.07149708 0.0589379 -0.01900434 0.07149708 0.0589379 -0.01900434 0.07471603 0.05319154 -0.01900434 0.07471603 0.05319154 -0.01900434 0.0774697 0.04721891 -0.01900434 0.0774697 0.04721891 -0.01900434 0.0542581 0.03068411 -0.01900434 0.0542581 0.03068411 -0.02554285 0.04335641 0.02755314 -0.02554285 0.04412347 0.02449768 -0.02559316 0.04402285 0.02448511 -0.02559316 0.04402285 0.02448511 -0.02559316 0.04442524 0.02215892 -0.02559316 0.04442524 0.02215892 -0.02559316 0.04456353 0.02139186 -0.02559316 0.04456353 0.02139186 -0.02568119 0.04500365 0.01513004 -0.02568119 0.04500365 0.01513004 -0.02568119 0.03343552 0.009572327 -0.02568119 0.03343552 0.009572327 -0.02926474 0.03117221 0.009949564 -0.02926474 0.03117221 0.009949564 -0.02926474 0.0315997 0.0133571 -0.02926474 0.0315997 0.0133571 -0.02926474 0.0315746 0.01559525 -0.02926474 0.0315746 0.01559525 -0.02936536 0.03147399 0.01758199 -0.02944082 0.03075724 0.02173137 -0.02947854 0.02949988 0.02572995 -0.02947854 0.02781492 0.02957755 -0.02950364 0.02553904 0.0330857 -0.02950364 0.02553904 0.0330857 -0.02950364 0.01661151 0.02562934 -0.02950364 0.01661151 0.02562934 -0.02950364 0.01522839 0.02755314 -0.02950364 0.01522839 0.02755314 -0.02951622 0.01515293 0.02749031 -0.02951622 0.01354342 0.02922552 -0.02954137 0.0134806 0.02916264 -0.02954137 0.01169508 0.03068411 -0.02959167 0.0116322 0.03060865 -0.02959167 0.009683251 0.03190374 -0.03091198 0.008765339 0.03030687 -0.03096222 0.00684148 0.03117448 -0.03098738 0.004829645 0.03177803 -0.03098738 0.00680381 0.03107386 -0.03098738 0.008677303 0.03014338 -0.03098738 0.01041251 0.02898657 -0.03098738 0.01200944 0.0276286 -0.03098738 0.01343029 0.02609455 -0.03098738 0.01466256 0.02439707 -0.03098738 0.01566845 0.02256125 -0.03098738 0.01644802 0.02061229 -0.03098738 0.01698875 0.01858788 -0.03098738 0.01729053 0.01651316 -0.03098738 0.0173282 0.01442587 -0.03098738 0.01711446 0.01233863 -0.03098738 0.01666182 0.01030158 -0.03098738 0.01595765 0.008327484 -0.03098738 0.01501458 0.00645399 -0.03098738 0.01387035 0.004706203 -0.03098738 0.01251238 0.003109276 -0.03098738 0.01096576 0.00168842 -0.03098738 0.009268283 4.68768e-4 -0.03098738 0.00743246 -5.49726e-4 -0.03098738 0.005496084 -0.001329302 -0.03098738 0.003471672 -0.001869976 -0.03098738 0.001396954 -0.002159178 -0.03098738 -7.02873e-4 -0.002209484 -0.03098738 -0.002777576 -0.001995682 -0.03098738 -0.004827141 -0.001530468 -0.03098738 -0.006801247 -8.26351e-4 -0.03098738 -0.0086748 1.04122e-4 -0.03096222 -0.008725047 1.61082e-5 -0.03091198 -0.008762776 -5.93364e-5 -0.02959167 -0.007593393 -0.002699851 -0.02954137 -0.005418121 -0.003567457 -0.02954137 -0.003117084 -0.004082977 -0.02951622 -7.90894e-4 -0.004422485 -0.02950364 0.001585543 -0.004472792 -0.02950364 0.001585543 -0.004472792 -0.02950364 0.003936886 -0.004133284 -0.02950364 0.003936886 -0.004133284 -0.02950364 0.009582638 -0.01459485 -0.02950364 0.009582638 -0.01459485 -0.02947854 0.009620368 -0.01470804 -0.02947854 0.01350575 -0.01316142 -0.02947854 0.01716476 -0.01111185 -0.02944082 0.01722764 -0.01121246 -0.02936536 0.01727795 -0.01128792 -0.02926474 0.02006936 -0.009288609 -0.02926474 0.02006936 -0.009288609 -0.02926474 0.02069807 -0.008810818 -0.02568119 0.02585339 -0.006786406 -0.02568119 0.02585339 -0.006786406 -0.02568119 0.036403 -0.01132559 -0.02568119 0.036403 -0.01132559 -0.02559316 0.03236675 -0.01614147 -0.02559316 0.03236675 -0.01614147 -0.02559316 0.03180092 -0.01668214 -0.02559316 0.03180092 -0.01668214 -0.02554285 0.03017884 -0.0183922 -0.02554285 0.02777725 -0.02041661 -0.01900434 0.03776097 -0.02681678 -0.01900434 0.03776097 -0.02681678 -0.01900434 0.05445927 -0.04864531 -0.01900434 0.05445927 -0.04864531 -0.01900434 0.04929137 -0.05271929 -0.01900434 0.04929137 -0.05271929 -0.01900434 0.04382169 -0.0563783 -0.01900434 0.04382169 -0.0563783 -0.01900434 0.03807532 -0.05959725 -0.01900434 0.03807532 -0.05959725 -0.01880317 0.03283196 -0.06414902 -0.01880317 0.02651983 -0.06648778 -0.01880317 0.02003163 -0.06831103 -0.01880317 0.01341772 -0.06963133 -0.01880317 0.006728351 -0.07042348 -0.01880317 1.2666e-6 -0.07068753 -0.01880317 -0.006738364 -0.07042348 -0.01823735 -0.01371693 -0.07147967 -0.01823735 -0.02046918 -0.07013428 -0.01731944 -0.02763634 -0.06990796 -0.01731944 -0.03421258 -0.06748116 -0.01607459 -0.04127919 -0.0658968 -0.006933331 -0.04610759 -0.07361727 -0.006933331 -0.04610759 -0.07361727 -0.006933331 -0.04950255 -0.07184433 -0.006933331 -0.04950255 -0.07184433 -0.006933331 -0.05531179 -0.06824815 -0.006933331 -0.05531179 -0.06824815 -0.006933331 -0.05578958 -0.06795895 -0.006933331 -0.06177479 -0.06360834 -0.006933331 -0.06382441 -0.06186056 -0.006933331 -0.06382441 -0.06186056 -0.006933331 -0.06742054 -0.05883026 -0.006933331 -0.06742054 -0.05883026 -0.005411863 -0.06825041 -0.05974811 -0.005411863 -0.07359439 -0.05450475 -0.003689229 -0.07925271 -0.04946261 -0.003689229 -0.08380448 -0.04342705 -0.0018031 -0.08839398 -0.03737896 1.45823e-4 -0.08916103 -0.0363605 1.45823e-4 -0.08916103 -0.0363605 1.45823e-4 -0.09220391 -0.0307902 1.45823e-4 -0.09220391 -0.0307902 1.45823e-4 -0.09402716 -0.02674138 1.45823e-4 -0.09402716 -0.02674138 1.45823e-4 -0.09533488 -0.02384936 1.45823e-4 -0.09533488 -0.02384936 1.45823e-4 -0.09796285 -0.0167073 1.45823e-4 -0.09796285 -0.0167073 1.45823e-4 -0.1000375 -0.009389221 1.45823e-4 -0.1000375 -0.009389221 0.01285809 -0.1007291 -0.006283462 0.01285809 -0.1007291 -0.006283462 0.01285809 -0.10088 -0.005667328 0.01285809 -0.10088 -0.005667328 0.01285809 -0.1021374 0.001839339 0.01285809 -0.1021374 0.001839339 0.01285809 -0.1023763 0.004366695 0.01285809 -0.1023763 0.004366695 0.01285809 -0.1028416 0.009421467 0.01285809 -0.1028416 0.009421467 0.01285809 -0.1029421 0.01513004 0.01285809 -0.1029421 0.01513004 0.01285809 -0.1029798 0.01702868 0.01285809 -0.1029798 0.01702868 0.01285809 -0.1025649 0.02462339 0.01285809 -0.1025649 0.02462339 0.01285809 -0.1024014 0.02588081 0.01285809 -0.1024014 0.02588081 0.01285809 -0.1015841 0.03218036 0.01285809 -0.1015841 0.03218036 0.01285809 -0.1006788 0.03653103 0.01285809 -0.1006788 0.03653103 0.01285809 -0.1000375 0.03963679 0.01285809 -0.1000375 0.03963679 0.01285809 -0.09796285 0.04695487 0.01285809 -0.09796285 0.04695487 0.01285809 -0.09533488 0.05409687 0.01285809 -0.09533488 0.05409687 0.01285809 -0.09402716 0.05698889 0.01285809 -0.09402716 0.05698889 0.01285809 -0.09220391 0.06103771 0.01285809 -0.09220391 0.06103771 0.01285809 -0.08916103 0.06660807 0.01285809 -0.08916103 0.06660807 0.01285809 -0.08855748 0.06771457 0.01285809 -0.08855748 0.06771457 0.01285809 -0.08443319 0.07411473 0.01285809 -0.08443319 0.07411473 0.01285809 -0.08328896 0.0756362 0.01285809 -0.08328896 0.0756362 0.01285809 -0.07984369 0.08018797 0.01285809 -0.07984369 0.08018797 0.01285809 -0.07649898 0.0839979 0.01285809 -0.07649898 0.0839979 0.01285809 -0.07482665 0.08590912 0.01285809 -0.07482665 0.08590912 0.01285809 -0.06939464 0.09124052 0.01285809 -0.06939464 0.09124052 0.01285809 -0.06890428 0.09165549 0.01285809 -0.06890428 0.09165549 0.01285809 -0.06358546 0.09615695 0.01285809 -0.06358546 0.09615695 0.01285809 -0.06050485 0.09839516 0.01285809 -0.06050485 0.09839516 0.01285809 -0.05742418 0.1006333 0.01285809 -0.05742418 0.1006333 1.45823e-4 -0.05421781 0.1026955 1.45823e-4 -0.05421781 0.1026955 -0.0018031 -0.05411726 0.102532 -0.0018031 -0.04751586 0.1062916 -0.0018031 -0.04065048 0.1095483 -0.0018031 -0.0335713 0.112302 -0.003689229 -0.03338271 0.1117613 -0.003689229 -0.02615267 0.1139618 -0.005411863 -0.02592629 0.113069 -0.005411863 -0.01862078 0.1147162 -0.006933331 -0.01838189 0.1134966 -0.006933331 -0.01107639 0.1145779 -0.006933331 -0.01063632 0.1146156 -0.006933331 -0.01063632 0.1146156 -0.006933331 -0.003695487 0.1151311 -0.006933331 -0.003695487 0.1151311 -0.006933331 1.2666e-6 0.1151311 -0.006933331 1.2666e-6 0.1151311 -0.006933331 0.003697991 0.1151311 -0.006933331 0.003697991 0.1151311 -0.006933331 0.01063883 0.1146156 -0.006933331 0.01063883 0.1146156 -0.01607459 0.009658098 0.1054743 -0.01607459 0.009658098 0.1054743 -0.01607459 0.01422244 0.1049336 -0.01607459 0.01422244 0.1049336 -0.01607459 0.01921433 0.1039403 -0.01607459 0.01921433 0.1039403 -0.01607459 0.02122616 0.1035379 -0.01607459 0.02810412 0.1016015 -0.01607459 0.02855682 0.1014381 -0.01607459 0.02855682 0.1014381 -0.01607459 0.03479355 0.099137 -0.01607459 0.03479355 0.099137 -0.01607459 0.03754723 0.09786701 -0.01607459 0.03754723 0.09786701 -0.01607459 0.0412817 0.09614437 -0.01607459 0.0412817 0.09614437 -0.01607459 0.0461353 0.09341585 -0.01607459 0.0461353 0.09341585 -0.01607459 0.04750585 0.0926488 -0.01607459 0.0534408 0.08868801 -0.01607459 0.0542078 0.08808445 -0.01607459 0.0542078 0.08808445 -0.01731944 0.05806803 0.08311772 -0.01731944 0.06322336 0.07835215 -0.01823735 0.06200367 0.07711994 -0.01880317 0.06067085 0.07579964 -0.01880317 0.06524777 0.07085806 -0.01900434 0.06376403 0.06958806 -0.01900434 0.06376403 0.06958806 -0.01900434 0.06783801 0.06442016 -0.01900434 0.06783801 0.06442016 -0.01900434 0.04787051 0.04503101 -0.01900434 0.04787051 0.04503101 -0.01900434 0.05156725 0.03807759 -0.01900434 0.05156725 0.03807759 -0.02554285 0.0412063 0.03347551 -0.02554285 0.04238826 0.03054577 -0.02559316 0.04228764 0.03052061 -0.02559316 0.04228764 0.03052061 -0.02559316 0.04276543 0.0290243 -0.02559316 0.04276543 0.0290243 -0.02559316 0.04325586 0.02752798 -0.02559316 0.04325586 0.02752798 -0.02568119 0.04445034 0.02215892 -0.02568119 0.04445034 0.02215892 -0.02568119 0.03388822 0.01563298 -0.02568119 0.03388822 0.01563298 -0.02926474 0.03154945 0.01759451 -0.02926474 0.03154945 0.01759451 -0.02926474 0.03102129 0.021241 -0.02926474 0.03102129 0.021241 -0.02936536 0.03085786 0.02175652 -0.02944082 0.02961301 0.0257802 -0.02944082 0.02792811 0.02962785 -0.02947854 0.02563965 0.03314858 -0.02950364 0.02292364 0.0363298 -0.02950364 0.02292364 0.0363298 -0.02950364 0.01361888 0.02930092 -0.02950364 0.01361888 0.02930092 -0.02950364 0.01180821 0.03083497 -0.02950364 0.01180821 0.03083497 -0.02951622 0.01174539 0.03075951 -0.02951622 0.009783804 0.03206723 -0.02954137 0.009733498 0.0319792 -0.02954137 0.007621109 0.03302288 -0.02959167 0.007595956 0.03294742 -0.03091198 0.006866633 0.03124994 -0.03096222 0.004854798 0.03187859 -0.03098738 0.002780079 0.03224325 -0.03096222 0.002792656 0.03234386 -0.03098738 6.92837e-4 0.03245705 -0.03096222 7.05414e-4 0.03254503 -0.03098738 -0.001394391 0.03240674 -0.03099995 -0.003443956 0.03201693 -0.03099995 -0.003443956 0.03201693 -0.03099995 -0.001381874 0.03230613 -0.03099995 -0.001381874 0.03230613 -0.03099995 6.92837e-4 0.03234386 -0.03099995 6.92837e-4 0.03234386 -0.03099995 0.002767503 0.03214269 -0.03099995 0.002767503 0.03214269 -0.03099995 0.004791915 0.03167742 -0.03099995 0.004791915 0.03167742 -0.03099995 0.006753504 0.03098589 -0.03099995 0.006753504 0.03098589 -0.03099995 0.00861442 0.0300554 -0.03099995 0.00861442 0.0300554 -0.03099995 0.0103622 0.02891117 -0.03099995 0.0103622 0.02891117 -0.03099995 0.01194655 0.02755314 -0.03099995 0.01194655 0.02755314 -0.03099995 0.01335483 0.02603173 -0.03099995 0.01335483 0.02603173 -0.03099995 0.01457452 0.02433419 -0.03099995 0.01457452 0.02433419 -0.03099995 0.01558041 0.022511 -0.03099995 0.01558041 0.022511 -0.03099995 0.01634746 0.02058714 -0.03099995 0.01634746 0.02058714 -0.03099995 0.01688814 0.01857531 -0.03099995 0.01688814 0.01857531 -0.03099995 0.01718991 0.01651316 -0.03099995 0.01718991 0.01651316 -0.03099995 0.01722764 0.01442587 -0.03099995 0.01722764 0.01442587 -0.03099995 0.0170139 0.01236373 -0.03099995 0.0170139 0.01236373 -0.03099995 0.01656121 0.01032674 -0.03099995 0.01656121 0.01032674 -0.03099995 0.01585704 0.008365213 -0.03099995 0.01585704 0.008365213 -0.03099995 0.01492661 0.006504297 -0.03099995 0.01492661 0.006504297 -0.03099995 0.01378238 0.004769027 -0.03099995 0.01378238 0.004769027 -0.03099995 0.01243692 0.003184735 -0.03099995 0.01243692 0.003184735 -0.03099995 0.01090288 0.00176388 -0.03099995 0.01090288 0.00176388 -0.03099995 0.009217977 5.56789e-4 -0.03099995 0.009217977 5.56789e-4 -0.03099995 0.007394731 -4.49136e-4 -0.03099995 0.007394731 -4.49136e-4 -0.03099995 0.005458354 -0.00122869 -0.03099995 0.005458354 -0.00122869 -0.03099995 0.003446519 -0.001769363 -0.03099995 0.003446519 -0.001769363 -0.03099995 0.001384377 -0.002058565 -0.03099995 0.001384377 -0.002058565 -0.03099995 -6.90304e-4 -0.002096295 -0.03099995 -6.90304e-4 -0.002096295 -0.03099995 -0.002764999 -0.001895129 -0.03099995 -0.002764999 -0.001895129 -0.03099995 -0.004801988 -0.001429855 -0.03099995 -0.004801988 -0.001429855 -0.03099995 -0.006763517 -7.38338e-4 -0.03099995 -0.006763517 -7.38338e-4 -0.03099995 -0.008624494 1.92143e-4 -0.03099995 -0.008624494 1.92143e-4 -0.03099995 -0.0103597 0.001336336 -0.03099995 -0.0103597 0.001336336 -0.03098738 -0.01042258 0.001260936 -0.03096222 -0.01047283 0.001185476 -0.03091198 -0.01053571 0.001110017 -0.02959167 -0.009680688 -0.001656234 -0.02954137 -0.007631123 -0.002775311 -0.02951622 -0.005443274 -0.003655493 -0.02951622 -0.003142178 -0.00418359 -0.02950364 -7.90894e-4 -0.004523098 -0.02950364 -7.90894e-4 -0.004523098 -0.02950364 0.001396954 -0.01606601 -0.02950364 0.001396954 -0.01606601 -0.02950364 0.005533814 -0.0156008 -0.02950364 0.005533814 -0.0156008 -0.02947854 0.005558967 -0.0157265 -0.02944082 0.00558412 -0.01583969 -0.02944082 0.009658098 -0.01482117 -0.02944082 0.013556 -0.01327461 -0.02936536 0.0136063 -0.01336258 -0.02926474 0.01364403 -0.01343804 -0.02926474 0.01364403 -0.01343804 -0.02926474 0.01537925 -0.01245731 -0.02926474 0.01537925 -0.01245731 -0.02926474 0.0173282 -0.01136332 -0.02926474 0.0173282 -0.01136332 -0.02568119 0.02152794 -0.01104897 -0.02568119 0.02152794 -0.01104897 -0.02568119 0.03182607 -0.01669472 -0.02568119 0.03182607 -0.01669472 -0.02559316 0.03011602 -0.01831674 -0.02559316 0.03011602 -0.01831674 -0.02559316 0.02770179 -0.02034121 -0.02559316 0.02770179 -0.02034121 -0.02559316 0.02643179 -0.02125906 -0.02559316 0.02643179 -0.02125906 -0.02554285 0.02522468 -0.02227759 -0.02554285 0.02255898 -0.02393734 -0.01900434 0.03156203 -0.03167039 -0.01900434 0.03156203 -0.03167039 -0.01900434 0.02474689 -0.03560602 -0.01900434 0.02474689 -0.03560602 -0.01900434 0.03209012 -0.06235092 -0.01900434 0.03209012 -0.06235092 -0.01900434 0.02591627 -0.06462687 -0.01900434 0.02591627 -0.06462687 -0.01900434 0.01957899 -0.06641238 -0.01900434 0.01957899 -0.06641238 -0.01900434 0.01311594 -0.06770747 -0.01900434 0.01311594 -0.06770747 -0.01900434 0.006577432 -0.06847453 -0.01900434 0.006577432 -0.06847453 -0.01900434 1.2666e-6 -0.06873857 -0.01900434 -0.006574928 -0.06847453 -0.01900434 -0.006574928 -0.06847453 -0.01880317 -0.01342773 -0.06963133 -0.01880317 -0.02002912 -0.06831103 -0.01823735 -0.02709567 -0.0682733 -0.01823735 -0.03355872 -0.06588423 -0.01731944 -0.0405876 -0.06453883 -0.01607459 -0.04190784 -0.06554478 -0.01607459 -0.04190784 -0.06554478 -0.01607459 -0.04751586 -0.06240123 -0.01607459 -0.04751586 -0.06240123 -0.01607459 -0.05023187 -0.06059062 -0.01607459 -0.05023187 -0.06059062 -0.01607459 -0.05345082 -0.05844044 -0.01607459 -0.05345082 -0.05844044 -0.01607459 -0.05800259 -0.05484426 -0.01607459 -0.05800259 -0.05484426 -0.01607459 -0.05905884 -0.05401438 -0.01607459 -0.0643022 -0.04917341 -0.006933331 -0.07167059 -0.05465567 -0.006933331 -0.07167059 -0.05465567 -0.006933331 -0.07268905 -0.05364972 -0.006933331 -0.07867431 -0.04664599 -0.006933331 -0.07867431 -0.04664599 -0.006933331 -0.07758033 -0.048092 -0.005411863 -0.07853597 -0.04887163 -0.005411863 -0.08305007 -0.04289895 -0.003689229 -0.08790361 -0.03707718 -0.0018031 -0.0920279 -0.03070217 -0.0018031 -0.09515881 -0.0237739 -0.0018031 -0.0977742 -0.01664441 -0.0018031 -0.0998615 -0.009338915 1.45823e-4 -0.1006788 -0.006283462 1.45823e-4 -0.1006788 -0.006283462 1.45823e-4 -0.1015841 -0.001932859 1.45823e-4 -0.1015841 -0.001932859 1.45823e-4 -0.1024014 0.004366695 1.45823e-4 -0.1024014 0.004366695 1.45823e-4 -0.1024014 0.004366695 1.45823e-4 -0.1025649 0.005624115 1.45823e-4 -0.1025649 0.005624115 1.45823e-4 -0.1029798 0.01321876 1.45823e-4 -0.1029798 0.01321876 1.45823e-4 -0.1029421 0.01511746 1.45823e-4 -0.1029421 0.01511746 1.45823e-4 -0.1028416 0.02082604 1.45823e-4 -0.1028416 0.02082604 1.45823e-4 -0.1023763 0.02588081 1.45823e-4 -0.1023763 0.02588081 1.45823e-4 -0.1021374 0.02840816 1.45823e-4 -0.1021374 0.02840816 1.45823e-4 -0.10088 0.03591489 1.45823e-4 -0.10088 0.03591489 1.45823e-4 -0.1007291 0.03653103 1.45823e-4 -0.1007291 0.03653103 1.45823e-4 -0.09906935 0.04330837 1.45823e-4 -0.09906935 0.04330837 1.45823e-4 -0.09788739 0.04692971 1.45823e-4 -0.09788739 0.04692971 1.45823e-4 -0.09671801 0.05055099 1.45823e-4 -0.09671801 0.05055099 1.45823e-4 -0.09407746 0.05701404 1.45823e-4 -0.09407746 0.05701404 1.45823e-4 -0.09383857 0.05759245 1.45823e-4 -0.09383857 0.05759245 1.45823e-4 -0.09044355 0.06440758 1.45823e-4 -0.09044355 0.06440758 1.45823e-4 -0.08914846 0.06659549 1.45823e-4 -0.08914846 0.06659549 1.45823e-4 -0.08655822 0.07095867 1.45823e-4 -0.08655822 0.07095867 1.45823e-4 -0.08328896 0.0756362 1.45823e-4 -0.08328896 0.0756362 1.45823e-4 -0.08219504 0.07719534 1.45823e-4 -0.08219504 0.07719534 1.45823e-4 -0.07739174 0.08309257 1.45823e-4 -0.07739174 0.08309257 1.45823e-4 -0.07651156 0.08402305 1.45823e-4 -0.07651156 0.08402305 1.45823e-4 -0.07216095 0.08862513 1.45823e-4 -0.07216095 0.08862513 1.45823e-4 -0.06887912 0.09161776 1.45823e-4 -0.06887912 0.09161776 1.45823e-4 -0.06652778 0.0937553 1.45823e-4 -0.06652778 0.0937553 1.45823e-4 -0.06054258 0.09845799 1.45823e-4 -0.06054258 0.09845799 -0.0018031 -0.06042939 0.09829455 -0.003689229 -0.06008988 0.09784185 -0.003689229 -0.05382806 0.1020542 -0.003689229 -0.04725182 0.1057887 -0.003689229 -0.04042416 0.1090328 -0.005411863 -0.0400595 0.1081777 -0.005411863 -0.03308093 0.1108812 -0.006933331 -0.02559936 0.1118619 -0.006933331 -0.02559936 0.1118619 -0.006933331 -0.02113562 0.1128678 -0.006933331 -0.02113562 0.1128678 -0.01607459 -0.01421993 0.1049336 -0.01607459 -0.01421993 0.1049336 -0.01607459 -0.009655535 0.1054743 -0.01607459 -0.009655535 0.1054743 -0.01607459 -0.007128179 0.1057761 -0.01607459 -0.007128179 0.1057761 -0.01607459 1.2666e-6 0.1060527 -0.01607459 0.007130682 0.1057761 -0.01607459 0.007130682 0.1057761 -0.01607459 1.2666e-6 0.1060527 -0.01731944 1.2666e-6 0.1045312 -0.01731944 0.007017552 0.1042672 -0.01731944 0.01398354 0.1034373 -0.01731944 0.02087408 0.1020668 -0.01731944 0.02762633 0.1001555 -0.01731944 0.03421515 0.09772872 -0.01731944 0.04059016 0.0947864 -0.01731944 0.0467137 0.09136629 -0.01731944 0.05256062 0.08745574 -0.01823735 0.0515421 0.08606004 -0.01823735 0.05694895 0.08179742 -0.01880317 0.05572926 0.08037656 -0.01900434 0.05445927 0.07889282 -0.01900434 0.05445927 0.07889282 -0.01900434 0.0593003 0.07441651 -0.01900434 0.0593003 0.07441651 -0.01900434 0.04324328 0.05140602 -0.01900434 0.04324328 0.05140602 -0.02554285 0.03649103 0.04163604 -0.02554285 0.03825139 0.03903323 -0.02554285 0.03982311 0.03630465 -0.02559316 0.04007458 0.03555023 -0.02559316 0.04007458 0.03555023 -0.02559316 0.04110568 0.03342521 -0.02559316 0.04110568 0.03342521 -0.02568119 0.04280316 0.0290243 -0.02568119 0.04280316 0.0290243 -0.02568119 0.03324693 0.02166855 -0.02568119 0.03324693 0.02166855 -0.02926474 0.03094589 0.0217691 -0.02926474 0.02977651 0.02584308 -0.02936536 0.02970105 0.02580535 -0.02936536 0.02801614 0.02967816 -0.02944082 0.02574026 0.03322404 -0.02947854 0.02301168 0.03640526 -0.02950364 0.01989334 0.03918409 -0.02950364 0.01989334 0.03918409 -0.02950364 0.0165109 0.04162347 -0.02950364 0.0165109 0.04162347 -0.02950364 0.00983411 0.03215527 -0.02950364 0.00983411 0.03215527 -0.02950364 0.007709085 0.03321146 -0.02950364 0.007709085 0.03321146 -0.02951622 0.007671415 0.03311085 -0.02951622 0.005445778 0.03390306 -0.02954137 0.005408048 0.03381502 -0.02959167 0.005382895 0.03372699 -0.03091198 0.004879951 0.03196662 -0.03091198 0.002817809 0.0324319 -0.03091198 7.05414e-4 0.03264564 -0.03096222 -0.001406967 0.0325073 -0.03098738 -0.003469109 0.03211754 -0.03099995 -0.005455851 0.03147625 -0.03099995 -0.005455851 0.03147625 -0.03098738 -0.005493521 0.03157687 -0.03099995 -0.007392227 0.03069669 -0.03099995 -0.007392227 0.03069669 -0.03099995 -0.003695487 0.02153021 -0.03099995 -0.001909971 0.02227205 -0.03099995 1.2666e-6 0.02252358 -0.03099995 0.001912474 0.02227205 -0.03099995 0.003697991 0.02153021 -0.03099995 0.005232036 0.02036082 -0.03099995 0.006413996 0.01882678 -0.03099995 0.007143259 0.01704126 -0.03099995 0.007394731 0.01513004 -0.03099995 0.007143259 0.01320624 -0.03099995 0.006413996 0.01142072 -0.03099995 0.005232036 0.009886682 -0.03099995 0.003697991 0.008717298 -0.03099995 0.001912474 0.007975399 -0.03099995 1.2666e-6 0.007723927 -0.03099995 -0.001909971 0.007975399 -0.03099995 -0.003695487 0.008717298 -0.03099995 -0.005229473 0.009886682 -0.03099995 -0.01194399 0.002694368 -0.03099995 -0.01194399 0.002694368 -0.03098738 -0.01201945 0.002618908 -0.03096222 -0.01208233 0.002543449 -0.03091198 -0.01214522 0.002480566 -0.02959167 -0.01164221 -3.61115e-4 -0.02954137 -0.009730994 -0.001731634 -0.02951622 -0.007668852 -0.002863287 -0.02950364 -0.005468428 -0.003756046 -0.02950364 -0.005468428 -0.003756046 -0.02950364 -0.003154754 -0.004284203 -0.02950364 -0.003154754 -0.004284203 -0.02950364 -0.002777576 -0.01597803 -0.02950364 -0.002777576 -0.01597803 -0.02947854 -0.002790153 -0.01610374 -0.02947854 0.001396954 -0.01619178 -0.02944082 0.001396954 -0.01630491 -0.02936536 0.00140953 -0.01641809 -0.02936536 0.005596697 -0.0159403 -0.02936536 0.009683251 -0.01492178 -0.02926474 0.009708404 -0.01499724 -0.02926474 0.01021134 -0.01479607 -0.02926474 0.01021134 -0.01479607 -0.02568119 0.01649832 -0.01446914 -0.02568119 0.01649832 -0.01446914 -0.02568119 0.02644437 -0.02128422 -0.02568119 0.02644437 -0.02128422 -0.02559316 0.02516186 -0.02217698 -0.02559316 0.02516186 -0.02217698 -0.02559316 0.02249616 -0.02384936 -0.02559316 0.02249616 -0.02384936 -0.02559316 0.02042144 -0.02495586 -0.02559316 0.02042144 -0.02495586 -0.02554285 0.01978015 -0.02542108 -0.02554285 0.01690071 -0.02670365 -0.02554285 0.01393324 -0.02777242 -0.02554285 0.01091545 -0.02864003 -0.01900434 0.01744139 -0.03856092 -0.01900434 0.01744139 -0.03856092 -0.01900434 0.00979638 -0.04045963 -0.01900434 0.00979638 -0.04045963 -0.01900434 0.001975357 -0.0412895 -0.01900434 0.001975357 -0.0412895 -0.01900434 1.2666e-6 -0.06873857 -0.01900434 -0.005895912 -0.04101288 -0.01900434 -0.005895912 -0.04101288 -0.01900434 -0.01311337 -0.06770747 -0.01900434 -0.01311337 -0.06770747 -0.01900434 -0.01957643 -0.06641238 -0.01900434 -0.01957643 -0.06641238 -0.01880317 -0.02651727 -0.06648778 -0.01880317 -0.03284204 -0.06414902 -0.01823735 -0.03980803 -0.06300479 -0.01731944 -0.04672372 -0.06111872 -0.01731944 -0.05255806 -0.05720818 -0.01731944 -0.05806547 -0.05287015 -0.01731944 -0.06322085 -0.04810458 -0.01607459 -0.0651195 -0.04828065 -0.01607459 -0.0651195 -0.04828065 -0.01607459 -0.06914317 -0.04393005 -0.01607459 -0.06914317 -0.04393005 -0.01607459 -0.07146936 -0.04098773 -0.01607459 -0.07146936 -0.04098773 -0.01607459 -0.07356923 -0.03832203 -0.01607459 -0.07356923 -0.03832203 -0.006933331 -0.08203154 -0.04219484 -0.006933331 -0.08203154 -0.04219484 -0.006933331 -0.08478528 -0.03791964 -0.006933331 -0.08478528 -0.03791964 -0.006933331 -0.08604264 -0.03597068 -0.005411863 -0.08711147 -0.03661197 -0.003689229 -0.09152495 -0.0304507 -0.003689229 -0.09463071 -0.02356016 -0.003689229 -0.09723353 -0.0164684 -0.003689229 -0.09930825 -0.009200632 -0.0018031 -0.101383 -0.001895129 -0.0018031 -0.1023637 0.005636632 -0.0018031 -0.1027913 0.01321876 -0.0018031 -0.1026529 0.02082604 -0.0018031 -0.1019488 0.02838301 -0.0018031 -0.1006914 0.03587716 -0.0018031 -0.0988807 0.04325807 -0.0018031 -0.09652936 0.05048817 -0.0018031 -0.0936625 0.05751705 -0.0018031 -0.09026753 0.06431955 -0.0018031 -0.08639472 0.07084548 -0.0018031 -0.08204412 0.07708221 -0.0018031 -0.07724088 0.0829668 -0.0018031 -0.07202261 0.08848685 -0.0018031 -0.06640207 0.09360444 -0.003689229 -0.06603741 0.0931769 -0.005411863 -0.06544643 0.09247279 -0.005411863 -0.05954921 0.09708744 -0.005411863 -0.05333763 0.101262 -0.005411863 -0.04682433 0.1049714 -0.006933331 -0.04132944 0.1062036 -0.006933331 -0.04132944 0.1062036 -0.006933331 -0.03956913 0.1070335 -0.006933331 -0.03267854 0.1097118 -0.006933331 -0.03142112 0.110089 -0.006933331 -0.03142112 0.110089 -0.01607459 -0.02810162 0.1016015 -0.01607459 -0.0212236 0.1035379 -0.01607459 -0.01921176 0.1039403 -0.01607459 -0.01921176 0.1039403 -0.01731944 -0.01399356 0.1034373 -0.01731944 -0.007014989 0.1042672 -0.01823735 -0.006876707 0.102532 -0.01823735 1.2666e-6 0.1028086 -0.01823735 0.00687921 0.102532 -0.01823735 0.01371949 0.1017273 -0.01823735 0.02047175 0.1003819 -0.01823735 0.02709823 0.09852087 -0.01823735 0.03356128 0.0961318 -0.01823735 0.03981053 0.09325236 -0.01823735 0.04582095 0.08988255 -0.01880317 0.04484015 0.08828562 -0.01880317 0.0504356 0.08453857 -0.01900434 0.04929137 0.0829668 -0.01900434 0.04929137 0.0829668 -0.01900434 0.03776097 0.05706435 -0.01900434 0.03776097 0.05706435 -0.02554285 0.03244221 0.04646444 -0.02554285 0.0345546 0.04411309 -0.02559316 0.03446662 0.04405027 -0.02559316 0.03446662 0.04405027 -0.02559316 0.036403 0.04157316 -0.02559316 0.036403 0.04157316 -0.02559316 0.03816336 0.03897035 -0.02559316 0.03816336 0.03897035 -0.02559316 0.03973513 0.03625434 -0.02559316 0.03973513 0.03625434 -0.02568119 0.04009974 0.03555023 -0.02568119 0.04009974 0.03555023 -0.02568119 0.03154945 0.02750289 -0.02568119 0.03154945 0.02750289 -0.02926474 0.02941185 0.02666038 -0.02926474 0.02941185 0.02666038 -0.02926474 0.02807903 0.02971589 -0.02926474 0.02807903 0.02971589 -0.02926474 0.02685934 0.03172773 -0.02926474 0.02685934 0.03172773 -0.02936536 0.02582824 0.03327435 -0.02944082 0.02309972 0.0364933 -0.02947854 0.01996874 0.0392847 -0.02947854 0.01657378 0.04173666 -0.02950364 0.01282674 0.043585 -0.02950364 0.01282674 0.043585 -0.02950364 0.008916199 0.04504358 -0.02950364 0.008916199 0.04504358 -0.02950364 0.005470931 0.03400361 -0.02950364 0.005470931 0.03400361 -0.02950364 0.003157317 0.03453171 -0.02950364 0.003157317 0.03453171 -0.02951622 0.003132164 0.03443115 -0.02954137 0.003119587 0.03433054 -0.02959167 0.003107011 0.03424251 -0.02959167 7.80858e-4 0.03448146 -0.02959167 -0.001557886 0.03443115 -0.03091198 -0.001406967 0.03259533 -0.03096222 -0.003494262 0.03221809 -0.03096222 -0.005518674 0.03166484 -0.03098738 -0.007429957 0.03079724 -0.03099995 -0.009215474 0.02969074 -0.03099995 -0.009215474 0.02969074 -0.03099995 -0.01090037 0.02848362 -0.03099995 -0.01090037 0.02848362 -0.03099995 -0.005229473 0.02036082 -0.03099995 -0.01243442 0.02706277 -0.03099995 -0.01243442 0.02706277 -0.03099995 -0.01377981 0.02547842 -0.03099995 -0.01377981 0.02547842 -0.03099995 -0.006411433 0.01882678 -0.03099995 -0.01492404 0.02374321 -0.03099995 -0.01492404 0.02374321 -0.03099995 -0.01585453 0.02188229 -0.03099995 -0.01585453 0.02188229 -0.03099995 -0.007153332 0.01704126 -0.03099995 -0.01655864 0.01992076 -0.03099995 -0.01655864 0.01992076 -0.03099995 -0.01701134 0.01788371 -0.03099995 -0.01701134 0.01788371 -0.03099995 -0.007404804 0.01513004 -0.03099995 -0.01722508 0.01582163 -0.03099995 -0.01722508 0.01582163 -0.03099995 -0.01718735 0.01373434 -0.03099995 -0.01718735 0.01373434 -0.03099995 -0.007153332 0.01320624 -0.03099995 -0.01688557 0.01167219 -0.03099995 -0.01688557 0.01167219 -0.03099995 -0.01635748 0.009660363 -0.03099995 -0.01635748 0.009660363 -0.03099995 -0.006411433 0.01142072 -0.03099995 -0.01557791 0.007736504 -0.03099995 -0.01557791 0.007736504 -0.03099995 -0.01457196 0.005913317 -0.03099995 -0.01457196 0.005913317 -0.03099995 -0.01335227 0.004215776 -0.03099995 -0.01335227 0.004215776 -0.03098738 -0.01342773 0.004152953 -0.03096222 -0.01351577 0.00409007 -0.03091198 -0.01357865 0.004039764 -0.02959167 -0.01341515 0.001160323 -0.02954137 -0.01169252 -4.36559e-4 -0.02951622 -0.009781301 -0.00181967 -0.02950364 -0.007706582 -0.0029639 -0.02950364 -0.007706582 -0.0029639 -0.02950364 -0.00690186 -0.01532417 -0.02950364 -0.00690186 -0.01532417 -0.02947854 -0.006927013 -0.01544988 -0.02944082 -0.006952106 -0.01556307 -0.02944082 -0.002802729 -0.01621693 -0.02936536 -0.002815306 -0.01631748 -0.02926474 -0.002815306 -0.01639294 -0.02926474 -0.002815306 -0.01639294 -0.02926474 -9.41783e-4 -0.01644325 -0.02926474 -9.41783e-4 -0.01644325 -0.02926474 0.00140953 -0.01649355 -0.02926474 0.00140953 -0.01649355 -0.02926474 0.004716515 -0.01611632 -0.02926474 0.004716515 -0.01611632 -0.02926474 0.005609273 -0.0160157 -0.02568119 0.01095318 -0.01694619 -0.02568119 0.01095318 -0.01694619 -0.02568119 0.02043402 -0.02496844 -0.02568119 0.02043402 -0.02496844 -0.02559316 0.01972985 -0.02532047 -0.02559316 0.01972985 -0.02532047 -0.02559316 0.01686298 -0.02660304 -0.02559316 0.01686298 -0.02660304 -0.02559316 0.01390808 -0.02767181 -0.02559316 0.01390808 -0.02767181 -0.02559316 0.01089036 -0.02853941 -0.02559316 0.01089036 -0.02853941 -0.02554285 0.007834851 -0.02929389 -0.02554285 0.004716515 -0.02973395 -0.02554285 0.001572966 -0.02996033 -0.02554285 -0.001570463 -0.02996033 -0.02554285 -0.004713952 -0.02973395 -0.02554285 -0.007832288 -0.02929389 -0.02554285 -0.01091295 -0.02864003 -0.02554285 -0.01689815 -0.02670365 -0.02554285 -0.01394325 -0.02777242 -0.01900434 -0.01365405 -0.03964227 -0.01900434 -0.01365405 -0.03964227 -0.01900434 -0.02591371 -0.06462687 -0.01900434 -0.02591371 -0.06462687 -0.01900434 -0.03208756 -0.06235092 -0.01900434 -0.03208756 -0.06235092 -0.01880317 -0.038953 -0.06133246 -0.01823735 -0.04581838 -0.05963498 -0.01823735 -0.05153954 -0.05581247 -0.01823735 -0.05694639 -0.05154991 -0.01823735 -0.06200116 -0.04688495 -0.01731944 -0.06798636 -0.04294925 -0.01731944 -0.07233697 -0.03742927 -0.01607459 -0.07706481 -0.03309124 -0.01607459 -0.07706481 -0.03309124 -0.01607459 -0.07753008 -0.03238707 -0.01607459 -0.08101308 -0.02616298 -0.006933331 -0.08957594 -0.02948248 -0.005411863 -0.09069502 -0.03003573 -0.005411863 -0.09377568 -0.02322065 -0.005411863 -0.09635335 -0.0161792 -0.005411863 -0.09840291 -0.00898683 -0.003689229 -0.1008297 -0.001807093 -0.003689229 -0.1017979 0.005686938 -0.003689229 -0.1022254 0.01323133 -0.003689229 -0.1020871 0.02078837 -0.003689229 -0.101383 0.02830761 -0.003689229 -0.1001381 0.03576397 -0.003689229 -0.09834003 0.04310721 -0.003689229 -0.09600126 0.05028694 -0.003689229 -0.09314697 0.05727809 -0.003689229 -0.08977717 0.06404292 -0.003689229 -0.08591693 0.0705437 -0.003689229 -0.08159148 0.07673013 -0.003689229 -0.07681334 0.08258962 -0.003689229 -0.07162028 0.08808445 -0.005411863 -0.07097899 0.08741801 -0.006933331 -0.0678355 0.08859997 -0.006933331 -0.0678355 0.08859997 -0.006933331 -0.06464171 0.09151715 -0.006933331 -0.06464171 0.09151715 -0.006933331 -0.0596624 0.09542769 -0.006933331 -0.0596624 0.09542769 -0.006933331 -0.05881989 0.09608155 -0.006933331 -0.05268383 0.1002058 -0.006933331 -0.05077254 0.1012871 -0.006933331 -0.05077254 0.1012871 -0.006933331 -0.0462585 0.1038649 -0.006933331 -0.0462585 0.1038649 -0.01607459 -0.03754466 0.09786701 -0.01607459 -0.03754466 0.09786701 -0.01607459 -0.03479099 0.099137 -0.01607459 -0.03479099 0.099137 -0.01607459 -0.02855426 0.1014381 -0.01607459 -0.02855426 0.1014381 -0.01731944 -0.02763634 0.1001555 -0.01731944 -0.02087157 0.1020668 -0.01823735 -0.02046918 0.1003819 -0.01823735 -0.01371693 0.1017273 -0.01880317 -0.01342773 0.09987884 -0.01880317 -0.006738364 0.1006711 -0.01880317 1.2666e-6 0.1009351 -0.01880317 0.006728351 0.1006711 -0.01880317 0.01341772 0.09987884 -0.01880317 0.02003163 0.0985586 -0.01880317 0.02651983 0.09673535 -0.01880317 0.03283196 0.09439659 -0.01880317 0.0389555 0.09158003 -0.01900434 0.03807532 0.08984482 -0.01900434 0.03807532 0.08984482 -0.01900434 0.04382169 0.08662587 -0.01900434 0.04382169 0.08662587 -0.01900434 0.03156203 0.0619179 -0.01900434 0.03156203 0.0619179 -0.02554285 0.02777725 0.05066418 -0.02554285 0.03017884 0.04863977 -0.02559316 0.03011602 0.04856431 -0.02559316 0.03011602 0.04856431 -0.02559316 0.03180092 0.04692971 -0.02559316 0.03180092 0.04692971 -0.02559316 0.03236675 0.04638904 -0.02559316 0.03236675 0.04638904 -0.02568119 0.036403 0.04157316 -0.02568119 0.036403 0.04157316 -0.02568119 0.02883344 0.03293484 -0.02568119 0.02883344 0.03293484 -0.02926474 0.02589112 0.03332465 -0.02926474 0.02589112 0.03332465 -0.02926474 0.02350205 0.03627949 -0.02926474 0.02350205 0.03627949 -0.02936536 0.02317512 0.03655612 -0.02944082 0.0200442 0.03937274 -0.02944082 0.01663666 0.04183721 -0.02947854 0.01287704 0.04371076 -0.02947854 0.008953928 0.04516935 -0.02950364 0.004854798 0.04596149 -0.02950364 0.004854798 0.04596149 -0.02950364 6.92837e-4 0.04633873 -0.02950364 6.92837e-4 0.04633873 -0.02950364 7.93435e-4 0.03477066 -0.02950364 7.93435e-4 0.03477066 -0.02951622 7.93435e-4 0.03467005 -0.02954137 7.80858e-4 0.03456944 -0.02954137 -0.001570463 0.03451913 -0.02954137 -0.003896653 0.03419226 -0.02959167 -0.0038715 0.03410422 -0.03091198 -0.003506839 0.03230613 -0.03091198 -0.005556404 0.03175288 -0.03096222 -0.007480263 0.03088527 -0.03098738 -0.00926572 0.02977877 -0.03098738 -0.01096326 0.02855908 -0.03098738 -0.01250982 0.02713823 -0.03098738 -0.01386785 0.0255413 -0.03098738 -0.01502466 0.02379351 -0.03098738 -0.01595515 0.02192002 -0.03098738 -0.01665925 0.01994585 -0.03098738 -0.01711195 0.01790887 -0.03098738 -0.01732569 0.01582163 -0.03098738 -0.01728796 0.01373434 -0.03098738 -0.01698619 0.01165962 -0.03098738 -0.01644551 0.00963521 -0.03098738 -0.01566594 0.007686197 -0.03098738 -0.01466 0.005850434 -0.03096222 -0.01473546 0.005800127 -0.03091198 -0.01481086 0.005749821 -0.02959167 -0.0149995 0.00287038 -0.02954137 -0.01347804 0.001084864 -0.02951622 -0.01174283 -5.12004e-4 -0.02950364 -0.009831607 -0.001907706 -0.02950364 -0.009831607 -0.001907706 -0.02950364 -0.01090037 -0.01414221 -0.02950364 -0.01090037 -0.01414221 -0.02947854 -0.0109381 -0.01425534 -0.02944082 -0.01097583 -0.01436853 -0.02936536 -0.0110135 -0.01445657 -0.02936536 -0.00697726 -0.01566368 -0.02926474 -0.006989836 -0.01573908 -0.02926474 -0.006574928 -0.01580196 -0.02926474 -0.006574928 -0.01580196 -0.02568119 -0.001017212 -0.01874428 -0.02568119 -0.001017212 -0.01874428 -0.02568119 0.005056023 -0.0183922 -0.02568119 0.005056023 -0.0183922 -0.02568119 0.01390808 -0.02767181 -0.02568119 0.01390808 -0.02767181 -0.02559316 0.007809698 -0.02919328 -0.02559316 0.007809698 -0.02919328 -0.02559316 0.007042706 -0.02930647 -0.02559316 0.007042706 -0.02930647 -0.02559316 0.004703938 -0.0296334 -0.02559316 0.004703938 -0.0296334 -0.02559316 0.001572966 -0.02984714 -0.02559316 0.001572966 -0.02984714 -0.02559316 1.2666e-6 -0.02984714 -0.02559316 1.2666e-6 -0.02984714 -0.02559316 -0.001570463 -0.02984714 -0.02559316 -0.001570463 -0.02984714 -0.02559316 -0.004701375 -0.0296334 -0.02559316 -0.004701375 -0.0296334 -0.02559316 -0.007040143 -0.02930647 -0.02559316 -0.007040143 -0.02930647 -0.02559316 -0.007819712 -0.02919328 -0.02559316 -0.007819712 -0.02919328 -0.02559316 -0.0108878 -0.02853941 -0.02559316 -0.0108878 -0.02853941 -0.02559316 -0.01390558 -0.02767181 -0.02559316 -0.01390558 -0.02767181 -0.02559316 -0.01686042 -0.02660304 -0.02559316 -0.01686042 -0.02660304 -0.02554285 -0.01977759 -0.02542108 -0.01900434 -0.0211482 -0.03720295 -0.01900434 -0.0211482 -0.03720295 -0.01900434 -0.03807282 -0.05959725 -0.01900434 -0.03807282 -0.05959725 -0.01880317 -0.04483759 -0.05803805 -0.01880317 -0.05043303 -0.054291 -0.01880317 -0.0557267 -0.05012899 -0.01880317 -0.06068086 -0.04555207 -0.01823735 -0.0666787 -0.0418176 -0.01823735 -0.07094126 -0.03641074 -0.01731944 -0.07623493 -0.03159493 -0.01731944 -0.07966762 -0.02547138 -0.01607459 -0.08172976 -0.02461636 -0.01607459 -0.08172976 -0.02461636 -0.006933331 -0.08996576 -0.02862745 -0.006933331 -0.08996576 -0.02862745 -0.006933331 -0.09263145 -0.0227428 -0.006933331 -0.09263145 -0.0227428 -0.006933331 -0.09407746 -0.01880717 -0.006933331 -0.09407746 -0.01880717 -0.006933331 -0.09517139 -0.01580196 -0.006933331 -0.0971958 -0.008685111 -0.006933331 -0.09720838 -0.008622229 -0.006933331 -0.09720838 -0.008622229 -0.006933331 -0.09869211 -0.001442432 -0.006933331 -0.09869211 -0.001442432 -0.005411863 -0.0999118 -0.001643657 -0.005411863 -0.10088 0.005774974 -0.005411863 -0.1012949 0.01325649 -0.005411863 -0.1011566 0.02073806 -0.005411863 -0.1004651 0.02819442 -0.005411863 -0.09923279 0.03557538 -0.005411863 -0.09744727 0.04285573 -0.005411863 -0.09513366 0.04997259 -0.005411863 -0.09230452 0.05690091 -0.005411863 -0.08895981 0.06360286 -0.005411863 -0.0851373 0.07004076 -0.005411863 -0.08084958 0.07617688 -0.005411863 -0.07612174 0.08198606 -0.006933331 -0.07519131 0.08116877 -0.006933331 -0.07009881 0.08653783 -0.01607459 -0.0616365 0.08188545 -0.01607459 -0.0616365 0.08188545 -0.01607459 -0.05905884 0.08426195 -0.01607459 -0.05905884 0.08426195 -0.01607459 -0.05420523 0.08808445 -0.01607459 -0.05420523 0.08808445 -0.01607459 -0.05345082 0.08868801 -0.01607459 -0.04751586 0.0926488 -0.01607459 -0.04613274 0.09341585 -0.01607459 -0.04613274 0.09341585 -0.01607459 -0.04127919 0.09614437 -0.01607459 -0.04127919 0.09614437 -0.01731944 -0.03421258 0.09772872 -0.01823735 -0.03355872 0.0961318 -0.01823735 -0.02709567 0.09852087 -0.01880317 -0.02651727 0.09673535 -0.01880317 -0.02002912 0.0985586 -0.01900434 -0.01957643 0.09665995 -0.01900434 -0.01957643 0.09665995 -0.01900434 -0.01311337 0.09795504 -0.01900434 -0.01311337 0.09795504 -0.01900434 -0.006574928 0.09872204 -0.01900434 -0.006574928 0.09872204 -0.01900434 1.2666e-6 0.09898614 -0.01900434 1.2666e-6 0.09898614 -0.01900434 0.006577432 0.09872204 -0.01900434 0.006577432 0.09872204 -0.01900434 0.01311594 0.09795504 -0.01900434 0.01311594 0.09795504 -0.01900434 0.01957899 0.09665995 -0.01900434 0.01957899 0.09665995 -0.01900434 0.02591627 0.09487444 -0.01900434 0.02591627 0.09487444 -0.01900434 0.03209012 0.09259849 -0.01900434 0.03209012 0.09259849 -0.01900434 0.02474689 0.06585359 -0.01900434 0.02474689 0.06585359 -0.02554285 0.02255898 0.05418491 -0.02554285 0.02522468 0.05252516 -0.02559316 0.02516186 0.05242455 -0.02559316 0.02516186 0.05242455 -0.02559316 0.02643179 0.05150663 -0.02559316 0.02643179 0.05150663 -0.02559316 0.02770179 0.05058872 -0.02559316 0.02770179 0.05058872 -0.02568119 0.03182607 0.04694229 -0.02568119 0.03182607 0.04694229 -0.02568119 0.02518695 0.03780096 -0.02568119 0.02518695 0.03780096 -0.02926474 0.023238 0.03660643 -0.02926474 0.02015739 0.03951102 -0.02936536 0.02010709 0.03946071 -0.02936536 0.01668697 0.04191267 -0.02944082 0.01292735 0.04381138 -0.02944082 0.008991658 0.04528248 -0.02947854 0.004867374 0.04608726 -0.02947854 6.92837e-4 0.04646444 -0.02950364 -0.003469109 0.04615008 -0.02950364 -0.003469109 0.04615008 -0.02950364 -0.001583039 0.03472036 -0.02950364 -0.001583039 0.03472036 -0.02951622 -0.001570463 0.03461974 -0.02951622 -0.00390923 0.03428024 -0.02951622 -0.00619769 0.03367668 -0.02954137 -0.006159961 0.03357613 -0.02959167 -0.006134808 0.03350067 -0.02959167 -0.008297562 0.03262048 -0.03091198 -0.007517933 0.03096073 -0.03096222 -0.009316027 0.02986675 -0.03096222 -0.01102608 0.02863454 -0.03096222 -0.0125727 0.02720111 -0.03096222 -0.01394325 0.02560418 -0.03096222 -0.01510006 0.02384382 -0.03096222 -0.01604312 0.02195775 -0.03096222 -0.01674729 0.01997101 -0.03096222 -0.01721251 0.01792144 -0.03096222 -0.01742631 0.01582163 -0.03096222 -0.01738858 0.01372176 -0.03096222 -0.0170868 0.01163446 -0.03096222 -0.01654613 0.00959748 -0.03096222 -0.01575392 0.007648527 -0.03091198 -0.01584196 0.007610797 -0.02959167 -0.01637005 0.004769027 -0.02954137 -0.01507496 0.002820074 -0.02951622 -0.0135535 0.001021981 -0.02950364 -0.01180571 -5.87448e-4 -0.02950364 -0.01180571 -5.87448e-4 -0.02950364 -0.01469773 -0.01241958 -0.02950364 -0.01469773 -0.01241958 -0.02947854 -0.01476061 -0.01253271 -0.02944082 -0.01481086 -0.01263332 -0.02936536 -0.01486116 -0.01272135 -0.02926474 -0.01198172 -0.01411706 -0.02926474 -0.01198172 -0.01411706 -0.02926474 -0.01103866 -0.01453197 -0.02568119 -0.007040143 -0.01802754 -0.02568119 -0.007040143 -0.01802754 -0.02568119 1.2666e-6 -0.02987229 -0.02568119 0.007042706 -0.02931904 -0.02568119 0.007042706 -0.02931904 -0.02568119 1.2666e-6 -0.02987229 -0.02568119 -0.007040143 -0.02931904 -0.02568119 -0.007040143 -0.02931904 -0.02568119 -0.01390558 -0.02767181 -0.02568119 -0.01390558 -0.02767181 -0.02559316 -0.01972734 -0.02532047 -0.02559316 -0.01972734 -0.02532047 -0.02559316 -0.02041888 -0.02495586 -0.02559316 -0.02041888 -0.02495586 -0.02554285 -0.02255648 -0.02393734 -0.02554285 -0.02522218 -0.02227759 -0.01900434 -0.02821475 -0.03375768 -0.01900434 -0.02821475 -0.03375768 -0.01900434 -0.04381912 -0.0563783 -0.01900434 -0.04381912 -0.0563783 -0.01900434 -0.0492888 -0.05271929 -0.01900434 -0.0492888 -0.05271929 -0.01900434 -0.05445671 -0.04864531 -0.01900434 -0.05445671 -0.04864531 -0.01900434 -0.05929774 -0.04416894 -0.01900434 -0.05929774 -0.04416894 -0.01880317 -0.06524527 -0.04061049 -0.01880317 -0.0694198 -0.03531682 -0.01823735 -0.07476377 -0.03068959 -0.01823735 -0.07813364 -0.02467924 -0.01731944 -0.08260995 -0.01909637 -0.01607459 -0.08400565 -0.01967477 -0.01607459 -0.08400565 -0.01967477 -0.01607459 -0.08547681 -0.01570135 -0.01607459 -0.08547681 -0.01570135 -0.01607459 -0.08648276 -0.01297283 -0.01607459 -0.08648276 -0.01297283 -0.01607459 -0.08831858 -0.006446897 -0.01607459 -0.08831858 -0.006446897 -0.01607459 -0.08841913 -0.006107389 -0.01607459 -0.08981484 8.9629e-4 -0.01607459 -0.09006637 0.003058969 -0.01607459 -0.09006637 0.003058969 -0.006933331 -0.09911966 0.001851856 -0.006933331 -0.09911966 0.001851856 -0.006933331 -0.09964776 0.005888164 -0.006933331 -0.09964776 0.005888164 -0.006933331 -0.1000124 0.01246434 -0.006933331 -0.1000124 0.01246434 -0.006933331 -0.1000501 0.01326906 -0.006933331 -0.0999118 0.0206626 -0.006933331 -0.09969806 0.02310198 -0.006933331 -0.09969806 0.02310198 -0.006933331 -0.09923279 0.02803099 -0.006933331 -0.09923279 0.02803099 -0.006933331 -0.09828972 0.03365153 -0.006933331 -0.09828972 0.03365153 -0.006933331 -0.0980131 0.03532391 -0.006933331 -0.09625273 0.04250365 -0.006933331 -0.09576237 0.04399996 -0.006933331 -0.09576237 0.04399996 -0.006933331 -0.09396427 0.0495451 -0.006933331 -0.09396427 0.0495451 -0.006933331 -0.09214103 0.0540089 -0.006933331 -0.09214103 0.0540089 -0.006933331 -0.09117287 0.05638533 -0.006933331 -0.08786588 0.06301188 -0.006933331 -0.0875138 0.06360286 -0.006933331 -0.0875138 0.06360286 -0.006933331 -0.08409368 0.06936174 -0.006933331 -0.08409368 0.06936174 -0.006933331 -0.08183038 0.07260584 -0.006933331 -0.08183038 0.07260584 -0.006933331 -0.07985627 0.07543498 -0.006933331 -0.07985627 0.07543498 -0.006933331 -0.07530444 0.08101785 -0.006933331 -0.07530444 0.08101785 -0.01607459 -0.06840133 0.07498234 -0.01607459 -0.06840133 0.07498234 -0.01607459 -0.0643022 0.07942098 -0.01607459 -0.0643022 0.07942098 -0.01731944 -0.05806547 0.08311772 -0.01731944 -0.05255806 0.08745574 -0.01731944 -0.04672372 0.09136629 -0.01731944 -0.0405876 0.0947864 -0.01823735 -0.03980803 0.09325236 -0.01880317 -0.038953 0.09158003 -0.01880317 -0.03284204 0.09439659 -0.01900434 -0.03208756 0.09259849 -0.01900434 -0.03208756 0.09259849 -0.01900434 -0.02591371 0.09487444 -0.01900434 -0.02591371 0.09487444 -0.01900434 -0.01365405 0.06988984 -0.01900434 -0.01365405 0.06988984 -0.01900434 -0.005895912 0.07126045 -0.01900434 -0.005895912 0.07126045 -0.01900434 1.2666e-6 0.07156223 -0.01900434 0.001975357 0.07153707 -0.01900434 0.001975357 0.07153707 -0.01900434 0.00979638 0.0707072 -0.01900434 0.00979638 0.0707072 -0.01900434 0.01744139 0.06880849 -0.01900434 0.01744139 0.06880849 -0.02554285 0.01393324 0.05801999 -0.02554285 0.01690071 0.05695116 -0.02554285 0.01978015 0.05566865 -0.02559316 0.02042144 0.05520337 -0.02559316 0.02042144 0.05520337 -0.02559316 0.02249616 0.05409687 -0.02559316 0.02249616 0.05409687 -0.02568119 0.02644437 0.05153179 -0.02568119 0.02644437 0.05153179 -0.02568119 0.0207358 0.04193782 -0.02568119 0.0207358 0.04193782 -0.02926474 0.01932752 0.04011458 -0.02926474 0.01932752 0.04011458 -0.02926474 0.01672464 0.04198813 -0.02926474 0.01672464 0.04198813 -0.02926474 0.01454937 0.04315751 -0.02926474 0.01454937 0.04315751 -0.02936536 0.01296502 0.04389935 -0.02936536 0.009016811 0.04537051 -0.02944082 0.004892528 0.04621297 -0.02944082 7.05414e-4 0.04657763 -0.02947854 -0.003481686 0.04627585 -0.02950364 -0.007580816 0.04540824 -0.02950364 -0.007580816 0.04540824 -0.02950364 -0.003934383 0.03438085 -0.02950364 -0.003934383 0.03438085 -0.02950364 -0.006222844 0.03377729 -0.02950364 -0.006222844 0.03377729 -0.02950364 -0.008423268 0.03288453 -0.02950364 -0.008423268 0.03288453 -0.02951622 -0.008385598 0.0327965 -0.02954137 -0.008347868 0.03270852 -0.02954137 -0.01039743 0.03157687 -0.02959167 -0.01034712 0.03148883 -0.03091198 -0.009366333 0.02994221 -0.03091198 -0.01108896 0.02869737 -0.03091198 -0.01264816 0.02726393 -0.03091198 -0.01401871 0.02565449 -0.03091198 -0.01517552 0.02389413 -0.03091198 -0.01613116 0.02199542 -0.03091198 -0.01683533 0.01999616 -0.03091198 -0.01730054 0.01793402 -0.03091198 -0.01751428 0.01583421 -0.03091198 -0.01747655 0.01370918 -0.03091198 -0.01717478 0.01162189 -0.03091198 -0.0166341 0.009572327 -0.02959167 -0.01750171 0.006818592 -0.02954137 -0.01644551 0.00471878 -0.02951622 -0.01515036 0.002757191 -0.02950364 -0.01361638 9.46581e-4 -0.02950364 -0.01361638 9.46581e-4 -0.02950364 -0.01824361 -0.01021909 -0.02950364 -0.01824361 -0.01021909 -0.02947854 -0.01830643 -0.0103197 -0.02944082 -0.01838189 -0.01042032 -0.02936536 -0.01844477 -0.01049572 -0.02926474 -0.0184825 -0.0105586 -0.02926474 -0.0184825 -0.0105586 -0.02926474 -0.01699876 -0.01148909 -0.02926474 -0.01699876 -0.01148909 -0.02926474 -0.01489889 -0.01279675 -0.02926474 -0.01489889 -0.01279675 -0.02568119 -0.01284933 -0.01622951 -0.02568119 -0.01284933 -0.01622951 -0.02568119 -0.02043145 -0.02496844 -0.02568119 -0.02043145 -0.02496844 -0.02559316 -0.02250617 -0.02384936 -0.02559316 -0.02250617 -0.02384936 -0.02559316 -0.02515929 -0.02217698 -0.02559316 -0.02515929 -0.02217698 -0.02559316 -0.02642929 -0.02125906 -0.02559316 -0.02642929 -0.02125906 -0.02554285 -0.02777469 -0.02041661 -0.02554285 -0.03018891 -0.0183922 -0.01900434 -0.03475326 -0.02935677 -0.01900434 -0.03475326 -0.02935677 -0.01900434 -0.04060018 -0.02408826 -0.01900434 -0.04060018 -0.02408826 -0.01900434 -0.06376153 -0.03934049 -0.01900434 -0.06376153 -0.03934049 -0.01900434 -0.06784808 -0.03417259 -0.01900434 -0.06784808 -0.03417259 -0.01880317 -0.0731669 -0.0297088 -0.01880317 -0.07646125 -0.02383679 -0.01823735 -0.08101308 -0.01842993 -0.01731944 -0.08503675 -0.01250755 -0.01731944 -0.08694797 -0.005755364 -0.01731944 -0.08831858 0.00113517 -0.01731944 -0.08913588 0.008113741 -0.01607459 -0.09064477 0.007987976 -0.01607459 -0.09064477 0.007987976 -0.01607459 -0.09083336 0.01270323 -0.01607459 -0.09083336 0.01270323 -0.01607459 -0.09093397 0.01513004 -0.01607459 -0.09093397 0.01513004 -0.01607459 -0.09064477 0.02225947 -0.01607459 -0.09064477 0.02225947 -0.01607459 -0.0906322 0.02237266 -0.01607459 -0.0906322 0.02237266 -0.01607459 -0.08981484 0.02935123 -0.01607459 -0.08981484 0.02935123 -0.01607459 -0.08928674 0.03195405 -0.01607459 -0.08928674 0.03195405 -0.01607459 -0.08841913 0.03635495 -0.01607459 -0.08841913 0.03635495 -0.01607459 -0.08699828 0.04135942 -0.01607459 -0.08699828 0.04135942 -0.01607459 -0.08648276 0.0432204 -0.01607459 -0.08400565 0.04992234 -0.01607459 -0.08375418 0.05047559 -0.01607459 -0.08375418 0.05047559 -0.01607459 -0.08101308 0.05641049 -0.01607459 -0.08101308 0.05641049 -0.01607459 -0.07947903 0.05915164 -0.01607459 -0.07947903 0.05915164 -0.01607459 -0.07753008 0.06263464 -0.01607459 -0.07753008 0.06263464 -0.01607459 -0.07437396 0.06736248 -0.01607459 -0.07437396 0.06736248 -0.01607459 -0.07356923 0.0685696 -0.01607459 -0.06914317 0.07417762 -0.01731944 -0.06798636 0.07319682 -0.01731944 -0.06322085 0.07835215 -0.01823735 -0.06200116 0.07711994 -0.01823735 -0.05694639 0.08179742 -0.01823735 -0.05153954 0.08606004 -0.01823735 -0.04581838 0.08988255 -0.01880317 -0.04483759 0.08828562 -0.01900434 -0.04381912 0.08662587 -0.01900434 -0.04381912 0.08662587 -0.01900434 -0.03807282 0.08984482 -0.01900434 -0.03807282 0.08984482 -0.01900434 -0.0211482 0.06745052 -0.01900434 -0.0211482 0.06745052 -0.02554285 -0.01394325 0.05801999 -0.02554285 -0.01091295 0.0588876 -0.02554285 -0.007832288 0.05954146 -0.02554285 -0.004713952 0.05998152 -0.02554285 -0.001570463 0.06020784 -0.01900434 1.2666e-6 0.07156223 -0.02554285 0.001572966 0.06020784 -0.02554285 0.004716515 0.05998152 -0.02554285 0.007834851 0.05954146 -0.02554285 0.01091545 0.0588876 -0.02559316 0.01089036 0.05878698 -0.02559316 0.01089036 0.05878698 -0.02559316 0.01390808 0.05791938 -0.02559316 0.01390808 0.05791938 -0.02559316 0.01686298 0.05685061 -0.02559316 0.01686298 0.05685061 -0.02559316 0.01972985 0.05556803 -0.02559316 0.01972985 0.05556803 -0.02568119 0.02043402 0.05521595 -0.02568119 0.02043402 0.05521595 -0.02568119 0.01560556 0.04520708 -0.02568119 0.01560556 0.04520708 -0.02926474 0.01300275 0.04397481 -0.02926474 0.01300275 0.04397481 -0.02926474 0.00931859 0.04534536 -0.02926474 0.00931859 0.04534536 -0.02926474 0.009041965 0.04545855 -0.02926474 0.004917681 0.04638904 -0.02936536 0.004905104 0.04631358 -0.02936536 7.05414e-4 0.04667824 -0.02944082 -0.003494262 0.04638904 -0.02947854 -0.007605969 0.04553401 -0.02950364 -0.01154166 0.04413825 -0.02950364 -0.01154166 0.04413825 -0.02950364 -0.01531386 0.04234021 -0.02950364 -0.01531386 0.04234021 -0.02950364 -0.01051056 0.0317403 -0.02950364 -0.01051056 0.0317403 -0.02951622 -0.01044768 0.03165227 -0.02951622 -0.01237154 0.03026914 -0.02954137 -0.01230865 0.03019368 -0.02959167 -0.01224577 0.0301308 -0.02959167 -0.0139684 0.02854651 -0.02959167 -0.01548987 0.02676099 -0.02959167 -0.01677244 0.02481204 -0.02959167 -0.01781606 0.02271217 -0.02959167 -0.01860821 0.02051168 -0.02959167 -0.01912379 0.0182358 -0.02959167 -0.01935011 0.01590961 -0.02959167 -0.01931238 0.01357084 -0.02959167 -0.01897287 0.01124465 -0.02959167 -0.01836931 0.008993923 -0.02954137 -0.01757717 0.006780922 -0.02951622 -0.01653355 0.004668474 -0.02950364 -0.01522582 0.002694368 -0.02950364 -0.01522582 0.002694368 -0.02950364 -0.02144998 -0.007565975 -0.02950364 -0.02144998 -0.007565975 -0.02947854 -0.02153795 -0.007654011 -0.02944082 -0.02162599 -0.007742047 -0.02936536 -0.02168887 -0.00780493 -0.02926474 -0.02175176 -0.007867753 -0.02926474 -0.0215128 -0.008056402 -0.02926474 -0.0215128 -0.008056402 -0.02568119 -0.01824361 -0.01343804 -0.02568119 -0.01824361 -0.01343804 -0.02568119 -0.02645438 -0.02128422 -0.02568119 -0.02645438 -0.02128422 -0.02559316 -0.02769923 -0.02034121 -0.02559316 -0.02769923 -0.02034121 -0.02559316 -0.03011345 -0.01831674 -0.02559316 -0.03011345 -0.01831674 -0.02559316 -0.03181093 -0.01668214 -0.02559316 -0.03181093 -0.01668214 -0.02554285 -0.03245222 -0.01621693 -0.02554285 -0.03455209 -0.01386559 -0.02554285 -0.03648847 -0.01138848 -0.02554285 -0.03824883 -0.008785665 -0.01900434 -0.04566752 -0.01805269 -0.01900434 -0.04566752 -0.01805269 -0.01900434 -0.07149451 -0.02869033 -0.01900434 -0.07149451 -0.02869033 -0.01900434 -0.07471346 -0.02294403 -0.01900434 -0.07471346 -0.02294403 -0.01880317 -0.07927787 -0.01771324 -0.01823735 -0.08338952 -0.01196688 -0.01823735 -0.08526307 -0.005340397 -0.01823735 -0.08660846 0.001411795 -0.01823735 -0.08741325 0.008239507 -0.01731944 -0.08941251 0.01513004 -0.01731944 -0.08913588 0.02213376 -0.01731944 -0.08831858 0.02911233 -0.01731944 -0.08694797 0.03600287 -0.01731944 -0.08503675 0.04275512 -0.01731944 -0.08260995 0.04934394 -0.01731944 -0.07966762 0.05571895 -0.01731944 -0.07623493 0.0618425 -0.01731944 -0.07233697 0.06767684 -0.01823735 -0.07094126 0.06665831 -0.01823735 -0.0666787 0.07206517 -0.01880317 -0.06524527 0.07085806 -0.01880317 -0.06068086 0.07579964 -0.01880317 -0.0557267 0.08037656 -0.01880317 -0.05043303 0.08453857 -0.01900434 -0.0492888 0.0829668 -0.01900434 -0.0492888 0.0829668 -0.01900434 -0.02821475 0.06400525 -0.01900434 -0.02821475 0.06400525 -0.02554285 -0.01977759 0.05566865 -0.02554285 -0.01689815 0.05695116 -0.02559316 -0.01686042 0.05685061 -0.02559316 -0.01686042 0.05685061 -0.02559316 -0.01390558 0.05791938 -0.02559316 -0.01390558 0.05791938 -0.02559316 -0.0108878 0.05878698 -0.02559316 -0.0108878 0.05878698 -0.02559316 -0.007819712 0.05944085 -0.02559316 -0.007819712 0.05944085 -0.02559316 -0.007040143 0.05955404 -0.02559316 -0.007040143 0.05955404 -0.02559316 -0.004701375 0.05988091 -0.02559316 -0.004701375 0.05988091 -0.02559316 -0.001570463 0.06009471 -0.02559316 -0.001570463 0.06009471 -0.02559316 1.2666e-6 0.06009471 -0.02559316 1.2666e-6 0.06009471 -0.02559316 0.001572966 0.06009471 -0.02559316 0.001572966 0.06009471 -0.02559316 0.004703938 0.05988091 -0.02559316 0.004703938 0.05988091 -0.02559316 0.007042706 0.05955404 -0.02559316 0.007042706 0.05955404 -0.02559316 0.007809698 0.05944085 -0.02559316 0.007809698 0.05944085 -0.02568119 0.01390808 0.05791938 -0.02568119 0.01390808 0.05791938 -0.02568119 0.009985029 0.04750812 -0.02568119 0.009985029 0.04750812 -0.02568119 0.004050076 0.04876554 -0.02568119 0.004050076 0.04876554 -0.02926474 0.00377345 0.04648959 -0.02926474 0.00377345 0.04648959 -0.02926474 7.05414e-4 0.04676622 -0.02926474 7.05414e-4 0.04676622 -0.02926474 -0.001884818 0.04665309 -0.02926474 -0.001884818 0.04665309 -0.02936536 -0.003506839 0.04648959 -0.02944082 -0.007631123 0.04564714 -0.02947854 -0.01159197 0.04425144 -0.02947854 -0.01537674 0.04244077 -0.02950364 -0.01879686 0.04005169 -0.02950364 -0.01879686 0.04005169 -0.02950364 -0.01243442 0.03035718 -0.02950364 -0.01243442 0.03035718 -0.02950364 -0.0141822 0.02874767 -0.02950364 -0.0141822 0.02874767 -0.02951622 -0.01410675 0.02867221 -0.02954137 -0.01403129 0.02860939 -0.02954137 -0.01555275 0.0268113 -0.02954137 -0.01684784 0.02484977 -0.02954137 -0.0179041 0.0227499 -0.02954137 -0.01869624 0.02053683 -0.02954137 -0.01921176 0.01824837 -0.02954137 -0.01943814 0.01590961 -0.02954137 -0.01940041 0.01355826 -0.02954137 -0.0190609 0.01123207 -0.02954137 -0.01845735 0.008956193 -0.02951622 -0.0176652 0.006743192 -0.02950364 -0.01662153 0.004618167 -0.02950364 -0.01662153 0.004618167 -0.02950364 -0.02429169 -0.004497945 -0.02950364 -0.02429169 -0.004497945 -0.02947854 -0.02437973 -0.004573404 -0.02944082 -0.02448028 -0.004648804 -0.02936536 -0.02455574 -0.004711687 -0.02926474 -0.02527248 -0.003831505 -0.02926474 -0.02527248 -0.003831505 -0.02926474 -0.02461862 -0.004761993 -0.02568119 -0.02304685 -0.009716153 -0.02568119 -0.02304685 -0.009716153 -0.02568119 -0.03182351 -0.01669472 -0.02568119 -0.03182351 -0.01669472 -0.02559316 -0.03236418 -0.01614147 -0.02559316 -0.03236418 -0.01614147 -0.02559316 -0.03447663 -0.0138027 -0.02559316 -0.03447663 -0.0138027 -0.02559316 -0.03640043 -0.01132559 -0.02559316 -0.03640043 -0.01132559 -0.02559316 -0.0381608 -0.008722782 -0.02559316 -0.0381608 -0.008722782 -0.02554285 -0.03983318 -0.006057143 -0.01900434 -0.04982948 -0.0113759 -0.01900434 -0.04982948 -0.0113759 -0.01900434 -0.07747977 -0.01697134 -0.01900434 -0.07747977 -0.01697134 -0.01880317 -0.08160406 -0.01138848 -0.01880317 -0.08343982 -0.004912853 -0.01880317 -0.08474755 0.001700997 -0.01880317 -0.08553969 0.008390367 -0.01823735 -0.08768987 0.01513004 -0.01823735 -0.08741325 0.022008 -0.01823735 -0.08660846 0.02883571 -0.01823735 -0.08526307 0.03558796 -0.01823735 -0.08338952 0.04221445 -0.01823735 -0.08101308 0.0486775 -0.01823735 -0.07813364 0.05492675 -0.01823735 -0.07476377 0.06093716 -0.01880317 -0.0731669 0.05995637 -0.01880317 -0.0694198 0.06556439 -0.01900434 -0.06784808 0.06442016 -0.01900434 -0.06784808 0.06442016 -0.01900434 -0.06376153 0.06958806 -0.01900434 -0.06376153 0.06958806 -0.01900434 -0.05929774 0.07441651 -0.01900434 -0.05929774 0.07441651 -0.01900434 -0.05445671 0.07889282 -0.01900434 -0.05445671 0.07889282 -0.01900434 -0.03475326 0.05960428 -0.01900434 -0.03475326 0.05960428 -0.02554285 -0.02522218 0.05252516 -0.02554285 -0.02255648 0.05418491 -0.02559316 -0.02250617 0.05409687 -0.02559316 -0.02250617 0.05409687 -0.02559316 -0.02041888 0.05520337 -0.02559316 -0.02041888 0.05520337 -0.02559316 -0.01972734 0.05556803 -0.02559316 -0.01972734 0.05556803 -0.02568119 -0.01390558 0.05791938 -0.02568119 -0.01390558 0.05791938 -0.02568119 1.2666e-6 0.06011986 -0.02568119 0.007042706 0.05956655 -0.02568119 0.007042706 0.05956655 -0.02568119 1.2666e-6 0.06011986 -0.02568119 -0.007040143 0.05956655 -0.02568119 -0.007040143 0.05956655 -0.02568119 -0.0020231 0.04895412 -0.02568119 -0.0020231 0.04895412 -0.02926474 -0.003519415 0.04657763 -0.02926474 -0.003519415 0.04657763 -0.02926474 -0.007505416 0.04586088 -0.02926474 -0.007505416 0.04586088 -0.02936536 -0.007656276 0.04574775 -0.02944082 -0.01162964 0.04436463 -0.02944082 -0.01542699 0.04254138 -0.02947854 -0.01887232 0.04015231 -0.02950364 -0.02195292 0.03732317 -0.02950364 -0.02195292 0.03732317 -0.02950364 -0.02471917 0.03420484 -0.02950364 -0.02471917 0.03420484 -0.02950364 -0.01571619 0.026937 -0.02950364 -0.01571619 0.026937 -0.02951622 -0.01564079 0.02687418 -0.02951622 -0.01693588 0.02490001 -0.02951622 -0.01799213 0.02278763 -0.02951622 -0.01878428 0.02056199 -0.02951622 -0.0192998 0.01826095 -0.02951622 -0.0195387 0.01590961 -0.02951622 -0.01948839 0.01354569 -0.02951622 -0.01916152 0.01120692 -0.02951622 -0.01854538 0.00893104 -0.02950364 -0.01776576 0.006692886 -0.02950364 -0.01776576 0.006692886 -0.02950364 -0.02668076 -0.001090407 -0.02950364 -0.02668076 -0.001090407 -0.02947854 -0.02679389 -0.00115323 -0.02944082 -0.0268945 -0.001216113 -0.02936536 -0.02698254 -0.001266419 -0.02926474 -0.0282399 9.9688e-4 -0.02926474 -0.0282399 9.9688e-4 -0.02926474 -0.02704536 -0.001304149 -0.02926474 -0.02704536 -0.001304149 -0.02568119 -0.02712082 -0.005202054 -0.02568119 -0.02712082 -0.005202054 -0.02568119 -0.03640043 -0.01132559 -0.02568119 -0.03640043 -0.01132559 -0.02559316 -0.03973257 -0.006006836 -0.02559316 -0.03973257 -0.006006836 -0.02559316 -0.04007208 -0.005302667 -0.02559316 -0.04007208 -0.005302667 -0.02554285 -0.04120373 -0.003227949 -0.02554285 -0.04238569 -2.98247e-4 -0.01900434 -0.05303585 -0.00418359 -0.01900434 -0.05303585 -0.00418359 -0.01900434 -0.07975566 -0.01078492 -0.01900434 -0.07975566 -0.01078492 -0.01900434 -0.08154118 -0.004447638 -0.01900434 -0.08154118 -0.004447638 -0.01900434 -0.08282369 0.002002775 -0.01900434 -0.08282369 0.002002775 -0.01900434 -0.08360332 0.008541285 -0.01900434 -0.08360332 0.008541285 -0.01880317 -0.08580374 0.01513004 -0.01880317 -0.08553969 0.02185714 -0.01880317 -0.08474755 0.02854651 -0.01880317 -0.08343982 0.03516042 -0.01880317 -0.08160406 0.04163604 -0.01880317 -0.07927787 0.04796075 -0.01880317 -0.07646125 0.0540843 -0.01900434 -0.07471346 0.05319154 -0.01900434 -0.07471346 0.05319154 -0.01900434 -0.07149451 0.0589379 -0.01900434 -0.07149451 0.0589379 -0.01900434 -0.04566752 0.04830026 -0.01900434 -0.04566752 0.04830026 -0.01900434 -0.04060018 0.05433577 -0.01900434 -0.04060018 0.05433577 -0.02554285 -0.03018891 0.04863977 -0.02554285 -0.02777469 0.05066418 -0.02559316 -0.02769923 0.05058872 -0.02559316 -0.02769923 0.05058872 -0.02559316 -0.02642929 0.05150663 -0.02559316 -0.02642929 0.05150663 -0.02559316 -0.02515929 0.05242455 -0.02559316 -0.02515929 0.05242455 -0.02568119 -0.02043145 0.05521595 -0.02568119 -0.02043145 0.05521595 -0.02568119 -0.008033514 0.04804879 -0.02568119 -0.008033514 0.04804879 -0.02926474 -0.007681429 0.04582321 -0.02926474 -0.0117051 0.04452806 -0.02936536 -0.01166737 0.0444526 -0.02936536 -0.01547729 0.04264199 -0.02944082 -0.01894772 0.04024034 -0.02947854 -0.02204096 0.03741115 -0.02947854 -0.02481979 0.03428024 -0.02950364 -0.02704536 0.03073436 -0.02950364 -0.02704536 0.03073436 -0.02950364 -0.01702392 0.02495032 -0.02950364 -0.01702392 0.02495032 -0.02950364 -0.01809269 0.02282536 -0.02950364 -0.01809269 0.02282536 -0.02950364 -0.01888489 0.02059972 -0.02950364 -0.01888489 0.02059972 -0.02950364 -0.01940041 0.01827353 -0.02950364 -0.01940041 0.01827353 -0.02950364 -0.01963931 0.01590961 -0.02950364 -0.01963931 0.01590961 -0.02950364 -0.01960158 0.01354569 -0.02950364 -0.01960158 0.01354569 -0.02950364 -0.01926207 0.01119434 -0.02950364 -0.01926207 0.01119434 -0.02950364 -0.01864594 0.008893311 -0.02950364 -0.01864594 0.008893311 -0.02950364 -0.02860456 0.002618908 -0.02950364 -0.02860456 0.002618908 -0.02947854 -0.02871775 0.002568602 -0.02944082 -0.02883088 0.002518296 -0.02936536 -0.02891892 0.002480566 -0.02926474 -0.02899438 0.002442836 -0.02926474 -0.02899438 0.002442836 -0.02926474 -0.03036493 0.006252765 -0.02926474 -0.03036493 0.006252765 -0.02568119 -0.03031462 -3.41907e-5 -0.02568119 -0.03031462 -3.41907e-5 -0.02568119 -0.04009723 -0.005302667 -0.02568119 -0.04009723 -0.005302667 -0.02559316 -0.0411157 -0.003177642 -0.02559316 -0.0411157 -0.003177642 -0.02559316 -0.04228508 -2.73094e-4 -0.02559316 -0.04228508 -2.73094e-4 -0.02559316 -0.04277551 0.001223206 -0.02559316 -0.04277551 0.001223206 -0.02554285 -0.04336643 0.002694368 -0.02554285 -0.0441209 0.005749821 -0.01900434 -0.05521118 0.003385901 -0.01900434 -0.05521118 0.003385901 -0.01900434 -0.05630511 0.01118177 -0.01900434 -0.05630511 0.01118177 -0.01900434 -0.08385479 0.01513004 -0.01900434 -0.08385479 0.01513004 -0.01900434 -0.08360332 0.02170622 -0.01900434 -0.08360332 0.02170622 -0.01900434 -0.08282369 0.02824473 -0.01900434 -0.08282369 0.02824473 -0.01900434 -0.08154118 0.0346952 -0.01900434 -0.08154118 0.0346952 -0.01900434 -0.07975566 0.04103249 -0.01900434 -0.07975566 0.04103249 -0.01900434 -0.07747977 0.04721891 -0.01900434 -0.07747977 0.04721891 -0.01900434 -0.04982948 0.04162347 -0.01900434 -0.04982948 0.04162347 -0.02554285 -0.03648847 0.04163604 -0.02554285 -0.03455209 0.04411309 -0.02554285 -0.03245222 0.04646444 -0.02559316 -0.03181093 0.04692971 -0.02559316 -0.03181093 0.04692971 -0.02559316 -0.03011345 0.04856431 -0.02559316 -0.03011345 0.04856431 -0.02568119 -0.02645438 0.05153179 -0.02568119 -0.02645438 0.05153179 -0.02568119 -0.01377981 0.04608726 -0.02568119 -0.01377981 0.04608726 -0.02926474 -0.01284933 0.04397481 -0.02926474 -0.01284933 0.04397481 -0.02926474 -0.01551502 0.04270482 -0.02926474 -0.01551502 0.04270482 -0.02926474 -0.01779091 0.04122108 -0.02926474 -0.01779091 0.04122108 -0.02936536 -0.0190106 0.04032832 -0.02944082 -0.02212893 0.03749918 -0.02944082 -0.02490782 0.03434312 -0.02947854 -0.02714598 0.03079724 -0.02950364 -0.02888119 0.02698731 -0.02950364 -0.02888119 0.02698731 -0.02950364 -0.03020149 0.0230391 -0.02950364 -0.03020149 0.0230391 -0.02950364 -0.03099364 0.01893997 -0.02950364 -0.03099364 0.01893997 -0.02950364 -0.03121995 0.01477795 -0.02950364 -0.03121995 0.01477795 -0.02950364 -0.03089302 0.01061594 -0.02950364 -0.03089302 0.01061594 -0.02950364 -0.03002542 0.006541967 -0.02950364 -0.03002542 0.006541967 -0.02947854 -0.03013861 0.006504297 -0.02944082 -0.03025174 0.006479144 -0.02936536 -0.03035235 0.006441414 -0.02926474 -0.03042781 0.006428837 -0.02926474 -0.03132057 0.01055312 -0.02568119 -0.03252768 0.005624115 -0.02568119 -0.03252768 0.005624115 -0.02568119 -0.0428006 0.001223206 -0.02568119 -0.0428006 0.001223206 -0.02559316 -0.0432533 0.002719461 -0.02559316 -0.0432533 0.002719461 -0.02559316 -0.04402029 0.005762398 -0.02559316 -0.04402029 0.005762398 -0.02559316 -0.04442268 0.008088588 -0.02559316 -0.04442268 0.008088588 -0.02554285 -0.04467415 0.008843004 -0.02554285 -0.04500108 0.01197397 -0.02554285 -0.0451017 0.01513004 -0.02554285 -0.0451017 0.01513004 -0.02554285 -0.04500108 0.01827353 -0.01900434 -0.05630511 0.01906567 -0.01900434 -0.05630511 0.01906567 -0.01900434 -0.05521118 0.0268616 -0.01900434 -0.05521118 0.0268616 -0.01900434 -0.05303585 0.03443115 -0.01900434 -0.05303585 0.03443115 -0.02554285 -0.03983318 0.03630465 -0.02554285 -0.03824883 0.03903323 -0.02559316 -0.0381608 0.03897035 -0.02559316 -0.0381608 0.03897035 -0.02559316 -0.03640043 0.04157316 -0.02559316 -0.03640043 0.04157316 -0.02559316 -0.03447663 0.04405027 -0.02559316 -0.03447663 0.04405027 -0.02559316 -0.03236418 0.04638904 -0.02559316 -0.03236418 0.04638904 -0.02568119 -0.03182351 0.04694229 -0.02568119 -0.03182351 0.04694229 -0.02568119 -0.01908606 0.04311978 -0.02568119 -0.01908606 0.04311978 -0.02926474 -0.0190609 0.0403912 -0.02926474 -0.0190609 0.0403912 -0.02926474 -0.02220439 0.03766268 -0.02926474 -0.02220439 0.03766268 -0.02936536 -0.02219182 0.03757464 -0.02936536 -0.0249958 0.034406 -0.02944082 -0.02724659 0.03086012 -0.02947854 -0.02899438 0.02703762 -0.02947854 -0.0303272 0.02306425 -0.02947854 -0.03110682 0.01895254 -0.02947854 -0.03134572 0.01477795 -0.02947854 -0.03101879 0.01060336 -0.02944082 -0.03113192 0.01057827 -0.02936536 -0.03123253 0.01056569 -0.02926474 -0.03140854 0.01182305 -0.02926474 -0.03140854 0.01182305 -0.02926474 -0.0316475 0.01476538 -0.02926474 -0.0316475 0.01476538 -0.02568119 -0.03369706 0.01158416 -0.02568119 -0.03369706 0.01158416 -0.02568119 -0.04444783 0.008088588 -0.02568119 -0.04444783 0.008088588 -0.02559316 -0.04456096 0.008855581 -0.02559316 -0.04456096 0.008855581 -0.02559316 -0.0448879 0.01198655 -0.02559316 -0.0448879 0.01198655 -0.02559316 -0.04500108 0.01513004 -0.02559316 -0.04500108 0.01513004 -0.02559316 -0.0448879 0.01826095 -0.02559316 -0.0448879 0.01826095 -0.02554285 -0.04467415 0.02140444 -0.02554285 -0.0441209 0.02449768 -0.02554285 -0.04336643 0.02755314 -0.02554285 -0.04238569 0.03054577 -0.02554285 -0.04120373 0.03347551 -0.02559316 -0.0411157 0.03342521 -0.02559316 -0.0411157 0.03342521 -0.02559316 -0.04007208 0.03555023 -0.02559316 -0.04007208 0.03555023 -0.02559316 -0.03973257 0.03625434 -0.02559316 -0.03973257 0.03625434 -0.02568119 -0.03640043 0.04157316 -0.02568119 -0.03640043 0.04157316 -0.02568119 -0.02378875 0.03925955 -0.02568119 -0.02378875 0.03925955 -0.02926474 -0.0222547 0.03762495 -0.02926474 -0.02505868 0.03445631 -0.02926474 -0.02582573 0.0332995 -0.02926474 -0.02582573 0.0332995 -0.02936536 -0.02733457 0.03091043 -0.02944082 -0.02910751 0.02708792 -0.02944082 -0.03044039 0.02310198 -0.02944082 -0.03123253 0.01896512 -0.02944082 -0.03145885 0.01477795 -0.02936536 -0.03155946 0.01477795 -0.02926474 -0.03149658 0.01748138 -0.02926474 -0.03149658 0.01748138 -0.02568119 -0.03388565 0.01513004 -0.02568119 -0.03388565 0.01513004 -0.02568119 -0.04500108 0.01513004 -0.02568119 -0.04500108 0.01513004 -0.02559316 -0.04456096 0.02139186 -0.02559316 -0.04456096 0.02139186 -0.02559316 -0.04442268 0.02215892 -0.02559316 -0.04442268 0.02215892 -0.02559316 -0.04402029 0.02448511 -0.02559316 -0.04402029 0.02448511 -0.02559316 -0.0432533 0.02752798 -0.02559316 -0.0432533 0.02752798 -0.02559316 -0.04277551 0.0290243 -0.02559316 -0.04277551 0.0290243 -0.02559316 -0.04228508 0.03052061 -0.02559316 -0.04228508 0.03052061 -0.02568119 -0.04009723 0.03555023 -0.02568119 -0.04009723 0.03555023 -0.02568119 -0.0277118 0.03463232 -0.02568119 -0.0277118 0.03463232 -0.02926474 -0.02741003 0.03094816 -0.02926474 -0.02741003 0.03094816 -0.02926474 -0.02865487 0.02839559 -0.02926474 -0.02865487 0.02839559 -0.02936536 -0.02919554 0.02712565 -0.02936536 -0.03054094 0.02312713 -0.02936536 -0.03133314 0.0189777 -0.02926474 -0.03140854 0.01899027 -0.02926474 -0.03140854 0.01899027 -0.02568119 -0.03379762 0.01765739 -0.02568119 -0.03379762 0.01765739 -0.02568119 -0.04444783 0.02215892 -0.02568119 -0.04444783 0.02215892 -0.02568119 -0.0428006 0.0290243 -0.02568119 -0.0428006 0.0290243 -0.02568119 -0.03075474 0.02936381 -0.02568119 -0.03075474 0.02936381 -0.02926474 -0.029271 0.0271508 -0.02926474 -0.0306164 0.02313965 -0.02926474 -0.03062897 0.0230894 -0.02926474 -0.03062897 0.0230894 -0.02568119 -0.03280431 0.02365523 -0.02568119 -0.03280431 0.02365523 -0.032 0.007147908 0.01320815 -0.032 0.007147908 0.01320815 -0.032 -4.51691e-7 0.0151242 -0.032 0.007399976 0.0151242 -0.032 0.007399976 0.0151242 -0.032 0.007147908 0.01703935 -0.032 0.007147908 0.01703935 -0.032 0.006408989 0.0188235 -0.032 0.006408989 0.0188235 -0.032 0.005232751 0.02035653 -0.032 0.005232751 0.02035653 -0.032 0.003699719 0.02153277 -0.032 0.003699719 0.02153277 -0.032 0.001915574 0.02227169 -0.032 0.001915574 0.02227169 -0.032 -4.51691e-7 0.02252376 -0.032 -0.001915574 0.02227169 -0.032 -0.001915574 0.02227169 -0.032 -0.003699719 0.02153277 -0.032 -0.003699719 0.02153277 -0.032 -0.005232751 0.02035653 -0.032 -0.005232751 0.02035653 -0.032 -0.006408989 0.0188235 -0.032 -0.006408989 0.0188235 -0.032 -0.007147908 0.01703935 -0.032 -0.007147908 0.01703935 -0.032 -0.007399976 0.0151242 -0.032 -0.007399976 0.0151242 -0.032 -0.007147908 0.01320815 -0.032 -0.007147908 0.01320815 -0.032 -0.006408989 0.011424 -0.032 -0.006408989 0.011424 -0.032 -0.005232751 0.009890913 -0.032 -0.005232751 0.009890913 -0.032 -0.003699719 0.008714735 -0.032 -0.003699719 0.008714735 -0.032 -0.001915574 0.007975816 -0.032 -0.001915574 0.007975816 -0.032 -4.51691e-7 0.007723748 -0.032 0.001915574 0.007975816 -0.032 0.001915574 0.007975816 -0.032 0.003699719 0.008714735 -0.032 0.003699719 0.008714735 -0.032 0.005232751 0.009890913 -0.032 0.005232751 0.009890913 -0.032 0.006408989 0.011424 -0.032 0.006408989 0.011424 -0.03099995 0.006408989 0.011424 -0.03099995 0.007147908 0.01320815 -0.03099995 0.007399976 0.0151242 -0.03099995 0.007147908 0.01703935 -0.03099995 0.006408989 0.0188235 -0.03099995 0.005232751 0.02035653 -0.03099995 0.003699719 0.02153277 -0.03099995 0.001915574 0.02227169 -0.032 -4.51691e-7 0.02252376 -0.03099995 -4.51691e-7 0.02252376 -0.03099995 -0.001915574 0.02227169 -0.03099995 -0.003699719 0.02153277 -0.03099995 -0.005232751 0.02035653 -0.03099995 -0.006408989 0.0188235 -0.03099995 -0.007147908 0.01703935 -0.03099995 -0.007399976 0.0151242 -0.03099995 -0.007147908 0.01320815 -0.03099995 -0.006408989 0.011424 -0.03099995 -0.005232751 0.009890913 -0.03099995 -0.003699719 0.008714735 -0.03099995 -0.001915574 0.007975816 -0.032 -4.51691e-7 0.007723748 -0.03099995 -4.51691e-7 0.007723748 -0.03099995 0.001915574 0.007975816 -0.03099995 0.003699719 0.008714735 -0.03099995 0.005232751 0.009890913</float_array>
          <technique_common>
            <accessor source="#Mesh_0_003-mesh-positions-array" count="4396" stride="3">
              <param name="X" type="float"/>
              <param name="Y" type="float"/>
              <param name="Z" type="float"/>
            </accessor>
          </technique_common>
        </source>
        <source id="Mesh_0_003-mesh-normals">
          <float_array id="Mesh_0_003-mesh-normals-array" count="12321">0.7083956 0.6169912 -0.3427795 0.708398 0.6169943 -0.3427686 0.7074571 0.6295257 -0.3212506 0.7077558 0.6196964 -0.3392024 0.7075202 0.6432394 -0.2926743 0.7064902 0.6521329 -0.2749443 0.7064857 0.6521505 -0.274914 0.7086951 0.6512435 -0.2713545 0.7057995 0.6998623 -0.1097263 0.7083785 0.6933639 -0.1320848 0.7083748 0.6933728 -0.1320583 0.7059445 0.6939269 -0.1418018 0.7080736 0.6866398 -0.1647958 0.7088245 0.6778942 -0.1950057 0.7089468 0.6747472 -0.2052093 0.7089455 0.6747435 -0.2052254 0.706947 0.6725196 -0.2189599 0.7076216 0.6634024 -0.2432464 0.7076013 0.6634206 -0.2432563 0.709549 0.6488333 -0.274874 0.5543656 0.7580499 -0.3435686 0.5570004 0.7285002 -0.3987957 0.7083662 0.6170157 -0.342796 0.557252 0.6974977 -0.450519 0.7054553 0.5967223 -0.3824335 0.7054916 0.5966921 -0.3824137 0.706425 0.6045897 -0.368015 0.7086193 0.5761746 -0.4072856 0.7086191 0.5761788 -0.4072802 0.7063891 0.5737324 -0.4145428 0.707412 0.5646299 -0.4251604 0.7070208 0.5369414 -0.4602342 0.7073541 0.5305227 -0.4671143 0.7073572 0.5304948 -0.4671416 0.7073466 0.5305215 -0.4671272 0.7080581 0.4976821 -0.5009653 0.7080347 0.4943069 -0.5043289 0.7077433 0.4773398 -0.5208131 0.7077178 0.4774304 -0.5207646 0.7068208 0.4567855 -0.5401403 0.7070261 0.4602175 -0.5369487 0.7071027 0.4216147 -0.5676679 0.7071026 0.421609 -0.5676723 0.7067407 0.4180807 -0.5707242 0.7067694 0.4180637 -0.5707013 0.7094949 0.1515846 -0.6882144 0.7080477 0.1647996 -0.6866656 0.8313181 0.1292727 -0.5405541 0.7069538 0.2189597 -0.6725125 0.8311462 0.1740203 -0.5281221 0.7079505 0.2223987 -0.670332 0.8320309 0.2133494 -0.5120613 0.7078467 0.2678264 -0.6536223 0.7106127 0.2925969 -0.6398569 0.8313744 0.2534335 -0.4945588 0.7074481 0.3212545 -0.6295338 0.830838 0.2904422 -0.4747123 0.7108343 0.3570433 -0.605999 0.7069884 0.3715661 -0.6017526 0.8308485 0.3273155 -0.4500616 0.7097658 0.4178747 -0.5671097 0.8311516 0.3603139 -0.4235103 0.707027 0.4602315 -0.5369356 0.7106286 0.4770751 -0.5171135 0.8319958 0.3922894 -0.3922909 0.7080848 0.4976382 -0.5009712 0.7101167 0.5300841 -0.4634062 0.8311415 0.4235168 -0.3603297 0.8308678 0.4500362 -0.3273015 0.7082182 0.5791528 -0.4037438 0.8308113 0.4747442 -0.2904664 0.7064642 0.6045601 -0.3679884 0.8314005 0.4945121 -0.2534383 0.7114747 0.6135097 -0.3426508 0.707433 0.6295458 -0.3212643 0.7095831 0.6487979 -0.2748692 0.8320221 0.5120754 -0.2133499 0.8302549 0.5305477 -0.1708688 0.707929 0.6768387 -0.2018067 0.8313292 0.5405386 -0.1292667 0.7080394 0.6866743 -0.164799 0.8320398 0.5479975 -0.08607316 0.7101504 0.6921594 -0.1288484 0.7058188 0.6998438 -0.1097205 0.7074006 0.7044691 -0.05751329 0.8311956 0.5541747 -0.04476958 0.7060773 0.7060325 -0.05452615 0.7085094 0.7057014 -1.71736e-6 0.830778 0.5566039 -1.86176e-6 0.8320292 0.5480127 0.0860778 0.8311988 0.5541697 0.04477226 0.7060783 0.7060307 0.05453497 0.7097901 0.7041394 0.01964092 0.7069709 0.7069699 0.01963919 0.7057368 0.7084742 -3.74508e-6 0.7070376 0.7070379 0.01397007 0.707971 0.7051189 -0.03980505 0.7060651 0.7060438 -0.05453604 0.7073701 0.7044994 -0.05751764 0.7073726 0.7044971 -0.05751413 0.7071129 0.7012266 -0.09095489 0.7070729 0.7012666 -0.0909571 0.7113265 0.6903449 -0.1320552 0.5571338 0.8131179 -0.1686455 0.5538558 0.8013893 -0.2258739 0.7078943 0.6768699 -0.2018237 0.5554542 0.7809116 -0.2857409 0.3839873 0.8663049 -0.3194833 0.3832269 0.8418231 -0.3800938 0.1957145 0.8939647 -0.4031417 0.3844121 0.8104383 -0.4420601 0.3832806 0.7764056 -0.5002902 0.5554361 0.6632412 -0.5015994 0.7112001 0.5756021 -0.4035798 0.7074066 0.5646486 -0.4251443 0.7073214 0.5305454 -0.467138 0.5548334 0.6258845 -0.5481136 0.5554862 0.5827918 -0.593118 0.7106011 0.4770944 -0.5171335 0.5543593 0.5374522 -0.635477 0.7068195 0.4567865 -0.540141 0.7097367 0.4178925 -0.5671329 0.5545276 0.490633 -0.6721446 0.7069827 0.3715788 -0.6017514 0.7077868 0.3571801 -0.6094753 0.7077857 0.3571684 -0.6094835 0.7081226 0.3248503 -0.6269248 0.7074793 0.3212459 -0.6295031 0.7075422 0.2926592 -0.6432222 0.7075402 0.2926501 -0.6432285 0.707324 0.2784592 -0.6497334 0.7078385 0.2678455 -0.6536234 0.7068394 0.2293424 -0.6691638 0.7079348 0.2224085 -0.6703453 0.7079334 0.2223948 -0.6703513 0.7075074 0.1814981 -0.683002 0.706467 0.1516435 -0.6913095 0.7064778 0.151566 -0.6913154 0.7071707 0.1288564 -0.6952019 0.707023 0.1128943 -0.6981214 0.7070352 0.1128895 -0.6981098 0.8320314 0.08607703 -0.5480095 0.7094611 0.0756005 -0.7006779 0.8312031 0.04477083 -0.5541633 0.9240711 -0.02872592 -0.38114 0.8307342 -4.33182e-6 -0.5566692 0.923462 1.23232e-6 -0.38369 0.9240736 0.02872508 -0.3811335 0.9239118 0.0585817 -0.3780941 0.9241963 0.08943694 -0.3712984 0.9242236 0.1182748 -0.3630731 0.924159 0.144751 -0.3535215 0.9237864 0.1746161 -0.3407754 0.9242793 0.1984762 -0.3260599 0.9242802 0.2253626 -0.3080875 0.9242532 0.2460999 -0.2918745 0.9235963 0.2724924 -0.2696626 0.9243638 0.2890637 -0.2489855 0.9242614 0.3081326 -0.2253779 0.9242753 0.3260672 -0.1984825 0.923768 0.3408254 -0.1746166 0.9246904 0.3509373 -0.1476168 0.9242136 0.3630968 -0.1182792 0.9241988 0.3712925 -0.08943575 0.9239183 0.3780797 -0.05857282 0.9240742 0.3811324 -0.02872109 0.9234765 0.3836551 -3.50089e-6 0.9240677 0.3811476 0.02872812 0.9239177 0.3780813 0.05857336 0.9246926 0.3509318 0.1476166 0.9242182 0.3630855 0.118278 0.8320516 0.5120289 0.2133459 0.8302578 0.5305442 0.170865 0.9241809 0.3713351 0.08944278 0.8313363 0.5405294 0.1292597 0.7080494 0.6866626 0.1648043 0.7058031 0.6998588 0.1097257 0.7113015 0.6965672 0.09404516 0.7083673 0.6995483 0.09406411 0.706082 0.7060267 0.05453914 0.708384 0.7026883 0.06649243 0.70697 0.7069716 0.01961511 0.7097594 0.7041703 0.01964253 0.5545921 0.8319602 0.01642537 0.5541611 0.8311983 -0.044887 0.710213 0.701633 -0.05752241 0.5561736 0.8240528 -0.1077405 0.3830137 0.9159989 -0.1193587 0.3841106 0.9040039 -0.1877128 0.3817382 0.8888269 -0.2535012 0.1953855 0.9436967 -0.2669475 0.1965234 0.9200554 -0.3389346 7.86036e-6 0.9141314 -0.4054184 3.27081e-6 0.9113391 -0.4116569 4.73186e-5 0.8660921 -0.4998847 3.02121e-5 0.8785018 -0.4777391 0.1939069 0.8620087 -0.4683387 0.1941427 0.8249664 -0.530791 0.3841228 0.7354782 -0.5581411 0.3828375 0.693213 -0.6106482 0.3835425 0.6480519 -0.6579696 0.3823175 0.5967252 -0.7055158 0.3830929 0.5436525 -0.7467811 0.5558545 0.4393416 -0.7056944 0.7108039 0.3570536 -0.6060286 0.5545669 0.3839221 -0.7382814 0.7081159 0.3248385 -0.6269386 0.5547002 0.3289278 -0.7642737 0.7097764 0.2890788 -0.6423792 0.5555396 0.2714472 -0.785934 0.7079268 0.2224043 -0.6703552 0.5568904 0.2122854 -0.8029994 0.707529 0.1815109 -0.6829763 0.5550307 0.1522456 -0.8177788 0.7112772 0.1483147 -0.6870862 0.7078239 0.07864761 -0.7019971 0.706542 0.07561272 -0.70362 0.7065361 0.07560348 -0.703627 0.7074067 0.05747407 -0.7044661 0.7073897 0.05750572 -0.7044807 0.7071124 0.002775549 -0.7070958 0.709465 -0.07559835 -0.7006742 0.707404 -0.05750113 -0.7044667 0.8312091 -0.04477304 -0.5541542 0.9239202 -0.05856889 -0.3780756 0.8320139 -0.08608847 -0.5480343 0.9241987 -0.08943736 -0.3712922 0.9807136 -0.1027242 -0.1662786 0.9237799 -0.1746186 -0.340792 0.9808305 -0.09004437 -0.1728109 0.9241577 -0.144753 -0.3535239 0.980777 -0.07245832 -0.18118 0.9242225 -0.1182758 -0.3630752 0.9809681 -0.05996078 -0.1846795 0.9806521 -0.0456714 -0.190357 0.9806469 -0.03066271 -0.1933692 0.9809764 -0.01629638 -0.193442 0.9805953 5.01663e-5 -0.1960433 0.9809759 0.0162931 -0.1934447 0.9805849 0.03068768 -0.1936791 0.9806536 0.04566925 -0.1903496 0.9809633 0.05996918 -0.1847018 0.980777 0.07244515 -0.1811856 0.9808257 0.09001374 -0.1728538 0.9807004 0.102693 -0.1663758 0.9808365 0.1152104 -0.1571195 0.9807716 0.1278239 -0.147473 0.9808253 0.1378305 -0.137785 0.9807716 0.1474737 -0.1278233 0.9808526 0.1569915 -0.1152475 0.9807029 0.1663773 -0.1026663 0.9806276 0.1751652 -0.08767443 0.9810299 0.1788002 -0.07490664 0.9809682 0.184679 -0.05996072 0.9806482 0.1904479 -0.04537349 0.9806779 0.1932215 -0.03060179 0.9809874 0.1933839 -0.01632249 0.9807057 0.19549 4.03355e-5 0.9809867 0.193388 0.01631969 0.9806667 0.1932725 0.03063595 0.9806522 0.1904439 0.04530638 0.9809455 0.1847863 0.05999916 0.9810118 0.1788991 0.07490712 0.9237561 0.340854 0.174623 0.9806283 0.1752005 0.08759605 0.9242802 0.3260589 0.1984735 0.9807099 0.1663044 0.1027181 0.9242793 0.3080896 0.2253634 0.9808461 0.1570348 0.1152434 0.9243554 0.2890843 0.2489926 0.9807731 0.1474587 0.127829 0.9236007 0.2724888 0.2696509 0.980832 0.1377798 0.137787 0.9242487 0.2461134 0.2918778 0.9807747 0.1278326 0.1474442 0.9807773 0.07244157 0.1811859 0.9808247 0.09000223 0.1728659 0.9241513 0.1447657 0.3535355 0.9237797 0.174619 0.3407924 0.9806932 0.102689 0.1664207 0.9242702 0.1984935 0.326075 0.9808472 0.1152186 0.157046 0.9242725 0.2253682 0.3081066 0.8308225 0.327337 0.4500939 0.8311661 0.3602963 0.423497 0.8320081 0.3922768 0.3922774 0.8311607 0.423501 0.3603041 0.8308622 0.4500437 0.3273052 0.8308373 0.4747177 0.2904354 0.8314042 0.4945064 0.2534376 0.7087134 0.6512286 0.2713425 0.7097538 0.6624043 0.2397292 0.7069564 0.6725112 0.2189555 0.7091889 0.6846811 0.1681162 0.7061521 0.6878039 0.1681517 0.7063949 0.6875777 0.168057 0.7053217 0.6993186 0.1160811 0.7083724 0.6995429 0.09406518 0.7112648 0.6966043 0.09404784 0.7083978 0.702673 0.06650793 0.554363 0.8286912 0.0771529 0.3826043 0.9200711 0.08416235 0.3837558 0.9232569 0.01812028 0.3817957 0.9228744 -0.05034953 0.1948843 0.9792637 -0.05534416 0.195127 0.9725089 -0.1270908 0.1962739 0.9601579 -0.1989309 2.16663e-5 0.9795901 -0.2010057 3.80576e-5 0.9779026 -0.2090614 2.94447e-5 0.9619777 -0.2731283 8.46386e-6 0.9513593 -0.3080835 3.10913e-5 0.9389865 -0.343954 1.20527e-5 0.9389858 -0.3439562 -3.31027e-7 0.9141354 -0.4054091 -1.83177e-5 0.9259909 -0.3775458 -1.72588e-5 0.9141222 -0.4054387 -4.6316e-5 0.9113599 -0.4116104 -0.1951014 0.8778437 -0.437408 -2.91243e-5 0.9141275 -0.405427 -3.00631e-5 0.8949514 -0.4461639 -1.97599e-5 0.8949535 -0.4461595 2.37452e-5 0.8784948 -0.477752 -1.71608e-6 0.8661109 -0.4998521 4.22448e-6 0.8660898 -0.4998885 -4.06674e-5 0.8605666 -0.5093381 3.39691e-5 0.8410829 -0.5409065 1.78516e-5 0.8410912 -0.5408935 4.59701e-5 0.8090941 -0.5876793 0.1966952 0.7806776 -0.5931724 0.1946332 0.738367 -0.6457028 0.1949648 0.6873168 -0.699703 0.194384 0.6325081 -0.7497656 0.19606 0.5760738 -0.793536 0.3818531 0.4854952 -0.7864368 0.3825104 0.4271669 -0.8192767 0.3811796 0.3654764 -0.8491933 0.3843038 0.301983 -0.8724203 0.3816918 0.2366616 -0.8934779 0.3827575 0.1685502 -0.9083434 0.5569619 0.09234589 -0.8253882 0.7081099 0.07255148 -0.7023651 0.5544126 0.03073078 -0.8316745 0.7068752 0.0253486 -0.7068839 0.7068296 0.02538394 -0.7069283 0.7085544 0 -0.7056562 0.7084619 -2.57532e-7 -0.705749 0.7068906 -0.02533769 -0.706869 0.7073787 -0.05750358 -0.7044919 0.7065355 -0.07560342 -0.7036276 0.7065421 -0.07561266 -0.7036199 0.7077972 -0.07865685 -0.702023 0.7071587 -0.128855 -0.6952143 0.7070271 -0.1128886 -0.698118 0.7070441 -0.1128839 -0.6981017 0.7094935 -0.1515808 -0.6882167 0.8313349 -0.1292603 -0.5405313 0.8311442 -0.1740224 -0.5281245 0.8320417 -0.2133467 -0.5120449 0.8313975 -0.2534385 -0.4945173 0.9242707 -0.1984939 -0.3260737 0.9808589 -0.1152468 -0.1569525 1 -1.10865e-5 -2.34991e-5 1 -1.17272e-5 -2.49818e-5 1 -1.77324e-5 -2.72989e-5 1 -1.5758e-5 -3.4906e-5 1 -1.35973e-6 -1.54302e-5 1 -5.77048e-6 -3.5651e-5 1 3.48501e-6 -1.11461e-5 1 -6.49691e-6 -3.5353e-5 1 1.24983e-6 -2.98172e-5 1 4.69713e-6 -1.29491e-5 1 1.75158e-6 -3.3386e-5 1 1.37975e-5 -4.55752e-5 1 7.14324e-6 -2.62111e-5 1 6.23986e-6 -1.46255e-5 1 1.79634e-5 -3.37958e-5 1 7.81938e-6 1.01328e-6 1 2.58163e-5 -2.99513e-5 1 6.21378e-6 3.72529e-7 1 7.55861e-6 -8.37445e-6 1 1.03191e-5 -1.71363e-6 1 2.32682e-5 -1.91629e-5 1 7.79331e-6 1.51992e-6 1 1.23456e-5 -3.54648e-6 1 4.09782e-5 -1.94274e-5 1 8.87364e-6 4.4927e-6 1 2.37375e-5 -2.37301e-6 1 2.87741e-5 4.26546e-7 1 3.89367e-5 -2.76789e-6 1 2.68146e-5 1.017e-6 1 1.33589e-5 4.9544e-6 1 3.24398e-5 1.51759e-6 1 3.98159e-5 6.71297e-6 1 3.91454e-5 1.49645e-5 1 1.42604e-5 1.253e-5 1 2.1182e-5 1.21817e-5 1 3.36468e-5 1.87978e-5 1 3.60236e-5 2.85283e-5 1 1.98111e-5 1.54302e-5 1 8.13603e-6 1.30609e-5 1 4.57466e-6 1.20774e-5 1 1.11163e-5 2.31937e-5 1 1.22972e-5 2.52724e-5 1 1.82427e-5 2.76491e-5 1 0 1.44914e-5 1 1.63764e-5 3.72454e-5 1 6.4075e-6 3.5204e-5 0.980962 0.05997127 0.1847079 0.9242164 0.1182787 0.3630899 0.8311398 0.174023 0.5281313 0.8320513 0.2133464 0.5120292 0.8313893 0.2534373 0.4945318 0.8307855 0.2904908 0.4747744 0.7069992 0.3715625 0.6017421 0.7095084 0.3893775 0.5873526 0.706783 0.418056 0.57069 0.7093771 0.4495787 0.5428289 0.7070245 0.4602305 0.5369397 0.7080698 0.497649 0.5009818 0.7080304 0.5076287 0.4909237 0.7070256 0.5369383 0.4602307 0.7113334 0.5517467 0.4354083 0.706393 0.5737274 0.414543 0.7075215 0.5989001 0.3751428 0.7064517 0.6045674 0.3680005 0.7074322 0.6295487 0.3212602 0.7106372 0.6331136 0.3068582 0.7083215 0.6339416 0.3104816 0.7086744 0.6512681 0.2713493 0.7077302 0.653774 0.267764 0.7066846 0.6656585 0.2397825 0.7066811 0.6656678 0.2397671 0.7069411 0.6725264 0.218958 0.7069426 0.6725277 0.2189491 0.7061299 0.6878311 0.1681337 0.7061247 0.6878368 0.1681323 0.5562717 0.8069033 0.1986683 0.5563362 0.8197288 0.1361432 0.7052863 0.6993568 0.1160661 0.382102 0.9113929 0.1528433 0.1944379 0.9672212 0.1633314 0.1952848 0.9764727 0.09146112 0.1965296 0.9803193 0.01871633 1.6436e-5 0.9998394 0.01792854 1.68458e-5 1 -1.49125e-6 3.06368e-5 0.9984476 -0.05570006 3.08901e-5 0.9944238 -0.1054583 1.37761e-5 0.9915877 -0.1294369 -1.33691e-6 0.9915882 -0.1294337 -1.23811e-6 0.9795888 -0.201012 1.13063e-5 0.9863942 -0.1643971 4.52436e-6 0.977903 -0.2090591 1.28692e-6 0.9779011 -0.2090686 -2.54638e-5 0.9709753 -0.23918 1.26795e-5 0.9619774 -0.2731289 4.82285e-6 0.9513601 -0.3080814 4.59608e-7 0.9513594 -0.3080832 -1.61603e-5 0.9513592 -0.3080841 -3.92199e-5 0.9259926 -0.3775417 -0.1960191 0.9327676 -0.3025246 -0.1963973 0.9069725 -0.3725978 -0.3822681 0.8547187 -0.3511796 -0.3842733 0.8257569 -0.4128676 -0.195771 0.843527 -0.5001361 -1.62683e-5 0.8660967 -0.4998767 -3.59938e-5 0.8661007 -0.4998696 -2.51979e-5 0.8605528 -0.5093614 -4.15519e-5 0.8201267 -0.5721821 1.9665e-5 0.8201354 -0.5721696 2.9942e-7 0.809087 -0.5876889 -9.91626e-7 0.8090886 -0.5876868 9.57807e-6 0.7976942 -0.6030622 3.1963e-6 0.797693 -0.6030637 4.83319e-5 0.7512071 -0.6600667 4.12017e-6 0.743434 -0.6688094 4.29749e-5 0.700155 -0.7139909 2.16812e-6 0.6688156 -0.7434285 6.04987e-6 0.6453254 -0.7639079 6.66082e-6 0.5876829 -0.8090915 3.41907e-5 0.4998692 -0.866101 1.99825e-5 0.5251493 -0.8510102 0.1966131 0.5142009 -0.8348298 0.1960482 0.451634 -0.8703975 0.1945893 0.3891835 -0.9003728 0.1948995 0.3220118 -0.926457 0.1962561 0.2480865 -0.94865 0.1939027 0.1807913 -0.964218 0.3821043 0.104483 -0.9181936 0.3828886 0.0340867 -0.9231655 0.5544123 -0.03079557 -0.8316723 0.7112282 5.09505e-6 -0.7029612 0.7068471 -0.02534854 -0.7069121 0.708108 -0.07254624 -0.7023675 0.5569224 -0.09231305 -0.8254185 0.5551237 -0.1521836 -0.8177273 0.7112737 -0.1483239 -0.6870879 0.7064803 -0.1516112 -0.6913028 0.7064729 -0.1515982 -0.6913132 0.7080366 -0.1648017 -0.6866765 0.7069408 -0.2189605 -0.672526 0.707945 -0.222404 -0.670336 0.7078459 -0.2678253 -0.6536237 0.710633 -0.2925894 -0.6398377 0.7074612 -0.3212499 -0.6295215 0.7108331 -0.3570432 -0.6060004 0.7069938 -0.3715686 -0.6017446 0.8307953 -0.2904794 -0.4747641 0.9242736 -0.2253674 -0.3081039 0.980778 -0.1278492 -0.147408 1 -2.93404e-5 -3.54797e-5 1 0 0 1 -4.22546e-7 0 1 8.42811e-7 0 1 -8.42811e-7 0 1 4.22546e-7 0 1 -4.22491e-7 0 1 2.10625e-7 0 1 0 0 1 -4.21907e-7 0 1 4.22268e-7 0 1 -8.43544e-7 0 1 8.44146e-7 0 1 1.31904e-7 0 1 -3.98979e-6 3.20971e-5 1 -1.9609e-6 1.02594e-5 0.9809865 -0.0163151 0.1933887 0.9806617 -4.22887e-6 0.1957112 1 -9.2946e-7 2.68221e-5 0.9809737 0.01628994 0.1934564 1 4.84474e-6 3.68655e-5 0.9805738 0.03070443 0.1937325 1 1.96137e-6 2.05487e-5 0.980659 0.04531556 0.190406 0.9241865 0.08943969 0.371322 0.8313566 0.1292479 0.5405009 0.7116712 0.1848506 0.6777569 0.70697 0.2189541 0.6724973 0.7104254 0.2536914 0.6564575 0.7078453 0.2678216 0.6536259 0.7074387 0.3212647 0.6295391 0.7081403 0.3248306 0.626915 0.7081316 0.3248521 0.6269139 0.7069683 0.3715929 0.6017596 0.7065466 0.3500393 0.615032 0.7069178 0.3930935 0.5880007 0.7069049 0.3931101 0.588005 0.7069046 0.3931022 0.5880107 0.7067536 0.4180769 0.570711 0.7083572 0.4356521 0.5553714 0.7066311 0.4533122 0.5433052 0.7066361 0.4532917 0.5433159 0.7076083 0.4739992 0.5240375 0.7080489 0.5043179 0.4942977 0.7080488 0.5043055 0.4943106 0.7079096 0.5142312 0.4841799 0.7070187 0.5369374 0.4602422 0.706181 0.5496159 0.4463528 0.708356 0.5553999 0.4356178 0.7082899 0.5554425 0.4356707 0.7082492 0.5791357 0.4037141 0.7063883 0.5737342 0.4145416 0.7075086 0.5989157 0.3751423 0.7075083 0.5989161 0.375142 0.7083529 0.6067112 0.3607462 0.7059851 0.6347457 0.3141385 0.7083227 0.6339296 0.3105033 0.7075626 0.6365067 0.3069439 0.707819 0.6536462 0.2678414 0.555014 0.7701065 0.3144767 0.5553975 0.7907759 0.2573073 0.7097069 0.6624481 0.2397471 0.3809797 0.8798009 0.2842622 0.3813599 0.8978553 0.2200466 0.1944165 0.9530355 0.232219 4.21554e-5 0.970973 0.2391895 3.13148e-5 0.9779066 0.2090426 3.74913e-5 0.9863941 0.1643984 2.63229e-5 0.9944223 0.1054722 3.75807e-5 0.9958057 0.09149384 6.71856e-6 0.9958041 0.09151047 4.1551e-5 0.9998401 0.01788634 2.66032e-6 0.9984476 0.05569928 -1.81561e-6 1 1.31102e-5 1.81701e-6 1 -1.31195e-5 -4.15455e-5 0.9998401 -0.01788634 4.91815e-5 0.9984472 -0.05570602 1.01002e-5 0.9958046 -0.09150695 -1.55065e-7 0.9944229 -0.1054664 2.04996e-6 0.9944252 -0.1054446 -2.63378e-5 0.9944223 -0.1054722 -3.78937e-5 0.9863941 -0.1643983 -0.1944579 0.9672136 -0.163352 -0.1943968 0.9530388 -0.2322217 -3.13819e-5 0.9779059 -0.2090459 -4.27067e-5 0.9709728 -0.2391898 -0.3811052 0.8979983 -0.2199042 -0.380978 0.8798107 -0.2842338 -0.5554338 0.7907486 -0.2573128 -0.5550328 0.770097 -0.3144666 -0.5554949 0.7450332 -0.3692573 -0.3840504 0.7939988 -0.4712445 -0.1956059 0.803654 -0.5620308 -2.74703e-5 0.8090884 -0.5876871 -0.1940668 0.7608638 -0.6192128 -8.367e-6 0.7762808 -0.6303874 -2.75273e-5 0.7762702 -0.6304003 5.60245e-5 0.7512555 -0.6600116 -1.02983e-5 0.74345 -0.6687916 1.42737e-6 0.7434229 -0.6688217 -4.59114e-5 0.7275296 -0.6860764 -1.09314e-6 0.7001545 -0.7139915 2.15508e-6 0.6745966 -0.7381866 -4.62402e-7 0.6688198 -0.7434246 -8.25524e-6 0.6688017 -0.7434409 4.21307e-6 0.6453262 -0.7639071 1.371e-5 0.6183115 -0.7859333 -1.51447e-5 0.5876837 -0.8090909 1.91666e-6 0.587684 -0.8090906 -4.35754e-5 0.5565934 -0.8307851 4.12308e-5 0.5251603 -0.8510034 -1.16815e-6 0.4999005 -0.8660828 2.41674e-5 0.4998561 -0.8661085 -2.90755e-7 0.4935749 -0.8697033 1.19575e-5 0.4619339 -0.8869145 2.42889e-6 0.4619331 -0.8869149 1.21593e-5 0.4054244 -0.9141286 8.367e-6 0.3960901 -0.9182117 1.2517e-6 0.3259117 -0.9454002 2.07797e-5 0.3080787 -0.9513609 2.88487e-5 0.2560226 -0.9666708 3.63663e-5 0.2090582 -0.9779032 6.88434e-6 0.1825012 -0.9832056 4.24534e-5 0.1101844 -0.9939112 0.1950306 0.1074888 -0.9748894 0.1945813 0.03793597 -0.9801525 0.3829534 -0.03409725 -0.9231382 0.3821066 -0.1044918 -0.9181918 0.3827583 -0.1685345 -0.9083459 0.556906 -0.2122721 -0.8029922 0.7075258 -0.1815055 -0.682981 0.7075405 -0.1815021 -0.6829667 0.7079336 -0.2223939 -0.6703514 0.7079346 -0.2224087 -0.6703455 0.7068465 -0.2293354 -0.6691587 0.7078368 -0.267843 -0.6536263 0.7073094 -0.2784659 -0.6497462 0.7075417 -0.2926648 -0.6432201 0.7075425 -0.2926594 -0.6432218 0.7081307 -0.3248663 -0.6269074 0.7074321 -0.3212645 -0.6295467 0.7077862 -0.3571665 -0.6094841 0.7077866 -0.3571801 -0.6094757 0.7069699 -0.3715828 -0.601764 0.70675 -0.4180815 -0.5707121 0.7067616 -0.4180729 -0.570704 0.8308438 -0.3273224 -0.4500651 0.9242557 -0.2460933 -0.2918727 0.9808339 -0.1377754 -0.1377784 1 -1.65999e-5 -2.08281e-5 0.9807744 -0.1474422 -0.1278372 1 -3.28273e-5 -2.6457e-5 0.9808464 -0.1570279 -0.1152504 1 -3.80278e-5 -2.88375e-5 0.9806949 -0.1664631 -0.1026043 1 -2.09436e-5 -1.52402e-5 0.9806284 -0.1751778 -0.08763968 1 -2.95788e-6 -3.5502e-6 1 4.22124e-7 0 1 -2.10749e-7 0 1 0 0 1 4.21907e-7 0 1 -4.21744e-7 0 1 8.43543e-7 0 1 -8.44146e-7 0 1 -1.31904e-7 0 1 -6.83218e-6 8.50856e-6 0.9806334 -0.03067463 0.1934351 0.9239042 -0.05859261 0.3781108 0.9240655 -0.02873665 0.3811524 0.9234443 2.51244e-6 0.3837326 0.9240735 0.02872264 0.3811345 0.9239143 0.05857861 0.3780886 0.8320269 0.08608126 0.5480159 0.707031 0.1128885 0.6981143 0.7070554 0.1128892 0.6980894 0.7080658 0.1647897 0.6866494 0.7080336 0.1648367 0.6866712 0.7066912 0.188234 0.6820232 0.7066987 0.1882104 0.6820219 0.7069257 0.2086525 0.6758108 0.706925 0.2189686 0.6725398 0.7073335 0.2537569 0.6597626 0.7082432 0.2572585 0.6574267 0.7082421 0.2572742 0.6574216 0.7067934 0.3033905 0.6390597 0.7081162 0.3248475 0.6269336 0.7111778 0.3247418 0.6235135 0.7065653 0.3500336 0.6150138 0.555199 0.4098208 0.7237409 0.7068953 0.3931066 0.5880189 0.5554597 0.4651184 0.6892963 0.5563306 0.5124897 0.6541029 0.7093547 0.4495976 0.5428425 0.5553111 0.5620763 0.6129436 0.707588 0.4739986 0.5240655 0.5555649 0.6029749 0.5725111 0.7080067 0.5076426 0.4909436 0.5572603 0.6417638 0.5268778 0.7083272 0.5554004 0.4356641 0.5566149 0.6807543 0.4761865 0.7081979 0.5791633 0.4037644 0.5537902 0.7163637 0.4244286 0.7105324 0.5954067 0.3750129 0.5555005 0.7450314 0.3692527 0.3842377 0.825778 0.4128586 0.3822383 0.8547394 0.3511617 0.1964053 0.9069697 0.3726003 0.1960352 0.9327645 0.3025238 1.55196e-5 0.9513587 0.3080857 -4.7395e-6 0.9513601 0.3080813 2.52603e-5 0.9709754 0.2391797 -1.25393e-5 0.9619774 0.2731289 -1.35463e-6 0.9779008 0.20907 2.26377e-5 0.9779114 0.2090203 1.59463e-6 0.9795885 0.2010134 -1.12185e-5 0.9863942 0.1643971 1.28639e-6 0.9915881 0.1294338 1.6964e-6 0.9944203 0.1054916 -8.57096e-6 0.9944262 0.1054351 -3.09199e-5 0.9944238 0.1054576 -3.07411e-5 0.9984476 0.05570101 -0.1949092 0.9792612 0.05529928 -0.196424 0.9803407 -0.0187028 -1.69948e-5 1 3.43623e-6 -1.66371e-5 0.9998393 -0.0179286 -3.74764e-5 0.9958057 -0.09149354 -0.1952976 0.9764694 -0.09146815 -0.3826702 0.920046 -0.08413559 -0.3821275 0.9113852 -0.1528258 -0.5563431 0.8197259 -0.1361315 -0.5562697 0.8069047 -0.1986678 -0.7061493 0.6878122 -0.1681293 -0.7069294 0.6725372 -0.2189626 -0.7097219 0.6624333 -0.2397435 -0.7078312 0.6536369 -0.267832 -0.7075398 0.6365326 -0.3069428 -0.7059965 0.6347367 -0.314131 -0.7083395 0.6067242 -0.3607506 -0.5538159 0.7163128 -0.4244807 -0.3821294 0.7576741 -0.5290625 -0.3818012 0.7175192 -0.5825754 -0.1949927 0.7118535 -0.6747166 -3.74019e-5 0.7434392 -0.6688036 -1.36867e-5 0.7275491 -0.6860557 -1.00285e-5 0.6746002 -0.7381833 -0.1949272 0.6619461 -0.7237616 -8.56817e-6 0.6688094 -0.743434 -0.1937459 0.6056734 -0.7717658 -4.30644e-5 0.6183031 -0.7859398 -3.42801e-5 0.5876858 -0.8090894 -0.194946 0.5482739 -0.81326 -1.09971e-5 0.5565799 -0.8307941 -4.43161e-5 0.4998841 -0.8660925 -0.194995 0.485978 -0.8519403 -7.24942e-6 0.4935573 -0.8697133 -1.61454e-5 0.4304414 -0.9026187 -1.92947e-6 0.4304379 -0.9026203 1.54611e-6 0.4054318 -0.9141253 -1.54555e-5 0.4053847 -0.9141463 -3.92769e-5 0.3960511 -0.9182285 -1.86497e-7 0.3622019 -0.9320996 3.51842e-6 0.3259113 -0.9454004 4.74975e-7 0.3080794 -0.9513607 4.56348e-7 0.3080876 -0.951358 -6.51774e-6 0.2905002 -0.956875 1.80237e-5 0.2560153 -0.9666728 -2.38419e-7 0.2199016 -0.9755221 6.71647e-6 0.2090284 -0.9779096 2.824e-6 0.209069 -0.9779009 4.3374e-6 0.1825047 -0.983205 -8.26735e-6 0.1467115 -0.9891794 0 0.1102126 -0.9939081 -1.91135e-5 0.1054898 -0.9944204 -7.04895e-7 0.1054604 -0.9944236 2.25604e-5 0.1054631 -0.9944232 5.47618e-6 0.03649061 -0.9993341 2.33799e-5 -4.61923e-6 -1 4.64916e-6 -0.03649097 -0.9993341 0.194579 -0.03793358 -0.9801532 0.1949774 -0.107489 -0.9749001 0.1939029 -0.1807899 -0.9642181 0.3815396 -0.2368075 -0.8935043 0.5555838 -0.2714417 -0.7859046 0.707912 -0.2224026 -0.6703714 0.5546724 -0.328936 -0.7642905 0.7097846 -0.2890774 -0.6423707 0.554494 -0.384074 -0.7382572 0.7081192 -0.3248333 -0.6269375 0.5558751 -0.439352 -0.7056718 0.7108085 -0.3570537 -0.6060231 0.5545154 -0.4906523 -0.6721407 0.7097355 -0.4178923 -0.5671345 0.7069554 -0.4217131 -0.5677782 0.7071029 -0.4216257 -0.5676594 0.7097669 -0.4178749 -0.5671082 0.7106444 -0.4770652 -0.517101 0.7070448 -0.4602172 -0.5369244 0.8311491 -0.3603165 -0.4235129 0.9236027 -0.2724946 -0.2696385 0.9243765 -0.2890319 -0.2489756 0.9242793 -0.3080897 -0.2253631 0.924287 -0.3260471 -0.1984614 0.9237515 -0.3408622 -0.1746314 0.9810182 -0.1788652 -0.0749039 1 -2.19792e-5 -1.35675e-5 0.9809551 -0.1847407 -0.05998271 1 -3.99128e-5 -1.49142e-5 0.9806374 -0.1904861 -0.04544776 1 -4.42564e-5 -9.50228e-6 0.9807279 -0.192972 -0.03057312 1 -7.04825e-6 -2.25776e-6 0.9809793 -0.1934274 -0.01629489 1 -2.90126e-5 -1.36113e-6 0.9806788 -0.1956253 -6.60947e-6 1 -3.68059e-6 -7.47852e-6 0.9809777 -0.1934359 0.01629215 1 -1.99676e-6 -5.71646e-6 0.9806779 -0.1932212 0.03060173 1 -2.87816e-5 -2.45869e-7 0.9806563 -0.1904295 0.04527676 1 -2.88934e-5 1.47521e-6 0.9809631 -0.1847026 0.05996894 1 -3.53903e-5 9.93907e-6 0.9810289 -0.1788058 0.0749064 1 -3.16948e-5 1.15298e-5 0.9806282 -0.1752008 0.08759605 1 -1.47e-5 6.56769e-6 0.9806966 -0.1664364 0.1026316 1 -1.76728e-5 8.00937e-6 0.9808582 -0.1569535 0.1152516 1 -2.72393e-5 1.48416e-5 0.9807742 -0.1474447 0.1278362 1 -3.49954e-5 2.79769e-5 0.9808406 -0.1377509 0.1377551 1 -1.66036e-5 1.51023e-5 0.980776 -0.1278363 0.1474324 1 -6.35535e-6 -5.66244e-7 0.9808364 -0.1152102 0.1571199 1 -2.60547e-5 3.01376e-5 0.9806882 -0.1026607 0.1664676 1 -8.08761e-6 -5.66244e-7 0.9808277 -0.09002661 0.172836 1 -8.22172e-6 1.35005e-5 0.9807755 -0.07249379 0.1811743 1 -1.58381e-5 4.20362e-5 0.9809615 -0.0599718 0.1847106 1 -7.04639e-6 2.56077e-5 0.9806607 -0.04520964 0.1904224 0.9241834 -0.08944249 0.3713288 0.831357 -0.1292462 0.5405009 0.8320265 -0.0860809 0.5480165 0.8311938 -0.04476392 0.5541779 0.8307908 1.60401e-6 0.556585 0.8312039 0.04476714 0.5541624 0.7073813 0.05750721 0.704489 0.7062535 0.1034317 0.7003628 0.7070284 0.1128906 0.6981166 0.7070283 0.1128816 0.698118 0.7075555 0.1549007 0.6894716 0.7076026 0.1548956 0.6894244 0.7116453 0.1848435 0.677786 0.5551872 0.2432904 0.7953471 0.5553853 0.3000146 0.7755892 0.708239 0.257255 0.6574326 0.5563245 0.3545883 0.7515121 0.7067938 0.3033922 0.6390585 0.3822238 0.3979796 0.8339768 0.3824303 0.4563466 0.8034271 0.381218 0.5180657 0.7656899 0.3811757 0.5718374 0.7264345 0.3831852 0.6209885 0.6837707 0.3833763 0.6710083 0.6346421 0.3818055 0.7175111 0.5825827 0.3820735 0.7576903 0.5290797 0.3840604 0.7939968 0.4712395 0.1957752 0.8435012 0.5001777 0.1951333 0.8778389 0.4374037 2.90126e-5 0.9141276 0.4054268 3.53456e-5 0.9259929 0.377541 1.80374e-5 0.9259911 0.3775455 -1.17375e-5 0.9389857 0.3439563 0 0.9513596 0.3080829 -9.12696e-6 0.9513592 0.3080839 -2.83346e-5 0.9619777 0.2731282 -0.1953495 0.9437012 0.266958 -3.50028e-5 0.9779019 0.2090641 -0.1962972 0.9601435 0.198977 -2.15396e-5 0.9795901 0.2010055 -1.42679e-5 0.9915877 0.129437 -0.1948641 0.9726081 0.1267338 -0.3825634 0.9161795 0.1194165 -0.3818405 0.9228543 0.05037683 -0.3838092 0.9232341 -0.0181486 -0.5545979 0.8319561 -0.01644414 -0.5543215 0.82872 -0.07714152 -0.7084078 0.7026633 -0.06650382 -0.7112713 0.6965973 -0.09404957 -0.7052634 0.6993784 -0.116075 -0.7061457 0.6878152 -0.1681327 -0.7063938 0.6875694 -0.1680956 -0.706152 0.6878045 -0.1681499 -0.7069427 0.6725277 -0.2189489 -0.7066813 0.6656677 -0.239767 -0.7066845 0.6656587 -0.2397823 -0.8320369 0.5120539 -0.2133442 -0.7097538 0.6624044 -0.2397293 -0.7087126 0.6512293 -0.2713428 -0.7086415 0.6513041 -0.271349 -0.7077301 0.6537742 -0.2677639 -0.7083207 0.633942 -0.3104825 -0.7083229 0.633928 -0.3105062 -0.7074316 0.6295491 -0.3212606 -0.7064521 0.6045659 -0.368002 -0.7075089 0.5989152 -0.3751425 -0.710507 0.595428 -0.3750272 -0.7082137 0.5791509 -0.4037545 -0.5566301 0.6807448 -0.4761822 -0.5572527 0.6417691 -0.5268794 -0.3834004 0.6709994 -0.6346369 -0.3831932 0.6209668 -0.683786 -0.3812187 0.571839 -0.7264107 -0.3812221 0.5180748 -0.7656817 -0.3823823 0.4563741 -0.8034343 -0.1940587 0.4233781 -0.8849251 -2.51457e-5 0.4054124 -0.9141339 -0.1948829 0.3553356 -0.9141976 -3.54424e-5 0.3621969 -0.9321016 -0.1942835 0.2859002 -0.9383575 -3.40939e-5 0.3080888 -0.9513576 -2.54214e-5 0.2904798 -0.9568812 -7.96467e-6 0.2199051 -0.9755213 -0.1955001 0.2169458 -0.956407 -3.73274e-5 0.2090478 -0.9779055 -0.194543 0.1435606 -0.9703316 -5.1707e-6 0.1467055 -0.9891803 -0.195146 0.07313424 -0.9780437 -7.06315e-6 0.1054713 -0.9944224 -4.19468e-6 -0.07333111 -0.9973077 -0.1956677 1.43455e-6 -0.9806703 -2.45199e-5 -1.86235e-6 -1 -1.72779e-5 0.07332754 -0.997308 -2.00793e-5 0.1054659 -0.9944229 -4.21978e-5 0.07334905 -0.9973064 5.17913e-5 0.0364921 -0.999334 1.80451e-5 -1.29127e-7 -1 -9.24896e-6 2.85124e-7 -1 5.17191e-5 -0.03649181 -0.999334 -4.19039e-5 -0.07334887 -0.9973064 1.43633e-6 -0.1054407 -0.9944257 2.9318e-5 -0.1054592 -0.9944237 2.31788e-5 -0.1101921 -0.9939104 4.28185e-5 -0.1825013 -0.9832056 3.66047e-5 -0.209061 -0.9779027 1.03414e-5 -0.2560221 -0.9666709 0.1962637 -0.2480761 -0.948651 0.384341 -0.301983 -0.8724038 0.3809466 -0.3653224 -0.849364 0.3825331 -0.4271653 -0.819267 0.3818647 -0.4854894 -0.7864348 0.3831773 -0.5436645 -0.746729 0.5544416 -0.5375466 -0.6353253 0.7068023 -0.4567958 -0.5401557 0.7071184 -0.4568072 -0.5397322 0.7070199 -0.4602469 -0.5369318 0.7077108 -0.4773775 -0.5208227 0.7077342 -0.4773795 -0.520789 0.7080219 -0.4943173 -0.5043366 0.7080644 -0.4976454 -0.5009928 0.7080959 -0.4976252 -0.5009685 0.8319721 -0.3923161 -0.3923144 0.8311449 -0.4235112 -0.3603282 0.8308606 -0.4500458 -0.3273066 0.8307734 -0.4747852 -0.2905076 0.8313912 -0.4945271 -0.25344 0.924699 -0.3509145 -0.1476178 0.9242182 -0.3630856 -0.1182777 0.9241819 -0.3713324 -0.08944272 0.9239062 -0.3781059 -0.0585938 0.92408 -0.381119 -0.02871459 0.9234368 -0.3837509 9.61918e-7 0.9240788 -0.381122 0.02871638 0.9239116 -0.3780946 0.0585829 0.9242059 -0.3712751 0.08943271 0.9242149 -0.3630936 0.118279 0.9246764 -0.3509755 0.1476134 0.9237718 -0.3408114 0.1746232 0.9242728 -0.326071 0.1984885 0.9242617 -0.3081322 0.2253776 0.9243783 -0.2890279 0.2489736 0.9235973 -0.2724933 0.2696585 0.92425 -0.2461095 0.2918773 0.9242619 -0.2253764 0.3081324 0.9242846 -0.1984658 0.3260511 0.9237741 -0.1746205 0.3408067 0.9241527 -0.1447623 0.353533 0.9242018 -0.1182858 0.3631248 0.8311646 -0.1740381 0.5280874 0.7116855 -0.1848496 0.6777422 0.7080649 -0.1648007 0.6866475 0.7070535 -0.1128844 0.6980921 0.7070303 -0.1128857 0.6981153 0.707396 -0.05750787 0.7044742 0.7094638 -0.03688758 0.7037759 0.7085075 -2.35625e-7 0.7057033 0.7094913 0.03688269 0.7037484 0.706625 0.0368967 0.7066256 0.7075801 0.05156558 0.7047492 0.554961 0.06238001 0.8295343 0.5552065 0.123352 0.8225144 0.7099412 0.1129018 0.6951523 0.5555098 0.1851248 0.8106403 0.3810723 0.203643 0.9018389 0.3817631 0.2705126 0.8837873 0.3829234 0.3334722 0.8614906 0.1948958 0.3553373 0.9141942 0.1940326 0.4233461 0.8849461 0.1949895 0.4859656 0.8519487 0.1949607 0.5483433 0.8132097 0.1937283 0.6057013 0.7717483 0.1948712 0.6619345 0.7237873 0.1950047 0.711845 0.6747222 0.1940931 0.7608575 0.6192123 0.1956259 0.8035774 0.5621335 4.3638e-5 0.8201268 0.5721818 2.71872e-5 0.8605534 0.5093603 1.31652e-5 0.8660977 0.4998748 3.00556e-5 0.8949509 0.4461646 -5.78561e-6 0.8949504 0.4461659 2.46661e-6 0.914129 0.4054237 3.19816e-6 0.914134 0.4054121 -1.00434e-5 0.9141293 0.4054229 -3.15756e-5 0.9389865 0.3439541 -0.1965669 0.9200279 0.338984 -0.3840004 0.8662978 0.3194869 -0.3816393 0.8889099 0.2533591 -0.3840956 0.9040207 0.1876626 -0.5571272 0.8131226 0.1686446 -0.5561191 0.8240906 0.1077324 -0.5541431 0.8312159 0.04478389 -0.7079529 0.7051372 0.03980189 -0.7070262 0.7070493 -0.01397067 -0.7097414 0.7041883 -0.01964819 -0.706971 0.7069692 -0.01966297 -0.7084167 0.7026545 -0.06650245 -0.7060486 0.7060608 -0.05453127 -0.7083675 0.699548 -0.09406411 -0.7083508 0.6995694 -0.09403121 -0.7058032 0.6998587 -0.1097258 -0.7052935 0.699351 -0.1160581 -0.7080504 0.6866622 -0.164802 -0.709187 0.6846811 -0.1681236 -0.8313359 0.5405188 -0.1293063 -0.8303039 0.530457 -0.1709118 -0.7069554 0.6725121 -0.2189557 -0.9242351 0.3630342 -0.1183038 -0.9246825 0.3509646 -0.1476016 -0.8314008 0.4945051 -0.2534512 -0.7106384 0.633109 -0.3068652 -0.8307846 0.4748235 -0.290413 -0.707523 0.5989028 -0.3751356 -0.7075077 0.5989153 -0.3751445 -0.7063888 0.5737345 -0.4145402 -0.708218 0.5791493 -0.4037492 -0.7083215 0.5554091 -0.4356623 -0.7083528 0.5553729 -0.4356573 -0.7083274 0.5554003 -0.4356639 -0.7061629 0.5496248 -0.4463706 -0.7079858 0.507647 -0.4909692 -0.7078989 0.5142348 -0.484192 -0.5555662 0.6029796 -0.5725049 -0.555332 0.5621047 -0.6128987 -0.5563229 0.5124955 -0.6541049 -0.5554453 0.4650936 -0.6893247 -0.5551996 0.4098089 -0.7237473 -0.382233 0.3980012 -0.8339624 -0.3828151 0.3335186 -0.8615208 -0.3817678 0.2705415 -0.8837764 -0.3810802 0.2036424 -0.9018358 -0.3839018 0.1345097 -0.9135243 -0.3839092 0.06713241 -0.9209272 -0.3837161 1.55213e-6 -0.9234513 -0.1951373 -0.07315105 -0.9780442 -1.15335e-5 -0.1054759 -0.994422 6.58166e-6 -0.1054627 -0.9944233 -3.37663e-7 -0.1102126 -0.9939081 0 -0.1467097 -0.9891796 1.54402e-5 -0.1825214 -0.9832019 -1.71771e-6 -0.2090266 -0.97791 7.40937e-6 -0.2090757 -0.9778996 -9.06906e-5 -0.2198142 -0.9755418 -1.48374e-5 -0.2560256 -0.96667 -6.99027e-6 -0.2905008 -0.9568747 -7.6578e-7 -0.3080872 -0.9513581 3.71113e-5 -0.3080726 -0.9513629 0.1948636 -0.3219437 -0.9264883 0.1945818 -0.3891668 -0.9003817 0.1960634 -0.4515751 -0.8704248 0.1966019 -0.5142101 -0.8348268 0.1961089 -0.5760144 -0.7935671 0.3824149 -0.5966966 -0.7054871 0.5555818 -0.5827715 -0.5930483 0.710605 -0.4770926 -0.5171298 0.7073447 -0.5305281 -0.4671224 0.7073569 -0.5304979 -0.4671386 0.710119 -0.5300818 -0.4634053 0.7070488 -0.5369213 -0.4602148 0.7064079 -0.5737138 -0.4145364 0.7082464 -0.5791327 -0.4037233 0.7064608 -0.6045604 -0.3679944 0.7114455 -0.613534 -0.3426681 0.707433 -0.629545 -0.3212657 0.7095828 -0.6487979 -0.2748702 0.8320511 -0.5120298 -0.2133463 0.8302621 -0.5305362 -0.1708695 0.831301 -0.5405781 -0.1292832 0.8320179 -0.548029 -0.0860846 0.8311904 -0.5541832 -0.04476326 0.8307549 -0.5566384 5.22354e-6 0.8312147 -0.5541455 0.04477846 0.8320263 -0.5480172 0.08607834 0.831324 -0.5405454 0.1292714 0.8302504 -0.5305326 0.1709368 0.8320291 -0.5120644 0.2133489 0.8313925 -0.4945247 0.2534403 0.830777 -0.474784 0.2904992 0.8308272 -0.4500915 0.3273283 0.8311601 -0.4235 0.3603063 0.8319748 -0.3923152 0.3923093 0.8311677 -0.3602933 0.4234961 0.8308341 -0.3273234 0.4500826 0.8307982 -0.2904812 0.4747582 0.8313984 -0.2534374 0.4945159 0.8320493 -0.2133461 0.5120328 0.7069616 -0.2189583 0.6725048 0.7069334 -0.218967 0.6725316 0.7066962 -0.1882658 0.6820093 0.7067057 -0.1882237 0.682011 0.7076959 -0.1548183 0.689346 0.7080337 -0.1648043 0.6866789 0.7070286 -0.112904 0.698114 0.7070278 -0.1129018 0.6981153 0.7062407 -0.1034302 0.7003758 0.7075946 -0.05156528 0.7047348 0.7066272 -0.03685843 0.7066255 0.7066258 -0.03687626 0.7066259 0.7084254 -3.14684e-6 0.7057857 0.7084581 -2.59955e-6 0.7057529 0.7066257 0.03688925 0.7066253 0.7094537 0.03688573 0.7037862 0.708483 -3.96906e-6 0.705728 0.7094315 -0.03688055 0.7038087 0.5565678 0 0.8308022 0.3837245 2.289e-6 0.9234476 0.383914 0.06712955 0.9209256 0.3839216 0.1344919 0.9135187 0.194624 0.1434286 0.970335 0.1955355 0.2168948 0.9564114 0.1946007 0.2859126 0.9382882 3.52636e-5 0.3080941 0.9513559 3.42876e-5 0.3621973 0.9321015 2.62558e-5 0.4054121 0.914134 1.79261e-5 0.4304405 0.902619 1.27256e-5 0.493551 0.8697169 4.27589e-5 0.4998838 0.8660926 1.22115e-5 0.5565787 0.8307949 2.69637e-5 0.587683 0.8090913 4.62458e-5 0.6183021 0.7859406 4.54485e-6 0.6688115 0.7434321 5.65499e-6 0.6745991 0.7381843 1.10418e-5 0.7275498 0.686055 2.87816e-5 0.7434378 0.6688052 1.15484e-5 0.7762816 0.6303864 2.79844e-5 0.8090879 0.5876877 8.98493e-7 0.8090887 0.5876867 1.91615e-5 0.8201188 0.5721933 1.02026e-6 0.8090876 0.5876881 -3.43728e-5 0.8410828 0.5409066 2.71131e-7 0.8605529 0.5093612 -4.90248e-6 0.8660897 0.4998887 3.71621e-6 0.8661112 0.4998515 -2.38721e-5 0.8784947 0.477752 2.20817e-5 0.9113447 0.4116444 -3.48687e-6 0.911337 0.4116615 -0.1957332 0.8939558 0.4031521 -0.3832393 0.8418196 0.3800891 -0.5539672 0.7582913 0.3436782 -0.5555012 0.780894 0.2856974 -0.5538658 0.801392 0.2258402 -0.7088105 0.6779068 0.1950135 -0.7059698 0.6939021 0.1417977 -0.7113303 0.6903399 0.1320604 -0.7070843 0.701255 0.0909577 -0.7102214 0.701625 0.05751585 -0.7073701 0.7044994 0.05751758 -0.7060671 0.7060419 0.05453705 -0.705748 0.708463 7.52693e-6 -0.7069685 0.7069726 -0.019629 -0.7098017 0.7041276 -0.01964658 -0.706078 0.706031 -0.05453497 -0.8311858 0.5541947 -0.04470515 -0.8320199 0.5480254 -0.08608806 -0.7113017 0.6965671 -0.09404462 -0.9239146 0.3780878 -0.05858004 -0.9241601 0.3713884 -0.08943718 -0.9806544 0.1904484 -0.04523664 -0.9809713 0.1846637 -0.05995535 -0.9810185 0.1788578 -0.0749185 -0.9238119 0.3407469 -0.1745368 -0.924264 0.3260762 -0.198521 -0.8307943 0.4501684 -0.3273061 -0.7063936 0.5737274 -0.414542 -0.7113324 0.5517453 -0.4354117 -0.8311548 0.4234108 -0.3604234 -0.7070572 0.5369146 -0.4602096 -0.7070418 0.5369417 -0.4602017 -0.7080484 0.5043387 -0.4942772 -0.7080488 0.504319 -0.4942968 -0.7080692 0.4976485 -0.5009832 -0.7075846 0.4740411 -0.5240315 -0.707605 0.4739881 -0.524052 -0.709324 0.449619 -0.5428649 -0.7083436 0.4356642 -0.5553792 -0.7068963 0.3931111 -0.5880148 -0.706903 0.3931003 -0.588014 -0.7065756 0.350026 -0.6150062 -0.7111542 0.3247585 -0.6235316 -0.5562956 0.3546342 -0.7515118 -0.555333 0.3000443 -0.7756151 -0.5551797 0.2432725 -0.7953578 -0.5555608 0.1851826 -0.8105922 -0.5551999 0.1233502 -0.8225193 -0.5548638 0.06220871 -0.8296121 -0.5565777 -1.2714e-7 -0.8307956 -0.3839325 -0.06712335 -0.9209182 -0.1945713 -0.1434776 -0.9703382 -4.16934e-5 -0.1467154 -0.9891788 -0.1955112 -0.2169342 -0.9564074 -2.56747e-5 -0.2090482 -0.9779054 -3.97488e-5 -0.2199084 -0.9755205 -2.8111e-5 -0.290485 -0.9568796 -0.1940479 -0.285649 -0.9384828 -2.59355e-5 -0.3080884 -0.9513577 -1.17277e-6 -0.3080801 -0.9513605 3.40736e-6 -0.3259113 -0.9454004 2.21729e-5 -0.3259189 -0.9453978 9.0003e-6 -0.396085 -0.9182139 4.71324e-5 -0.4054279 -0.9141271 3.35276e-5 -0.4619312 -0.8869158 4.28408e-5 -0.4998704 -0.8661003 1.40071e-6 -0.5251466 -0.8510119 1.47447e-5 -0.5876806 -0.8090931 0.1943792 -0.6324866 -0.749785 0.3834958 -0.6480427 -0.6580059 0.5548921 -0.6258863 -0.5480521 0.707327 -0.530543 -0.4671324 0.7073535 -0.5305303 -0.4671068 0.7074227 -0.5646269 -0.4251465 0.7086127 -0.576183 -0.4072851 0.708619 -0.5761862 -0.4072697 0.7054906 -0.5966876 -0.3824228 0.7064616 -0.6045509 -0.3680085 0.7083975 -0.6169945 -0.3427695 0.708406 -0.6169718 -0.3427926 0.7077575 -0.6196961 -0.3391994 0.7074341 -0.6295455 -0.3212624 0.707534 -0.6432253 -0.292672 0.7064884 -0.6521493 -0.2749098 0.7064905 -0.6521369 -0.2749339 0.7087198 -0.6512218 -0.2713422 0.7069627 -0.6725048 -0.2189548 0.7079339 -0.6768364 -0.2017973 0.7080428 -0.6866701 -0.1648019 0.7101629 -0.692147 -0.1288452 0.7058031 -0.6998586 -0.1097273 0.7073771 -0.7044931 -0.05750918 0.7060697 -0.7060395 -0.05453377 0.7057495 -0.7084616 -3.37395e-6 0.7098033 -0.7041262 0.01964151 0.7060618 -0.7060481 0.05452567 0.7113101 -0.6965587 0.09404259 0.7058072 -0.6998548 0.1097249 0.7080391 -0.6866731 0.1648054 0.7091897 -0.6846797 0.1681182 0.7069705 -0.6724972 0.2189527 0.7097593 -0.6623992 0.2397271 0.7087066 -0.6512356 0.2713432 0.710654 -0.6330975 0.3068526 0.7074303 -0.6295474 0.321267 0.706441 -0.6045746 0.3680092 0.7075209 -0.5989018 0.3751413 0.7063928 -0.5737287 0.4145414 0.7113115 -0.5517593 0.4354283 0.7070522 -0.5369203 0.4602107 0.7080193 -0.5076363 0.4909321 0.7080861 -0.49764 0.5009676 0.7070248 -0.4602272 0.5369421 0.7093621 -0.4495922 0.5428373 0.7067603 -0.4180709 0.5707071 0.709506 -0.3893764 0.5873562 0.7069973 -0.3715676 0.6017411 0.7081344 -0.3248319 0.6269211 0.7074548 -0.3212528 0.6295272 0.707831 -0.2678341 0.6536363 0.7104111 -0.2537037 0.6564682 0.7082433 -0.257259 0.6574263 0.7073444 -0.2537551 0.6597518 0.7069293 -0.2086596 0.6758048 0.7116523 -0.1848431 0.6777788 0.5551054 -0.2432141 0.7954275 0.5555487 -0.1851602 0.8106057 0.7075973 -0.1548961 0.6894298 0.555211 -0.1233519 0.8225115 0.7099533 -0.1128903 0.6951419 0.5549281 -0.06232225 0.8295607 0.3839308 -0.06712359 0.920919 0.1951681 -0.07314425 0.9780385 0.1956686 -6.60999e-7 0.9806702 0.1951273 0.07316738 0.9780449 1.05873e-5 0.1054767 0.9944218 4.83915e-5 0.1467062 0.9891801 4.52921e-5 0.2090483 0.9779053 1.29417e-5 0.2199047 0.9755215 3.34159e-5 0.2904804 0.956881 6.61798e-6 0.2905002 0.9568749 -8.36328e-7 0.3080787 0.9513608 3.77651e-7 0.3080856 0.9513587 -4.25854e-5 0.3258823 0.9454104 2.36959e-5 0.3622033 0.9320992 1.68192e-5 0.3961029 0.9182061 2.16952e-6 0.4054263 0.9141278 4.21493e-6 0.4054005 0.9141392 1.87499e-6 0.4304379 0.9026203 -1.22001e-5 0.4619339 0.8869145 4.01145e-7 0.493571 0.8697056 -2.45543e-5 0.4998559 0.8661087 1.21615e-6 0.4998964 0.8660853 -4.09633e-5 0.5251604 0.8510034 -1.06986e-6 0.5565778 0.8307955 1.49652e-5 0.5876837 0.8090909 -1.52551e-6 0.5876839 0.8090907 -1.4293e-5 0.6183117 0.785933 -3.4899e-6 0.6453259 0.7639074 -5.17588e-5 0.6687881 0.7434531 -9.42079e-6 0.6688227 0.743422 -1.15672e-5 0.6746509 0.7381371 -1.96889e-5 0.7001553 0.7139906 5.49131e-6 0.7275476 0.6860572 -3.05125e-7 0.7434224 0.6688222 1.0066e-5 0.7434501 0.6687915 -5.52465e-5 0.7512547 0.6600125 -1.1974e-5 0.7762877 0.6303788 -9.81835e-6 0.7976943 0.6030621 -6.66082e-6 0.7976932 0.6030636 -4.88907e-5 0.8090943 0.5876789 -0.1966924 0.7806758 0.5931758 -0.1940978 0.8249978 0.5307588 -1.4998e-5 0.841091 0.5408936 -0.1938869 0.8620515 0.4682683 -4.97922e-5 0.8660925 0.4998839 -3.05474e-5 0.8785059 0.4777317 -0.3843817 0.8104528 0.4420601 -0.5570284 0.7284644 0.3988221 -0.7083963 0.6169906 0.3427789 -0.7077363 0.6197141 0.3392106 -0.7075425 0.6432175 0.2926687 -0.709537 0.6488485 0.2748692 -0.7076098 0.6634142 0.2432485 -0.7079042 0.6768624 0.2018142 -0.7089462 0.674743 0.2052249 -0.7089462 0.6747478 0.2052091 -0.7080736 0.6866397 0.1647958 -0.7083836 0.6933501 0.1321305 -0.708375 0.6933726 0.1320583 -0.7058305 0.6998285 0.1097425 -0.7070786 0.7012609 0.09095633 -0.7073728 0.704497 0.05751407 -0.7074042 0.7044655 0.05751329 -0.7060819 0.7060275 0.05453002 -0.8312256 0.5541272 0.04480177 -0.7057348 0.7084762 -2.52062e-6 -0.8308823 0.5564483 2.19207e-4 -0.9234449 0.3837312 9.06675e-7 -0.924076 0.3811269 -0.02873605 -0.9809798 0.1934241 -0.01630622 -0.9806639 0.1932857 -0.03064322 -1 3.12403e-5 -5.15021e-6 -1 1.42157e-5 -8.801e-6 -1 0 0 -1 1.21668e-5 -1.26567e-5 -1 3.25814e-5 -1.73487e-5 -0.9806241 0.1752129 -0.08761763 -0.9807047 0.1663302 -0.1027266 -0.9242797 0.3080872 -0.2253649 -0.924387 0.2889851 -0.2489908 -0.8319674 0.3923164 -0.392324 -0.708032 0.5076278 -0.4909223 -0.7070226 0.4602324 -0.5369405 -0.706636 0.453292 -0.5433157 -0.706631 0.4533132 -0.5433046 -0.7067537 0.418077 -0.5707108 -0.7069048 0.3931104 -0.588005 -0.7069181 0.393093 -0.5880007 -0.7069685 0.3715928 -0.6017594 -0.7065461 0.3500394 -0.6150326 -0.7081305 0.3248541 -0.626914 -0.7081156 0.3248479 -0.6269339 -0.7074385 0.3212658 -0.6295389 -0.7067934 0.3033906 -0.6390597 -0.7067978 0.3033918 -0.6390542 -0.708229 0.2572622 -0.6574405 -0.7073214 0.25376 -0.6597745 -0.7069204 0.208656 -0.6758153 -0.7116236 0.1848529 -0.6778063 -0.7076094 0.1548895 -0.6894187 -0.7099461 0.1128955 -0.6951484 -0.7062396 0.1034259 -0.7003776 -0.7075985 0.05156284 -0.704731 -0.7094345 0.03688108 -0.7038058 -0.7070851 0.002766609 -0.7071231 -0.7094483 -0.03688305 -0.7037917 -0.7075722 -0.0515725 -0.7047566 -0.5549131 -0.06224113 -0.8295767 -0.3838882 -0.1345392 -0.9135256 -0.381157 -0.2036666 -0.9017979 -0.3817664 -0.2705447 -0.883776 -0.1948841 -0.3553398 -0.9141957 -7.6741e-6 -0.3621978 -0.9321013 0 -0.3622018 -0.9320997 -3.13646e-6 -0.3960952 -0.9182094 1.75042e-6 -0.4054238 -0.9141289 5.41913e-7 -0.405441 -0.9141213 -1.44776e-5 -0.4304275 -0.9026253 -3.10873e-5 -0.4619253 -0.8869189 5.0487e-6 -0.4935585 -0.8697127 -7.0082e-7 -0.4998711 -0.8660999 1.09526e-5 -0.4998627 -0.8661047 -5.49154e-6 -0.5251471 -0.8510116 -1.90893e-5 -0.556582 -0.8307927 4.43598e-5 -0.5876834 -0.809091 6.46059e-6 -0.5876842 -0.8090906 -7.37444e-6 -0.6183051 -0.7859382 2.22796e-5 -0.6453301 -0.7639039 4.72739e-5 -0.6453255 -0.7639077 4.21405e-5 -0.6688199 -0.7434245 2.68668e-5 -0.7001571 -0.7139889 0.1952181 -0.6872158 -0.6997317 0.3828724 -0.6931927 -0.6106494 0.5554515 -0.6632218 -0.5016081 0.7074072 -0.5646458 -0.4251472 0.7112123 -0.575594 -0.4035698 0.557263 -0.69749 -0.4505172 0.7054561 -0.5967217 -0.3824329 0.7083646 -0.6170179 -0.3427953 0.5570163 -0.728475 -0.3988198 0.5542662 -0.758204 -0.3433886 0.7095469 -0.6488356 -0.2748737 0.5554254 -0.7809339 -0.2857357 0.7075917 -0.6634294 -0.24326 0.7075859 -0.6634383 -0.2432527 0.7089486 -0.674744 -0.2052131 0.7089461 -0.6747481 -0.2052083 0.7088165 -0.6779003 -0.1950138 0.7080715 -0.6866536 -0.1647476 0.7059698 -0.6939021 -0.1417976 0.7083776 -0.6933688 -0.1320641 0.7083702 -0.6933737 -0.1320778 0.7071023 -0.7012372 -0.09095573 0.7057802 -0.699877 -0.1097571 0.7073727 -0.7044975 -0.05750817 0.7073705 -0.7044978 -0.05753099 0.7060822 -0.7060256 -0.05455005 0.7079499 -0.7051402 -0.0398041 0.7084813 -0.7057297 7.57917e-5 0.7070202 -0.7070555 0.01397347 0.7069745 -0.7069655 0.01967298 0.70697 -0.7069713 0.01962411 0.7084802 -0.7025994 0.06640821 0.7061884 -0.7059273 0.05444961 0.7083621 -0.6995589 0.09402447 0.7083671 -0.6995491 0.09405928 0.7053142 -0.6993277 0.1160722 0.7061529 -0.6878098 0.1681243 0.706152 -0.6878089 0.1681316 0.7061563 -0.6878052 0.1681284 0.7069391 -0.6725278 0.2189604 0.7069374 -0.6725293 0.2189608 0.7066804 -0.6656711 0.2397602 0.7066855 -0.6656517 0.2397988 0.7077473 -0.6537364 0.2678107 0.7086565 -0.6513026 0.2713136 0.7083207 -0.6339424 0.3104816 0.7083222 -0.6339413 0.3104807 0.7059843 -0.6347467 0.3141382 0.7083401 -0.6067222 0.3607527 0.7075083 -0.598915 0.3751438 0.7075083 -0.5989027 0.3751634 0.7081906 -0.5791718 0.403765 0.7063719 -0.5737552 0.4145404 0.7083494 -0.5553923 0.4356381 0.7083582 -0.5553497 0.4356783 0.7061687 -0.5496222 0.4463646 0.7070192 -0.5369409 0.4602374 0.7079021 -0.5142387 0.484183 0.7079443 -0.5043868 0.4943774 0.7080481 -0.5043162 0.4943007 0.7076022 -0.4740043 0.5240412 0.7066284 -0.4533209 0.5433015 0.7066305 -0.4533195 0.5433 0.7083553 -0.4356565 0.5553703 0.706771 -0.4180479 0.5707108 0.7068976 -0.3931064 0.5880164 0.7069213 -0.393085 0.588002 0.7069092 -0.3930743 0.5880239 0.7066028 -0.3500108 0.6149837 0.7069637 -0.3715848 0.6017701 0.7081297 -0.3248537 0.6269151 0.7081322 -0.324823 0.6269281 0.7067251 -0.3034159 0.6391232 0.7082415 -0.2572742 0.6574222 0.7082371 -0.2572541 0.6574349 0.5553939 -0.3000166 0.7755822 0.3829132 -0.3334727 0.8614948 0.3817605 -0.2705555 0.8837753 0.3810184 -0.2036167 0.9018676 0.3839032 -0.1345083 0.9135239 0.1945986 -0.1434071 0.9703431 1.08331e-5 -0.1054762 0.9944218 4.14476e-5 -0.0733304 0.9973078 2.87592e-5 -1.84833e-6 1 1.48565e-5 0.07332646 0.9973081 -1.91587e-5 -1.28061e-7 1 -3.65963e-6 0.07332968 0.9973078 -5.19035e-5 0.0364921 0.999334 -4.81785e-7 0.1054543 0.9944242 -1.48169e-5 0.1054542 0.9944242 5.79807e-7 0.1102073 0.9939087 7.76327e-6 0.1467114 0.9891794 -3.84497e-6 0.1825041 0.9832051 1.20723e-7 0.2090582 0.9779032 -6.31134e-6 0.2090704 0.9779007 1.45952e-5 0.2198665 0.97553 1.35235e-5 0.2560254 0.96667 -1.56686e-5 0.2560242 0.9666705 -2.06903e-5 0.3080781 0.9513611 -0.194876 0.3219831 0.926472 -9.6783e-6 0.3259109 0.9454005 -9.90927e-6 0.3960937 0.9182101 -0.1945883 0.3891866 0.9003717 -1.15335e-5 0.4054222 0.9141296 -0.1960365 0.4515979 0.8704189 -7.30157e-6 0.4619336 0.8869146 -0.1965975 0.5142127 0.8348262 -3.58075e-5 0.4998684 0.8661014 -2.1942e-5 0.5251481 0.8510109 -1.06245e-5 0.5876834 0.8090911 -0.1961308 0.5760027 0.7935703 -2.00421e-6 0.6453236 0.7639095 -0.194386 0.6325104 0.7497631 -4.02331e-6 0.6688154 0.7434285 -0.1950431 0.687307 0.6996909 -4.59552e-5 0.7001562 0.7139897 -0.1946356 0.7383767 0.645691 -2.48663e-5 0.7434337 0.6688097 -4.32208e-5 0.7434281 0.668816 -6.78748e-6 0.7512079 0.6600658 -0.3828749 0.6931911 0.6106496 -0.3841143 0.7354969 0.5581223 -0.3833305 0.7763947 0.5002689 -0.5572786 0.6974776 0.4505171 -0.7054654 0.5967175 0.3824223 -0.7054914 0.5966923 0.3824139 -0.7083985 0.616994 0.3427684 -0.7083796 0.6169852 0.3428231 -0.707389 0.6295843 0.3212859 -0.7064905 0.6521318 0.2749464 -0.7064859 0.6521502 0.2749143 -0.7086931 0.6512481 0.2713487 -0.7076212 0.6634029 0.2432464 -0.7069472 0.6725195 0.2189594 -0.7079294 0.6768383 0.2018066 -0.8302658 0.5305398 0.1708405 -0.8313543 0.5404577 0.1294438 -0.7080735 0.686641 0.1647911 -0.8320125 0.5480361 0.08609181 -0.7101499 0.6921592 0.1288523 -0.7058202 0.6998424 0.1097208 -0.9239208 0.378077 0.05855065 -0.9240763 0.3811258 0.02874493 -0.9809841 0.1934018 0.01631045 -0.980668 0.1956794 0 -1 4.66183e-5 -5.20842e-6 -1 3.8445e-6 -8.67294e-6 -1 0 0 -0.8650413 0.491061 -0.1027759 -0.8655985 0.4958181 -0.0700255 -0.8654416 0.4820603 -0.1364879 -0.8654405 0.4820541 -0.136516 -0.9202526 0.3763714 -0.1071437 -0.9300476 0.3491254 -0.1145558 -0.866651 0.4687052 -0.1709719 -0.8660418 0.4568805 -0.2030559 -0.865979 0.4569113 -0.2032544 -1 0 0 -1 1.56537e-5 -9.00403e-6 -1 2.39164e-6 -7.79703e-6 -0.9808609 0.1569369 -0.1152513 -0.980771 0.1474811 -0.127819 -0.9236084 0.2724848 -0.2696288 -0.8311629 0.3603113 -0.4234904 -0.7093766 0.4495792 -0.5428292 -0.8308181 0.3272312 -0.4501791 -0.7067828 0.4180555 -0.5706906 -0.8309177 0.290282 -0.4746708 -0.7095086 0.3893731 -0.5873552 -0.7069994 0.3715613 -0.6017426 -0.7081402 0.3248262 -0.6269175 -0.8313971 0.253414 -0.4945304 -0.7078472 0.2678222 -0.6536235 -0.7082439 0.2572352 -0.6574349 -0.7082437 0.2572599 -0.6574255 -0.7069246 0.2189688 -0.6725403 -0.706711 0.1882671 -0.6819935 -0.7066996 0.1882569 -0.6820082 -0.7080154 0.1649806 -0.6866555 -0.7075895 0.1548945 -0.6894381 -0.7070295 0.1128922 -0.6981151 -0.7070285 0.1128912 -0.6981163 -0.7070353 0.1128903 -0.6981096 -0.7073812 0.05750817 -0.704489 -0.7066255 0.03689718 -0.7066251 -0.7066256 0.03688937 -0.7066254 -0.7071045 -0.002764105 -0.7071037 -0.7071042 -0.002772748 -0.7071039 -0.7066261 -0.03687703 -0.7066256 -0.7066249 -0.03690665 -0.7066252 -0.7073953 -0.05750864 -0.7044748 -0.7062625 -0.1034305 -0.7003539 -0.7099661 -0.1128848 -0.6951297 -0.5552091 -0.1231976 -0.8225359 -0.5555403 -0.1851562 -0.8106123 -0.5550957 -0.24325 -0.7954233 -0.3829739 -0.3336117 -0.8614141 -0.1940214 -0.4233296 -0.8849564 -2.45571e-5 -0.4054102 -0.9141349 -4.36604e-6 -0.4304349 -0.9026216 -3.50848e-5 -0.4935577 -0.8697132 -0.1948282 -0.486028 -0.85195 -2.94671e-5 -0.4998823 -0.8660935 -0.1949353 -0.5482619 -0.8132706 -3.91453e-5 -0.5565832 -0.8307918 -1.67936e-5 -0.5876876 -0.8090881 -0.1936874 -0.6057145 -0.7717482 -8.59797e-6 -0.6183052 -0.7859382 -1.91331e-5 -0.6688139 -0.74343 -6.64251e-7 -0.6687988 -0.7434434 8.35583e-6 -0.6688196 -0.7434247 2.88908e-7 -0.6745693 -0.7382116 -2.27843e-5 -0.7001511 -0.7139948 4.98327e-6 -0.7275496 -0.6860552 9.39006e-7 -0.7434272 -0.668817 4.74676e-5 -0.743423 -0.6688215 3.06964e-6 -0.7512078 -0.6600658 0.1946506 -0.7383577 -0.6457082 0.3841263 -0.7354736 -0.5581448 0.383339 -0.7763923 -0.5002662 0.3843825 -0.8104513 -0.4420621 0.3832194 -0.841832 -0.3800814 0.383961 -0.8663209 -0.3194718 0.5538818 -0.8013632 -0.225903 0.7078926 -0.6768702 -0.2018286 0.5571068 -0.8131401 -0.1686275 0.7113367 -0.6903332 -0.1320614 0.556153 -0.8240677 -0.1077333 0.7070823 -0.7012571 -0.09095734 0.5541813 -0.8311897 -0.04479873 0.7102321 -0.7016142 -0.05751407 0.554654 -0.8319189 0.01643496 0.7097598 -0.7041699 0.01964282 0.5543969 -0.8286686 0.07715183 0.7084099 -0.7026613 0.06650149 0.556313 -0.8197413 0.1361624 0.7112699 -0.6965984 0.09405308 0.7052868 -0.6993569 0.1160629 0.7061215 -0.6878416 0.1681261 0.5562616 -0.8069192 0.1986315 0.5553919 -0.790781 0.2573038 0.7097181 -0.6624391 0.2397393 0.5550047 -0.770107 0.3144919 0.7078189 -0.6536479 0.2678372 0.7075625 -0.6365085 0.3069402 0.5555216 -0.7449958 0.3692925 0.5538129 -0.716319 0.4244744 0.7105116 -0.5954222 0.3750277 0.5566529 -0.6807306 0.4761759 0.7081902 -0.579171 0.4037669 0.5572763 -0.6417419 0.5268876 0.7083367 -0.5553902 0.4356616 0.555546 -0.603033 0.5724682 0.7079839 -0.5076522 0.4909666 0.555313 -0.5620902 0.6129292 0.7075912 -0.4740006 0.5240593 0.5563244 -0.5124943 0.6541047 0.7093462 -0.4496015 0.5428503 0.5554702 -0.4651339 0.6892774 0.7069008 -0.393105 0.5880134 0.5552077 -0.409788 0.723753 0.7065806 -0.3500275 0.6149997 0.5563309 -0.3545658 0.7515178 0.7111553 -0.3247539 0.6235327 0.7067921 -0.3033936 0.6390597 0.3822736 -0.3979159 0.8339844 0.1940339 -0.4233283 0.8849543 0.1949299 -0.3553207 0.9141934 0.1944268 -0.2858886 0.9383316 0.1955515 -0.216903 0.9564062 4.74006e-5 -0.2199087 0.9755205 2.61962e-5 -0.2090483 0.9779053 1.2964e-6 -0.1467154 0.9891788 4.65428e-6 -0.1467097 0.9891797 -2.63471e-6 -0.1054641 0.9944232 1.38953e-6 -0.1054654 0.994423 -3.68408e-6 -0.07332974 0.9973078 -5.19417e-5 -0.03649181 0.999334 9.84874e-6 2.85124e-7 1 -1.78143e-5 -4.61923e-6 1 -4.82127e-5 0.03649085 0.999334 -0.1945618 0.03793299 0.9801566 -2.89455e-5 0.1054661 0.994423 -0.1949653 0.1074892 0.9749024 -4.2215e-5 0.1101882 0.9939108 -5.54323e-6 0.1824996 0.983206 -0.1939758 0.1807913 0.9642034 -3.63812e-5 0.2090574 0.9779034 -0.1962712 0.2480681 0.9486517 -0.3816251 0.2366976 0.8934968 -0.3843027 0.3019766 0.8724228 -0.3809462 0.3653442 0.8493549 -0.3825129 0.4271652 0.8192764 -0.3819183 0.4854212 0.7864509 -0.3831423 0.5436531 0.7467553 -0.3823868 0.5967052 0.7054951 -0.3834809 0.6480315 0.6580255 -0.5556766 0.5827832 0.592948 -0.5548578 0.6259002 0.5480711 -0.5554607 0.6632136 0.5016087 -0.707417 0.5646401 0.4251386 -0.7112057 0.5755962 0.4035785 -0.7086177 0.5761814 0.4072788 -0.7086191 0.5761743 0.4072863 -0.7064253 0.6045897 0.3680146 -0.7064635 0.6045609 0.3679886 -0.7114736 0.6135109 0.3426512 -0.8313991 0.49452 0.2534278 -0.7074334 0.6295494 0.3212562 -0.7095825 0.6487975 0.2748718 -0.8320669 0.5120013 0.213353 -0.9246947 0.3509238 0.1476227 -0.9242094 0.3631169 0.1182511 -0.9241677 0.371367 0.0894472 -0.9806568 0.1904375 0.04523235 -0.9806524 0.193343 0.0306496 -1 3.09721e-5 1.03004e-6 -1 4.52772e-5 4.61005e-7 -0.8660802 0.4999052 3.48146e-5 -0.8660157 0.5000168 1.97997e-4 -0.8659999 0.4987735 -0.03562605 -0.8655976 0.4958196 -0.07002645 -0.9265194 0.3716854 -0.05841171 -0.9192866 0.3850877 -0.08136129 5.66244e-6 0.9778998 -0.2090742 1.46627e-5 0.9611657 -0.2759724 6.1363e-5 0.9513581 -0.3080875 2.74181e-5 0.9513602 -0.3080809 2.8789e-5 0.9400666 -0.3409911 -0.9191737 0.3704639 -0.1337029 -0.9200965 0.3573507 -0.1603842 -0.9271781 0.3333768 -0.1708821 -0.866261 0.4406499 -0.2354138 -0.8667625 0.4227433 -0.2645955 -0.8664717 0.3809868 -0.3226081 -0.8662604 0.4040405 -0.2938439 -0.8667548 0.4227594 -0.2645953 -1 3.53307e-5 -2.66619e-5 -1 2.64049e-5 -2.93925e-5 -0.9808517 0.1377121 -0.1377148 -0.9242444 0.2461726 -0.2918412 -0.9242655 0.2253432 -0.3081457 -0.9242729 0.1985116 -0.3260565 -0.9237781 0.1746098 -0.3408012 -0.8320322 0.2133264 -0.5120688 -0.7103965 0.253708 -0.6564825 -0.8311534 0.1740048 -0.5281161 -0.7069712 0.2189538 -0.6724961 -0.8312627 0.1293532 -0.5406202 -0.7116698 0.1848509 -0.6777584 -0.7080642 0.1647904 -0.6866507 -0.7070626 0.1128902 -0.6980819 -0.8320211 0.0860942 -0.5480227 -0.8312267 0.04471623 -0.5541325 -0.7094892 0.03688222 -0.7037505 -0.8308573 6.32039e-5 -0.5564856 -0.7071164 0.002765834 -0.7070919 -0.8312387 -0.04466944 -0.554118 -0.7094632 -0.03688794 -0.7037765 -0.7070327 -0.1128881 -0.6981124 -0.7070283 -0.1129044 -0.6981143 -0.707027 -0.1129124 -0.6981143 -0.7080004 -0.1648238 -0.6867086 -0.7076658 -0.154848 -0.6893702 -0.707605 -0.1548962 -0.6894218 -0.711629 -0.1848492 -0.6778016 -0.7069149 -0.2086621 -0.6758191 -0.7082282 -0.2572681 -0.657439 -0.7073341 -0.2537612 -0.6597604 -0.5553657 -0.3000258 -0.7755988 -0.3822063 -0.398055 -0.8339489 -0.3824335 -0.4563438 -0.803427 -0.3812226 -0.5180813 -0.7656769 -0.3812413 -0.5718575 -0.7263844 -0.1948775 -0.6618649 -0.7238492 -3.01152e-5 -0.674597 -0.7381862 -1.65626e-5 -0.7275483 -0.6860566 -0.1949885 -0.7118515 -0.67472 -6.4671e-6 -0.7434364 -0.6688067 -3.19281e-6 -0.7434383 -0.6688047 3.54936e-6 -0.7511969 -0.6600782 -3.13972e-5 -0.7762714 -0.6303989 2.15544e-5 -0.7977035 -0.6030499 -1.00001e-6 -0.8090901 -0.5876847 -1.78827e-5 -0.8201193 -0.5721926 0 -0.8090872 -0.5876885 4.28706e-5 -0.8090963 -0.5876762 2.17035e-5 -0.7976884 -0.60307 0.1966915 -0.7806824 -0.5931675 0.194117 -0.82498 -0.5307794 0.1939112 -0.8620097 -0.4683351 0.1957209 -0.8939464 -0.4031791 0.1965553 -0.9200313 -0.3389816 0.3817329 -0.8888251 -0.2535153 0.384105 -0.9040042 -0.1877229 0.3830085 -0.9160021 -0.1193509 0.3818593 -0.9228467 -0.05037361 0.3837594 -0.9232551 0.0181356 0.3826695 -0.9200462 0.08413732 0.3821456 -0.9113743 0.1528461 0.3814848 -0.8978047 0.2200365 0.3809643 -0.8798191 0.2842265 0.382246 -0.854735 0.3511638 0.3842673 -0.8257594 0.4128682 0.3840698 -0.7939941 0.4712364 0.3820697 -0.7576845 0.5290907 0.3818306 -0.7174885 0.5825939 0.3834418 -0.6709865 0.6346256 0.3831817 -0.6209927 0.6837689 0.3811853 -0.5718262 0.7264383 0.381224 -0.5180762 0.7656797 0.3823786 -0.4563829 0.8034309 0.1950456 -0.4859672 0.8519349 3.37288e-5 -0.4935548 0.8697147 1.23009e-5 -0.4304422 0.9026182 2.44305e-5 -0.4054111 0.9141345 9.93162e-6 -0.3621974 0.9321015 2.95714e-5 -0.3080884 0.9513579 2.79769e-5 -0.2904853 0.9568795 -8.24116e-6 -0.2904567 0.9568881 9.03446e-5 -0.2198146 0.9755417 1.41794e-5 -0.2560256 0.96667 -7.77468e-6 -0.2090749 0.9778997 1.15123e-6 -0.2090263 0.9779101 -1.48697e-5 -0.182521 0.983202 -7.255e-6 -0.1102043 0.993909 -2.06232e-5 -0.1101856 0.9939111 -3.53903e-5 -0.1054639 0.9944232 -0.1950077 -0.1074882 0.9748941 -0.1945896 -0.03795808 0.9801501 -4.71622e-5 -0.03649133 0.999334 -0.3830139 -0.03412395 0.9231121 -0.3829034 0.03409773 0.9231589 -0.3821254 0.1044599 0.9181875 -0.3827643 0.1685425 0.908342 -0.5550159 0.1522432 0.8177893 -0.5568673 0.2122917 0.8030138 -0.5554375 0.2714692 0.7859985 -0.5546427 0.328943 0.7643089 -0.5546497 0.3840301 0.7381631 -0.5558729 0.4393721 0.7056611 -0.5545166 0.4906494 0.6721418 -0.5546672 0.5373928 0.6352585 -0.7068303 0.4567823 0.5401305 -0.7106056 0.4770884 0.5171329 -0.7080476 0.4943009 0.5043167 -0.7073303 0.5305333 0.4671386 -0.7073353 0.5305325 0.4671319 -0.7073546 0.5305236 0.4671128 -0.7074114 0.5646302 0.4251611 -0.7070214 0.536941 0.4602338 -0.7063898 0.5737332 0.4145405 -0.7082185 0.5791485 0.4037494 -0.8308385 0.4500854 0.327308 -0.8308028 0.4747617 0.2904621 -0.9242849 0.326051 0.1984651 -0.9237943 0.340773 0.1745797 -0.9806295 0.175195 0.08759444 -0.9810235 0.1788329 0.07491141 -0.9809652 0.184693 0.05996501 -1 2.39536e-5 1.69128e-6 -1 4.81382e-5 3.74578e-6 -1 0 0 -0.8655682 0.4958793 0.06996703 -0.8656101 0.4957973 0.07003039 -0.8660119 0.4987531 0.03562158 -0.8661007 0.4998697 -2.24716e-6 -0.9192324 0.3928434 0.02618992 -0.9195414 0.3929931 -1.84379e-6 -0.9192416 0.3928221 -0.02618551 -0.9196153 0.3891854 -0.0533151 1.25766e-5 0.9902626 -0.139212 5.71609e-5 0.9876344 -0.1567752 2.79397e-5 0.9876357 -0.1567671 -1 -1.84426e-7 0 -0.9788317 0.2019465 -0.03326171 -1 2.3216e-5 -2.5928e-6 -0.9790271 0.1953366 -0.05787646 -0.9787256 0.1635417 -0.1238963 -0.9786612 0.1774901 -0.1035359 -1 4.15519e-5 -1.36346e-5 -1 1.37538e-5 -5.98654e-6 -0.9788721 0.1879773 -0.08046126 -1 4.2446e-5 -9.58145e-6 -1 -5.26969e-7 0 -1 2.65911e-5 6.61332e-6 -0.9791734 0.202812 -0.009322047 -0.9156383 0.4016987 -0.01564836 -0.9159637 0.396018 -0.0646553 -0.9153533 0.3871587 -0.1106191 -0.9154082 0.3701285 -0.1582173 -0.915001 0.3499401 -0.2007866 -0.9162601 0.3208141 -0.2398872 -0.9152971 0.2905625 -0.2789348 -0.9158547 0.2550376 -0.3101067 -0.9786451 0.1490294 -0.1415769 -1 4.10303e-5 -2.46465e-5 -1 -3.02889e-7 0 -1 1.06052e-6 0 -1 2.25455e-5 -2.18414e-5 -1 3.57926e-5 -1.2299e-5 -0.968307 0.2364397 -0.08048498 -0.874169 0.4604077 -0.1544453 -0.9679191 0.246844 -0.04691338 -1 3.05325e-5 -4.85592e-6 -0.9686017 0.2481973 -0.0144543 -1 2.60472e-5 -2.63564e-6 -1 3.02621e-7 0 -1 5.33041e-7 0 -1 3.09795e-5 1.14772e-5 -0.9787936 0.2041893 0.01642817 -0.9155172 0.4010313 0.03166049 -0.9788464 0.2005311 0.04058498 -0.9165112 0.3916016 0.08158063 -0.8134276 0.5696834 0.1174584 -0.8147132 0.5778802 0.04792577 -0.8125894 0.5824143 -0.02218747 -0.8139429 0.5735038 -0.0926851 -0.8135781 0.5583987 -0.1621156 -0.8143525 0.533605 -0.2282452 -0.8143994 0.5030695 -0.2892659 -0.8127604 0.4653158 -0.3505734 -0.8132258 0.4194306 -0.4034128 -0.8140302 0.3671042 -0.4500993 -0.8132157 0.3132658 -0.4904536 -0.9154311 0.2158887 -0.3396734 -0.8139932 0.2485301 -0.5250219 -0.9152052 0.1733698 -0.363789 -0.812981 0.1850475 -0.5521045 -0.8134284 0.1174576 -0.5696825 -0.9158956 0.1252689 -0.38137 -0.9785032 0.08828383 -0.1863802 -0.9786278 0.1112005 -0.1729806 -0.9789009 0.1288542 -0.1585868 -1 3.03239e-5 -2.16514e-5 -1 3.00363e-7 0 -1 1.80304e-5 -3.33562e-5 -1 3.32445e-5 -2.1264e-5 -0.9680876 0.2085179 -0.1390209 -0.9683713 0.2241691 -0.1095679 -0.874154 0.4355637 -0.2148002 -0.7249112 0.6186366 -0.3029727 -0.5644284 0.7768871 -0.279047 -0.7249718 0.6531141 -0.2187643 -0.8744256 0.476689 -0.09026485 -0.8755056 0.4824475 -0.02710437 -0.9682351 0.2492904 0.01936507 -1 3.6478e-5 5.60284e-6 -1 6.05576e-7 0 -1 -5.32062e-7 0 -1 2.45422e-5 1.22748e-5 -1 4.61638e-5 2.25361e-5 -0.9788542 0.1938185 0.06541216 -0.9165304 0.3788787 0.1281527 -0.8129894 0.5520935 0.1850441 -0.9152076 0.3637849 0.1733662 -0.8139912 0.5248336 0.2489337 -0.8127586 0.4933318 0.3099151 -0.8127599 0.4933333 0.3099094 -0.8139755 0.5250442 0.2485408 -0.8129988 0.5520809 0.1850401 -0.813436 0.5696706 0.1174618 -0.8147063 0.5778898 0.04792892 -0.8126044 0.5823931 -0.02218937 -0.813942 0.5735045 -0.0926879 -0.8136 0.5583691 -0.1621083 -0.8143464 0.5336146 -0.2282443 -0.8143908 0.5030826 -0.2892674 -0.812754 0.465319 -0.3505841 -0.8132365 0.4194163 -0.4034062 -0.8140207 0.3671123 -0.4501101 -0.8132296 0.3132514 -0.4904399 -0.8139797 0.2485415 -0.5250374 -0.8129947 0.1850405 -0.5520867 -0.813419 0.1174682 -0.5696938 -0.8134742 0.04503768 -0.5798547 -0.8134742 0.04503768 -0.5798547 -0.8138706 -0.02498763 -0.5805087 -0.8139294 -0.09269249 -0.5735217 -0.8138756 -0.02499574 -0.5805015 -0.9155187 0.03165566 -0.4010282 -0.915733 0.07879805 -0.3939847 -0.9788582 0.06540584 -0.1938006 -1 2.43336e-5 -4.69163e-5 -1 1.10902e-5 -1.48937e-5 -1 3.42727e-5 -2.94521e-5 -1 -1.07138e-6 0 -1 3.00191e-7 0 -1 2.0057e-5 -3.47942e-5 -0.9679177 0.1889365 -0.1656458 -0.8751221 0.3628488 -0.3201596 -0.8748366 0.4025934 -0.2694058 -0.7268141 0.5689371 -0.3847751 -0.5309726 0.7045495 -0.4708272 -0.5997591 0.6924982 -0.4009183 -0.531453 0.7596004 -0.3749203 -0.5313954 0.7596486 -0.374904 -0.5312403 0.7968547 -0.2877613 -0.5312225 0.7968698 -0.287752 -0.5305017 0.8035535 -0.2699442 -0.53086 0.8320203 -0.1610283 -0.7247721 0.6768467 -0.1287788 -0.7234959 0.6893322 -0.03708046 -0.8744114 0.4836751 0.03825432 -0.9680887 0.2451527 0.05200457 -1 5.12153e-5 6.25104e-6 -1 1.06401e-6 0 -1 5.34321e-7 0 -1 1.97142e-5 1.41338e-5 -0.9785081 0.1863594 0.0882734 -0.9784675 0.175443 0.1087251 -0.9154314 0.3396697 0.2158937 -0.9158512 0.3101119 0.2550436 -0.8140401 0.450088 0.3670962 -0.8140243 0.4503857 0.3667659 -0.8132547 0.4033902 0.4193962 -0.8132389 0.4031276 0.4196794 -0.9153968 0.2037236 0.3471966 -0.8127384 0.3505921 0.4653404 -0.9162639 0.2398848 0.3208051 -0.9152949 0.2789394 0.2905654 -0.9158613 0.3100917 0.255032 -0.91543 0.3396731 0.2158939 -0.9151985 0.3638029 0.1733754 -0.916541 0.3788567 0.1281411 -0.9165132 0.3915973 0.08158069 -0.9155237 0.4010165 0.03165894 -0.9156269 0.4017245 -0.01565164 -0.915964 0.3960171 -0.06465655 -0.9153511 0.3871651 -0.1106157 -0.915419 0.3701049 -0.1582105 -0.9150146 0.3499133 -0.200771 -0.9162696 0.320788 -0.2398861 -0.9152965 0.2905617 -0.2789378 -0.915845 0.2550539 -0.3101217 -0.9154348 0.2158862 -0.3396652 -0.915211 0.1733638 -0.3637772 -0.9158957 0.1252715 -0.381369 -0.9157287 0.07880127 -0.3939941 -0.9155159 0.03166425 -0.4010337 -0.9156213 -0.01565223 -0.4017372 -0.9159706 -0.06465244 -0.3960024 -0.8135945 -0.162104 -0.5583783 -0.9153615 -0.1106109 -0.3871417 -0.9154116 -0.1582202 -0.370119 -0.814341 -0.2282544 -0.5336185 -0.8135975 -0.1621106 -0.558372 -0.8139377 -0.09269028 -0.5735102 -0.9156226 -0.01565533 -0.4017339 -0.9787928 0.01642811 -0.2041933 -0.9788428 0.04058635 -0.2005482 -1 1.34148e-5 -2.40058e-5 -1 2.12439e-6 0 -1 -1.20908e-6 0 -1 2.12698e-6 0 -1 -6.04691e-7 0 -1 -2.14168e-6 0 -1 9.04214e-7 0 -1 3.27826e-5 -4.20064e-5 -0.9679246 0.165628 -0.1889165 -0.8750119 0.3170533 -0.3658297 -0.7266151 0.447947 -0.5209357 -0.7241411 0.5181946 -0.455076 -0.5306031 0.6353847 -0.5610229 -0.5647429 0.6289782 -0.5342771 -0.5299804 0.6481266 -0.5468571 -0.5309272 0.7045756 -0.4708393 -0.5283236 0.7363576 -0.4226722 -0.5283249 0.7363609 -0.4226647 -1 2.19384e-7 0 -1 -3.65743e-7 0 4.54485e-5 0.8917909 -0.4524477 2.55406e-5 0.9141312 -0.4054187 3.84301e-5 0.8917863 -0.4524568 -3.93391e-6 0.883576 -0.4682879 -0.9197837 0.3463365 -0.1845241 -0.9201093 0.3314859 -0.2086046 -0.9194773 0.3189399 -0.2298672 -0.9196367 0.2998362 -0.253706 -0.8654584 0.360351 -0.3480358 -0.866462 0.3810013 -0.3226171 -1 0 0 -1 -1.25915e-6 -6.86944e-6 -0.9807757 0.1278092 -0.1474583 -0.9808521 0.1152672 -0.1569796 -0.9807028 0.102731 -0.1663378 -0.9808253 0.0900529 -0.1728362 -0.9241495 0.1448059 -0.3535239 -0.924206 0.1182851 -0.3631144 -0.9241782 0.08940809 -0.3713503 -0.9239127 0.05867004 -0.3780787 -0.9240829 0.02878105 -0.3811069 -0.9235323 2.11018e-4 -0.3835207 -0.924086 -0.02885144 -0.3810942 -0.8320146 -0.08610218 -0.5480311 -0.7070577 -0.1128863 -0.6980875 -0.8313165 -0.1293039 -0.5405493 -0.7080641 -0.1648012 -0.6866483 -0.7116842 -0.1848423 -0.6777455 -0.706696 -0.1882667 -0.6820092 -0.7067055 -0.1882245 -0.682011 -0.7069634 -0.2189358 -0.6725101 -0.7082428 -0.2572602 -0.6574262 -0.7082433 -0.2572351 -0.6574356 -0.7078316 -0.2678266 -0.6536386 -0.706725 -0.303416 -0.6391233 -0.7068008 -0.3033917 -0.639051 -0.5562907 -0.3546504 -0.7515078 -0.555187 -0.4098335 -0.7237431 -0.5554533 -0.4651075 -0.689309 -0.5563005 -0.5125089 -0.6541135 -0.3831769 -0.620996 -0.6837686 -0.3834052 -0.6709949 -0.6346388 -0.1936371 -0.760833 -0.619385 -3.11956e-5 -0.7762823 -0.6303856 -0.1955428 -0.8035607 -0.5621861 -1.06767e-5 -0.8090911 -0.5876834 -3.52189e-5 -0.8201293 -0.5721783 -3.51518e-5 -0.8605526 -0.5093616 -3.37325e-6 -0.8605516 -0.5093632 -4.76721e-6 -0.841091 -0.5408938 2.90126e-5 -0.8410902 -0.5408949 2.59802e-5 -0.8660919 -0.4998849 2.56002e-5 -0.878502 -0.4777387 2.55182e-5 -0.9113373 -0.4116605 6.73532e-6 -0.9141322 -0.405416 3.46079e-5 -0.9389864 -0.3439544 4.12762e-5 -0.9513592 -0.3080841 8.78423e-6 -0.961979 -0.2731237 0.1953291 -0.9437206 -0.2669045 0.1962583 -0.9601632 -0.1989207 0.1949598 -0.972568 -0.1268948 0.1948354 -0.9792753 -0.05530893 0.1965142 -0.9803224 0.01871621 0.1952427 -0.9764764 0.09151071 0.1945248 -0.9672049 0.1633247 0.1943909 -0.9530487 0.2321863 0.1960791 -0.9327428 0.3025621 0.1964513 -0.9069414 0.3726451 0.1951078 -0.8778238 0.4374454 0.1957301 -0.843505 0.5001891 0.1955507 -0.803563 0.5621801 0.1940868 -0.7608807 0.6191857 0.1950095 -0.7118861 0.6746775 0.1948934 -0.6618949 0.7238175 0.1937203 -0.6057105 0.7717431 0.1949416 -0.5482838 0.8132544 2.81259e-5 -0.4998822 0.8660934 1.5942e-4 -0.4998924 0.8660875 8.68824e-5 -0.4935675 0.8697076 -2.51508e-5 -0.4998553 0.866109 -9.51718e-6 -0.4619349 0.8869138 -2.08048e-5 -0.4304569 0.9026111 -3.78059e-7 -0.4054363 0.9141233 -1.49966e-6 -0.4054228 0.9141293 9.37143e-7 -0.3960925 0.9182107 -5.84172e-7 -0.3622019 0.9320998 -4.26689e-5 -0.3258821 0.9454104 -5.80912e-7 -0.3080797 0.9513607 -7.38539e-7 -0.3080858 0.9513586 -3.84077e-5 -0.3080722 0.951363 -1.03116e-5 -0.2560223 0.9666709 -0.1962659 -0.2480728 0.9486515 -0.1939329 -0.1807831 0.9642135 -3.3088e-5 -0.2090612 0.9779026 -4.0397e-5 -0.1825004 0.9832059 -0.3827719 -0.1685031 0.908346 -0.3821395 -0.1044375 0.9181842 -0.5569022 -0.09231609 0.8254319 -0.5540267 -0.03080475 0.8319289 -0.5543994 0.03051954 0.831691 -0.5569602 0.09234666 0.8253894 -0.707817 0.07865422 0.7020034 -0.7071578 0.1288539 0.6952155 -0.7112548 0.1483238 0.6871076 -0.7075402 0.1815105 0.6829648 -0.7079061 0.222405 0.6703768 -0.7068277 0.2293475 0.6691744 -0.7073114 0.2784621 0.6497458 -0.709785 0.2890785 0.6423698 -0.7081249 0.324836 0.6269295 -0.7108185 0.3570472 0.6060152 -0.7069665 0.3715851 0.6017666 -0.7067279 0.4180927 0.5707314 -0.7097298 0.4178935 0.5671409 -0.7071032 0.4216146 0.5676674 -0.7068892 0.4567408 0.5400884 -0.7070358 0.4601387 0.5370035 -0.7077176 0.4774309 0.5207644 -0.7077434 0.4773398 0.5208129 -0.7080582 0.4976819 0.5009654 -0.7073565 0.5304942 0.4671431 -0.710118 0.5300837 0.4634047 -0.8311732 0.4234411 0.3603456 -0.9243615 0.2890814 0.2489737 -0.9242542 0.3081728 0.2253521 -0.9808582 0.1569496 0.1152563 -0.9807022 0.166343 0.1027299 -1 1.90511e-5 8.07271e-6 -1 2.04295e-5 9.54792e-6 -1 2.26274e-5 8.49366e-7 -1 1.60408e-7 0 -1 0 0 -0.8654456 0.4820533 0.1364865 -0.865427 0.4820844 0.1364948 -0.8650482 0.4910481 0.1027784 -0.9192894 0.3850823 0.0813564 -0.9265219 0.3716788 0.05841279 -0.9196143 0.3891877 0.05331647 1.45137e-5 0.9902588 0.1392387 -6.38366e-5 0.9976258 0.06886845 -3.05641e-5 1 1.47069e-6 0 1 7.11953e-5 -4.97997e-5 0.9976206 -0.06894415 -1 0 0 -0.5301816 0.8365076 -0.1384292 -0.5301795 0.8365079 -0.1384354 -0.5687422 0.8116424 -0.1333005 -0.5294116 0.8470413 -0.04737579 -0.5991016 0.800597 0.01103866 -0.7258403 0.6857001 0.05450934 -0.8744983 0.4741371 0.1022098 -0.9683275 0.2345052 0.08572793 -1 3.40492e-5 6.81728e-6 -0.9681829 0.2222617 0.1149853 -1 3.03686e-5 1.65254e-5 -1 -5.37887e-7 0 -1 1.14813e-5 1.52737e-5 -1 1.88872e-5 1.67862e-5 -0.9789002 0.1585907 0.1288543 -0.9786477 0.1415705 0.1490193 -0.9153053 0.2792165 0.2902665 -0.9162561 0.2398983 0.3208171 -0.8127539 0.350582 0.465321 -0.8143827 0.2892835 0.5030866 -0.8143967 0.289266 0.503074 -0.9154229 0.158209 0.3700957 -0.9787031 0.05544066 0.1976527 -0.9788685 0.08055132 0.1879573 -0.9786611 0.1035348 0.1774911 -0.9787303 0.1238804 0.1635262 -0.9786424 0.1415861 0.149039 -0.9788972 0.1586011 0.1288647 -0.9784756 0.1754078 0.1087086 -0.9785086 0.1863558 0.08827459 -0.978855 0.1938152 0.06541103 -0.9788462 0.2005318 0.04058682 -0.9787881 0.2042151 0.01643109 -0.9791736 0.202811 -0.009323596 -0.9788346 0.2019321 -0.03325974 -0.9790309 0.1953188 -0.0578711 -0.9788712 0.1879445 -0.08054804 -0.9786629 0.1774829 -0.1035322 -0.9787263 0.1635411 -0.1238924 -0.9786438 0.1490339 -0.1415814 -0.9788986 0.1288607 -0.1585955 -0.9786272 0.1112024 -0.1729829 -0.9785094 0.08827233 -0.1863534 -0.9788535 0.06541562 -0.1938219 -0.9788492 0.0405839 -0.2005174 -0.9787906 0.01642996 -0.2042036 -0.9787297 -0.006993412 -0.2050349 -0.9788366 -0.03325754 -0.2019231 -0.9786972 -0.0554471 -0.1976804 -0.9788671 -0.08055478 -0.1879637 -0.9786677 -0.103519 -0.177464 -0.9153883 -0.2037352 -0.3472121 -0.8143874 -0.2892718 -0.5030856 -0.8143405 -0.2282577 -0.533618 -0.9153501 -0.1106213 -0.3871656 -0.9159668 -0.0646547 -0.3960109 -0.9787266 -0.006991922 -0.2050495 -1 9.61311e-6 -1.53184e-5 -1 1.67172e-5 -4.31538e-5 -1 1.5144e-7 0 -1 9.5889e-6 -3.12328e-5 -1 3.70294e-6 -3.94285e-5 -0.9682658 0.07526373 -0.2383206 -0.9680564 0.1069997 -0.2267553 -1 2.70084e-5 -4.24385e-5 -0.9680841 0.1390157 -0.2085375 -0.8744357 0.2662897 -0.405527 -0.7258936 0.3777285 -0.574804 -0.5709499 0.520242 -0.6351099 -0.5303142 0.5539627 -0.6417884 -0.5299798 0.6481332 -0.54685 -1 2.21925e-7 0 -1.64211e-5 0.8090896 -0.5876855 -5.44489e-5 0.8470769 -0.5314705 0 0.8091086 -0.5876592 -3.47197e-5 0.7663686 -0.6424012 -6.55651e-7 0.7194696 -0.694524 -0.9200937 0.2826783 -0.2711468 -0.9269727 0.2652562 -0.2652562 -0.8652007 0.3356068 -0.3725531 -0.8657169 0.3100498 -0.3929419 -0.8651977 0.3356097 -0.3725576 -1 0 0 -1 -3.34531e-6 -6.54906e-6 -1 1.31354e-5 -2.76417e-5 -1 6.63102e-6 -2.66805e-5 -1 -5.62519e-7 -1.31503e-5 -0.9807711 0.07249939 -0.1811959 -0.9809632 0.05996865 -0.1847027 -0.9806659 0.04521483 -0.1903947 -0.9806593 0.03064614 -0.1933088 -0.9809787 0.01630699 -0.1934298 -0.9806706 0 -0.1956661 -0.9809844 -0.01631093 -0.1934001 -0.9239147 -0.05858963 -0.378086 -0.9241425 -0.08941781 -0.3714365 -0.8311548 -0.1740132 -0.5281109 -0.7069612 -0.2189586 -0.6725051 -0.8320478 -0.2133442 -0.5120361 -0.7104152 -0.2537022 -0.6564645 -0.7074545 -0.3212545 -0.6295267 -0.7081297 -0.3248537 -0.6269149 -0.7111648 -0.3247486 -0.6235247 -0.7065582 -0.3500409 -0.6150178 -0.7069001 -0.3931073 -0.5880128 -0.7069164 -0.3930949 -0.5880014 -0.7083433 -0.4356638 -0.5553799 -0.7093454 -0.4496046 -0.5428488 -0.70761 -0.473984 -0.5240491 -0.5553014 -0.5620909 -0.612939 -0.5555311 -0.6030436 -0.5724716 -0.3817828 -0.7175345 -0.5825686 -0.3821545 -0.7576834 -0.529031 -0.1957982 -0.8435355 -0.5001111 -1.52066e-5 -0.8660953 -0.499879 3.33274e-6 -0.8661036 -0.4998647 -1.09535e-6 -0.8661028 -0.4998661 2.3558e-5 -0.8784949 -0.4777518 -2.01757e-5 -0.8949536 -0.4461594 2.56084e-5 -0.9113283 -0.4116807 -1.8538e-5 -0.9141219 -0.4054394 0 -0.9141298 -0.4054219 -7.9521e-6 -0.9259917 -0.3775439 1.61515e-5 -0.9389855 -0.3439569 1.12131e-5 -0.9513608 -0.3080791 2.33022e-5 -0.9513587 -0.3080857 -7.54837e-6 -0.9619793 -0.2731227 9.20449e-6 -0.9709711 -0.239197 -4.62122e-6 -0.9779006 -0.2090702 3.46303e-5 -0.9779025 -0.2090614 7.87526e-6 -0.9795902 -0.2010052 4.0099e-5 -0.991588 -0.1294351 1.58101e-5 -0.9944235 -0.1054608 1.22264e-5 -0.9984478 -0.05569493 2.61441e-5 -1 -2.12954e-6 3.09497e-5 -0.9998393 0.01792919 2.82526e-5 -0.9958056 0.09149461 3.65004e-5 -0.9944214 0.1054813 3.0987e-5 -0.9863934 0.1644024 1.91554e-5 -0.9779053 0.2090486 3.5435e-5 -0.9709728 0.2391903 7.43568e-6 -0.9513593 0.3080836 3.31998e-5 -0.9259925 0.377542 1.94237e-5 -0.9141277 0.4054264 4.43459e-5 -0.8949529 0.4461607 1.54376e-5 -0.866096 0.4998777 3.69698e-5 -0.860553 0.5093612 3.73274e-5 -0.8201292 0.5721786 1.47074e-5 -0.809086 0.5876904 2.95192e-5 -0.776282 0.6303859 6.482e-6 -0.7434366 0.6688064 1.38208e-5 -0.7275491 0.6860557 2.74852e-5 -0.6745946 0.7381884 1.48118e-5 -0.6688131 0.7434306 1.29417e-5 -0.6183058 0.7859378 2.36258e-5 -0.587683 0.8090913 4.17754e-5 -0.5565771 0.830796 1.95026e-5 -0.5565821 0.8307927 6.04545e-6 -0.525147 0.8510115 -6.07967e-6 -0.5251535 0.8510076 -4.85554e-5 -0.4998696 0.8661007 -0.196572 -0.5142266 0.8348238 -0.1960045 -0.4516271 0.8704109 -3.74764e-5 -0.4619322 0.8869153 -0.1945979 -0.3891931 0.9003669 -4.45768e-5 -0.4054203 0.9141305 -9.92417e-6 -0.4054204 0.9141304 -4.66406e-5 -0.3960875 0.9182128 -2.43187e-5 -0.3259162 0.9453986 -0.1949033 -0.3220075 0.9264577 -0.3843188 -0.3019456 0.8724265 -0.3816353 -0.2366932 0.8934937 -0.5568599 -0.2122976 0.8030172 -0.5549969 -0.1523005 0.8177915 -0.707174 -0.1288585 0.6951982 -0.7078241 -0.07864671 0.7019971 -0.7081272 -0.07255613 0.7023472 -0.7068588 -0.02534395 0.7069005 -0.7112364 5.28935e-6 0.7029529 -0.7068575 0.02535539 0.7069014 -0.7081337 0.07255411 0.7023409 -0.7065362 0.07559835 0.7036274 -0.7065421 0.07561266 0.7036199 -0.7070231 0.1128941 0.6981213 -0.7064713 0.151615 0.6913112 -0.7064735 0.151597 0.6913129 -0.7080471 0.1648011 0.6866658 -0.7075068 0.1814982 0.6830027 -0.7069505 0.2189579 0.6725165 -0.7079337 0.2223929 0.6703516 -0.707935 0.2224134 0.6703434 -0.7078387 0.2678458 0.6536231 -0.7075448 0.2926905 0.6432049 -0.707542 0.2926586 0.6432226 -0.7074794 0.3212459 0.6295031 -0.7081226 0.3248506 0.6269247 -0.7077858 0.3571684 0.6094835 -0.7077869 0.3571792 0.6094758 -0.7069904 0.371572 0.6017466 -0.7067703 0.4180637 0.5707002 -0.7071021 0.4216097 0.5676724 -0.7097659 0.4178749 0.5671092 -0.7070279 0.4602318 0.5369342 -0.8311677 0.3602988 0.4234917 -0.7106298 0.4770763 0.5171107 -0.831962 0.3923225 0.3923295 -0.7080835 0.4976397 0.5009718 -0.9236146 0.2724592 0.2696332 -0.9808681 0.1376552 0.1376551 -0.9807676 0.1474982 0.1278254 -1 4.96954e-6 2.5928e-6 -1 2.19718e-5 8.55327e-6 -1 1.61212e-7 0 -1 -1.34672e-7 0 -0.8660367 0.4567743 0.2033174 -0.866021 0.4569123 0.2030734 -0.8666543 0.4686982 0.1709744 -0.9191762 0.3704583 0.1337003 -0.9300447 0.3491322 0.1145589 -0.9202665 0.3763411 0.1071313 4.50611e-5 0.9611675 0.2759661 -2.0206e-5 0.9779052 0.2090488 5.35399e-5 0.9876324 0.1567876 5.56409e-5 0.9876339 0.1567776 -1 0 0 -0.5311858 0.8471459 0.01362961 -0.5293942 0.847052 -0.04738008 -0.5311768 0.8471516 0.01361852 -0.5298956 0.8455812 0.06483119 -0.5299168 0.8455686 0.06482422 -0.5607523 0.8125908 0.1589123 -0.7248249 0.6735078 0.1449698 -0.8746185 0.4563005 0.1638053 -0.8739829 0.4310016 0.2244811 -0.9684002 0.2034674 0.1442292 -1 3.94881e-5 3.50326e-5 -1 2.16034e-6 0 -1 2.63856e-7 0 -1 8.01682e-6 1.67266e-5 -1 3.02568e-5 4.24236e-5 -0.9787214 0.1237972 0.1636425 -0.9786581 0.1035447 0.1775016 -0.9153865 0.2037399 0.3472139 -0.9154127 0.1582179 0.3701173 -0.8143258 0.2282614 0.5336387 -0.8143207 0.2282667 0.5336441 -0.9153582 0.1106173 0.3871476 -0.9788342 0.03326034 0.2019344 -0.9159707 0.06465226 0.3960022 -0.9787294 0.006990253 0.2050366 -0.9156336 0.0156551 0.4017091 -0.9787887 -0.01642942 0.2042126 -1 -2.20351e-6 5.11855e-5 -1 3.52785e-6 1.29491e-5 -1 8.7237e-6 2.16141e-5 -1 9.13534e-6 2.26945e-5 -1 9.60939e-6 3.1665e-5 -1 8.55699e-6 8.88854e-6 -1 9.11206e-6 9.45479e-6 -1 2.6688e-5 1.51768e-5 -1 3.58075e-5 3.65302e-5 -1 3.3848e-5 2.49818e-5 -1 4.44278e-5 2.65464e-5 -1 3.18661e-5 1.02632e-5 -1 2.70903e-5 2.38046e-6 -1 3.92199e-5 -2.01911e-6 -1 1.16602e-5 -9.8832e-6 -1 4.59924e-5 -5.13415e-6 -1 4.24236e-5 -1.07279e-5 -1 2.78875e-5 -9.19402e-6 -1 3.9719e-5 -1.70283e-5 -1 1.97813e-5 -1.5527e-5 -1 1.81198e-5 -1.83806e-5 -1 7.27922e-6 -1.93566e-5 -1 2.00644e-5 -2.66954e-5 -1 2.89828e-6 -1.06692e-5 -1 1.23195e-5 -2.9929e-5 -1 3.37139e-6 -2.60323e-5 -1 -3.72529e-7 -4.34145e-5 -1 1.2964e-6 -1.0401e-5 -1 -1.014e-5 -1.72853e-5 -1 -1.18483e-5 -2.65315e-5 -1 -7.95349e-6 -4.24683e-6 -1 -2.58759e-5 -4.57168e-5 -1 -1.54674e-5 -2.28062e-5 -1 -2.83197e-5 -3.20897e-5 -0.9787303 -0.1238805 -0.1635255 -0.9162495 -0.2399009 -0.3208341 -0.8127554 -0.3505823 -0.465318 -0.814386 -0.289278 -0.5030842 -0.915408 -0.1582229 -0.3701266 -0.9787001 -0.05544394 -0.1976664 -0.9788313 -0.03326159 -0.2019478 -1 7.00355e-6 -1.57133e-5 -1 2.27202e-7 0 -1 5.1558e-6 -6.50287e-5 -0.9681606 0.0443452 -0.2463709 -0.8743368 0.08434265 -0.4779347 -0.8744501 0.1481635 -0.4619358 -0.8748095 0.2082888 -0.4374064 -0.7263956 0.2957454 -0.6203903 -0.5300731 0.3674581 -0.7641971 -0.60083 0.3862512 -0.6998667 -0.5301027 0.4633941 -0.7101106 -0.5300673 0.4634309 -0.7101131 -0.5295925 0.539715 -0.6544001 -0.5296056 0.5397061 -0.6543968 -1 -3.75933e-7 0 4.17829e-5 0.7084839 -0.7057271 5.64754e-5 0.7084848 -0.7057261 3.5733e-5 0.668794 -0.7434478 -0.9199414 0.2624285 -0.2912718 -0.9202893 0.2415869 -0.3077393 -0.929599 0.214766 -0.2995353 -0.866474 0.2776247 -0.4149063 -0.8664099 0.2483943 -0.4331676 -0.8664557 0.2776596 -0.4149212 -1 -2.69031e-7 0 -1 3.21575e-7 0 -1 -3.22008e-7 0 -1 1.21067e-7 0 -1 6.89924e-6 -3.81768e-5 -1 9.52557e-6 -4.8846e-5 -1 8.02241e-6 -4.84586e-5 -1 2.42703e-6 -2.6837e-5 -1 6.49132e-7 -4.67896e-5 -1 -2.09268e-6 -4.41596e-5 -1 -1.35368e-6 -1.73599e-6 -0.980662 -0.03064435 -0.1932954 -0.9806584 -0.04522895 -0.1904298 -0.9242147 -0.1182785 -0.3630941 -0.9241523 -0.1447857 -0.3535249 -0.831398 -0.2534211 -0.4945251 -0.7081639 -0.3248264 -0.6268906 -0.7081329 -0.3248242 -0.6269267 -0.7069634 -0.3715852 -0.6017702 -0.7066034 -0.3500105 -0.6149833 -0.70692 -0.3931059 -0.5879898 -0.7069222 -0.3930844 -0.5880015 -0.706771 -0.418048 -0.5707107 -0.7066308 -0.4533203 -0.543299 -0.7066281 -0.4533215 -0.5433015 -0.7070237 -0.4602288 -0.5369421 -0.7076022 -0.4740045 -0.5240411 -0.7080869 -0.4976387 -0.5009678 -0.7080484 -0.5043165 -0.4943 -0.708003 -0.5076378 -0.4909539 -0.7078887 -0.5142449 -0.4841963 -0.7083395 -0.5553901 -0.435657 -0.7061606 -0.5496312 -0.4463661 -0.5572904 -0.6417263 -0.5268917 -0.5566259 -0.6807467 -0.4761845 -0.3840997 -0.7939876 -0.471223 -0.195062 -0.8778371 -0.4374391 -4.36306e-5 -0.8949531 -0.4461604 -0.19643 -0.9069575 -0.3726172 -1.80751e-5 -0.9141281 -0.4054255 -3.64184e-5 -0.9259909 -0.377546 -8.88109e-6 -0.9513595 -0.3080829 -0.1960521 -0.9327553 -0.3025414 -3.58149e-5 -0.9709728 -0.2391902 -0.1944295 -0.9530463 -0.232164 -1.97738e-5 -0.9779052 -0.2090492 3.32622e-6 -0.9779032 -0.2090584 -2.32421e-5 -0.9863908 -0.1644185 -1.84057e-5 -0.9795868 -0.2010216 1.41147e-5 -0.9915888 -0.129428 7.78469e-7 -0.9944228 -0.1054672 5.587e-6 -0.9944244 -0.1054526 -1.22859e-6 -0.9958051 -0.09149998 1.67396e-5 -0.998448 -0.05569386 -3.13703e-5 -0.9998403 -0.01787698 1.89687e-6 -1 -1.1698e-5 -1.89641e-6 -1 1.16868e-5 3.15862e-5 -0.9998403 0.0178771 -1.67533e-5 -0.998448 0.05569392 1.22428e-6 -0.9958052 0.09150034 -5.61657e-6 -0.9944244 0.1054525 -7.65431e-7 -0.9944227 0.1054675 -5.97814e-5 -0.991591 0.1294115 3.22994e-5 -0.9863911 0.1644161 -1.57496e-5 -0.9795905 0.2010039 -5.34905e-6 -0.9779031 0.2090591 -9.08692e-7 -0.9779005 0.2090712 -9.28366e-6 -0.9709711 0.2391971 -3.96855e-5 -0.9619761 0.2731336 -1.11677e-5 -0.9513608 0.3080793 -2.29925e-5 -0.9513587 0.3080853 -1.58874e-5 -0.9389854 0.343957 7.64732e-6 -0.9259918 0.3775439 -2.7183e-7 -0.9141317 0.4054176 1.81142e-5 -0.9141221 0.4054391 4.30924e-5 -0.9113581 0.4116143 2.04272e-5 -0.8949534 0.4461597 -2.37471e-5 -0.8784949 0.4777518 1.71445e-6 -0.8661108 0.4998522 -3.86522e-6 -0.8660903 0.4998877 0 -0.8605527 0.5093615 1.07174e-5 -0.8410931 0.5408905 -2.11395e-5 -0.820136 0.5721688 -2.35159e-7 -0.8090878 0.587688 8.62637e-7 -0.8090903 0.5876845 -2.18351e-5 -0.7977036 0.6030498 -1.37209e-5 -0.7762929 0.6303724 -4.57466e-6 -0.7512089 0.6600645 6.3777e-6 -0.7434166 0.6688286 -3.91155e-7 -0.7434272 0.6688169 -4.55952e-6 -0.7275496 0.6860552 2.31732e-5 -0.700151 0.7139948 0 -0.6746036 0.7381802 -6.81682e-6 -0.6688188 0.7434255 2.8353e-7 -0.6687973 0.7434449 -2.21138e-5 -0.64533 0.763904 6.58725e-6 -0.6183053 0.7859381 4.38374e-6 -0.5876839 0.8090907 -6.84569e-6 -0.5876839 0.8090907 -1.9379e-5 -0.5876808 0.8090929 -0.1960994 -0.5760217 0.7935642 -0.383176 -0.5436627 0.7467309 -0.3819272 -0.4853973 0.7864611 -0.3824799 -0.4271563 0.8192965 -0.3809835 -0.3653547 0.8493336 -0.5546035 -0.3289906 0.7643169 -0.5554858 -0.2714576 0.7859684 -0.7075386 -0.1815056 0.6829677 -0.7112787 -0.1483212 0.6870834 -0.7064805 -0.1516113 0.6913027 -0.7070274 -0.1128884 0.6981178 -0.7065423 -0.07561272 0.7036198 -0.7065352 -0.07559835 0.7036284 -0.7074066 -0.05747395 0.7044662 -0.7068293 -0.02538412 0.7069286 -0.7057141 -2.95011e-7 0.7084967 -0.705716 0 0.7084948 -0.7068597 0.02536123 0.706899 -0.7073782 0.05750411 0.7044924 -0.7057567 5.40633e-6 0.7084543 -0.707391 0.05750596 0.7044793 -0.8308737 -1.51477e-5 0.5564613 -0.8312236 0.04472368 0.5541366 -0.7094621 0.07560002 0.700677 -0.8320086 0.08610183 0.5480403 -0.7070336 0.1128905 0.6981112 -0.8313317 0.1292843 0.5405305 -0.7094969 0.1515809 0.6882132 -0.8311575 0.1739816 0.5281171 -0.7079449 0.2224059 0.6703355 -0.8320302 0.2133291 0.5120709 -0.7078469 0.2678266 0.653622 -0.7106107 0.2925984 0.6398584 -0.8313933 0.2533755 0.4945566 -0.7074471 0.3212633 0.6295304 -0.8308308 0.2904317 0.4747313 -0.7108353 0.3570402 0.6059996 -0.8308417 0.3271101 0.4502234 -0.924252 0.2253231 0.3082007 -0.9242569 0.2460932 0.2918688 -0.9807721 0.1278167 0.1474758 -1 2.39462e-5 2.67103e-5 -1 3.89367e-5 2.97278e-5 -1 0 0 -0.86646 0.3810029 0.3226203 -0.8667532 0.4227591 0.2646013 -0.8662589 0.4040379 0.293852 -0.8667688 0.4227344 0.264589 -0.8662644 0.4406452 0.2354102 -0.9271878 0.3333532 0.1708757 -0.9200961 0.3573516 0.1603845 3.89218e-5 0.9141263 0.4054296 3.54648e-5 0.9400935 0.3409168 6.29425e-5 0.9513612 0.3080778 1.67787e-5 0.9513604 0.3080804 -1 0 0 -0.5284108 0.8329572 0.1642091 -0.5284322 0.8329494 0.1641791 -0.5291528 0.8297789 0.1773822 -0.5312406 0.7968575 0.287753 -0.7258692 0.6473332 0.2325376 -0.724839 0.6115904 0.3171207 -0.8740546 0.397579 0.2792125 -0.967987 0.1838731 0.1708564 -1 2.20016e-5 4.41074e-6 -1 1.2136e-6 0 -1 -1.85162e-6 0 -1 1.58995e-5 4.6052e-5 -1 -3.76999e-6 9.92417e-6 -0.9788722 0.08054441 0.1879416 -0.9786985 0.05544531 0.1976742 -0.915352 0.1106162 0.3871626 -0.8135804 0.1621127 0.5583963 -0.8135731 0.1627906 0.5582097 -0.8139466 0.09268695 0.5734983 -0.8138696 0.02500355 0.5805093 -0.9155123 -0.03165996 0.4010421 -0.9788475 -0.0405839 0.2005254 -1 7.37607e-7 2.67774e-5 -0.9788545 -0.06541246 0.1938171 -1 -7.9684e-6 3.65525e-5 -1 3.04604e-6 0 -1 -2.82736e-6 0 -1 2.84849e-6 0 -1 -1.43054e-6 0 -1 1.51873e-6 0 -1 -7.65079e-7 0 -1 3.56062e-7 0 -1 5.30881e-7 0 -1 -3.81562e-7 0 -1 1.77484e-7 0 -1 1.89467e-7 0 -1 7.10277e-7 0 -1 -1.42444e-6 0 -1 1.52439e-6 0 -1 -2.85149e-6 0 -1 2.84895e-6 0 -1 -3.04604e-6 0 -1 2.82737e-6 0 -1 -2.84849e-6 0 -1 -3.54694e-7 0 -1 -2.01836e-5 -1.27405e-5 -0.9786502 -0.1415628 -0.1490095 -0.91529 -0.2789499 -0.2905704 -0.8132336 -0.4034112 -0.419417 -0.8127518 -0.3505908 -0.465318 -0.9153995 -0.2037234 -0.3471894 -0.9788688 -0.08055114 -0.1879559 -1 -7.07805e-7 -1.46031e-5 -1 1.30944e-6 -4.05759e-5 -1 -2.11256e-6 0 -1 0 0 -1 -3.19304e-6 -3.18289e-5 -1 -1.37649e-5 -5.62221e-5 -0.9680305 -0.0218333 -0.2498803 -0.9680558 0.01204043 -0.2504459 -0.8751047 0.02160149 -0.4834513 -0.7262635 0.03108817 -0.6867131 -0.7252575 0.1223706 -0.6775154 -0.725969 0.2118639 -0.6542804 -0.5313614 0.2594326 -0.8064427 -0.5582043 0.2680608 -0.785208 -0.5313651 0.2735531 -0.8017606 -0.5300432 0.3674544 -0.7642196 -0.5302931 0.411729 -0.7411266 -0.5303062 0.4117298 -0.7411167 -1 3.74823e-7 0 3.30806e-5 0.5876796 -0.8090937 5.28991e-5 0.6152606 -0.7883239 5.58197e-5 0.5876784 -0.8090947 3.8445e-5 0.5596687 -0.8287165 -0.9200075 0.2206715 -0.3238676 -0.9200296 0.1965534 -0.3389873 -0.9271908 0.1708773 -0.3333438 -0.8653318 0.2193259 -0.4506629 -0.8653132 0.2193337 -0.450695 -0.8664829 0.1869343 -0.4628855 -0.8666074 0.1551581 -0.474255 -0.8667815 0.1209472 -0.4837992 -0.8665727 0.155146 -0.4743222 -1 6.45606e-7 0 -1 -5.36519e-7 0 -1 6.45306e-7 0 -1 -1.21435e-5 -4.09409e-5 -1 -1.72481e-6 -4.41074e-6 -0.9809626 -0.05996912 -0.1847055 -0.9807751 -0.07247817 -0.1811826 -0.9237788 -0.1746028 -0.3408029 -0.8308187 -0.2904936 -0.4747146 -0.7069971 -0.3715665 -0.601742 -0.7095069 -0.3893721 -0.5873579 -0.8308854 -0.3272747 -0.4500232 -0.7067607 -0.4180776 -0.5707018 -0.8311692 -0.3603296 -0.4234624 -0.7093592 -0.4495884 -0.5428441 -0.8319904 -0.3922981 -0.3922937 -0.7080193 -0.5076359 -0.4909322 -0.7079454 -0.5043854 -0.4943772 -0.7070518 -0.5369235 -0.4602077 -0.7083649 -0.5553153 -0.4357112 -0.7083491 -0.5553936 -0.435637 -0.7063716 -0.5737558 -0.4145402 -0.7081906 -0.5791719 -0.4037649 -0.7082033 -0.5791648 -0.4037528 -0.7105225 -0.5954158 -0.3750171 -0.7083611 -0.6067067 -0.3607374 -0.5538157 -0.7163133 -0.4244803 -0.3842885 -0.8257473 -0.4128727 -0.3822628 -0.8547258 -0.3511682 -0.380963 -0.879823 -0.2842159 -0.3814446 -0.8978183 -0.2200509 -0.1944875 -0.9672124 -0.1633244 -3.1285e-5 -0.9863933 -0.1644027 -0.1952512 -0.9764679 -0.09158319 -1.38208e-5 -0.9944221 -0.1054737 -3.06144e-5 -0.9944224 -0.1054717 -2.81781e-5 -0.9958057 -0.09149384 -3.11509e-5 -0.9998394 -0.01792371 -0.196499 -0.9803254 -0.01871651 -2.62186e-5 -1 1.3212e-6 -0.1949303 -0.979254 0.05535304 -1.2286e-5 -0.998448 0.05569434 -0.195003 -0.9725918 0.1266451 -1.68979e-5 -0.9944231 0.1054649 -4.05312e-5 -0.9915879 0.1294352 -8.07643e-6 -0.9795899 0.2010068 -0.1962558 -0.9601633 0.1989224 -3.4079e-5 -0.9779024 0.2090621 -0.1953423 -0.9437226 0.2668877 -2.47583e-5 -0.9619771 0.27313 -1.04308e-5 -0.951358 0.3080878 -0.1965313 -0.9200464 0.3389546 -3.40417e-5 -0.9389834 0.3439624 -8.91835e-6 -0.9141317 0.4054176 -0.1957156 -0.8939503 0.403173 -2.77832e-5 -0.9113388 0.4116573 -2.55182e-5 -0.8785016 0.4777396 -0.1938844 -0.8620111 0.4683437 -2.53841e-5 -0.8660919 0.4998852 -0.1941114 -0.8249828 0.5307769 -2.85581e-5 -0.8410906 0.5408944 -0.1966841 -0.7806825 0.5931696 -4.58881e-5 -0.8090968 0.5876755 -2.44081e-5 -0.7976884 0.6030699 -6.4224e-6 -0.7512066 0.6600673 -0.1946416 -0.7383593 0.6457092 -4.94719e-6 -0.7434304 0.6688134 -0.1948348 -0.6870676 0.699984 -2.5481e-5 -0.7001569 0.713989 -0.194406 -0.6324755 0.7497873 -4.65587e-5 -0.6688198 0.7434245 -3.6478e-5 -0.6453243 0.7639088 -0.3824295 -0.5966911 0.7054837 -0.5543127 -0.5376665 0.6353363 -0.554519 -0.4906101 0.6721685 -0.5558744 -0.4393787 0.7056558 -0.5545164 -0.3839549 0.7383022 -0.7097822 -0.2890762 0.6423739 -0.7073228 -0.2784554 0.6497361 -0.7068392 -0.2293418 0.6691642 -0.7079285 -0.2224045 0.6703532 -0.7079329 -0.2223931 0.6703524 -0.7075403 -0.1815019 0.6829668 -0.7069402 -0.2189579 0.6725273 -0.7080364 -0.1648027 0.6866765 -0.7064725 -0.1515993 0.6913134 -0.7094923 -0.1515777 0.6882187 -0.7070438 -0.1128836 0.6981021 -0.832036 -0.08607685 0.5480027 -0.8312174 -0.04477155 0.554142 -0.7094331 -0.07559895 0.7007064 -0.707403 -0.05750125 0.7044677 -0.9240809 -0.02875596 0.3811136 -0.9235306 -2.06706e-4 0.3835244 -0.9240802 0.02870917 0.381119 -0.9239118 0.05862677 0.3780874 -0.9241378 0.08942437 0.3714466 -0.9242225 0.1182772 0.363075 -0.9241627 0.144733 0.3535193 -0.9237751 0.174591 0.3408193 -0.9242728 0.1985177 0.326053 -0.9807043 0.1027277 0.1663314 -0.9808622 0.1152479 0.1569305 -1 7.03335e-6 0 -1 -3.21881e-7 0 -1 -1.34116e-7 0 -0.8652022 0.3356058 0.3725509 -0.8654679 0.3603397 0.348024 -0.8664649 0.3809966 0.3226148 -0.9196339 0.2998424 0.2537087 -0.9194771 0.3189409 0.2298665 -0.9201145 0.3314747 0.2086 -0.9197854 0.3463343 0.1845192 -5.84125e-6 0.8835836 0.4682735 4.33922e-5 0.8917884 0.4524528 4.14252e-5 0.8917889 0.4524518 -0.5290052 0.7903149 0.3091213 -0.5290033 0.7903205 0.3091102 -0.5759102 0.7614359 0.2975617 -0.5303704 0.7529545 0.3895728 -0.5990108 0.6821884 0.4192913 -0.7251645 0.5636377 0.3955366 -0.8754007 0.3537979 0.3293948 -0.9683362 0.1575275 0.1936759 -1 3.48315e-5 4.83245e-5 -0.9682041 0.1310217 0.213106 -1 1.33067e-5 2.45422e-5 -1 1.21318e-6 0 -1 -2.12056e-6 0 -1 5.30343e-7 0 -1 1.00955e-6 1.77994e-5 -1 -2.70084e-7 2.05562e-5 -0.9788314 0.03326153 0.2019474 -0.9159585 0.0646612 0.3960292 -0.8139414 0.09311681 0.5734359 -0.8138624 0.02499938 0.5805198 -0.8134878 -0.04503625 0.5798356 -0.8134812 -0.04503303 0.5798452 -0.9157209 -0.07880204 0.3940123 -0.9158827 -0.1252749 0.381399 -0.9785095 -0.0882709 0.1863529 -1 -1.35526e-5 3.34606e-5 -1 -2.84896e-6 0 -1 1.42575e-6 0 -1 -3.04878e-6 0 -1 1.41844e-6 0 -1 -1.51858e-6 0 -1 7.10662e-7 0 -1 -3.55582e-7 0 -1 -1.78344e-7 0 -1 -3.55416e-7 0 -1 -3.54368e-7 0 -1 -1.51872e-6 0 -1 7.15268e-7 0 -1 -4.26099e-5 -3.24771e-5 -0.9789026 -0.1585818 -0.1288468 -0.9158561 -0.3101048 -0.2550348 -0.8140188 -0.4501113 -0.3671147 -0.8132321 -0.4034152 -0.419416 -0.9162636 -0.2398835 -0.3208069 -0.9786683 -0.1035173 -0.1774617 -1 -1.27405e-5 -5.04181e-5 -1 1.1373e-6 0 -1 -1.64341e-5 -2.18451e-5 -0.9682658 -0.05710178 -0.2433121 -0.8744871 -0.1082361 -0.4728186 -0.8747482 -0.04386997 -0.4825879 -0.7256588 -0.06047821 -0.6853917 -0.5301093 -0.07370203 -0.8447203 -0.5993869 -0.02508413 -0.8000665 -0.5291092 0.03877943 -0.8476672 -0.5753585 0.1239251 -0.8084586 -0.5300187 0.1480517 -0.8349617 -0.5313661 0.2735389 -0.8017647 -1 3.75028e-7 0 1.97142e-5 0.452475 -0.8917772 -2.71797e-5 0.499849 -0.8661126 3.71039e-5 0.4524825 -0.8917733 3.16799e-5 0.4398635 -0.8980647 -0.9193336 0.1725645 -0.3536202 -0.9201305 0.1454405 -0.3636026 -0.9194337 0.121857 -0.3738886 -0.9202232 0.09556877 -0.3795471 -0.865957 0.08772057 -0.4923655 -0.86594 0.08767271 -0.4924039 -0.8657979 0.04979181 -0.4979103 -0.8656175 0.01622998 -0.5004429 -0.8656178 0.01621794 -0.5004428 -0.8656183 -0.01622819 -0.5004414 -0.8657993 -0.04979008 -0.4979081 -0.8658042 -0.04982066 -0.4978966 -0.8659549 -0.08772146 -0.4923689 -0.8668017 -0.1209374 -0.4837654 -0.8664695 -0.1869449 -0.4629064 -0.8665989 -0.1551619 -0.4742692 -0.8667824 -0.1209473 -0.4837976 -1 -6.44295e-7 0 -1 1.61487e-7 0 -1 -5.53764e-6 -9.96143e-6 -1 -3.27453e-6 -1.18464e-6 -0.9808248 -0.09005308 -0.1728386 -0.9242799 -0.1985433 -0.3260171 -0.9242737 -0.225357 -0.3081111 -0.924255 -0.2461045 -0.2918657 -0.9236083 -0.272468 -0.2696463 -0.8311722 -0.4234679 -0.3603162 -0.7070512 -0.5369209 -0.4602115 -0.8309003 -0.4500078 -0.3272579 -0.7113136 -0.5517569 -0.4354279 -0.706393 -0.5737292 -0.4145406 -0.7075212 -0.598901 -0.3751419 -0.7075077 -0.5988994 -0.3751698 -0.7075086 -0.5989146 -0.3751438 -0.7064401 -0.6045781 -0.3680052 -0.7074302 -0.6295479 -0.3212664 -0.7059682 -0.6347622 -0.3141431 -0.5555031 -0.7449933 -0.3693255 -0.5550309 -0.7700957 -0.3144733 -0.5553941 -0.7907782 -0.2573082 -0.5562335 -0.8069422 -0.1986171 -0.3820711 -0.9114077 -0.152832 -0.3826872 -0.9200406 -0.08411866 -0.3837542 -0.9232574 -0.01812684 -0.3818389 -0.9228559 0.05036014 -0.3830529 -0.9159828 0.1193569 -0.38408 -0.9040174 0.1877103 -0.381697 -0.8888442 0.2535026 -0.3839966 -0.8662999 0.3194857 -0.3832028 -0.8418349 0.3800916 -0.3843601 -0.8104605 0.4420648 -0.383305 -0.7763999 0.5002805 -0.384145 -0.735453 0.5581589 -0.3828816 -0.6931878 0.6106493 -0.3835442 -0.6480526 0.6579678 -0.5556308 -0.5827875 0.5929868 -0.7106106 -0.4770839 0.51713 -0.7068151 -0.4567905 0.5401434 -0.709725 -0.4179009 0.5671414 -0.7067423 -0.4180827 0.5707209 -0.7069569 -0.3715857 0.6017775 -0.7107914 -0.3570596 0.6060396 -0.7081294 -0.3248308 0.6269272 -0.7081308 -0.3248664 0.6269073 -0.7075415 -0.2926639 0.6432209 -0.7075425 -0.2926601 0.6432213 -0.707837 -0.2678438 0.6536257 -0.7079352 -0.2224137 0.6703431 -0.7079435 -0.2224021 0.6703382 -0.8311559 -0.1740145 0.5281089 -0.8313384 -0.1292632 0.5405254 -0.9241622 -0.08938038 0.3713964 -0.9239152 -0.05865174 0.3780751 -0.9806562 -0.0306496 0.1933239 -0.9809891 -0.01631367 0.1933762 -0.9806616 3.61295e-7 0.195711 -0.980984 0.0163111 0.1934021 -0.9806609 0.03064531 0.1933007 -0.9806559 0.04523324 0.1904416 -0.9809645 0.05996716 0.1846963 -0.9807779 0.07246392 0.1811736 -0.9808233 0.09005361 0.1728474 -1 2.91057e-5 3.99053e-5 -1 2.3175e-5 2.48328e-5 -1 2.01613e-7 0 -0.8664566 0.2776435 0.4149305 -0.8657276 0.310038 0.3929277 -0.8651953 0.3356117 0.3725613 -0.9199304 0.2624502 0.2912869 -0.9269689 0.2652593 0.2652666 -0.9201017 0.2826674 0.2711315 1.90735e-5 0.7194765 0.6945169 -3.61502e-5 0.7664363 0.6423203 -1.48751e-5 0.8090893 0.5876857 0 0.8090515 0.5877379 -4.15146e-5 0.8470874 0.5314537 -1 -1.87707e-7 0 -1 -4.26107e-7 0 -0.5314442 0.7207446 0.4450781 -0.5303378 0.7529776 0.3895725 -0.5314311 0.7207553 0.4450762 -0.5292272 0.6933539 0.4890592 -0.5292782 0.6933426 0.4890203 -0.5552671 0.6161651 0.5585868 -0.7246013 0.5052555 0.4686895 -0.8745262 0.3077712 0.3748081 -0.8751007 0.2564932 0.4103779 -0.9681813 0.1016318 0.2286834 -1 7.81938e-6 1.91927e-5 -0.9681999 0.07005083 0.2401708 -1 2.00383e-5 5.67734e-5 -1 -1.73098e-6 0 -1 1.33924e-6 4.30718e-5 -0.9787226 0.006991267 0.2050688 -0.9156208 0.01564973 0.4017387 -0.9155259 -0.03166002 0.4010114 -0.9157364 -0.07879924 0.3939766 -0.8134454 -0.1174589 0.5696579 -0.8134415 -0.1174581 0.5696638 -0.8129958 -0.1850414 0.5520846 -0.9152078 -0.173367 0.3637839 -0.9786261 -0.1112062 0.1729865 -1 -9.26107e-6 1.83135e-5 -0.9788985 -0.1288607 0.1585961 -1 -1.95429e-5 3.16873e-5 -0.9786528 -0.1489988 0.1415564 -1 -1.14962e-5 1.27554e-5 -0.9787301 -0.1635259 0.1238818 -1 -9.79751e-6 1.65179e-5 -0.9786675 -0.1774662 0.1035171 -1 -4.55976e-5 2.35252e-5 -0.9788662 -0.187967 0.08055728 -1 -1.40071e-5 8.58866e-6 -0.9790309 -0.1953193 0.05787175 -1 -1.83582e-5 1.36094e-5 -0.9788396 -0.201909 0.03325802 -1 -1.19433e-5 5.11878e-6 -0.9791687 -0.2028344 0.009327709 -1 -1.17868e-5 9.79006e-6 -0.9787886 -0.2042131 -0.01642936 -1 -2.18078e-5 5.74626e-6 -0.9788484 -0.2005218 -0.04058074 -1 -1.40369e-5 -1.58697e-6 -0.9788532 -0.1938229 -0.06541526 -1 -3.8527e-5 -7.46548e-6 -0.9785087 -0.1863557 -0.0882743 -1 -4.27589e-5 -1.49161e-5 -0.9784767 -0.1754032 -0.1087066 -0.9154252 -0.3396826 -0.2158995 -0.81277 -0.4933184 -0.3099064 -0.8140358 -0.4500949 -0.3670971 -0.9152958 -0.2789449 -0.290557 -0.9787271 -0.1238926 -0.1635361 -1 -1.65924e-5 -4.7408e-5 -1 2.14572e-6 0 -1 -4.50321e-7 0 -1 -2.30819e-5 -1.35899e-5 -0.967954 -0.08845394 -0.2350339 -0.8742319 -0.170152 -0.4547163 -0.7247843 -0.2394946 -0.6460109 -0.72534 -0.154785 -0.6707634 -0.5287467 -0.1873179 -0.8278521 -0.5547731 -0.1718456 -0.8140615 -0.5291367 -0.1773588 -0.8297942 -0.5300928 -0.07369369 -0.8447312 -0.5295664 -0.02471822 -0.8479084 -0.5296003 -0.02469217 -0.8478879 -0.5291214 0.03876107 -0.8476604 -0.5292213 0.1257141 -0.8391191 -0.5292114 0.1257101 -0.8391259 -1 -1.86604e-7 0 1.27349e-5 0.3080836 -0.9513593 -3.40045e-5 0.3744212 -0.9272589 0 0.3083878 -0.9512608 -3.41833e-5 0.2419306 -0.9702936 1.53482e-5 0.1746943 -0.9846227 -0.9195372 0.06722813 -0.3872103 -0.9272858 0.06110495 -0.3693336 -0.919505 0.03963768 -0.391075 -0.9201288 0.01296108 -0.3914017 -0.929688 -1.96544e-6 -0.3683483 -0.9201291 -0.01296341 -0.3914005 -0.9195134 -0.03963398 -0.3910555 -0.9272804 -0.06110602 -0.369347 -0.9195517 -0.06721901 -0.3871774 -0.9202221 -0.09557038 -0.3795492 -0.9194394 -0.1218544 -0.3738753 -0.9201384 -0.1454362 -0.3635844 -0.8653154 -0.2193354 -0.4506899 -0.8664901 -0.1869263 -0.4628753 -1 -1.20836e-7 0 -1 -2.88747e-5 -3.94955e-5 -0.9807043 -0.1027281 -0.1663317 -0.9808527 -0.1152672 -0.1569763 -0.9807705 -0.1278194 -0.1474839 -0.9808654 -0.1376644 -0.1376642 -0.9243699 -0.2890509 -0.2489779 -0.9242683 -0.3081259 -0.225359 -0.8308361 -0.4747055 -0.2904585 -0.83139 -0.4945324 -0.2534335 -0.7106534 -0.6330974 -0.3068543 -0.7083216 -0.6339428 -0.3104787 -0.708321 -0.6339404 -0.3104849 -0.7075721 -0.6364996 -0.3069365 -0.7078282 -0.6536397 -0.2678329 -0.7097302 -0.6624275 -0.2397353 -0.7069182 -0.6725483 -0.2189643 -0.7061368 -0.6878244 -0.1681327 -0.7061173 -0.6878465 -0.1681238 -0.7052633 -0.6993802 -0.1160645 -0.5563167 -0.8197405 -0.136152 -0.554373 -0.8286844 -0.07715344 -0.5546563 -0.8319178 -0.01641023 -0.5541679 -0.8311989 0.04479521 -0.5561563 -0.8240652 0.1077355 -0.5571339 -0.8131178 0.1686457 -0.5538582 -0.8013865 0.225878 -0.5554481 -0.7809244 0.2857176 -0.5542601 -0.7582785 0.3432338 -0.5570456 -0.7284458 0.3988319 -0.5572512 -0.697497 0.4505209 -0.5554192 -0.6632452 0.5016129 -0.5548792 -0.6258881 0.5480632 -0.7073589 -0.5305131 0.467118 -0.7080444 -0.4943035 0.5043186 -0.7077354 -0.4773867 0.5207808 -0.7077263 -0.477419 0.5207635 -0.707033 -0.460204 0.5369512 -0.7068375 -0.4567762 0.5401262 -0.7071036 -0.4216263 0.5676583 -0.7069563 -0.4217129 0.5677773 -0.7067624 -0.4180731 0.570703 -0.7069931 -0.3715675 0.6017462 -0.7077865 -0.3571786 0.6094767 -0.7077859 -0.3571668 0.6094843 -0.7074008 -0.3212621 0.6295831 -0.7074623 -0.32125 0.6295202 -0.7106328 -0.2925891 0.639838 -0.8320462 -0.2133423 0.5120392 -0.7078469 -0.2678251 0.6536226 -0.9241545 -0.1447737 0.3535238 -0.9242265 -0.1182747 0.3630654 -0.9809592 -0.0599755 0.1847214 -0.9806643 -0.04521763 0.1904023 -1 -2.41958e-6 3.85419e-5 -1 -3.38629e-6 1.9893e-5 -1 1.93715e-7 4.59999e-5 -1 5.27687e-6 4.63054e-5 -1 -8.15839e-7 4.45545e-6 -1 1.28029e-5 3.69251e-5 -1 1.62981e-6 4.32879e-6 -1 1.11423e-5 2.94968e-5 -1 1.75349e-5 3.30284e-5 -0.865279 0.2193858 0.450735 -0.8664049 0.2483952 0.4331771 -0.866473 0.277625 0.4149084 -0.9200065 0.2206805 0.3238644 -0.9296023 0.2147596 0.2995293 -0.9202999 0.2415733 0.3077182 2.99215e-5 0.6153102 0.7882851 -4.02331e-6 0.6688043 0.7434386 3.26633e-5 0.705713 0.7084978 1.92523e-5 0.7084773 0.7057335 -1 7.25971e-7 0 -1 -4.43385e-7 0 -0.5308512 0.6289064 0.5680438 -0.5308527 0.6289072 0.5680416 -0.5310575 0.6223618 0.5750163 -0.5296095 0.5397099 0.6543905 -0.7260259 0.4376193 0.5304486 -0.7244062 0.3671299 0.5834821 -0.874813 0.1986843 0.441845 -0.8738967 0.1388901 0.4658479 -0.9679293 0.03930723 0.2481287 -1 3.27919e-6 3.32892e-5 -0.9683952 0.007185518 0.2493176 -1 8.00192e-6 2.75671e-5 -1 -8.09142e-7 0 -1 -1.11146e-5 5.30109e-5 -0.9787935 -0.01643067 0.20419 -0.9788436 -0.04058611 0.2005447 -0.978849 -0.06541973 0.1938424 -0.9158937 -0.125272 0.3813733 -0.8129809 -0.1850458 0.5521052 -0.813987 -0.2485358 0.5250287 -0.8139869 -0.2485349 0.5250294 -0.9154193 -0.2159066 0.3396939 -0.9158432 -0.2550567 0.3101247 -0.9152985 -0.290555 0.2789382 -0.9162627 -0.3208056 0.2398886 -0.914995 -0.3499516 0.2007942 -0.9154069 -0.3701296 0.158223 -0.9153516 -0.3871628 0.1106188 -0.9159607 -0.3960245 0.06465846 -0.9156304 -0.4017165 0.01565438 -0.9155231 -0.4010182 -0.03165566 -0.9164964 -0.3916347 -0.0815894 -0.916547 -0.3788437 -0.1281372 -0.9152098 -0.3637813 -0.1733618 -0.8139867 -0.5250295 -0.2485353 -0.8127704 -0.4933193 -0.309904 -0.9158626 -0.3100906 -0.2550286 -0.9786475 -0.1415719 -0.1490185 -1 -1.69128e-6 -1.26511e-5 -1 -1.50642e-7 0 -1 -3.77819e-5 -4.38541e-5 -0.968447 -0.117545 -0.2197577 -0.8745284 -0.2276029 -0.4282488 -0.7261547 -0.3242249 -0.6062818 -0.5792804 -0.3121464 -0.7529933 -0.5293167 -0.2947752 -0.79557 -0.5291399 -0.1774027 -0.8297827 -1 8.67984e-7 0 -1 -2.78809e-7 0 2.28286e-5 0.1567622 -0.9876365 2.23517e-5 0.1567606 -0.9876368 -2.80142e-6 0.1054392 -0.9944258 6.74129e-5 2.65427e-6 -1 3.7998e-5 0.0343753 -0.9994091 3.86536e-5 1.31765e-5 -1 3.46601e-5 -0.0344128 -0.9994078 1.55717e-6 -0.1567624 -0.9876363 -4.73857e-6 -0.1055099 -0.9944183 3.76701e-5 -0.1567577 -0.9876372 2.10404e-5 -0.1747171 -0.9846187 1.25822e-5 -0.3080822 -0.9513598 -4.34518e-5 -0.2420375 -0.9702669 0 -0.3083879 -0.9512608 -3.49879e-5 -0.3745202 -0.9272189 -8.34465e-6 -0.4398639 -0.8980646 -0.9193416 -0.1725583 -0.3536028 -0.9271894 -0.1708803 -0.3333465 -0.8664001 -0.2483996 -0.4331843 -0.8664796 -0.2776204 -0.4148977 -0.8663823 -0.2484366 -0.4331988 -1 -1.61495e-7 0 -1 -2.28398e-5 -2.43485e-5 -1 -7.52509e-6 0 -1 -3.17246e-5 -3.18736e-5 -1 -1.21221e-5 -3.74764e-6 -0.9807717 -0.1474776 -0.1278173 -0.9808531 -0.1569739 -0.1152671 -0.9242711 -0.3260634 -0.1985084 -0.9237756 -0.3408206 -0.174585 -0.8320399 -0.5120493 -0.2133428 -0.7087073 -0.6512348 -0.2713434 -0.708707 -0.6512306 -0.2713541 -0.7077469 -0.6537367 -0.2678108 -0.7066797 -0.6656733 -0.2397562 -0.7066805 -0.665671 -0.2397601 -0.7069651 -0.6725128 -0.2189221 -0.7061505 -0.6878108 -0.1681302 -0.7061528 -0.6878117 -0.1681166 -0.7080401 -0.6866726 -0.1648029 -0.7058072 -0.6998549 -0.109725 -0.7052845 -0.6993608 -0.116053 -0.7083672 -0.699549 -0.0940594 -0.7083691 -0.6995456 -0.09406995 -0.7112751 -0.6965931 -0.09405303 -0.7084249 -0.7026463 -0.06650048 -0.7097421 -0.7041877 -0.01964896 -0.7070424 -0.7070332 -0.01397144 -0.7079696 -0.7051203 0.03980571 -0.7102205 -0.7016257 0.05751758 -0.7070926 -0.7012462 0.09096133 -0.7113072 -0.6903643 0.1320582 -0.7059482 -0.693924 0.141798 -0.7088391 -0.6778804 0.1950007 -0.7079026 -0.6768615 0.2018228 -0.7076016 -0.6634189 0.2432602 -0.709527 -0.6488551 0.2748795 -0.70752 -0.6432401 0.2926735 -0.7077438 -0.6197054 0.3392107 -0.7083922 -0.6169956 0.3427783 -0.7054629 -0.5967136 0.3824331 -0.7111826 -0.575614 0.4035936 -0.7074165 -0.5646387 0.4251413 -0.7073436 -0.5305244 0.4671286 -0.7073535 -0.5305183 0.4671204 -0.7073572 -0.5304968 0.4671391 -0.7080644 -0.4976453 0.500993 -0.7080937 -0.497627 0.5009699 -0.7106441 -0.4770685 0.5170984 -0.8311768 -0.3602715 0.4234969 -0.7070459 -0.4602174 0.5369228 -0.7097685 -0.4178745 0.5671064 -0.8309847 -0.3272537 0.4498549 -0.8308203 -0.2904672 0.4747279 -0.710833 -0.3570441 0.6060002 -0.8313913 -0.2534102 0.4945421 -0.9237783 -0.1746104 0.3408005 -0.9808254 -0.09005284 0.1728357 -0.9807776 -0.07246571 0.1811743 -1 -1.36308e-5 4.41521e-5 -1 -9.12696e-6 4.81456e-5 -1 -6.44295e-7 0 -1 -6.46789e-7 0 -1 5.37879e-7 0 -1 -6.44225e-7 0 -1 6.45306e-7 0 -1 -5.36519e-7 0 -1 1.34068e-7 0 -0.8665877 0.1551702 0.4742868 -0.8665933 0.1551666 0.4742779 -0.8664668 0.1869406 0.462913 -0.8653326 0.219318 0.4506654 -0.9271821 0.170888 0.3333628 -0.9200277 0.1965554 0.3389914 2.95937e-5 0.4999151 0.8660745 3.41237e-5 0.5597236 0.8286794 2.90275e-5 0.5876813 0.8090927 5.20646e-5 0.5876859 0.8090891 -1 7.30649e-7 0 -1 -2.19419e-7 0 -0.5284178 0.5216979 0.6697806 -0.528423 0.5216771 0.6697927 -0.5799169 0.4989899 0.6439763 -0.5282743 0.4485171 0.720943 -0.5976122 0.3677439 0.7124775 -0.7262796 0.2815515 0.627094 -0.7248229 0.1982569 0.6597924 -0.8750677 0.07548719 0.4780777 -0.8742366 0.01072591 0.4853819 -0.9681275 -0.02926242 0.2487428 -1 -4.4778e-6 2.81632e-5 -1 1.20276e-6 0 -1 -1.33911e-7 0 -1 -2.05971e-5 4.79519e-5 -1 -4.06243e-6 1.20401e-5 -1 -2.42107e-5 3.72007e-5 -0.9785092 -0.08827203 0.1863541 -0.915211 -0.1733595 0.3637793 -0.9154222 -0.2158983 0.3396914 -0.8132181 -0.3132525 0.4904582 -0.8132317 -0.3132485 0.4904381 -0.8140294 -0.3671056 0.4500998 -0.8132544 -0.4193986 0.4033883 -0.8127484 -0.4653238 0.3505906 -0.8143829 -0.50309 0.2892767 -0.8143451 -0.5336139 0.2282505 -0.8135771 -0.5584003 0.1621156 -0.813927 -0.5735254 0.0926904 -0.8125965 -0.582404 0.02219194 -0.8147181 -0.5778737 -0.0479198 -0.8134257 -0.5696866 -0.1174556 -0.81298 -0.5521058 -0.1850484 -0.8139809 -0.5250382 -0.2485359 -0.9154247 -0.339686 -0.215896 -0.978897 -0.158604 -0.1288624 -1 -5.22286e-6 -1.67564e-5 -1 3.01163e-7 0 -1 -2.61143e-5 -2.0206e-5 -0.9678841 -0.1470857 -0.2038781 -0.8743731 -0.2823379 -0.3946604 -0.7259342 -0.402561 -0.5576418 -0.5299565 -0.4963911 -0.6875624 -0.5975077 -0.4339532 -0.6742917 -0.5285534 -0.4005112 -0.7484799 -0.5285412 -0.4005113 -0.7484884 -0.531406 -0.3201253 -0.7843006 -0.5314087 -0.3201221 -0.7843002 -1 -1.87701e-7 0 5.5328e-5 -0.4524781 -0.8917756 2.60472e-5 -0.4524702 -0.8917797 4.47035e-7 -0.4998731 -0.8660988 -0.9200394 -0.1965444 -0.338966 -0.9199895 -0.2207362 -0.3238749 -0.9296141 -0.2147415 -0.2995059 -0.8657183 -0.3100494 -0.3929392 -0.8652036 -0.3356034 -0.3725495 -0.8657115 -0.310058 -0.3929477 -1 3.21639e-7 0 -1 -3.2346e-7 0 -1 2.68751e-7 0 -1 0 0 -1 -1.04904e-5 -2.6077e-7 -1 -1.72406e-5 -6.54161e-6 -0.9807019 -0.1663431 -0.1027317 -0.9806321 -0.1751866 -0.08758193 -0.9246798 -0.3509749 -0.1475943 -0.8302655 -0.5305379 -0.1708478 -0.7097574 -0.6623995 -0.2397319 -0.70697 -0.6724977 -0.2189528 -0.7091872 -0.6846826 -0.1681171 -0.8313059 -0.5405509 -0.1293647 -0.8320009 -0.548053 -0.08609604 -0.7113103 -0.696559 -0.09403878 -0.8311911 -0.5541871 -0.04470199 -0.7060713 -0.7060384 -0.05452615 -0.7059644 -0.7061405 -0.05458873 -0.7084154 -0.7026535 -0.06652647 -0.7069703 -0.7069703 -0.01964414 -0.7069737 -0.7069664 -0.01966536 -0.7057419 -0.7084691 -3.39875e-6 -0.7060862 -0.7060214 0.05455338 -0.7073731 -0.7044971 0.05750817 -0.7073705 -0.7044979 0.05753099 -0.7057803 -0.6998768 0.1097572 -0.7071021 -0.7012372 0.09095609 -0.7083703 -0.6933737 0.1320778 -0.7083776 -0.6933688 0.1320641 -0.7080715 -0.6866536 0.1647476 -0.708947 -0.6747467 0.2052098 -0.708948 -0.6747449 0.2052125 -0.7069626 -0.6725047 0.2189551 -0.7075859 -0.6634383 0.2432529 -0.7087184 -0.6512225 0.271344 -0.7064908 -0.652136 0.2749354 -0.7064877 -0.6521494 0.2749115 -0.7074338 -0.6295458 0.3212625 -0.7084063 -0.616971 0.3427934 -0.7083979 -0.6169969 0.3427642 -0.7064322 -0.604588 0.3680042 -0.7054904 -0.5966885 0.3824216 -0.7086189 -0.5761851 0.4072713 -0.7086121 -0.576184 0.4072849 -0.7064075 -0.5737142 0.4145365 -0.7074231 -0.5646268 0.4251461 -0.7070492 -0.536921 0.4602146 -0.7101185 -0.53008 0.4634079 -0.8311713 -0.4233721 0.3604307 -0.8316964 -0.3925725 0.3926422 -0.9236101 -0.2724719 0.2696358 -0.9242485 -0.2461417 0.2918543 -0.9242605 -0.225335 0.3081666 -0.9242812 -0.1985012 0.3260393 -0.9807031 -0.1027308 0.1663373 -1 -1.48118e-5 2.19941e-5 -1 -1.47186e-5 3.23132e-5 -0.8665919 -0.1551658 0.4742805 -0.8664545 -0.1869438 0.4629349 -0.8667896 -0.1209496 0.4837839 -0.8668094 -0.1209379 0.4837515 -0.8659463 -0.08771973 0.4923841 -0.8658064 -0.04979145 0.4978956 -0.8658012 -0.0497955 0.4979043 -0.8656376 -0.0162363 0.5004078 -0.8660967 6.97837e-6 0.4998766 -0.8656288 0.01622992 0.5004233 -0.8656215 0.01625496 0.5004351 -0.8657968 0.04979074 0.4979124 -0.865948 0.08772337 0.4923807 -0.8659344 0.08771121 0.4924069 -0.8667905 0.1209455 0.4837836 -0.9202176 0.09557437 0.3795591 -0.9194342 0.1218584 0.3738868 -0.9201286 0.1454464 0.3636052 -0.919337 0.1725619 0.3536124 1.35303e-5 0.4398576 0.8980675 1.71214e-5 0.4524738 0.8917777 2.79695e-5 0.4524725 0.8917784 -1 6.50288e-7 0 -0.5303522 0.3895753 0.7529658 -0.5282362 0.4485411 0.7209561 -0.5303415 0.3895741 0.7529742 -0.5301812 0.3491278 0.7726692 -0.5302334 0.3491461 0.7726251 -0.5464855 0.2498124 0.7993419 -0.5303391 0.241904 0.812541 -0.5314223 0.1321226 0.8367401 -0.7249134 0.1065219 0.680554 -0.7249755 0.01679247 0.6885699 -0.8742567 -0.05240136 0.4826277 -0.9679626 -0.05973815 0.243885 -1 -1.75908e-5 4.61191e-5 -1 -1.21118e-6 0 -1 7.90263e-7 0 -1 -2.00607e-5 2.32756e-5 -0.9786311 -0.1111911 0.1729674 -0.9789 -0.1288563 0.1585901 -0.9158498 -0.2550457 0.3101144 -0.8140259 -0.367109 0.4501034 -0.8132466 -0.4194048 0.4033977 -0.8127441 -0.465332 0.3505901 -0.8143813 -0.5030905 0.2892805 -0.8143528 -0.5336026 0.2282494 -0.8135929 -0.5583788 0.1621107 -0.8139526 -0.5734902 0.09268367 -0.8126026 -0.5823956 0.02219045 -0.8146992 -0.5779005 -0.04791921 -0.8134266 -0.5696845 -0.1174592 -0.812991 -0.5520939 -0.1850354 -0.915205 -0.3637899 -0.173369 -0.9784748 -0.1754145 -0.1087055 -1 -3.27304e-5 -4.00245e-5 -1 -6.05345e-7 0 -1 -4.03225e-5 -3.85493e-5 -0.9680368 -0.1734248 -0.1811867 -0.8754342 -0.3324909 -0.3508062 -0.7247763 -0.4754152 -0.4986779 -0.5312189 -0.5819275 -0.6157653 -0.5485395 -0.5688063 -0.6128327 -0.5310439 -0.5750036 -0.6223852 -0.5299322 -0.4964017 -0.6875735 -0.5291802 -0.4559845 -0.7155743 -0.5292145 -0.455953 -0.715569 4.46737e-5 -0.5876774 -0.8090955 3.92497e-5 -0.5596865 -0.8287045 3.74615e-5 -0.5876672 -0.8091027 2.16365e-5 -0.6152796 -0.7883091 -0.9202844 -0.2415939 -0.3077486 -0.9199363 -0.2624398 -0.2912775 -0.9269657 -0.2652661 -0.2652711 -0.8654667 -0.3603439 -0.3480224 -0.8654423 -0.3603715 -0.3480547 -0.8664555 -0.3810063 -0.3226285 -0.8662485 -0.4040561 -0.2938575 -0.8667663 -0.4227396 -0.264589 -0.8662047 -0.4041286 -0.293887 -1 -2.03922e-5 -9.68203e-6 -1 -3.10764e-5 -1.04122e-5 -0.9810217 -0.1788423 -0.07491338 -0.9242337 -0.3630299 -0.1183276 -0.9240609 -0.3716506 -0.08937323 -0.9239279 -0.3780481 -0.05862599 -0.9240801 -0.3811188 -0.02871733 -0.83098 -0.5563023 -1.16399e-4 -0.7097869 -0.7041425 -0.01964527 -0.7057505 -0.7084605 3.93414e-6 -0.7060724 -0.7060371 0.0545293 -0.8311916 -0.5541858 0.04470455 -0.7073788 -0.7044914 0.057509 -0.8320113 -0.5480365 0.08610033 -0.7058046 -0.6998569 0.1097276 -0.7101633 -0.692147 0.1288445 -0.8313209 -0.5405426 0.129303 -0.7080434 -0.6866695 0.1648017 -0.8302884 -0.5304967 0.1708636 -0.7079334 -0.6768346 0.2018053 -0.8320342 -0.5120601 0.2133387 -0.7095831 -0.648797 0.2748715 -0.8313784 -0.4945572 0.2534227 -0.7074337 -0.6295442 0.321266 -0.7114455 -0.6135338 0.3426684 -0.8308346 -0.4746927 0.2904837 -0.7064605 -0.6045606 0.3679948 -0.8309139 -0.4499995 0.3272349 -0.7082461 -0.5791294 0.4037284 -0.9242658 -0.3081344 0.2253576 -0.9243674 -0.2890596 0.2489767 -0.9807659 -0.147507 0.1278281 -0.9808598 -0.1376847 0.1376847 -0.9807699 -0.1278207 0.1474867 -0.9808521 -0.1152669 0.15698 -1 -1.24499e-5 2.73585e-5 -1 3.21901e-7 0 -1 -1.34391e-7 0 -0.8663786 -0.2484444 0.4332016 -0.8653202 -0.2193379 0.4506796 -0.8664786 -0.1869416 0.4628906 -0.9201396 -0.1454331 0.3635829 -0.9194458 -0.1218485 0.3738616 -0.9202215 -0.09557002 0.3795509 -0.9195469 -0.06721985 0.3871886 -0.9272796 -0.06110423 0.3693493 -0.9195047 -0.03963887 0.3910754 -0.9201347 -0.01296091 0.3913876 -0.9296988 1.96544e-6 0.3683207 -0.9201347 0.01296037 0.3913873 -0.9195042 0.03963774 0.3910768 -0.9272831 0.06110644 0.36934 -0.919551 0.0672205 0.3871788 -5.48363e-6 0.1746996 0.9846218 -6.92606e-5 0.2420344 0.9702677 1.19936e-5 0.3080843 0.951359 0 0.3080698 0.9513638 -4.37498e-5 0.3745233 0.9272175 -1 3.23162e-7 0 -0.5295488 0.2523157 0.8098858 -0.5295423 0.2523043 0.8098936 -0.5304007 0.1008839 0.841723 -0.5304005 0.100892 0.8417221 -0.5845912 0.09597718 0.8056312 -0.5304366 0.01913911 0.8475086 -0.5970445 -0.04809904 0.8007649 -0.7250212 -0.07860982 0.6842257 -0.8753171 -0.1172769 0.469112 -0.9682947 -0.09105265 0.2326261 -1 -1.61901e-5 2.88487e-5 -0.9682291 -0.1229625 0.2177444 -1 3.27826e-7 2.46912e-5 -1 -1.2149e-6 0 -1 2.65054e-7 0 -1 -2.93553e-5 3.18438e-5 -1 -4.16115e-5 2.89679e-5 -0.9786497 -0.1490127 0.1415625 -0.9152916 -0.2905697 0.2789455 -0.9162563 -0.3208206 0.2398934 -0.9150115 -0.3499191 0.200775 -0.9154245 -0.3700913 0.1582098 -0.9153579 -0.3871484 0.1106166 -0.9159621 -0.3960213 0.06465899 -0.9156298 -0.4017181 0.0156517 -0.9155135 -0.4010397 -0.03166151 -0.9165142 -0.3915947 -0.08158081 -0.9165301 -0.3788815 -0.1281468 -0.9785051 -0.1863716 -0.08828079 -1 -3.19406e-5 -2.96272e-5 -1 -2.72244e-5 -5.0962e-6 -0.9683307 -0.1936993 -0.157532 -0.8743468 -0.3777656 -0.3046487 -0.7257931 -0.5335966 -0.4341648 -0.5860145 -0.6466242 -0.488328 -0.5291854 -0.6605885 -0.5325277 -0.531031 -0.5750123 -0.6223881 -1 -3.74329e-7 0 1.89543e-5 -0.7084794 -0.7057316 -4.91738e-6 -0.6688544 -0.7433935 3.10242e-5 -0.7084814 -0.7057296 -1.5974e-5 -0.7194488 -0.6945455 -0.9201014 -0.2826684 -0.2711308 -0.9196426 -0.2998272 -0.2536951 -0.9194769 -0.3189404 -0.2298678 -0.920112 -0.331481 -0.2086008 -0.8662477 -0.4406679 -0.2354291 -0.8662353 -0.4407039 -0.2354077 -1 0 0 -1 -3.40194e-5 -9.574e-6 -0.98096 -0.1847181 -0.05997383 -0.9806567 -0.1904378 -0.04523259 -0.9806523 -0.1933434 -0.03064972 -0.9809795 -0.1934252 -0.01630771 -0.9234843 -0.3836364 -3.64176e-7 -0.9240704 -0.381136 0.02880227 -0.9239373 -0.3780198 0.05865985 -0.9240757 -0.3716291 0.08930832 -0.9242633 -0.3629481 0.1183474 -0.9246916 -0.350934 0.1476177 -0.9237594 -0.3409098 0.1744972 -0.9242805 -0.3260549 0.1984788 -0.9807047 -0.1663296 0.1027271 -0.9808537 -0.1569714 0.1152651 -1 -3.21716e-5 2.64868e-5 -1 -3.39895e-5 3.56734e-5 -1 -3.96371e-6 1.16676e-5 -1 3.24845e-6 6.10203e-6 -1 -3.23461e-7 0 -1 0 0 -0.8664739 -0.2776228 0.414908 -0.8657158 -0.3100252 0.392964 -0.8664073 -0.2483966 0.4331713 -0.9200279 -0.1965562 0.33899 -0.9271807 -0.1708929 0.333364 -0.9193317 -0.1725661 0.3536245 1.48118e-5 -0.4398524 0.89807 -5.59986e-5 -0.3744249 0.9272573 1.05184e-5 -0.3080829 0.9513596 0 -0.3083937 0.9512588 -2.43783e-5 -0.2419386 0.9702916 3.01003e-5 -0.1747172 0.9846187 1.58697e-5 -0.1567611 0.9876366 2.5928e-5 -0.1567539 0.9876378 2.86698e-5 -0.1054391 0.9944258 6.68466e-5 -2.63797e-6 1 3.29614e-5 -0.03437757 0.999409 3.88026e-5 -1.31787e-5 1 3.5733e-5 0.0344128 0.9994078 2.29105e-5 0.1567584 0.987637 6.4671e-6 0.1055089 0.9944184 3.49134e-5 0.1567613 0.9876366 -0.5305721 -0.05025964 0.8461486 -0.5303797 0.01914489 0.8475441 -0.5305835 -0.05026406 0.846141 -0.5303297 -0.09176129 0.842811 -0.5303667 -0.09172528 0.8427916 -0.5398476 -0.2012775 0.8173445 -0.7258259 -0.1646782 0.6678757 -0.8745236 -0.1796096 0.4504985 -0.8742229 -0.2373177 0.4235737 -0.9681311 -0.1523221 0.1987972 -1 -9.32813e-6 1.55866e-5 -1 -7.9518e-7 0 -1 -1.24946e-5 2.67476e-6 -0.9787286 -0.1634303 0.1240204 -0.9786621 -0.177487 0.1035331 -0.9788706 -0.1879467 0.0805515 -0.9790264 -0.1953389 0.05788022 -0.9788382 -0.2019156 0.03325527 -0.9791744 -0.2028066 0.009321749 -0.9787883 -0.2042148 -0.01643109 -0.9788423 -0.2005507 -0.04058641 -0.9788503 -0.1938366 -0.06541812 -1 -4.26322e-5 -2.28994e-5 -1 3.03699e-7 0 -1 -2.42442e-5 -8.53837e-6 -0.968208 -0.213195 -0.1308487 -0.8742673 -0.4159978 -0.2502049 -0.7257483 -0.5884736 -0.3563542 -0.5962027 -0.7174226 -0.3603432 -0.530977 -0.7233884 -0.4413308 -0.5309075 -0.7234313 -0.4413441 -0.5309143 -0.6787596 -0.5073613 -0.5308909 -0.6787558 -0.5073909 -1 -3.73843e-7 0 -2.49352e-5 -0.8090918 -0.5876823 -6.08563e-5 -0.7664241 -0.6423349 0 -0.809093 -0.5876807 -2.64645e-5 -0.8470851 -0.5314573 2.98023e-7 -0.8835808 -0.4682788 -0.9197821 -0.3463405 -0.1845241 -0.9271954 -0.3333337 -0.1708722 -0.8660261 -0.4569043 -0.2030695 -0.8666507 -0.4687042 -0.1709767 -0.8666174 -0.4687588 -0.1709952 -1 1.34236e-7 0 -1 -2.82377e-5 -7.37607e-7 -1 -4.81382e-5 -3.78862e-6 -1 -4.64991e-5 -6.48201e-7 -1 -9.6336e-6 7.59214e-6 -0.9806666 -0.1956863 3.47849e-7 -0.9809812 -0.1934166 0.01630872 -0.9806582 -0.1933144 0.03064733 -0.9806545 -0.1904482 0.04523593 -0.9809618 -0.1847094 0.05997073 -0.9810273 -0.178814 0.0749076 -0.980624 -0.1752132 0.08761864 -1 -1.45212e-5 1.2856e-5 -1 -6.60866e-6 9.9726e-6 -0.865212 -0.3355942 0.3725383 -0.8654901 -0.3603166 0.3479927 -0.8657214 -0.3100473 0.3929343 -0.9202861 -0.2415912 0.3077456 -0.9296098 -0.2147498 0.2995133 -0.9200131 -0.220629 0.3238808 4.33326e-5 -0.5596974 0.8286972 -5.87106e-6 -0.4998368 0.8661196 4.08292e-5 -0.452471 0.8917791 6.30468e-5 -0.4524744 0.8917774 -1 2.12975e-7 0 -0.5292942 -0.2007544 0.8243454 -0.5292886 -0.2007321 0.8243544 -0.5303173 -0.2041961 0.8228412 -0.5298071 -0.3127815 0.7883351 -0.7254422 -0.253437 0.6399245 -0.7258 -0.3384895 0.598865 -0.8751866 -0.2917265 0.3859328 -0.968056 -0.175997 0.1785848 -1 -1.72704e-5 1.67042e-5 -0.9681337 -0.1987873 0.1523182 -1 -1.00136e-5 2.28882e-5 -1 3.02217e-7 0 -1 -3.07336e-5 8.89599e-6 -1 -2.8722e-5 1.92598e-6 -1 -4.89801e-5 1.31279e-5 -1 -1.36048e-5 -8.42288e-6 -1 -1.05426e-5 5.96978e-7 -1 -3.62545e-5 -4.06662e-6 -1 -6.09457e-6 -9.28342e-6 -1 -3.61353e-6 -1.10231e-5 -1 -5.30393e-7 0 -1 3.02898e-7 0 -1 -5.98878e-5 -2.40058e-5 -0.9678574 -0.2311642 -0.09907221 -0.8741772 -0.4444838 -0.1955722 -0.7246432 -0.6320766 -0.2745387 -0.5280168 -0.7790654 -0.3380173 -0.5293855 -0.8141961 -0.2384025 -0.5279795 -0.7790827 -0.3380352 -0.5284047 -0.7600167 -0.378369 -0.5284314 -0.7599916 -0.3783823 -1 -8.62161e-7 0 -1 3.71239e-7 0 3.82364e-5 -0.8917876 -0.4524544 4.30346e-5 -0.8917884 -0.4524528 5.48363e-6 -0.9141572 -0.4053601 -0.9200944 -0.3573553 -0.160386 -0.9191801 -0.3704493 -0.133699 -0.9300492 -0.3491222 -0.114553 -0.865447 -0.4820519 -0.1364821 -0.8650628 -0.4910234 -0.1027733 -0.8650599 -0.4910233 -0.1027989 -1 0 0 -1 -1.90958e-5 1.52737e-6 -1 -1.4551e-5 3.15486e-6 -1 -3.53083e-5 8.38283e-6 -1 -1.42679e-5 8.68738e-6 -1 -2.44528e-5 1.47596e-5 -1 -4.17307e-5 2.00197e-5 -1 -1.34295e-7 0 -0.8662356 -0.4407024 0.2354086 -0.8662312 -0.404119 0.2938222 -0.866248 -0.4040531 0.2938631 -0.8664552 -0.3810072 0.3226284 -0.8654658 -0.3603495 0.348019 -0.9269631 -0.26527 0.2652761 -0.9199298 -0.2624481 0.2912907 5.87106e-6 -0.6688094 0.743434 4.37796e-5 -0.6152539 0.788329 2.39909e-5 -0.5876937 0.8090837 4.84884e-5 -0.5876886 0.8090873 -1 -2.22152e-7 0 -0.5294609 -0.3454427 0.7748165 -0.5294592 -0.3454549 0.7748122 -0.5867893 -0.3306785 0.7391414 -0.5308878 -0.4154665 0.7386108 -0.5932275 -0.4557785 0.6635866 -0.7244188 -0.4167813 0.5491001 -0.8738895 -0.342212 0.3452653 -0.8736927 -0.3866104 0.2952855 -0.9684577 -0.2152373 0.12555 -1 -4.75198e-5 2.63117e-5 -1 1.50577e-7 0 -1 1.33202e-7 0 -1 -5.42928e-7 0 -1 6.07771e-7 0 -1 -5.26606e-7 0 -1 3.03268e-7 0 -1 -3.73423e-5 -8.42661e-6 -0.9682005 -0.2401686 -0.07005017 -0.8740658 -0.4673338 -0.1326962 -0.7246125 -0.6629862 -0.1881119 -0.5391094 -0.8086493 -0.2354726 -0.5310602 -0.8150795 -0.2315613 -0.5315013 -0.838131 -0.1226491 -0.529388 -0.8142023 -0.238376 6.65337e-5 -0.9513597 -0.3080826 4.51803e-5 -0.940089 -0.3409294 4.50015e-5 -0.951358 -0.3080876 3.11732e-5 -0.9611712 -0.2759531 -0.9202524 -0.3763726 -0.1071416 -0.9192925 -0.3850756 -0.0813533 -0.9265248 -0.3716727 -0.05840659 -0.8656015 -0.4958122 -0.07003003 -0.8660121 -0.4987523 -0.03562772 -0.8659934 -0.4987845 -0.03563106 -0.8660946 -0.4998802 1.57501e-7 -0.8660129 -0.4987507 0.03562742 -0.8660166 -0.4987451 0.03561979 -1 0 0 -1 0 0 -1 -1.61198e-7 0 -1 0 0 -1 1.34236e-7 0 -0.8666356 -0.4687327 0.1709753 -0.8662618 -0.4406478 0.2354148 -0.8667732 -0.422726 0.2645881 -0.9201088 -0.3314863 0.2086064 -0.9194689 -0.3189554 0.2298791 -0.9196463 -0.2998188 0.2536918 -0.9200903 -0.2826846 0.271152 1.25766e-5 -0.7194802 0.6945129 3.20524e-5 -0.7084776 0.7057333 2.93404e-5 -0.7057181 0.7084929 -1 -2.18821e-7 0 -0.5313234 -0.4745375 0.7017903 -0.5308653 -0.4154686 0.7386257 -0.5313366 -0.4745488 0.7017728 -0.5312205 -0.511012 0.6757748 -0.5312145 -0.5110207 0.675773 -0.5348491 -0.5923507 0.6025423 -0.7248593 -0.4854597 0.488782 -0.7247309 -0.5460212 0.420269 -0.8751727 -0.4180146 0.2435913 -0.9682554 -0.2306595 0.0963211 -1 -2.86549e-5 2.06381e-5 -0.967665 -0.2444117 0.0623492 -1 -5.40167e-5 7.23917e-6 -0.9686391 -0.2464391 0.03171747 -1 -6.51777e-5 6.88806e-6 -0.9679924 -0.2509682 -0.002390623 -1 -2.48551e-5 2.96906e-6 -0.9681714 -0.2475735 -0.03676438 -0.8749238 -0.4792245 -0.06965792 -0.7253053 -0.6810894 -0.1002478 -0.5862914 -0.8057603 -0.0837419 -0.5287514 -0.8487378 -0.008133709 -0.5291905 -0.8438553 -0.08868861 -0.529192 -0.8438546 -0.08868718 4.71771e-5 -0.9876326 -0.1567863 -2.08914e-5 -0.977905 -0.2090501 4.5836e-5 -0.9876325 -0.1567866 -1.3113e-5 -0.9902575 -0.1392489 -0.9196107 -0.3891956 -0.05331927 -0.9192338 -0.3928401 -0.0261895 -0.8660975 -0.4998753 -1.69186e-6 -0.9195417 -0.3929926 1.36613e-6 -0.9192259 -0.3928586 0.02619296 -0.8655921 -0.4958292 0.07002741 -0.8650466 -0.4910511 0.1027786 -0.8650674 -0.4910094 0.1028022 -0.8654457 -0.4820518 0.1364917 -0.8666523 -0.468704 0.1709693 -0.866038 -0.456885 0.2030627 -0.9200937 -0.3573565 0.1603873 -0.927192 -0.3333423 0.1708736 -0.9197756 -0.3463538 0.184532 -8.34465e-6 -0.8835802 0.46828 -2.66731e-5 -0.8470764 0.5314711 -2.35103e-5 -0.8090918 0.5876823 0 -0.809093 0.5876807 -6.78301e-5 -0.7664106 0.6423511 -0.5313196 -0.5922342 0.6057708 -0.5313169 -0.5922131 0.6057937 -0.5313487 -0.5956276 0.6024089 -0.5317782 -0.669754 0.5183065 -0.590518 -0.6609757 0.4630331 -0.7270004 -0.5933393 0.3455705 -0.8752179 -0.4479001 0.1826998 -0.8752109 -0.4677397 0.1233924 -0.8745149 -0.4815041 0.05811721 -0.8737776 -0.4862967 -0.005344152 -0.7263171 -0.6873093 -0.008340239 -0.5287931 -0.8487119 -0.008133351 -0.5925458 -0.803313 0.05981564 -0.5298945 -0.8455818 0.06483429 -0.5314594 -0.8470839 -1.17312e-5 -1 7.50482e-7 0 -3.08976e-5 -1 -9.01273e-7 -6.40452e-5 -0.9976278 -0.06883907 0 -1 7.11953e-5 -2.78354e-5 -0.9976248 0.06888222 -7.15256e-7 -0.9902591 0.1392366 -0.9196174 -0.3891805 0.05331444 -0.9265194 -0.3716854 0.0584113 -0.9192863 -0.3850895 0.08135646 -0.9202556 -0.3763643 0.1071428 -0.9300474 -0.3491259 0.114556 -0.9191792 -0.3704516 0.1336987 3.32892e-5 -0.9400805 0.3409524 -5.33462e-6 -0.9141109 0.4054643 4.16636e-5 -0.8917835 0.4524624 4.82053e-5 -0.8917896 0.4524505 -1 -2.15795e-7 0 -0.5292116 -0.6933678 0.4890564 -0.5292386 -0.693365 0.4890313 -0.5283316 -0.7363452 0.4226837 -0.5283645 -0.7363344 0.4226614 -0.5918469 -0.7316663 0.3382038 -0.7242389 -0.6384636 0.2604656 -0.7261865 -0.6649391 0.1746689 -0.7247305 -0.6838012 0.08474439 -0.5315683 -0.8406071 0.1039952 -0.5315233 -0.8406338 0.1040088 -0.5299026 -0.8455758 0.06484568 6.46561e-5 -0.9876337 0.1567799 4.64916e-5 -0.9876343 0.1567759 -9.0599e-6 -0.9778996 0.2090756 6.80387e-5 -0.9513632 0.3080718 5.0962e-5 -0.9611659 0.2759715 3.77893e-5 -0.951359 0.3080844 -0.5316184 -0.768267 0.3565777 -0.5316324 -0.7682528 0.3565874 -0.5285506 -0.7848269 0.3235447 -0.5297554 -0.8206173 0.2143517 -0.5322983 -0.8198209 0.211074 -0.5297311 -0.8206434 0.2143118 -0.5297323 -0.820636 0.2143373 -1 -2.12905e-7 0 -1 -2.05416e-6 0 -1 2.05275e-6 0 -1 -2.05372e-6 0 -1 2.05426e-6 0 -1 -1.02637e-6 0 0 0.8660485 -0.4999601 0 0.9659444 -0.2587498 0 0.8660465 -0.4999637 0 0.9658514 -0.259097 0 1 3.20022e-5 0 1 2.8572e-5 0 0.9659357 0.2587822 0 0.9659366 0.2587791 0 0.8660469 0.4999629 0 0.8660483 0.4999604 0 0.7057743 0.7084369 0 0.7057766 0.7084345 0 0.4999606 0.8660482 0 0.4999631 0.8660467 0 0.258749 0.9659446 0 0.258752 0.9659438 0 -3.22702e-5 1 0 -2.87048e-5 1 0 -0.2587831 0.9659355 0 -0.2587791 0.9659366 0 -0.4999626 0.866047 0 -0.4999591 0.8660491 0 -0.7057774 0.7084338 0 -0.7057746 0.7084366 0 -0.8660485 0.4999601 0 -0.8660465 0.4999637 0 -0.9659366 0.2587791 0 -0.9659357 0.2587828 0 -1 2.89153e-5 0 -1 3.23407e-5 0 -0.9659436 -0.2587527 -1.36357e-7 -0.9658523 -0.2590932 0 -0.8660469 -0.499963 0 -0.8660483 -0.4999603 7.20752e-7 -0.7084336 -0.7057775 0 -0.7084359 -0.7057752 0 -0.4999606 -0.8660482 0 -0.4999637 -0.8660464 0 -0.2587792 -0.9659366 0 -0.2587828 -0.9659357 0 -2.90385e-5 -1 0 -3.25907e-5 -1 0 0.2590971 -0.9658513 0 0.2587502 -0.9659443 0 0.4999635 -0.8660464 0 0.4999604 -0.8660482 0 0.7084367 -0.7057744 0 0.7084698 -0.7057412</float_array>
          <technique_common>
            <accessor source="#Mesh_0_003-mesh-normals-array" count="4107" stride="3">
              <param name="X" type="float"/>
              <param name="Y" type="float"/>
              <param name="Z" type="float"/>
            </accessor>
          </technique_common>
        </source>
        <source id="Mesh_0_003-mesh-map-0">
          <float_array id="Mesh_0_003-mesh-map-0-array" count="36720">-0.0289036 0.9205214 -0.03334695 0.9124785 -0.0261476 0.9190028 -0.03334695 0.9124785 -0.03278446 0.912141 -0.0261476 0.9190028 -0.03278446 0.912141 -0.0261476 0.9088226 -0.0261476 0.9190028 -0.0261476 0.9190028 -0.0261476 0.9088226 -0.02024197 0.9162468 -0.0261476 0.9088226 -0.02378535 0.9078664 -0.02024197 0.9162468 -0.02024197 0.9162468 -0.02378535 0.9078664 -0.01967948 0.9159656 9.05968e-4 0.9101725 -0.001737475 0.9107349 -0.003424823 0.9017358 -0.003424823 0.9017358 -0.001737475 0.9107349 -0.005055904 0.902017 -0.001737475 0.9107349 -0.006124556 0.9115785 -0.005055904 0.902017 -0.005055904 0.902017 -0.006124556 0.9115785 -0.01225525 0.9037606 -0.006124556 0.9115785 -0.01113033 0.9129847 -0.01225525 0.9037606 -0.01225525 0.9037606 -0.01113033 0.9129847 -0.01377379 0.9042105 -0.01113033 0.9129847 -0.01298642 0.9135471 -0.01377379 0.9042105 -0.01377379 0.9042105 -0.01298642 0.9135471 -0.01928579 0.9060103 -0.01298642 0.9135471 -0.01967948 0.9159656 -0.01928579 0.9060103 -0.01967948 0.9159656 -0.02378535 0.9078664 -0.01928579 0.9060103 -0.01928579 0.9060103 -0.02378535 0.9078664 0.01839798 1.026655 -0.02378535 0.9078664 -0.0261476 0.9088226 0.01839798 1.026655 -0.0261476 0.9088226 -0.03278446 0.912141 0.01839798 1.026655 0.01839798 1.026655 -0.03278446 0.912141 0.01839798 1.033348 -0.03278446 0.912141 -0.03334695 0.9124785 0.01839798 1.033348 0.01839798 1.033348 -0.03334695 0.9124785 0.01839798 1.039816 0.01839798 1.039816 -0.03334695 0.9124785 -0.0391401 0.9159094 -0.03334695 0.9124785 -0.0289036 0.9205214 -0.0391401 0.9159094 -0.0289036 0.9205214 -0.03239077 0.92249 -0.0391401 0.9159094 -0.0391401 0.9159094 -0.03239077 0.92249 -0.04234606 0.9181592 -0.03239077 0.92249 -0.03711533 0.9256397 -0.04234606 0.9181592 -0.03711533 0.9256397 -0.03829646 0.9264271 -0.04234606 0.9181592 -0.04234606 0.9181592 -0.03829646 0.9264271 -0.04515826 0.9201278 -0.03829646 0.9264271 -0.04392087 0.9308704 -0.04515826 0.9201278 -0.04515826 0.9201278 -0.04392087 0.9308704 -0.05078274 0.9246835 -0.04392087 0.9308704 -0.04470831 0.9316017 -0.05078274 0.9246835 -0.05078274 0.9246835 -0.04470831 0.9316017 -0.05089521 0.924796 -0.04470831 0.9316017 -0.04915165 0.9357075 -0.05089521 0.924796 -0.05089521 0.924796 -0.04915165 0.9357075 -0.05629467 0.9299143 -0.05629467 0.9299143 -0.04915165 0.9357075 -0.05837571 0.9321641 -0.04915165 0.9357075 -0.05162638 0.938351 -0.05837571 0.9321641 -0.05837571 0.9321641 -0.05162638 0.938351 -0.06124418 0.93537 -0.05162638 0.938351 -0.0540449 0.9409382 -0.06124418 0.93537 -0.06124418 0.93537 -0.0540449 0.9409382 -0.06518131 0.9403195 -0.0540449 0.9409382 -0.05781328 0.9457752 -0.06518131 0.9403195 -0.06518131 0.9403195 -0.05781328 0.9457752 -0.06585627 0.9411632 -0.06585627 0.9411632 -0.05781328 0.9457752 -0.05843198 0.9465627 -0.07367426 0.9808156 -0.07328057 0.9787908 -0.07181817 0.9791283 -0.07328057 0.9787908 -0.07136821 0.971929 -0.07181817 0.9791283 -0.07181817 0.9791283 -0.07136821 0.971929 -0.06990587 0.9723789 -0.07136821 0.971929 -0.07119947 0.9714227 -0.06990587 0.9723789 -0.06990587 0.9723789 -0.07119947 0.9714227 -0.06748735 0.9657983 -0.07119947 0.9714227 -0.06889349 0.9651796 -0.06748735 0.9657983 -0.06889349 0.9651796 -0.06759983 0.9624798 -0.06748735 0.9657983 -0.06748735 0.9657983 -0.06759983 0.9624798 -0.06456261 0.9593864 -0.06759983 0.9624798 -0.06591248 0.9587115 -0.06456261 0.9593864 -0.06456261 0.9593864 -0.06591248 0.9587115 -0.06113171 0.9532558 -0.06591248 0.9587115 -0.06315654 0.9538745 -0.06113171 0.9532558 -0.06315654 0.9538745 -0.06242537 0.9524683 -0.06113171 0.9532558 -0.06242537 0.9524683 -0.05843198 0.9465627 -0.06113171 0.9532558 -0.06113171 0.9532558 -0.05843198 0.9465627 -0.05719459 0.9474626 -0.05843198 0.9465627 -0.05781328 0.9457752 -0.05719459 0.9474626 -0.05719459 0.9474626 -0.05781328 0.9457752 -0.05286377 0.9419506 -0.05781328 0.9457752 -0.0540449 0.9409382 -0.05286377 0.9419506 -0.0540449 0.9409382 -0.05162638 0.938351 -0.05286377 0.9419506 -0.05286377 0.9419506 -0.05162638 0.938351 -0.048083 0.9367761 -0.05162638 0.938351 -0.04915165 0.9357075 -0.048083 0.9367761 -0.04915165 0.9357075 -0.04470831 0.9316017 -0.048083 0.9367761 -0.048083 0.9367761 -0.04470831 0.9316017 -0.04296475 0.9319953 -0.04470831 0.9316017 -0.04392087 0.9308704 -0.04296475 0.9319953 -0.04392087 0.9308704 -0.03829646 0.9264271 -0.04296475 0.9319953 -0.04296475 0.9319953 -0.03829646 0.9264271 -0.03745275 0.9276645 -0.03829646 0.9264271 -0.03711533 0.9256397 -0.03745275 0.9276645 -0.03745275 0.9276645 -0.03711533 0.9256397 -0.03160333 0.9237836 -0.03711533 0.9256397 -0.03239077 0.92249 -0.03160333 0.9237836 -0.03160333 0.9237836 -0.03239077 0.92249 -0.0254727 0.9203527 -0.03239077 0.92249 -0.0289036 0.9205214 -0.0254727 0.9203527 -0.0289036 0.9205214 -0.0261476 0.9190028 -0.0254727 0.9203527 -0.0261476 0.9190028 -0.02024197 0.9162468 -0.0254727 0.9203527 -0.0254727 0.9203527 -0.02024197 0.9162468 -0.01911705 0.9173718 -0.02024197 0.9162468 -0.01967948 0.9159656 -0.01911705 0.9173718 -0.01967948 0.9159656 -0.01298642 0.9135471 -0.01911705 0.9173718 -0.01911705 0.9173718 -0.01298642 0.9135471 -0.01248019 0.9149532 -0.01298642 0.9135471 -0.01113033 0.9129847 -0.01248019 0.9149532 -0.01248019 0.9149532 -0.01113033 0.9129847 -0.005730867 0.9130409 -0.01113033 0.9129847 -0.006124556 0.9115785 -0.005730867 0.9130409 -0.005730867 0.9130409 -0.006124556 0.9115785 0.001130938 0.9116911 -0.006124556 0.9115785 -0.001737475 0.9107349 0.001130938 0.9116911 -0.001737475 0.9107349 9.05968e-4 0.9101725 0.001130938 0.9116911 9.05968e-4 0.9101725 0.00788027 0.909385 0.001130938 0.9116911 0.001130938 0.9116911 0.00788027 0.909385 0.008105218 0.9108474 0.00788027 0.909385 0.007992744 0.9093288 0.008105218 0.9108474 0.007992744 0.9093288 0.02908444 0.9848652 0.008105218 0.9108474 0.008105218 0.9108474 0.02908444 0.9848652 0.01513582 0.9105662 0.02908444 0.9116911 0.02216637 0.9108474 0.02227884 0.9093288 0.02227884 0.9093288 0.02216637 0.9108474 0.01755434 0.90916 0.02216637 0.9108474 0.01513582 0.9105662 0.01755434 0.90916 0.01513582 0.9105662 0.02908444 0.9848652 0.01755434 0.90916 0.01755434 0.90916 0.02908444 0.9848652 0.01699185 0.899936 0.01699185 0.899936 0.02908444 0.9848652 0.009567618 0.9001047 0.02908444 0.9848652 0.007992744 0.9093288 0.009567618 0.9001047 0.009567618 0.9001047 0.007992744 0.9093288 0.0071491 0.9003297 0.007992744 0.9093288 0.00788027 0.909385 0.0071491 0.9003297 0.0071491 0.9003297 0.00788027 0.909385 0.00219959 0.9007796 0.00788027 0.909385 9.05968e-4 0.9101725 0.00219959 0.9007796 9.05968e-4 0.9101725 -0.003424823 0.9017358 0.00219959 0.9007796 0.00219959 0.9007796 -0.003424823 0.9017358 0.01839798 1.005338 -0.003424823 0.9017358 -0.005055904 0.902017 0.01839798 1.005338 -0.005055904 0.902017 -0.01225525 0.9037606 0.01839798 1.005338 0.01839798 1.005338 -0.01225525 0.9037606 0.01839798 1.012594 -0.01225525 0.9037606 -0.01377379 0.9042105 0.01839798 1.012594 0.01839798 1.012594 -0.01377379 0.9042105 0.01839798 1.019737 -0.01377379 0.9042105 -0.01928579 0.9060103 0.01839798 1.019737 -0.01928579 0.9060103 0.01839798 1.026655 0.01839798 1.019737 0.01839798 1.019737 0.01839798 1.026655 0.01671063 1.020018 0.01671063 1.020018 0.01839798 1.026655 0.01671063 1.027049 0.01839798 1.026655 0.01839798 1.033348 0.01671063 1.027049 0.01479834 1.027274 0.01671063 1.027049 0.01671063 1.033798 0.01671063 1.027049 0.01839798 1.033348 0.01671063 1.033798 0.01839798 1.033348 0.01839798 1.039816 0.01671063 1.033798 0.01671063 1.033798 0.01839798 1.039816 0.01671063 1.040322 0.01671063 1.040322 0.01839798 1.039816 0.01839798 1.045947 0.01839798 1.039816 -0.0391401 0.9159094 0.01839798 1.045947 -0.0391401 0.9159094 -0.04234606 0.9181592 0.01839798 1.045947 -0.04234606 0.9181592 -0.04515826 0.9201278 0.01839798 1.045947 -0.04515826 0.9201278 -0.05078274 0.9246835 0.01839798 1.045947 0.01839798 1.045947 -0.05078274 0.9246835 0.01839798 1.05174 -0.05078274 0.9246835 -0.05089521 0.924796 0.01839798 1.05174 -0.05089521 0.924796 -0.05629467 0.9299143 0.01839798 1.05174 0.01839798 1.05174 -0.05629467 0.9299143 0.01839798 0.9290143 -0.05629467 0.9299143 -0.05837571 0.9321641 0.01839798 0.9290143 0.01839798 0.9290143 -0.05837571 0.9321641 0.01839798 0.9345826 -0.05837571 0.9321641 -0.06124418 0.93537 0.01839798 0.9345826 -0.06124418 0.93537 -0.06518131 0.9403195 0.01839798 0.9345826 0.01839798 0.9345826 -0.06518131 0.9403195 0.01839798 0.940432 -0.06518131 0.9403195 -0.06585627 0.9411632 0.01839798 0.940432 0.01839798 0.940432 -0.06585627 0.9411632 -0.06996214 0.9472938 -0.06585627 0.9411632 -0.05843198 0.9465627 -0.06996214 0.9472938 -0.05843198 0.9465627 -0.06242537 0.9524683 -0.06996214 0.9472938 -0.06996214 0.9472938 -0.06242537 0.9524683 -0.07103073 0.9492061 -0.06242537 0.9524683 -0.06315654 0.9538745 -0.07103073 0.9492061 -0.07103073 0.9492061 -0.06315654 0.9538745 -0.07361799 0.9537619 -0.06315654 0.9538745 -0.06591248 0.9587115 -0.07361799 0.9537619 -0.07361799 0.9537619 -0.06591248 0.9587115 -0.0759803 0.9586552 -0.06591248 0.9587115 -0.06759983 0.9624798 -0.0759803 0.9586552 -0.0759803 0.9586552 -0.06759983 0.9624798 -0.07676768 0.9603988 -0.06759983 0.9624798 -0.06889349 0.9651796 -0.07676768 0.9603988 -0.07676768 0.9603988 -0.06889349 0.9651796 -0.07946741 0.9673169 -0.06889349 0.9651796 -0.07119947 0.9714227 -0.07946741 0.9673169 -0.07946741 0.9673169 -0.07119947 0.9714227 -0.07986116 0.9685543 -0.07119947 0.9714227 -0.07136821 0.971929 -0.07986116 0.9685543 -0.07986116 0.9685543 -0.07136821 0.971929 -0.08160471 0.9744037 -0.07136821 0.971929 -0.07328057 0.9787908 -0.08160471 0.9744037 -0.08160471 0.9744037 -0.07328057 0.9787908 -0.08261716 0.978847 -0.07328057 0.9787908 -0.07367426 0.9808156 -0.08261716 0.978847 -0.08261716 0.978847 -0.07367426 0.9808156 -0.0832358 0.981603 -0.0832358 0.981603 -0.07367426 0.9808156 -0.07468664 0.9857651 -0.07367426 0.9808156 -0.07181817 0.9791283 -0.07468664 0.9857651 -0.07181817 0.9791283 -0.07316803 0.9859901 -0.07468664 0.9857651 -0.07468664 0.9857651 -0.07316803 0.9859901 -0.07524907 0.9903209 -0.07524907 0.9903209 -0.07316803 0.9859901 -0.07401174 0.9929644 -0.07226812 1.006857 -0.07429295 0.999995 -0.07254934 0.999995 -0.07429295 0.999995 -0.07401174 0.9929644 -0.07254934 0.999995 -0.07254934 0.999995 -0.07401174 0.9929644 -0.07226812 0.9931331 -0.07401174 0.9929644 -0.07316803 0.9859901 -0.07226812 0.9931331 -0.07226812 0.9931331 -0.07316803 0.9859901 -0.07148075 0.9862713 -0.07316803 0.9859901 -0.07181817 0.9791283 -0.07148075 0.9862713 -0.07148075 0.9862713 -0.07181817 0.9791283 -0.07013082 0.9795219 -0.07181817 0.9791283 -0.06990587 0.9723789 -0.07013082 0.9795219 -0.07013082 0.9795219 -0.06990587 0.9723789 -0.06827479 0.9728851 -0.06990587 0.9723789 -0.06748735 0.9657983 -0.06827479 0.9728851 -0.06827479 0.9728851 -0.06748735 0.9657983 -0.06591248 0.966417 -0.06748735 0.9657983 -0.06456261 0.9593864 -0.06591248 0.966417 -0.06591248 0.966417 -0.06456261 0.9593864 -0.0629878 0.9601739 -0.06456261 0.9593864 -0.06113171 0.9532558 -0.0629878 0.9601739 -0.0629878 0.9601739 -0.06113171 0.9532558 -0.0596131 0.9542119 -0.06113171 0.9532558 -0.05719459 0.9474626 -0.0596131 0.9542119 -0.0596131 0.9542119 -0.05719459 0.9474626 -0.05578851 0.948475 -0.05719459 0.9474626 -0.05286377 0.9419506 -0.05578851 0.948475 -0.05578851 0.948475 -0.05286377 0.9419506 -0.05157017 0.9430755 -0.05286377 0.9419506 -0.048083 0.9367761 -0.05157017 0.9430755 -0.05157017 0.9430755 -0.048083 0.9367761 -0.04690188 0.9380135 -0.048083 0.9367761 -0.04296475 0.9319953 -0.04690188 0.9380135 -0.04690188 0.9380135 -0.04296475 0.9319953 -0.04183983 0.9333452 -0.04296475 0.9319953 -0.03745275 0.9276645 -0.04183983 0.9333452 -0.04183983 0.9333452 -0.03745275 0.9276645 -0.03644037 0.9290706 -0.03745275 0.9276645 -0.03160333 0.9237836 -0.03644037 0.9290706 -0.03644037 0.9290706 -0.03160333 0.9237836 -0.03070342 0.925246 -0.03160333 0.9237836 -0.0254727 0.9203527 -0.03070342 0.925246 -0.03070342 0.925246 -0.0254727 0.9203527 -0.02468526 0.9218713 -0.0254727 0.9203527 -0.01911705 0.9173718 -0.02468526 0.9218713 -0.02468526 0.9218713 -0.01911705 0.9173718 -0.01844209 0.9190028 -0.01911705 0.9173718 -0.01248019 0.9149532 -0.01844209 0.9190028 -0.01844209 0.9190028 -0.01248019 0.9149532 -0.01197397 0.9165843 -0.01248019 0.9149532 -0.005730867 0.9130409 -0.01197397 0.9165843 -0.01197397 0.9165843 -0.005730867 0.9130409 -0.005337119 0.9147283 -0.005730867 0.9130409 0.001130938 0.9116911 -0.005337119 0.9147283 -0.005337119 0.9147283 0.001130938 0.9116911 0.001412153 0.9133784 0.001130938 0.9116911 0.008105218 0.9108474 0.001412153 0.9133784 0.001412153 0.9133784 0.008105218 0.9108474 0.008217751 0.912591 0.008105218 0.9108474 0.01513582 0.9105662 0.008217751 0.912591 0.008217751 0.912591 0.01513582 0.9105662 0.01513582 0.9123098 0.01513582 0.9105662 0.02216637 0.9108474 0.01513582 0.9123098 0.01513582 0.9123098 0.02216637 0.9108474 0.02199763 0.912591 0.02216637 0.9108474 0.02908444 0.9116911 0.02199763 0.912591 0.02199763 0.912591 0.02908444 0.9116911 0.02885949 0.9133784 0.04865753 0.9190028 0.04224568 0.9165843 0.04933249 0.9173718 0.04933249 0.9173718 0.04224568 0.9165843 0.04275184 0.9149532 0.04224568 0.9165843 0.03560882 0.9147283 0.04275184 0.9149532 0.04275184 0.9149532 0.03560882 0.9147283 0.03600251 0.9130409 0.03560882 0.9147283 0.02885949 0.9133784 0.03600251 0.9130409 0.02885949 0.9133784 0.02908444 0.9116911 0.03600251 0.9130409 0.03600251 0.9130409 0.02908444 0.9116911 0.03633999 0.9115785 0.03633999 0.9115785 0.02908444 0.9116911 0.02936565 0.9101725 0.02936565 0.9101725 0.02908444 0.9116911 0.02717214 0.9099475 0.02908444 0.9116911 0.02227884 0.9093288 0.02717214 0.9099475 0.02717214 0.9099475 0.02227884 0.9093288 0.02435988 0.9003297 0.02435988 0.9003297 0.02227884 0.9093288 0.01777929 0.8999922 0.02227884 0.9093288 0.01755434 0.90916 0.01777929 0.8999922 0.01755434 0.90916 0.01699185 0.899936 0.01777929 0.8999922 0.01777929 0.8999922 0.01699185 0.899936 0.01839798 0.9830091 0.01699185 0.899936 0.009567618 0.9001047 0.01839798 0.9830091 0.01839798 0.9830091 0.009567618 0.9001047 0.01839798 0.9904896 0.009567618 0.9001047 0.0071491 0.9003297 0.01839798 0.9904896 0.01839798 0.9904896 0.0071491 0.9003297 0.01839798 0.9979702 0.0071491 0.9003297 0.00219959 0.9007796 0.01839798 0.9979702 0.00219959 0.9007796 0.01839798 1.005338 0.01839798 0.9979702 0.01839798 0.9979702 0.01839798 1.005338 0.01671063 0.9980826 0.01671063 0.9980826 0.01839798 1.005338 0.01671063 1.005507 0.01839798 1.005338 0.01839798 1.012594 0.01671063 1.005507 0.01671063 1.005507 0.01839798 1.012594 0.01671063 1.012875 0.01839798 1.012594 0.01839798 1.019737 0.01671063 1.012875 0.01839798 1.019737 0.01671063 1.020018 0.01671063 1.012875 0.01671063 1.012875 0.01671063 1.020018 0.01479834 1.012987 0.01479834 1.012987 0.01671063 1.020018 0.01479834 1.020243 0.01671063 1.020018 0.01671063 1.027049 0.01479834 1.020243 0.01671063 1.027049 0.01479834 1.027274 0.01479834 1.020243 0.01479834 1.020243 0.01479834 1.027274 0.01282978 1.026767 0.01282978 1.026767 0.01479834 1.027274 0.01282978 1.02733 0.01282978 1.036329 0.01282978 1.034135 0.01479834 1.034079 0.01282978 1.034135 0.01282978 1.02733 0.01479834 1.034079 0.01282978 1.02733 0.01479834 1.027274 0.01479834 1.034079 0.01479834 1.027274 0.01671063 1.033798 0.01479834 1.034079 0.01671063 1.033798 0.01671063 1.040322 0.01479834 1.034079 0.01479834 1.034079 0.01671063 1.040322 0.01479834 1.040603 0.01479834 1.040603 0.01671063 1.040322 0.01671063 1.046509 0.01671063 1.040322 0.01839798 1.045947 0.01671063 1.046509 0.01839798 1.045947 0.01839798 1.05174 0.01671063 1.046509 0.01671063 1.046509 0.01839798 1.05174 0.01671063 1.052359 0.01839798 1.05174 0.01839798 0.9290143 0.01671063 1.052359 0.01671063 1.052359 0.01839798 0.9290143 0.01671063 0.9283957 0.01839798 0.9290143 0.01839798 0.9345826 0.01671063 0.9283957 0.01671063 0.9283957 0.01839798 0.9345826 0.01671063 0.9339639 0.01839798 0.9345826 0.01839798 0.940432 0.01671063 0.9339639 0.01671063 0.9339639 0.01839798 0.940432 0.01671063 0.9399258 0.01671063 0.9399258 0.01839798 0.940432 0.01839798 0.9466752 0.01839798 0.940432 -0.06996214 0.9472938 0.01839798 0.9466752 -0.06996214 0.9472938 -0.07103073 0.9492061 0.01839798 0.9466752 0.01839798 0.9466752 -0.07103073 0.9492061 0.01839798 0.9531995 -0.07103073 0.9492061 -0.07361799 0.9537619 0.01839798 0.9531995 0.01839798 0.9531995 -0.07361799 0.9537619 0.01839798 0.9599488 -0.07361799 0.9537619 -0.0759803 0.9586552 0.01839798 0.9599488 -0.0759803 0.9586552 -0.07676768 0.9603988 0.01839798 0.9599488 -0.07676768 0.9603988 -0.07946741 0.9673169 0.01839798 0.9599488 0.01839798 0.9599488 -0.07946741 0.9673169 0.01839798 0.9669232 -0.07946741 0.9673169 -0.07986116 0.9685543 0.01839798 0.9669232 0.01839798 0.9669232 -0.07986116 0.9685543 0.01839798 0.9740663 -0.07986116 0.9685543 -0.08160471 0.9744037 0.01839798 0.9740663 0.01839798 0.9740663 -0.08160471 0.9744037 0.01839798 0.981378 -0.08160471 0.9744037 -0.08261716 0.978847 0.01839798 0.981378 -0.08261716 0.978847 -0.0832358 0.981603 0.01839798 0.981378 0.01839798 0.981378 -0.0832358 0.981603 -0.08436071 0.9889148 -0.0832358 0.981603 -0.07468664 0.9857651 -0.08436071 0.9889148 -0.07468664 0.9857651 -0.07524907 0.9903209 -0.08436071 0.9889148 -0.08436071 0.9889148 -0.07524907 0.9903209 -0.08436071 0.9893648 -0.08436071 0.9893648 -0.07524907 0.9903209 -0.07553035 0.9928519 -0.07524907 0.9903209 -0.07401174 0.9929644 -0.07553035 0.9928519 -0.07401174 0.9929644 -0.07429295 0.999995 -0.07553035 0.9928519 -0.07553035 0.9928519 -0.07429295 0.999995 0.02908444 0.999995 -0.07524907 1.009669 -0.07553035 1.007138 -0.07401174 1.007025 -0.07553035 1.007138 0.02908444 0.999995 -0.07401174 1.007025 0.02908444 0.999995 -0.07429295 0.999995 -0.07401174 1.007025 -0.07429295 0.999995 -0.07226812 1.006857 -0.07401174 1.007025 -0.07226812 1.006857 -0.07148075 1.013719 -0.07401174 1.007025 -0.07401174 1.007025 -0.07148075 1.013719 -0.07316803 1.014 -0.07316803 1.014 -0.07148075 1.013719 -0.07013082 1.020468 -0.05803829 1.044822 -0.0629878 1.039816 -0.06135672 1.038972 -0.0629878 1.039816 -0.06591248 1.033573 -0.06135672 1.038972 -0.06135672 1.038972 -0.06591248 1.033573 -0.06416893 1.032842 -0.06591248 1.033573 -0.06827479 1.027105 -0.06416893 1.032842 -0.06416893 1.032842 -0.06827479 1.027105 -0.06647497 1.026542 -0.06827479 1.027105 -0.07013082 1.020468 -0.06647497 1.026542 -0.06647497 1.026542 -0.07013082 1.020468 -0.068331 1.020018 -0.07013082 1.020468 -0.07148075 1.013719 -0.068331 1.020018 -0.068331 1.020018 -0.07148075 1.013719 -0.06962466 1.013437 -0.07148075 1.013719 -0.07226812 1.006857 -0.06962466 1.013437 -0.06962466 1.013437 -0.07226812 1.006857 -0.07041209 1.006744 -0.07226812 1.006857 -0.07254934 0.999995 -0.07041209 1.006744 -0.07041209 1.006744 -0.07254934 0.999995 -0.07069331 0.999995 -0.07254934 0.999995 -0.07226812 0.9931331 -0.07069331 0.999995 -0.07069331 0.999995 -0.07226812 0.9931331 -0.07041209 0.9932456 -0.07226812 0.9931331 -0.07148075 0.9862713 -0.07041209 0.9932456 -0.07041209 0.9932456 -0.07148075 0.9862713 -0.06962466 0.9865525 -0.07148075 0.9862713 -0.07013082 0.9795219 -0.06962466 0.9865525 -0.06962466 0.9865525 -0.07013082 0.9795219 -0.068331 0.9799719 -0.07013082 0.9795219 -0.06827479 0.9728851 -0.068331 0.9799719 -0.068331 0.9799719 -0.06827479 0.9728851 -0.06647497 0.9735038 -0.06827479 0.9728851 -0.06591248 0.966417 -0.06647497 0.9735038 -0.06647497 0.9735038 -0.06591248 0.966417 -0.06416893 0.9671482 -0.06591248 0.966417 -0.0629878 0.9601739 -0.06416893 0.9671482 -0.06416893 0.9671482 -0.0629878 0.9601739 -0.06135672 0.9610175 -0.0629878 0.9601739 -0.0596131 0.9542119 -0.06135672 0.9610175 -0.06135672 0.9610175 -0.0596131 0.9542119 -0.05803829 0.9551681 -0.0596131 0.9542119 -0.05578851 0.948475 -0.05803829 0.9551681 -0.05803829 0.9551681 -0.05578851 0.948475 -0.0542699 0.9495436 -0.05578851 0.948475 -0.05157017 0.9430755 -0.0542699 0.9495436 -0.0542699 0.9495436 -0.05157017 0.9430755 -0.05010777 0.9442567 -0.05157017 0.9430755 -0.04690188 0.9380135 -0.05010777 0.9442567 -0.05010777 0.9442567 -0.04690188 0.9380135 -0.04555201 0.9393071 -0.04690188 0.9380135 -0.04183983 0.9333452 -0.04555201 0.9393071 -0.04555201 0.9393071 -0.04183983 0.9333452 -0.04060244 0.9347513 -0.04183983 0.9333452 -0.03644037 0.9290706 -0.04060244 0.9347513 -0.04060244 0.9347513 -0.03644037 0.9290706 -0.03531545 0.9305892 -0.03644037 0.9290706 -0.03070342 0.925246 -0.03531545 0.9305892 -0.03531545 0.9305892 -0.03070342 0.925246 -0.02969104 0.9268208 -0.03070342 0.925246 -0.02468526 0.9218713 -0.02969104 0.9268208 -0.02969104 0.9268208 -0.02468526 0.9218713 -0.02384161 0.9235587 -0.02468526 0.9218713 -0.01844209 0.9190028 -0.02384161 0.9235587 -0.02384161 0.9235587 -0.01844209 0.9190028 -0.01771092 0.9207465 -0.01844209 0.9190028 -0.01197397 0.9165843 -0.01771092 0.9207465 -0.01771092 0.9207465 -0.01197397 0.9165843 -0.01141154 0.9183841 -0.01197397 0.9165843 -0.005337119 0.9147283 -0.01141154 0.9183841 -0.01141154 0.9183841 -0.005337119 0.9147283 -0.004887163 0.9165843 -0.005337119 0.9147283 0.001412153 0.9133784 -0.004887163 0.9165843 -0.004887163 0.9165843 0.001412153 0.9133784 0.001693367 0.9152345 0.001412153 0.9133784 0.008217751 0.912591 0.001693367 0.9152345 0.001693367 0.9152345 0.008217751 0.912591 0.008386492 0.914447 0.008217751 0.912591 0.01513582 0.9123098 0.008386492 0.914447 0.008386492 0.914447 0.01513582 0.9123098 0.01513582 0.9141658 0.01513582 0.9123098 0.02199763 0.912591 0.01513582 0.9141658 0.01513582 0.9141658 0.02199763 0.912591 0.02182888 0.914447 0.02199763 0.912591 0.02885949 0.9133784 0.02182888 0.914447 0.02182888 0.914447 0.02885949 0.9133784 0.02852201 0.9152345 0.02885949 0.9133784 0.03560882 0.9147283 0.02852201 0.9152345 0.02852201 0.9152345 0.03560882 0.9147283 0.03515887 0.9165843 0.03560882 0.9147283 0.04224568 0.9165843 0.03515887 0.9165843 0.03515887 0.9165843 0.04224568 0.9165843 0.04162698 0.9183841 0.04224568 0.9165843 0.04865753 0.9190028 0.04162698 0.9183841 0.04162698 0.9183841 0.04865753 0.9190028 0.04798263 0.9207465 0.04865753 0.9190028 0.05495691 0.9218713 0.04798263 0.9207465 0.04798263 0.9207465 0.05495691 0.9218713 0.054057 0.9235587 0.05495691 0.9218713 0.06091886 0.925246 0.054057 0.9235587 0.054057 0.9235587 0.06091886 0.925246 0.05996268 0.9268208 0.06091886 0.925246 0.06665581 0.9290706 0.05996268 0.9268208 0.05996268 0.9268208 0.06665581 0.9290706 0.06558716 0.9305892 0.06665581 0.9290706 0.07205528 0.9333452 0.06558716 0.9305892 0.06558716 0.9305892 0.07205528 0.9333452 0.07087415 0.9347513 0.07205528 0.9333452 0.07711732 0.9380135 0.07087415 0.9347513 0.07087415 0.9347513 0.07711732 0.9380135 0.07582366 0.9393071 0.07711732 0.9380135 0.08178561 0.9430755 0.07582366 0.9393071 0.07582366 0.9393071 0.08178561 0.9430755 0.08037948 0.9442567 0.09438437 0.9671482 0.09157216 0.9610175 0.09612792 0.966417 0.09612792 0.966417 0.09157216 0.9610175 0.09325945 0.9601739 0.09157216 0.9610175 0.08830994 0.9551681 0.09325945 0.9601739 0.09325945 0.9601739 0.08830994 0.9551681 0.08988481 0.9542119 0.08830994 0.9551681 0.08454155 0.9495436 0.08988481 0.9542119 0.08988481 0.9542119 0.08454155 0.9495436 0.08606016 0.948475 0.08454155 0.9495436 0.08037948 0.9442567 0.08606016 0.948475 0.08037948 0.9442567 0.08178561 0.9430755 0.08606016 0.948475 0.08606016 0.948475 0.08178561 0.9430755 0.08746629 0.9474626 0.08746629 0.9474626 0.08178561 0.9430755 0.08313548 0.9419506 0.08178561 0.9430755 0.07711732 0.9380135 0.08313548 0.9419506 0.08313548 0.9419506 0.07711732 0.9380135 0.07835465 0.9367761 0.07711732 0.9380135 0.07205528 0.9333452 0.07835465 0.9367761 0.07835465 0.9367761 0.07205528 0.9333452 0.07318019 0.9319953 0.07205528 0.9333452 0.06665581 0.9290706 0.07318019 0.9319953 0.07318019 0.9319953 0.06665581 0.9290706 0.06766819 0.9276645 0.06665581 0.9290706 0.06091886 0.925246 0.06766819 0.9276645 0.06766819 0.9276645 0.06091886 0.925246 0.06181877 0.9237836 0.06091886 0.925246 0.05495691 0.9218713 0.06181877 0.9237836 0.06181877 0.9237836 0.05495691 0.9218713 0.05574434 0.9203527 0.05495691 0.9218713 0.04865753 0.9190028 0.05574434 0.9203527 0.04865753 0.9190028 0.04933249 0.9173718 0.05574434 0.9203527 0.05574434 0.9203527 0.04933249 0.9173718 0.04989492 0.9159656 0.04989492 0.9159656 0.04933249 0.9173718 0.0459578 0.9145033 0.04933249 0.9173718 0.04275184 0.9149532 0.0459578 0.9145033 0.0459578 0.9145033 0.04275184 0.9149532 0.0432018 0.9135471 0.0432018 0.9135471 0.04275184 0.9149532 0.03667747 0.9116911 0.04275184 0.9149532 0.03600251 0.9130409 0.03667747 0.9116911 0.03600251 0.9130409 0.03633999 0.9115785 0.03667747 0.9116911 0.03667747 0.9116911 0.03633999 0.9115785 0.03887099 0.9028044 0.03887099 0.9028044 0.03633999 0.9115785 0.0316717 0.9012858 0.03633999 0.9115785 0.02936565 0.9101725 0.0316717 0.9012858 0.0316717 0.9012858 0.02936565 0.9101725 0.02840954 0.9008921 0.02936565 0.9101725 0.02717214 0.9099475 0.02840954 0.9008921 0.02717214 0.9099475 0.02435988 0.9003297 0.02840954 0.9008921 0.02840954 0.9008921 0.02435988 0.9003297 0.01839798 0.9755286 0.02435988 0.9003297 0.01777929 0.8999922 0.01839798 0.9755286 0.01777929 0.8999922 0.01839798 0.9830091 0.01839798 0.9755286 0.01839798 0.9755286 0.01839798 0.9830091 0.01671063 0.9754161 0.01671063 0.9754161 0.01839798 0.9830091 0.01671063 0.9830091 0.01839798 0.9830091 0.01839798 0.9904896 0.01671063 0.9830091 0.01671063 0.9830091 0.01839798 0.9904896 0.01671063 0.9905459 0.01839798 0.9904896 0.01839798 0.9979702 0.01671063 0.9905459 0.01839798 0.9979702 0.01671063 0.9980826 0.01671063 0.9905459 0.01671063 0.9905459 0.01671063 0.9980826 0.01479834 0.9905459 0.01479834 0.9905459 0.01671063 0.9980826 0.01479834 0.9981389 0.01671063 0.9980826 0.01671063 1.005507 0.01479834 0.9981389 0.01479834 0.9981389 0.01671063 1.005507 0.01479834 1.005619 0.01671063 1.005507 0.01671063 1.012875 0.01479834 1.005619 0.01671063 1.012875 0.01479834 1.012987 0.01479834 1.005619 0.01282978 1.005676 0.01479834 1.005619 0.01282978 1.006294 0.01479834 1.005619 0.01479834 1.012987 0.01282978 1.006294 0.01282978 1.006294 0.01479834 1.012987 0.01282978 1.013044 0.01282978 1.013044 0.01479834 1.012987 0.01282978 1.0167 0.01479834 1.012987 0.01479834 1.020243 0.01282978 1.0167 0.01282978 1.0167 0.01479834 1.020243 0.01282978 1.020299 0.01479834 1.020243 0.01282978 1.026767 0.01282978 1.020299 0.01282978 1.020299 0.01282978 1.026767 1.18546e-4 1.023843 1.18546e-4 1.023843 0.01282978 1.026767 1.18546e-4 1.026767 0.01282978 1.026767 0.01282978 1.02733 1.18546e-4 1.026767 -0.001793742 1.030704 1.18546e-4 1.026767 1.18546e-4 1.030761 1.18546e-4 1.026767 0.01282978 1.02733 1.18546e-4 1.030761 0.01282978 1.02733 0.01282978 1.034135 1.18546e-4 1.030761 1.18546e-4 1.030761 0.01282978 1.034135 1.18546e-4 1.036385 0.01282978 1.034135 0.01282978 1.036329 1.18546e-4 1.036385 1.18546e-4 1.036385 0.01282978 1.036329 1.18546e-4 1.037454 1.18546e-4 1.037454 0.01282978 1.036329 0.01282978 1.040716 0.01282978 1.036329 0.01479834 1.034079 0.01282978 1.040716 0.01479834 1.034079 0.01479834 1.040603 0.01282978 1.040716 0.01282978 1.040716 0.01479834 1.040603 0.01282978 1.045384 0.01282978 1.045384 0.01479834 1.040603 0.01479834 1.046847 0.01479834 1.040603 0.01671063 1.046509 0.01479834 1.046847 0.01671063 1.046509 0.01671063 1.052359 0.01479834 1.046847 0.01479834 1.046847 0.01671063 1.052359 0.01479834 1.052696 0.01671063 1.052359 0.01671063 0.9283957 0.01479834 1.052696 0.01479834 1.052696 0.01671063 0.9283957 0.01479834 0.9280019 0.01671063 0.9283957 0.01671063 0.9339639 0.01479834 0.9280019 0.01479834 0.9280019 0.01671063 0.9339639 0.01479834 0.9335702 0.01671063 0.9339639 0.01671063 0.9399258 0.01479834 0.9335702 0.01479834 0.9335702 0.01671063 0.9399258 0.01479834 0.9395883 0.01479834 0.9395883 0.01671063 0.9399258 0.01671063 0.946169 0.01671063 0.9399258 0.01839798 0.9466752 0.01671063 0.946169 0.01839798 0.9466752 0.01839798 0.9531995 0.01671063 0.946169 0.01671063 0.946169 0.01839798 0.9531995 0.01671063 0.9527496 0.01839798 0.9531995 0.01839798 0.9599488 0.01671063 0.9527496 0.01671063 0.9527496 0.01839798 0.9599488 0.01671063 0.9595552 0.01839798 0.9599488 0.01839798 0.9669232 0.01671063 0.9595552 0.01671063 0.9595552 0.01839798 0.9669232 0.01671063 0.966642 0.01839798 0.9669232 0.01839798 0.9740663 0.01671063 0.966642 0.01671063 0.966642 0.01839798 0.9740663 0.01671063 0.9738413 0.01839798 0.9740663 0.01839798 0.981378 0.01671063 0.9738413 0.01671063 0.9738413 0.01839798 0.981378 0.01671063 0.9812093 0.01671063 0.9812093 0.01839798 0.981378 0.01839798 0.9888023 0.01839798 0.981378 -0.08436071 0.9889148 0.01839798 0.9888023 -0.08436071 0.9889148 -0.08436071 0.9893648 0.01839798 0.9888023 0.01839798 0.9888023 -0.08436071 0.9893648 0.01839798 0.9962828 0.01839798 0.9962828 -0.08436071 0.9893648 -0.08486694 0.9962828 -0.08436071 0.9893648 -0.07553035 0.9928519 -0.08486694 0.9962828 -0.07553035 0.9928519 0.02908444 0.999995 -0.08486694 0.9962828 -0.08486694 0.9962828 0.02908444 0.999995 0.01991659 0.999995 0.01991659 0.999995 0.02908444 0.999995 -0.08486694 1.003707 0.02908444 0.999995 -0.07553035 1.007138 -0.08486694 1.003707 -0.08486694 1.003707 -0.07553035 1.007138 -0.08436071 1.010625 -0.07553035 1.007138 -0.07524907 1.009669 -0.08436071 1.010625 -0.08436071 1.010625 -0.07524907 1.009669 -0.08436071 1.011075 -0.0832358 1.018387 -0.08436071 1.011075 -0.07468664 1.014225 -0.08436071 1.011075 -0.07524907 1.009669 -0.07468664 1.014225 -0.07524907 1.009669 -0.07401174 1.007025 -0.07468664 1.014225 -0.07401174 1.007025 -0.07316803 1.014 -0.07468664 1.014225 -0.07468664 1.014225 -0.07316803 1.014 -0.07367426 1.019231 -0.07367426 1.019231 -0.07316803 1.014 -0.07181817 1.020862 -0.07316803 1.014 -0.07013082 1.020468 -0.07181817 1.020862 -0.07013082 1.020468 -0.06827479 1.027105 -0.07181817 1.020862 -0.07181817 1.020862 -0.06827479 1.027105 -0.06990587 1.027611 -0.06827479 1.027105 -0.06591248 1.033573 -0.06990587 1.027611 -0.06990587 1.027611 -0.06591248 1.033573 -0.06748735 1.034192 -0.06591248 1.033573 -0.0629878 1.039816 -0.06748735 1.034192 -0.06748735 1.034192 -0.0629878 1.039816 -0.06456261 1.040603 -0.06456261 1.040603 -0.0629878 1.039816 -0.0596131 1.045834 -0.0629878 1.039816 -0.05803829 1.044822 -0.0596131 1.045834 -0.0596131 1.045834 -0.05803829 1.044822 -0.0542699 1.050446 -0.04864543 1.05444 -0.0542699 1.050446 -0.05269503 1.049265 -0.0542699 1.050446 -0.05803829 1.044822 -0.05269503 1.049265 -0.05269503 1.049265 -0.05803829 1.044822 -0.05635094 1.043809 -0.05803829 1.044822 -0.06135672 1.038972 -0.05635094 1.043809 -0.05635094 1.043809 -0.06135672 1.038972 -0.0596131 1.038072 -0.06135672 1.038972 -0.06416893 1.032842 -0.0596131 1.038072 -0.0596131 1.038072 -0.06416893 1.032842 -0.0623691 1.032111 -0.06416893 1.032842 -0.06647497 1.026542 -0.0623691 1.032111 -0.0623691 1.032111 -0.06647497 1.026542 -0.06461888 1.025924 -0.06647497 1.026542 -0.068331 1.020018 -0.06461888 1.025924 -0.06461888 1.025924 -0.068331 1.020018 -0.0664187 1.019568 -0.068331 1.020018 -0.06962466 1.013437 -0.0664187 1.019568 -0.0664187 1.019568 -0.06962466 1.013437 -0.06771236 1.0131 -0.06962466 1.013437 -0.07041209 1.006744 -0.06771236 1.0131 -0.06771236 1.0131 -0.07041209 1.006744 -0.06849974 1.006576 -0.07041209 1.006744 -0.07069331 0.999995 -0.06849974 1.006576 -0.06849974 1.006576 -0.07069331 0.999995 -0.06872475 0.999995 -0.07069331 0.999995 -0.07041209 0.9932456 -0.06872475 0.999995 -0.06872475 0.999995 -0.07041209 0.9932456 -0.06849974 0.9934144 -0.07041209 0.9932456 -0.06962466 0.9865525 -0.06849974 0.9934144 -0.06849974 0.9934144 -0.06962466 0.9865525 -0.06771236 0.98689 -0.06962466 0.9865525 -0.068331 0.9799719 -0.06771236 0.98689 -0.06771236 0.98689 -0.068331 0.9799719 -0.0664187 0.9804219 -0.068331 0.9799719 -0.06647497 0.9735038 -0.0664187 0.9804219 -0.0664187 0.9804219 -0.06647497 0.9735038 -0.06461888 0.9740663 -0.06647497 0.9735038 -0.06416893 0.9671482 -0.06461888 0.9740663 -0.06461888 0.9740663 -0.06416893 0.9671482 -0.0623691 0.9679356 -0.06416893 0.9671482 -0.06135672 0.9610175 -0.0623691 0.9679356 -0.0623691 0.9679356 -0.06135672 0.9610175 -0.0596131 0.9619174 -0.06135672 0.9610175 -0.05803829 0.9551681 -0.0596131 0.9619174 -0.0596131 0.9619174 -0.05803829 0.9551681 -0.05635094 0.9561805 -0.05803829 0.9551681 -0.0542699 0.9495436 -0.05635094 0.9561805 -0.05635094 0.9561805 -0.0542699 0.9495436 -0.05269503 0.9507247 -0.0542699 0.9495436 -0.05010777 0.9442567 -0.05269503 0.9507247 -0.05269503 0.9507247 -0.05010777 0.9442567 -0.04864543 0.9455503 -0.05010777 0.9442567 -0.04555201 0.9393071 -0.04864543 0.9455503 -0.04864543 0.9455503 -0.04555201 0.9393071 -0.04414588 0.9407132 -0.04555201 0.9393071 -0.04060244 0.9347513 -0.04414588 0.9407132 -0.04414588 0.9407132 -0.04060244 0.9347513 -0.03936511 0.9362137 -0.04060244 0.9347513 -0.03531545 0.9305892 -0.03936511 0.9362137 -0.03936511 0.9362137 -0.03531545 0.9305892 -0.03419059 0.9321641 -0.03531545 0.9305892 -0.02969104 0.9268208 -0.03419059 0.9321641 -0.03419059 0.9321641 -0.02969104 0.9268208 -0.02867865 0.9285082 -0.02969104 0.9268208 -0.02384161 0.9235587 -0.02867865 0.9285082 -0.02867865 0.9285082 -0.02384161 0.9235587 -0.0229417 0.9253022 -0.02384161 0.9235587 -0.01771092 0.9207465 -0.0229417 0.9253022 -0.0229417 0.9253022 -0.01771092 0.9207465 -0.01697975 0.9225463 -0.01771092 0.9207465 -0.01141154 0.9183841 -0.01697975 0.9225463 -0.01697975 0.9225463 -0.01141154 0.9183841 -0.01079285 0.9202402 -0.01141154 0.9183841 -0.004887163 0.9165843 -0.01079285 0.9202402 -0.01079285 0.9202402 -0.004887163 0.9165843 -0.004437208 0.9184404 -0.004887163 0.9165843 0.001693367 0.9152345 -0.004437208 0.9184404 -0.004437208 0.9184404 0.001693367 0.9152345 0.002030849 0.9171468 0.001693367 0.9152345 0.008386492 0.914447 0.002030849 0.9171468 0.002030849 0.9171468 0.008386492 0.914447 0.008555173 0.9164156 0.008386492 0.914447 0.01513582 0.9141658 0.008555173 0.9164156 0.008555173 0.9164156 0.01513582 0.9141658 0.01513582 0.9161344 0.01513582 0.9141658 0.02182888 0.914447 0.01513582 0.9161344 0.01513582 0.9161344 0.02182888 0.914447 0.02171641 0.9164156 0.02182888 0.914447 0.02852201 0.9152345 0.02171641 0.9164156 0.02171641 0.9164156 0.02852201 0.9152345 0.02824079 0.9171468 0.02852201 0.9152345 0.03515887 0.9165843 0.02824079 0.9171468 0.02824079 0.9171468 0.03515887 0.9165843 0.03470891 0.9184404 0.03515887 0.9165843 0.04162698 0.9183841 0.03470891 0.9184404 0.03470891 0.9184404 0.04162698 0.9183841 0.04106456 0.9202402 0.04162698 0.9183841 0.04798263 0.9207465 0.04106456 0.9202402 0.04106456 0.9202402 0.04798263 0.9207465 0.04719519 0.9225463 0.04798263 0.9207465 0.054057 0.9235587 0.04719519 0.9225463 0.04719519 0.9225463 0.054057 0.9235587 0.05321335 0.9253022 0.054057 0.9235587 0.05996268 0.9268208 0.05321335 0.9253022 0.05321335 0.9253022 0.05996268 0.9268208 0.0589503 0.9285082 0.05996268 0.9268208 0.06558716 0.9305892 0.0589503 0.9285082 0.0589503 0.9285082 0.06558716 0.9305892 0.06440603 0.9321641 0.06558716 0.9305892 0.07087415 0.9347513 0.06440603 0.9321641 0.06440603 0.9321641 0.07087415 0.9347513 0.06958055 0.9362137 0.07087415 0.9347513 0.07582366 0.9393071 0.06958055 0.9362137 0.06958055 0.9362137 0.07582366 0.9393071 0.07441753 0.9407132 0.07582366 0.9393071 0.08037948 0.9442567 0.07441753 0.9407132 0.07441753 0.9407132 0.08037948 0.9442567 0.07891714 0.9455503 0.08037948 0.9442567 0.08454155 0.9495436 0.07891714 0.9455503 0.07891714 0.9455503 0.08454155 0.9495436 0.08296674 0.9507247 0.08454155 0.9495436 0.08830994 0.9551681 0.08296674 0.9507247 0.08296674 0.9507247 0.08830994 0.9551681 0.08662259 0.9561805 0.08830994 0.9551681 0.09157216 0.9610175 0.08662259 0.9561805 0.08662259 0.9561805 0.09157216 0.9610175 0.08982855 0.9619174 0.09157216 0.9610175 0.09438437 0.9671482 0.08982855 0.9619174 0.08982855 0.9619174 0.09438437 0.9671482 0.09258455 0.9679356 0.09489059 0.9740663 0.09258455 0.9679356 0.09674662 0.9735038 0.09258455 0.9679356 0.09438437 0.9671482 0.09674662 0.9735038 0.09674662 0.9735038 0.09438437 0.9671482 0.09849023 0.9728851 0.09438437 0.9671482 0.09612792 0.966417 0.09849023 0.9728851 0.09849023 0.9728851 0.09612792 0.966417 0.1001775 0.9723789 0.1001775 0.9723789 0.09612792 0.966417 0.097759 0.9657983 0.09612792 0.966417 0.09325945 0.9601739 0.097759 0.9657983 0.097759 0.9657983 0.09325945 0.9601739 0.09477806 0.9593864 0.09325945 0.9601739 0.08988481 0.9542119 0.09477806 0.9593864 0.09477806 0.9593864 0.08988481 0.9542119 0.09134715 0.9532558 0.08988481 0.9542119 0.08606016 0.948475 0.09134715 0.9532558 0.08606016 0.948475 0.08746629 0.9474626 0.09134715 0.9532558 0.09264075 0.9524683 0.09134715 0.9532558 0.09084093 0.9497686 0.09084093 0.9497686 0.09134715 0.9532558 0.08870369 0.9465627 0.09134715 0.9532558 0.08746629 0.9474626 0.08870369 0.9465627 0.08870369 0.9465627 0.08746629 0.9474626 0.08510398 0.9420068 0.08746629 0.9474626 0.08313548 0.9419506 0.08510398 0.9420068 0.08510398 0.9420068 0.08313548 0.9419506 0.08426034 0.9409382 0.08313548 0.9419506 0.07835465 0.9367761 0.08426034 0.9409382 0.08426034 0.9409382 0.07835465 0.9367761 0.0794233 0.9357075 0.0794233 0.9357075 0.07835465 0.9367761 0.07852339 0.9348638 0.07852339 0.9348638 0.07835465 0.9367761 0.07419258 0.9308704 0.07835465 0.9367761 0.07318019 0.9319953 0.07419258 0.9308704 0.07419258 0.9308704 0.07318019 0.9319953 0.07121163 0.9285082 0.07318019 0.9319953 0.06766819 0.9276645 0.07121163 0.9285082 0.07121163 0.9285082 0.06766819 0.9276645 0.06856811 0.9264271 0.06856811 0.9264271 0.06766819 0.9276645 0.06333738 0.92294 0.06766819 0.9276645 0.06181877 0.9237836 0.06333738 0.92294 0.06333738 0.92294 0.06181877 0.9237836 0.06260621 0.92249 0.06181877 0.9237836 0.05574434 0.9203527 0.06260621 0.92249 0.06260621 0.92249 0.05574434 0.9203527 0.05641931 0.9190028 0.05641931 0.9190028 0.05574434 0.9203527 0.05484443 0.9182717 0.05574434 0.9203527 0.04989492 0.9159656 0.05484443 0.9182717 0.05484443 0.9182717 0.04989492 0.9159656 0.05298835 0.9073602 0.05298835 0.9073602 0.04989492 0.9159656 0.04905128 0.9059541 0.04989492 0.9159656 0.0459578 0.9145033 0.04905128 0.9059541 0.04905128 0.9059541 0.0459578 0.9145033 0.04607027 0.9048292 0.0459578 0.9145033 0.0432018 0.9135471 0.04607027 0.9048292 0.04607027 0.9048292 0.0432018 0.9135471 0.03892725 0.9028044 0.0432018 0.9135471 0.03667747 0.9116911 0.03892725 0.9028044 0.03667747 0.9116911 0.03887099 0.9028044 0.03892725 0.9028044 0.03892725 0.9028044 0.03887099 0.9028044 0.01839798 0.9607926 0.01839798 0.9607926 0.03887099 0.9028044 0.01839798 0.9681043 0.03887099 0.9028044 0.0316717 0.9012858 0.01839798 0.9681043 0.0316717 0.9012858 0.02840954 0.9008921 0.01839798 0.9681043 0.02840954 0.9008921 0.01839798 0.9755286 0.01839798 0.9681043 0.01839798 0.9681043 0.01839798 0.9755286 0.01671063 0.9679356 0.01839798 0.9755286 0.01671063 0.9754161 0.01671063 0.9679356 0.01671063 0.9679356 0.01671063 0.9754161 0.01479834 0.9678794 0.01479834 0.9678794 0.01671063 0.9754161 0.01479834 0.9754161 0.01671063 0.9754161 0.01671063 0.9830091 0.01479834 0.9754161 0.01479834 0.9754161 0.01671063 0.9830091 0.01479834 0.9829529 0.01671063 0.9830091 0.01671063 0.9905459 0.01479834 0.9829529 0.01671063 0.9905459 0.01479834 0.9905459 0.01479834 0.9829529 0.01282978 0.9829529 0.01479834 0.9829529 0.01282978 0.9848652 0.01282978 0.9848652 0.01479834 0.9829529 0.01282978 0.9906021 0.01479834 0.9829529 0.01479834 0.9905459 0.01282978 0.9906021 0.01282978 0.9906021 0.01479834 0.9905459 0.01282978 0.9956641 0.01479834 0.9905459 0.01479834 0.9981389 0.01282978 0.9956641 0.01282978 0.9956641 0.01479834 0.9981389 0.01282978 0.9981389 0.01479834 0.9981389 0.01479834 1.005619 0.01282978 0.9981389 0.01479834 1.005619 0.01282978 1.005676 0.01282978 0.9981389 0.01282978 0.9981389 0.01282978 1.005676 1.18546e-4 1.001907 1.18546e-4 1.001907 0.01282978 1.005676 1.18546e-4 1.006294 0.01282978 1.005676 0.01282978 1.006294 1.18546e-4 1.006294 1.18546e-4 1.006294 0.01282978 1.006294 1.18546e-4 1.009388 0.01282978 1.006294 0.01282978 1.013044 1.18546e-4 1.009388 1.18546e-4 1.009388 0.01282978 1.013044 1.18546e-4 1.0167 0.01282978 1.013044 0.01282978 1.0167 1.18546e-4 1.0167 0.01282978 1.0167 0.01282978 1.020299 1.18546e-4 1.0167 0.01282978 1.020299 1.18546e-4 1.023843 1.18546e-4 1.0167 1.18546e-4 1.0167 1.18546e-4 1.023843 -0.001793742 1.016643 -0.001793742 1.016643 1.18546e-4 1.023843 -0.001793742 1.023786 1.18546e-4 1.023843 1.18546e-4 1.026767 -0.001793742 1.023786 1.18546e-4 1.026767 -0.001793742 1.030704 -0.001793742 1.023786 -0.001793742 1.023786 -0.001793742 1.030704 -0.003706037 1.023561 -0.003706037 1.023561 -0.001793742 1.030704 -0.003706037 1.030423 -0.003706037 1.030423 -0.001793742 1.030704 -0.001793742 1.037398 -0.001793742 1.030704 1.18546e-4 1.030761 -0.001793742 1.037398 1.18546e-4 1.030761 1.18546e-4 1.036385 -0.001793742 1.037398 1.18546e-4 1.036385 1.18546e-4 1.037454 -0.001793742 1.037398 -0.001793742 1.037398 1.18546e-4 1.037454 1.18546e-4 1.043866 1.18546e-4 1.037454 0.01282978 1.040716 1.18546e-4 1.043866 0.01282978 1.040716 0.01282978 1.045384 1.18546e-4 1.043866 1.18546e-4 1.043866 0.01282978 1.045384 1.18546e-4 1.045384 1.18546e-4 1.045384 0.01282978 1.045384 0.01282978 1.046959 0.01282978 1.045384 0.01479834 1.046847 0.01282978 1.046959 0.01479834 1.046847 0.01479834 1.052696 0.01282978 1.046959 0.01282978 1.046959 0.01479834 1.052696 0.01282978 1.052865 0.01282978 1.052865 0.01479834 1.052696 0.01282978 1.053765 0.01282978 1.053765 0.01479834 1.052696 0.01282978 0.9278332 0.01479834 1.052696 0.01479834 0.9280019 0.01282978 0.9278332 0.01282978 0.9278332 0.01479834 0.9280019 0.01282978 0.9311516 0.01479834 0.9280019 0.01479834 0.9335702 0.01282978 0.9311516 0.01282978 0.9311516 0.01479834 0.9335702 0.01282978 0.9334577 0.01479834 0.9335702 0.01479834 0.9395883 0.01282978 0.9334577 0.01282978 0.9334577 0.01479834 0.9395883 0.01282978 0.9394758 0.01282978 0.9485312 0.01282978 0.9457752 0.01479834 0.9458877 0.01282978 0.9457752 0.01282978 0.9394758 0.01479834 0.9458877 0.01282978 0.9394758 0.01479834 0.9395883 0.01479834 0.9458877 0.01479834 0.9395883 0.01671063 0.946169 0.01479834 0.9458877 0.01671063 0.946169 0.01671063 0.9527496 0.01479834 0.9458877 0.01479834 0.9458877 0.01671063 0.9527496 0.01479834 0.9524683 0.01671063 0.9527496 0.01671063 0.9595552 0.01479834 0.9524683 0.01479834 0.9524683 0.01671063 0.9595552 0.01479834 0.9593302 0.01671063 0.9595552 0.01671063 0.966642 0.01479834 0.9593302 0.01479834 0.9593302 0.01671063 0.966642 0.01479834 0.966417 0.01671063 0.966642 0.01671063 0.9738413 0.01479834 0.966417 0.01479834 0.966417 0.01671063 0.9738413 0.01479834 0.9736725 0.01671063 0.9738413 0.01671063 0.9812093 0.01479834 0.9736725 0.01479834 0.9736725 0.01671063 0.9812093 0.01479834 0.9810968 0.01479834 0.9810968 0.01671063 0.9812093 0.01671063 0.9886898 0.01671063 0.9812093 0.01839798 0.9888023 0.01671063 0.9886898 0.01839798 0.9888023 0.01839798 0.9962828 0.01671063 0.9886898 0.01671063 0.9886898 0.01839798 0.9962828 0.01671063 0.9962266 0.01671063 0.9962266 0.01839798 0.9962828 0.01839798 1.003763 0.01839798 0.9962828 -0.08486694 0.9962828 0.01839798 1.003763 -0.08486694 0.9962828 -0.08486694 0.999995 0.01839798 1.003763 -0.08486694 0.999995 -0.08486694 1.003707 0.01839798 1.003763 -0.08486694 1.003707 -0.08436071 1.010625 0.01839798 1.003763 0.01839798 1.003763 -0.08436071 1.010625 0.01839798 1.011188 -0.08436071 1.010625 -0.08436071 1.011075 0.01839798 1.011188 -0.08436071 1.011075 -0.0832358 1.018387 0.01839798 1.011188 0.01839798 1.011188 -0.0832358 1.018387 0.01839798 1.018612 0.01839798 1.018612 -0.0832358 1.018387 -0.08261716 1.021143 -0.0832358 1.018387 -0.07468664 1.014225 -0.08261716 1.021143 -0.07468664 1.014225 -0.07367426 1.019231 -0.08261716 1.021143 -0.08261716 1.021143 -0.07367426 1.019231 -0.07328057 1.021199 -0.07367426 1.019231 -0.07181817 1.020862 -0.07328057 1.021199 -0.07181817 1.020862 -0.06990587 1.027611 -0.07328057 1.021199 -0.07328057 1.021199 -0.06990587 1.027611 -0.07136821 1.028117 -0.07136821 1.028117 -0.06990587 1.027611 -0.07119947 1.028567 -0.06990587 1.027611 -0.06748735 1.034192 -0.07119947 1.028567 -0.07119947 1.028567 -0.06748735 1.034192 -0.06889349 1.03481 -0.06889349 1.03481 -0.06748735 1.034192 -0.06759983 1.037566 -0.06759983 1.037566 -0.06748735 1.034192 -0.06591248 1.041278 -0.06748735 1.034192 -0.06456261 1.040603 -0.06591248 1.041278 -0.06591248 1.041278 -0.06456261 1.040603 -0.06315654 1.046115 -0.06242537 1.047522 -0.06315654 1.046115 -0.06113171 1.046734 -0.06315654 1.046115 -0.06456261 1.040603 -0.06113171 1.046734 -0.06456261 1.040603 -0.0596131 1.045834 -0.06113171 1.046734 -0.06113171 1.046734 -0.0596131 1.045834 -0.05578851 1.051515 -0.0596131 1.045834 -0.0542699 1.050446 -0.05578851 1.051515 -0.05578851 1.051515 -0.0542699 1.050446 -0.05010777 1.055733 -0.0542699 1.050446 -0.04864543 1.05444 -0.05010777 1.055733 -0.05010777 1.055733 -0.04864543 1.05444 -0.04414588 1.059277 -0.0229417 1.074744 -0.02867865 1.071482 0.01513582 0.999995 -0.02867865 1.071482 -0.03419059 1.067826 0.01513582 0.999995 -0.03419059 1.067826 -0.03936511 1.063776 0.01513582 0.999995 -0.03936511 1.063776 -0.04414588 1.059277 0.01513582 0.999995 -0.04414588 1.059277 -0.04864543 1.05444 0.01513582 0.999995 -0.04864543 1.05444 -0.05269503 1.049265 0.01513582 0.999995 -0.05269503 1.049265 -0.05635094 1.043809 0.01513582 0.999995 -0.05635094 1.043809 -0.0596131 1.038072 0.01513582 0.999995 -0.0596131 1.038072 -0.0623691 1.032111 0.01513582 0.999995 -0.0623691 1.032111 -0.06461888 1.025924 0.01513582 0.999995 -0.06461888 1.025924 -0.0664187 1.019568 0.01513582 0.999995 -0.0664187 1.019568 -0.06771236 1.0131 0.01513582 0.999995 -0.06771236 1.0131 -0.06849974 1.006576 0.01513582 0.999995 -0.06849974 1.006576 -0.06872475 0.999995 0.01513582 0.999995 -0.06872475 0.999995 -0.06849974 0.9934144 0.01513582 0.999995 -0.06849974 0.9934144 -0.06771236 0.98689 0.01513582 0.999995 -0.06771236 0.98689 -0.0664187 0.9804219 0.01513582 0.999995 -0.0664187 0.9804219 -0.06461888 0.9740663 0.01513582 0.999995 -0.06461888 0.9740663 -0.0623691 0.9679356 0.01513582 0.999995 -0.0623691 0.9679356 -0.0596131 0.9619174 0.01513582 0.999995 -0.0596131 0.9619174 -0.05635094 0.9561805 0.01513582 0.999995 -0.05635094 0.9561805 -0.05269503 0.9507247 0.01513582 0.999995 -0.05269503 0.9507247 -0.04864543 0.9455503 0.01513582 0.999995 -0.04864543 0.9455503 -0.04414588 0.9407132 0.01513582 0.999995 -0.04414588 0.9407132 -0.03936511 0.9362137 0.01513582 0.999995 -0.03936511 0.9362137 -0.03419059 0.9321641 0.01513582 0.999995 -0.03419059 0.9321641 -0.02867865 0.9285082 0.01513582 0.999995 -0.02867865 0.9285082 -0.0229417 0.9253022 0.01513582 0.999995 -0.0229417 0.9253022 -0.01697975 0.9225463 0.01513582 0.999995 -0.01697975 0.9225463 -0.01079285 0.9202402 0.01513582 0.999995 -0.01079285 0.9202402 -0.004437208 0.9184404 0.01513582 0.999995 -0.004437208 0.9184404 0.002030849 0.9171468 0.01513582 0.999995 0.002030849 0.9171468 0.008555173 0.9164156 0.01513582 0.999995 0.008555173 0.9164156 0.01513582 0.9161344 0.01513582 0.999995 0.01513582 0.9161344 0.02171641 0.9164156 0.01513582 0.999995 0.02171641 0.9164156 0.02824079 0.9171468 0.01513582 0.999995 0.02824079 0.9171468 0.03470891 0.9184404 0.01513582 0.999995 0.03470891 0.9184404 0.04106456 0.9202402 0.01513582 0.999995 0.04106456 0.9202402 0.04719519 0.9225463 0.01513582 0.999995 0.04719519 0.9225463 0.05321335 0.9253022 0.01513582 0.999995 0.05321335 0.9253022 0.0589503 0.9285082 0.01513582 0.999995 0.0589503 0.9285082 0.06440603 0.9321641 0.01513582 0.999995 0.06440603 0.9321641 0.06958055 0.9362137 0.01513582 0.999995 0.06958055 0.9362137 0.07441753 0.9407132 0.01513582 0.999995 0.07441753 0.9407132 0.07891714 0.9455503 0.01513582 0.999995 0.07891714 0.9455503 0.08296674 0.9507247 0.01513582 0.999995 0.08296674 0.9507247 0.08662259 0.9561805 0.01513582 0.999995 0.08662259 0.9561805 0.08982855 0.9619174 0.01513582 0.999995 0.08982855 0.9619174 0.09258455 0.9679356 0.01513582 0.999995 0.09258455 0.9679356 0.09489059 0.9740663 0.01513582 0.999995 0.09489059 0.9740663 0.09669041 0.9804219 0.01513582 0.999995 0.09669041 0.9804219 0.09792774 0.98689 0.01513582 0.999995 0.09871518 1.006576 0.01513582 0.999995 0.0989964 0.999995 0.0989964 0.999995 0.01513582 0.999995 0.09871518 0.9934144 0.01513582 0.999995 0.09792774 0.98689 0.09871518 0.9934144 0.09871518 1.006576 0.0989964 0.999995 0.1006838 1.006744 0.1006838 1.006744 0.0989964 0.999995 0.1009087 0.999995 0.0989964 0.999995 0.09871518 0.9934144 0.1009087 0.999995 0.1009087 0.999995 0.09871518 0.9934144 0.1006838 0.9932456 0.09871518 0.9934144 0.09792774 0.98689 0.1006838 0.9932456 0.1006838 0.9932456 0.09792774 0.98689 0.09989631 0.9865525 0.09792774 0.98689 0.09669041 0.9804219 0.09989631 0.9865525 0.09989631 0.9865525 0.09669041 0.9804219 0.09854644 0.9799719 0.09669041 0.9804219 0.09489059 0.9740663 0.09854644 0.9799719 0.09489059 0.9740663 0.09674662 0.9735038 0.09854644 0.9799719 0.09854644 0.9799719 0.09674662 0.9735038 0.1004025 0.9795219 0.09674662 0.9735038 0.09849023 0.9728851 0.1004025 0.9795219 0.1004025 0.9795219 0.09849023 0.9728851 0.1020898 0.9791283 0.09849023 0.9728851 0.1001775 0.9723789 0.1020898 0.9791283 0.1027648 0.976091 0.1020898 0.9791283 0.1015837 0.971929 0.1020898 0.9791283 0.1001775 0.9723789 0.1015837 0.971929 0.1015837 0.971929 0.1001775 0.9723789 0.09978383 0.9669232 0.1001775 0.9723789 0.097759 0.9657983 0.09978383 0.9669232 0.09978383 0.9669232 0.097759 0.9657983 0.09910893 0.9651796 0.097759 0.9657983 0.09477806 0.9593864 0.09910893 0.9651796 0.09910893 0.9651796 0.09477806 0.9593864 0.09612792 0.9587115 0.09612792 0.9587115 0.09477806 0.9593864 0.0957905 0.9580928 0.09477806 0.9593864 0.09134715 0.9532558 0.0957905 0.9580928 0.09134715 0.9532558 0.09264075 0.9524683 0.0957905 0.9580928 0.0957905 0.9580928 0.09264075 0.9524683 0.1020898 0.9504998 0.1020898 0.9504998 0.09264075 0.9524683 0.09849023 0.9447066 0.09264075 0.9524683 0.09084093 0.9497686 0.09849023 0.9447066 0.09849023 0.9447066 0.09084093 0.9497686 0.09820902 0.9442004 0.09084093 0.9497686 0.08870369 0.9465627 0.09820902 0.9442004 0.09820902 0.9442004 0.08870369 0.9465627 0.09387814 0.9382385 0.08870369 0.9465627 0.08510398 0.9420068 0.09387814 0.9382385 0.09387814 0.9382385 0.08510398 0.9420068 0.09213459 0.9361574 0.08510398 0.9420068 0.08426034 0.9409382 0.09213459 0.9361574 0.09213459 0.9361574 0.08426034 0.9409382 0.08909738 0.9325578 0.08426034 0.9409382 0.0794233 0.9357075 0.08909738 0.9325578 0.08909738 0.9325578 0.0794233 0.9357075 0.08487904 0.9283394 0.0794233 0.9357075 0.07852339 0.9348638 0.08487904 0.9283394 0.08487904 0.9283394 0.07852339 0.9348638 0.08392286 0.927327 0.07852339 0.9348638 0.07419258 0.9308704 0.08392286 0.927327 0.08392286 0.927327 0.07419258 0.9308704 0.07835465 0.9224337 0.07835465 0.9224337 0.07419258 0.9308704 0.07689231 0.9213089 0.07419258 0.9308704 0.07121163 0.9285082 0.07689231 0.9213089 0.07689231 0.9213089 0.07121163 0.9285082 0.07244896 0.9179905 0.07121163 0.9285082 0.06856811 0.9264271 0.07244896 0.9179905 0.07244896 0.9179905 0.06856811 0.9264271 0.06817442 0.9152345 0.06856811 0.9264271 0.06333738 0.92294 0.06817442 0.9152345 0.06333738 0.92294 0.06260621 0.92249 0.06817442 0.9152345 0.06817442 0.9152345 0.06260621 0.92249 0.06620585 0.9139409 0.06260621 0.92249 0.05641931 0.9190028 0.06620585 0.9139409 0.06620585 0.9139409 0.05641931 0.9190028 0.05973774 0.9103974 0.05973774 0.9103974 0.05641931 0.9190028 0.05889403 0.9100599 0.05641931 0.9190028 0.05484443 0.9182717 0.05889403 0.9100599 0.05484443 0.9182717 0.05298835 0.9073602 0.05889403 0.9100599 0.05889403 0.9100599 0.05298835 0.9073602 0.01839798 0.9465627 0.01839798 0.9465627 0.05298835 0.9073602 0.01839798 0.9535933 0.05298835 0.9073602 0.04905128 0.9059541 0.01839798 0.9535933 0.04905128 0.9059541 0.04607027 0.9048292 0.01839798 0.9535933 0.04607027 0.9048292 0.03892725 0.9028044 0.01839798 0.9535933 0.03892725 0.9028044 0.01839798 0.9607926 0.01839798 0.9535933 0.01839798 0.9535933 0.01839798 0.9607926 0.01671063 0.9532558 0.01671063 0.9532558 0.01839798 0.9607926 0.01671063 0.9605675 0.01839798 0.9607926 0.01839798 0.9681043 0.01671063 0.9605675 0.01839798 0.9681043 0.01671063 0.9679356 0.01671063 0.9605675 0.01671063 0.9605675 0.01671063 0.9679356 0.01479834 0.9603988 0.01671063 0.9679356 0.01479834 0.9678794 0.01479834 0.9603988 0.01282978 0.9603426 0.01479834 0.9603988 0.01282978 0.9634923 0.01282978 0.9634923 0.01479834 0.9603988 0.01282978 0.9678231 0.01479834 0.9603988 0.01479834 0.9678794 0.01282978 0.9678231 0.01282978 0.9678231 0.01479834 0.9678794 0.01282978 0.9741225 0.01479834 0.9678794 0.01479834 0.9754161 0.01282978 0.9741225 0.01282978 0.9741225 0.01479834 0.9754161 0.01282978 0.9753599 0.01479834 0.9754161 0.01479834 0.9829529 0.01282978 0.9753599 0.01479834 0.9829529 0.01282978 0.9829529 0.01282978 0.9753599 0.01282978 0.9753599 0.01282978 0.9829529 1.18546e-4 0.9791845 1.18546e-4 0.9791845 0.01282978 0.9829529 1.18546e-4 0.9848652 0.01282978 0.9829529 0.01282978 0.9848652 1.18546e-4 0.9848652 1.18546e-4 0.9848652 0.01282978 0.9848652 1.18546e-4 0.9867775 0.01282978 0.9848652 0.01282978 0.9906021 1.18546e-4 0.9867775 1.18546e-4 0.9867775 0.01282978 0.9906021 1.18546e-4 0.9943705 1.18546e-4 0.9943705 0.01282978 0.9906021 1.18546e-4 0.9956641 0.01282978 0.9906021 0.01282978 0.9956641 1.18546e-4 0.9956641 0.01282978 0.9956641 0.01282978 0.9981389 1.18546e-4 0.9956641 0.01282978 0.9981389 1.18546e-4 1.001907 1.18546e-4 0.9956641 1.18546e-4 0.9956641 1.18546e-4 1.001907 -0.001793742 1.001907 -0.001793742 1.001907 1.18546e-4 1.001907 -0.001793742 1.009332 1.18546e-4 1.001907 1.18546e-4 1.006294 -0.001793742 1.009332 1.18546e-4 1.006294 1.18546e-4 1.009388 -0.001793742 1.009332 1.18546e-4 1.009388 1.18546e-4 1.0167 -0.001793742 1.009332 1.18546e-4 1.0167 -0.001793742 1.016643 -0.001793742 1.009332 -0.001793742 1.009332 -0.001793742 1.016643 -0.003706037 1.009219 -0.003706037 1.009219 -0.001793742 1.016643 -0.003706037 1.016475 -0.001793742 1.016643 -0.001793742 1.023786 -0.003706037 1.016475 -0.001793742 1.023786 -0.003706037 1.023561 -0.003706037 1.016475 -0.003706037 1.016475 -0.003706037 1.023561 -0.005393385 1.016193 -0.005393385 1.016193 -0.003706037 1.023561 -0.005393385 1.023224 -0.003706037 1.023561 -0.003706037 1.030423 -0.005393385 1.023224 -0.005393385 1.023224 -0.003706037 1.030423 -0.005393385 1.03003 -0.005393385 1.03003 -0.003706037 1.030423 -0.003706037 1.03706 -0.003706037 1.030423 -0.001793742 1.037398 -0.003706037 1.03706 -0.003706037 1.03706 -0.001793742 1.037398 -0.001793742 1.043753 -0.001793742 1.037398 1.18546e-4 1.043866 -0.001793742 1.043753 1.18546e-4 1.043866 1.18546e-4 1.045384 -0.001793742 1.043753 -0.001793742 1.043753 1.18546e-4 1.045384 -0.001793742 1.049828 -0.001793742 1.049828 1.18546e-4 1.045384 1.18546e-4 1.04994 1.18546e-4 1.045384 0.01282978 1.046959 1.18546e-4 1.04994 0.01282978 1.046959 0.01282978 1.052865 1.18546e-4 1.04994 1.18546e-4 1.04994 0.01282978 1.052865 1.18546e-4 1.053765 0.01282978 1.052865 0.01282978 1.053765 1.18546e-4 1.053765 1.18546e-4 1.053765 0.01282978 1.053765 1.18546e-4 1.055677 0.01282978 1.053765 0.01282978 0.9278332 1.18546e-4 1.055677 1.18546e-4 1.055677 0.01282978 0.9278332 1.18546e-4 0.9305892 1.18546e-4 0.9305892 0.01282978 0.9278332 1.18546e-4 0.9310954 0.01282978 0.9278332 0.01282978 0.9311516 1.18546e-4 0.9310954 0.01282978 0.9311516 0.01282978 0.9334577 1.18546e-4 0.9310954 1.18546e-4 0.9310954 0.01282978 0.9334577 1.18546e-4 0.9364386 0.01282978 0.9334577 0.01282978 0.9394758 1.18546e-4 0.9364386 1.18546e-4 0.9364386 0.01282978 0.9394758 1.18546e-4 0.9394758 1.18546e-4 0.9394758 0.01282978 0.9394758 1.18546e-4 0.9425693 0.01282978 0.9394758 0.01282978 0.9457752 1.18546e-4 0.9425693 1.18546e-4 0.9425693 0.01282978 0.9457752 1.18546e-4 0.9485312 0.01282978 0.9457752 0.01282978 0.9485312 1.18546e-4 0.9485312 1.18546e-4 0.9485312 0.01282978 0.9485312 1.18546e-4 0.9490374 1.18546e-4 0.9490374 0.01282978 0.9485312 0.01282978 0.9524121 0.01282978 0.9485312 0.01479834 0.9458877 0.01282978 0.9524121 0.01479834 0.9458877 0.01479834 0.9524683 0.01282978 0.9524121 0.01282978 0.9524121 0.01479834 0.9524683 0.01282978 0.958149 0.01479834 0.9524683 0.01479834 0.9593302 0.01282978 0.958149 0.01282978 0.958149 0.01479834 0.9593302 0.01282978 0.9592739 0.01479834 0.9593302 0.01479834 0.966417 0.01282978 0.9592739 0.01282978 0.9592739 0.01479834 0.966417 0.01282978 0.9663608 0.01282978 0.9663608 0.01479834 0.966417 0.01282978 0.9681606 0.01282978 0.9681606 0.01479834 0.966417 0.01282978 0.9736725 0.01479834 0.966417 0.01479834 0.9736725 0.01282978 0.9736725 0.01282978 0.9736725 0.01479834 0.9736725 0.01282978 0.978622 0.01479834 0.9736725 0.01479834 0.9810968 0.01282978 0.978622 0.01282978 0.978622 0.01479834 0.9810968 0.01282978 0.9810968 0.01282978 0.9885773 0.01282978 0.9810968 0.01479834 0.9886336 0.01282978 0.9810968 0.01479834 0.9810968 0.01479834 0.9886336 0.01479834 0.9810968 0.01671063 0.9886898 0.01479834 0.9886336 0.01671063 0.9886898 0.01671063 0.9962266 0.01479834 0.9886336 0.01479834 0.9886336 0.01671063 0.9962266 0.01479834 0.9962266 0.01479834 0.9962266 0.01671063 0.9962266 0.01671063 1.003763 0.01671063 0.9962266 0.01839798 1.003763 0.01671063 1.003763 0.01839798 1.003763 0.01839798 1.011188 0.01671063 1.003763 0.01671063 1.003763 0.01839798 1.011188 0.01671063 1.0113 0.01839798 1.011188 0.01839798 1.018612 0.01671063 1.0113 0.01671063 1.0113 0.01839798 1.018612 0.01671063 1.018781 0.01671063 1.018781 0.01839798 1.018612 0.01839798 1.025924 0.01839798 1.018612 -0.08261716 1.021143 0.01839798 1.025924 0.01839798 1.025924 -0.08261716 1.021143 -0.08160471 1.025586 -0.08261716 1.021143 -0.07328057 1.021199 -0.08160471 1.025586 -0.07328057 1.021199 -0.07136821 1.028117 -0.08160471 1.025586 -0.08160471 1.025586 -0.07136821 1.028117 -0.07986116 1.031436 -0.07136821 1.028117 -0.07119947 1.028567 -0.07986116 1.031436 -0.07986116 1.031436 -0.07119947 1.028567 -0.07946741 1.032673 -0.07119947 1.028567 -0.06889349 1.03481 -0.07946741 1.032673 -0.07946741 1.032673 -0.06889349 1.03481 -0.07676768 1.039591 -0.07676768 1.039591 -0.06889349 1.03481 -0.0759803 1.041335 -0.06889349 1.03481 -0.06759983 1.037566 -0.0759803 1.041335 -0.0759803 1.041335 -0.06759983 1.037566 -0.07361799 1.046228 -0.06759983 1.037566 -0.06591248 1.041278 -0.07361799 1.046228 -0.07361799 1.046228 -0.06591248 1.041278 -0.07103073 1.050784 -0.06591248 1.041278 -0.06315654 1.046115 -0.07103073 1.050784 -0.07103073 1.050784 -0.06315654 1.046115 -0.06996214 1.052696 -0.06315654 1.046115 -0.06242537 1.047522 -0.06996214 1.052696 -0.06996214 1.052696 -0.06242537 1.047522 -0.06585627 1.058827 -0.06585627 1.058827 -0.06242537 1.047522 -0.05843198 1.053427 -0.05843198 1.053427 -0.06242537 1.047522 -0.05719459 1.052584 -0.06242537 1.047522 -0.06113171 1.046734 -0.05719459 1.052584 -0.06113171 1.046734 -0.05578851 1.051515 -0.05719459 1.052584 -0.05719459 1.052584 -0.05578851 1.051515 -0.05157017 1.056971 -0.05578851 1.051515 -0.05010777 1.055733 -0.05157017 1.056971 -0.05157017 1.056971 -0.05010777 1.055733 -0.04555201 1.060683 -0.05010777 1.055733 -0.04414588 1.059277 -0.04555201 1.060683 -0.04414588 1.059277 -0.03936511 1.063776 -0.04555201 1.060683 -0.04555201 1.060683 -0.03936511 1.063776 -0.04060244 1.065239 -0.03936511 1.063776 -0.03419059 1.067826 -0.04060244 1.065239 -0.04060244 1.065239 -0.03419059 1.067826 -0.03531545 1.069401 -0.03419059 1.067826 -0.02867865 1.071482 -0.03531545 1.069401 -0.03531545 1.069401 -0.02867865 1.071482 -0.02969104 1.073169 -0.02867865 1.071482 -0.0229417 1.074744 -0.02969104 1.073169 -0.02969104 1.073169 -0.0229417 1.074744 -0.02384161 1.076431 -0.02384161 1.076431 -0.0229417 1.074744 -0.01697975 1.0775 -0.0229417 1.074744 0.01513582 0.999995 -0.01697975 1.0775 -0.01697975 1.0775 0.01513582 0.999995 -0.01079285 1.07975 -0.01079285 1.07975 0.01513582 0.999995 -0.004437208 1.08155 -0.004437208 1.08155 0.01513582 0.999995 0.002030849 1.082843 0.002030849 1.082843 0.01513582 0.999995 0.008555173 1.083574 0.008555173 1.083574 0.01513582 0.999995 0.01513582 1.083855 0.01513582 1.083855 0.01513582 0.999995 0.02171641 1.083574 0.02171641 1.083574 0.01513582 0.999995 0.02824079 1.082843 0.02824079 1.082843 0.01513582 0.999995 0.03470891 1.08155 0.03470891 1.08155 0.01513582 0.999995 0.04106456 1.07975 0.04106456 1.07975 0.01513582 0.999995 0.04719519 1.0775 0.04719519 1.0775 0.01513582 0.999995 0.05321335 1.074744 0.05321335 1.074744 0.01513582 0.999995 0.0589503 1.071482 0.0589503 1.071482 0.01513582 0.999995 0.06440603 1.067826 0.06440603 1.067826 0.01513582 0.999995 0.06958055 1.063776 0.06958055 1.063776 0.01513582 0.999995 0.07441753 1.059277 0.07441753 1.059277 0.01513582 0.999995 0.07891714 1.05444 0.07891714 1.05444 0.01513582 0.999995 0.08296674 1.049265 0.08296674 1.049265 0.01513582 0.999995 0.08662259 1.043809 0.08662259 1.043809 0.01513582 0.999995 0.08982855 1.038072 0.08982855 1.038072 0.01513582 0.999995 0.09258455 1.032111 0.09258455 1.032111 0.01513582 0.999995 0.09489059 1.025924 0.09489059 1.025924 0.01513582 0.999995 0.09669041 1.019568 0.09669041 1.019568 0.01513582 0.999995 0.09792774 1.0131 0.01513582 0.999995 0.09871518 1.006576 0.09792774 1.0131 0.09792774 1.0131 0.09871518 1.006576 0.09989631 1.013437 0.09871518 1.006576 0.1006838 1.006744 0.09989631 1.013437 0.09989631 1.013437 0.1006838 1.006744 0.1017524 1.013719 0.1017524 1.013719 0.1006838 1.006744 0.1025398 1.006857 0.1006838 1.006744 0.1009087 0.999995 0.1025398 1.006857 0.1025398 1.006857 0.1009087 0.999995 0.1028211 0.999995 0.1009087 0.999995 0.1006838 0.9932456 0.1028211 0.999995 0.1028211 0.999995 0.1006838 0.9932456 0.1025398 0.9931331 0.1006838 0.9932456 0.09989631 0.9865525 0.1025398 0.9931331 0.1025398 0.9931331 0.09989631 0.9865525 0.1017524 0.9862713 0.09989631 0.9865525 0.09854644 0.9799719 0.1017524 0.9862713 0.09854644 0.9799719 0.1004025 0.9795219 0.1017524 0.9862713 0.1017524 0.9862713 0.1004025 0.9795219 0.1034398 0.9859901 0.1004025 0.9795219 0.1020898 0.9791283 0.1034398 0.9859901 0.1049583 0.9857651 0.1034398 0.9859901 0.1049021 0.9855401 0.1034398 0.9859901 0.1020898 0.9791283 0.1049021 0.9855401 0.1049021 0.9855401 0.1020898 0.9791283 0.1035522 0.9787908 0.1020898 0.9791283 0.1027648 0.976091 0.1035522 0.9787908 0.1035522 0.9787908 0.1027648 0.976091 0.1115952 0.9736725 0.1115952 0.9736725 0.1027648 0.976091 0.110864 0.9708603 0.1027648 0.976091 0.1015837 0.971929 0.110864 0.9708603 0.110864 0.9708603 0.1015837 0.971929 0.1084455 0.9638298 0.1015837 0.971929 0.09978383 0.9669232 0.1084455 0.9638298 0.1084455 0.9638298 0.09978383 0.9669232 0.108333 0.9635486 0.09978383 0.9669232 0.09910893 0.9651796 0.108333 0.9635486 0.108333 0.9635486 0.09910893 0.9651796 0.1055208 0.9570804 0.09910893 0.9651796 0.09612792 0.9587115 0.1055208 0.9570804 0.1055208 0.9570804 0.09612792 0.9587115 0.1038334 0.9538745 0.09612792 0.9587115 0.0957905 0.9580928 0.1038334 0.9538745 0.0957905 0.9580928 0.1020898 0.9504998 0.1038334 0.9538745 0.1038334 0.9538745 0.1020898 0.9504998 -0.01838588 0.9498811 0.1020898 0.9504998 0.09849023 0.9447066 -0.01838588 0.9498811 -0.01838588 0.9498811 0.09849023 0.9447066 -0.01838588 0.9435254 0.09849023 0.9447066 0.09820902 0.9442004 -0.01838588 0.9435254 0.09820902 0.9442004 0.09387814 0.9382385 -0.01838588 0.9435254 -0.01838588 0.9435254 0.09387814 0.9382385 -0.01838588 0.937451 0.09387814 0.9382385 0.09213459 0.9361574 -0.01838588 0.937451 -0.01838588 0.937451 0.09213459 0.9361574 -0.01838588 0.9317703 0.09213459 0.9361574 0.08909738 0.9325578 -0.01838588 0.9317703 -0.01838588 0.9317703 0.08909738 0.9325578 0.01839798 0.9152345 0.08909738 0.9325578 0.08487904 0.9283394 0.01839798 0.9152345 0.08487904 0.9283394 0.08392286 0.927327 0.01839798 0.9152345 0.08392286 0.927327 0.07835465 0.9224337 0.01839798 0.9152345 0.01839798 0.9152345 0.07835465 0.9224337 0.01839798 0.9208589 0.07835465 0.9224337 0.07689231 0.9213089 0.01839798 0.9208589 0.01839798 0.9208589 0.07689231 0.9213089 0.01839798 0.9268771 0.07689231 0.9213089 0.07244896 0.9179905 0.01839798 0.9268771 0.01839798 0.9268771 0.07244896 0.9179905 0.01839798 0.9331202 0.07244896 0.9179905 0.06817442 0.9152345 0.01839798 0.9331202 0.06817442 0.9152345 0.06620585 0.9139409 0.01839798 0.9331202 0.06620585 0.9139409 0.05973774 0.9103974 0.01839798 0.9331202 0.01839798 0.9331202 0.05973774 0.9103974 0.01839798 0.9397009 0.05973774 0.9103974 0.05889403 0.9100599 0.01839798 0.9397009 0.05889403 0.9100599 0.01839798 0.9465627 0.01839798 0.9397009 0.01839798 0.9397009 0.01839798 0.9465627 0.01671063 0.9393071 0.01671063 0.9393071 0.01839798 0.9465627 0.01671063 0.946169 0.01839798 0.9465627 0.01839798 0.9535933 0.01671063 0.946169 0.01839798 0.9535933 0.01671063 0.9532558 0.01671063 0.946169 0.01671063 0.946169 0.01671063 0.9532558 0.01479834 0.9460002 0.01479834 0.9460002 0.01671063 0.9532558 0.01479834 0.953087 0.01671063 0.9532558 0.01671063 0.9605675 0.01479834 0.953087 0.01671063 0.9605675 0.01479834 0.9603988 0.01479834 0.953087 0.01479834 0.953087 0.01479834 0.9603988 0.01282978 0.9530308 0.01479834 0.9603988 0.01282978 0.9603426 0.01282978 0.9530308 0.01282978 0.9530308 0.01282978 0.9603426 1.18546e-4 0.9566867 1.18546e-4 0.9566867 0.01282978 0.9603426 1.18546e-4 0.9634923 0.01282978 0.9603426 0.01282978 0.9634923 1.18546e-4 0.9634923 1.18546e-4 0.9634923 0.01282978 0.9634923 1.18546e-4 0.9640547 0.01282978 0.9634923 0.01282978 0.9678231 1.18546e-4 0.9640547 1.18546e-4 0.9640547 0.01282978 0.9678231 1.18546e-4 0.9715915 0.01282978 0.9678231 0.01282978 0.9741225 1.18546e-4 0.9715915 1.18546e-4 0.9715915 0.01282978 0.9741225 1.18546e-4 0.9741225 0.01282978 0.9741225 0.01282978 0.9753599 1.18546e-4 0.9741225 0.01282978 0.9753599 1.18546e-4 0.9791845 1.18546e-4 0.9741225 1.18546e-4 0.9741225 1.18546e-4 0.9791845 -0.001793742 0.9791845 -0.001793742 0.9791845 1.18546e-4 0.9791845 -0.001793742 0.9867775 1.18546e-4 0.9791845 1.18546e-4 0.9848652 -0.001793742 0.9867775 1.18546e-4 0.9848652 1.18546e-4 0.9867775 -0.001793742 0.9867775 1.18546e-4 0.9867775 1.18546e-4 0.9943705 -0.001793742 0.9867775 -0.001793742 0.9867775 1.18546e-4 0.9943705 -0.001793742 0.9943705 1.18546e-4 0.9943705 1.18546e-4 0.9956641 -0.001793742 0.9943705 1.18546e-4 0.9956641 -0.001793742 1.001907 -0.001793742 0.9943705 -0.001793742 0.9943705 -0.001793742 1.001907 -0.003706037 0.9943143 -0.003706037 0.9943143 -0.001793742 1.001907 -0.003706037 1.001795 -0.001793742 1.001907 -0.001793742 1.009332 -0.003706037 1.001795 -0.001793742 1.009332 -0.003706037 1.009219 -0.003706037 1.001795 -0.003706037 1.001795 -0.003706037 1.009219 -0.005393385 1.001626 -0.005393385 1.001626 -0.003706037 1.009219 -0.005393385 1.008994 -0.003706037 1.009219 -0.003706037 1.016475 -0.005393385 1.008994 -0.003706037 1.016475 -0.005393385 1.016193 -0.005393385 1.008994 -0.005393385 1.008994 -0.005393385 1.016193 0.008667707 0.9028044 0.008667707 0.9028044 -0.005393385 1.016193 0.01581072 0.9048292 0.01581072 0.9048292 -0.005393385 1.016193 0.01879167 0.9059541 0.01879167 0.9059541 -0.005393385 1.016193 0.0227288 0.9073602 -0.005393385 1.016193 -0.005393385 1.023224 0.0227288 0.9073602 0.0227288 0.9073602 -0.005393385 1.023224 0.02863448 0.9100599 -0.005393385 1.023224 -0.005393385 1.03003 0.02863448 0.9100599 0.02863448 0.9100599 -0.005393385 1.03003 0.02947813 0.9103974 0.03600251 0.9139409 0.02947813 0.9103974 -0.005393385 1.03661 0.02947813 0.9103974 -0.005393385 1.03003 -0.005393385 1.03661 -0.005393385 1.03003 -0.003706037 1.03706 -0.005393385 1.03661 -0.005393385 1.03661 -0.003706037 1.03706 -0.003706037 1.043416 -0.003706037 1.03706 -0.001793742 1.043753 -0.003706037 1.043416 -0.001793742 1.043753 -0.001793742 1.049828 -0.003706037 1.043416 -0.003706037 1.043416 -0.001793742 1.049828 -0.003706037 1.049434 -0.003706037 1.049434 -0.001793742 1.049828 -0.001793742 1.055508 -0.001793742 1.049828 1.18546e-4 1.04994 -0.001793742 1.055508 1.18546e-4 1.04994 1.18546e-4 1.053765 -0.001793742 1.055508 1.18546e-4 1.053765 1.18546e-4 1.055677 -0.001793742 1.055508 1.18546e-4 1.055677 1.18546e-4 0.9305892 -0.001793742 1.055508 -0.001793742 1.055508 1.18546e-4 0.9305892 -0.001793742 0.9307579 1.18546e-4 0.9305892 1.18546e-4 0.9310954 -0.001793742 0.9307579 -0.001793742 0.9307579 1.18546e-4 0.9310954 -0.001793742 0.9365511 1.18546e-4 0.9310954 1.18546e-4 0.9364386 -0.001793742 0.9365511 1.18546e-4 0.9364386 1.18546e-4 0.9394758 -0.001793742 0.9365511 -0.001793742 0.9365511 1.18546e-4 0.9394758 -0.001793742 0.9426818 1.18546e-4 0.9394758 1.18546e-4 0.9425693 -0.001793742 0.9426818 1.18546e-4 0.9425693 1.18546e-4 0.9485312 -0.001793742 0.9426818 -0.001793742 0.9426818 1.18546e-4 0.9485312 -0.001793742 0.9491499 1.18546e-4 0.9485312 1.18546e-4 0.9490374 -0.001793742 0.9491499 -0.001793742 0.9491499 1.18546e-4 0.9490374 1.18546e-4 0.9557868 1.18546e-4 0.9490374 0.01282978 0.9524121 1.18546e-4 0.9557868 0.01282978 0.9524121 0.01282978 0.958149 1.18546e-4 0.9557868 1.18546e-4 0.9557868 0.01282978 0.958149 1.18546e-4 0.958149 0.01282978 0.958149 0.01282978 0.9592739 1.18546e-4 0.958149 1.18546e-4 0.958149 0.01282978 0.9592739 1.18546e-4 0.9628173 0.01282978 0.9592739 0.01282978 0.9663608 1.18546e-4 0.9628173 1.18546e-4 0.9628173 0.01282978 0.9663608 1.18546e-4 0.9681606 0.01282978 0.9663608 0.01282978 0.9681606 1.18546e-4 0.9681606 1.18546e-4 0.9681606 0.01282978 0.9681606 1.18546e-4 0.9699604 0.01282978 0.9681606 0.01282978 0.9736725 1.18546e-4 0.9699604 1.18546e-4 0.9699604 0.01282978 0.9736725 1.18546e-4 0.9773284 1.18546e-4 0.9773284 0.01282978 0.9736725 1.18546e-4 0.9785658 0.01282978 0.9736725 0.01282978 0.978622 1.18546e-4 0.9785658 0.01282978 0.978622 0.01282978 0.9810968 1.18546e-4 0.9785658 1.18546e-4 0.9785658 0.01282978 0.9810968 1.18546e-4 0.9848089 0.01282978 0.9810968 0.01282978 0.9885773 1.18546e-4 0.9848089 1.18546e-4 0.9848089 0.01282978 0.9885773 1.18546e-4 0.9892523 1.18546e-4 0.9892523 0.01282978 0.9885773 0.01282978 0.9892523 0.01282978 0.9885773 0.01479834 0.9886336 0.01282978 0.9892523 0.01479834 0.9886336 0.01479834 0.9962266 0.01282978 0.9892523 0.01282978 0.9892523 0.01479834 0.9962266 0.01282978 0.9961704 0.01282978 0.9961704 0.01479834 0.9962266 0.01282978 0.999995 0.01282978 1.00382 0.01282978 0.999995 0.01479834 1.00382 0.01282978 0.999995 0.01479834 0.9962266 0.01479834 1.00382 0.01479834 0.9962266 0.01671063 1.003763 0.01479834 1.00382 0.01671063 1.003763 0.01671063 1.0113 0.01479834 1.00382 0.01479834 1.00382 0.01671063 1.0113 0.01479834 1.011356 0.01671063 1.0113 0.01671063 1.018781 0.01479834 1.011356 0.01479834 1.011356 0.01671063 1.018781 0.01479834 1.018893 0.01479834 1.018893 0.01671063 1.018781 0.01671063 1.026149 0.01671063 1.018781 0.01839798 1.025924 0.01671063 1.026149 0.01671063 1.026149 0.01839798 1.025924 0.01839798 1.033067 0.01839798 1.025924 -0.08160471 1.025586 0.01839798 1.033067 -0.08160471 1.025586 -0.07986116 1.031436 0.01839798 1.033067 -0.07986116 1.031436 -0.07946741 1.032673 0.01839798 1.033067 -0.07946741 1.032673 -0.07676768 1.039591 0.01839798 1.033067 0.01839798 1.033067 -0.07676768 1.039591 0.01839798 1.040041 -0.07676768 1.039591 -0.0759803 1.041335 0.01839798 1.040041 0.01839798 1.040041 -0.0759803 1.041335 0.01839798 1.046847 -0.0759803 1.041335 -0.07361799 1.046228 0.01839798 1.046847 0.01839798 1.046847 -0.07361799 1.046228 0.01839798 1.053315 -0.07361799 1.046228 -0.07103073 1.050784 0.01839798 1.053315 -0.07103073 1.050784 -0.06996214 1.052696 0.01839798 1.053315 -0.06996214 1.052696 -0.06585627 1.058827 0.01839798 1.053315 0.01839798 1.053315 -0.06585627 1.058827 0.01839798 1.059558 0.01839798 1.059558 -0.06585627 1.058827 -0.06518131 1.05967 -0.06585627 1.058827 -0.05843198 1.053427 -0.06518131 1.05967 -0.06518131 1.05967 -0.05843198 1.053427 -0.05781328 1.054215 -0.05843198 1.053427 -0.05719459 1.052584 -0.05781328 1.054215 -0.05162638 1.061639 -0.0540449 1.059052 -0.05286377 1.058096 -0.0540449 1.059052 -0.05781328 1.054215 -0.05286377 1.058096 -0.05781328 1.054215 -0.05719459 1.052584 -0.05286377 1.058096 -0.05719459 1.052584 -0.05157017 1.056971 -0.05286377 1.058096 -0.05286377 1.058096 -0.05157017 1.056971 -0.04690188 1.061976 -0.05157017 1.056971 -0.04555201 1.060683 -0.04690188 1.061976 -0.04555201 1.060683 -0.04060244 1.065239 -0.04690188 1.061976 -0.04690188 1.061976 -0.04060244 1.065239 -0.04183983 1.066701 -0.04060244 1.065239 -0.03531545 1.069401 -0.04183983 1.066701 -0.04183983 1.066701 -0.03531545 1.069401 -0.03644037 1.070919 -0.03531545 1.069401 -0.02969104 1.073169 -0.03644037 1.070919 -0.03644037 1.070919 -0.02969104 1.073169 -0.03070342 1.074744 -0.02969104 1.073169 -0.02384161 1.076431 -0.03070342 1.074744 -0.03070342 1.074744 -0.02384161 1.076431 -0.02468526 1.078119 -0.02468526 1.078119 -0.02384161 1.076431 -0.01771092 1.0793 -0.02384161 1.076431 -0.01697975 1.0775 -0.01771092 1.0793 -0.01697975 1.0775 -0.01079285 1.07975 -0.01771092 1.0793 -0.01771092 1.0793 -0.01079285 1.07975 -0.01141154 1.081606 -0.01079285 1.07975 -0.004437208 1.08155 -0.01141154 1.081606 -0.01141154 1.081606 -0.004437208 1.08155 -0.004887163 1.083462 -0.004437208 1.08155 0.002030849 1.082843 -0.004887163 1.083462 -0.004887163 1.083462 0.002030849 1.082843 0.001693367 1.084755 0.002030849 1.082843 0.008555173 1.083574 0.001693367 1.084755 0.001693367 1.084755 0.008555173 1.083574 0.008386492 1.085543 0.008555173 1.083574 0.01513582 1.083855 0.008386492 1.085543 0.008386492 1.085543 0.01513582 1.083855 0.01513582 1.085824 0.01513582 1.083855 0.02171641 1.083574 0.01513582 1.085824 0.01513582 1.085824 0.02171641 1.083574 0.02182888 1.085543 0.02171641 1.083574 0.02824079 1.082843 0.02182888 1.085543 0.02182888 1.085543 0.02824079 1.082843 0.02852201 1.084755 0.02824079 1.082843 0.03470891 1.08155 0.02852201 1.084755 0.02852201 1.084755 0.03470891 1.08155 0.03515887 1.083462 0.03470891 1.08155 0.04106456 1.07975 0.03515887 1.083462 0.03515887 1.083462 0.04106456 1.07975 0.04162698 1.081606 0.04106456 1.07975 0.04719519 1.0775 0.04162698 1.081606 0.04162698 1.081606 0.04719519 1.0775 0.04798263 1.0793 0.04719519 1.0775 0.05321335 1.074744 0.04798263 1.0793 0.04798263 1.0793 0.05321335 1.074744 0.054057 1.076431 0.05321335 1.074744 0.0589503 1.071482 0.054057 1.076431 0.054057 1.076431 0.0589503 1.071482 0.05996268 1.073169 0.0589503 1.071482 0.06440603 1.067826 0.05996268 1.073169 0.05996268 1.073169 0.06440603 1.067826 0.06558716 1.069401 0.06440603 1.067826 0.06958055 1.063776 0.06558716 1.069401 0.06558716 1.069401 0.06958055 1.063776 0.07087415 1.065239 0.06958055 1.063776 0.07441753 1.059277 0.07087415 1.065239 0.07087415 1.065239 0.07441753 1.059277 0.07582366 1.060683 0.07441753 1.059277 0.07891714 1.05444 0.07582366 1.060683 0.07582366 1.060683 0.07891714 1.05444 0.08037948 1.055733 0.07891714 1.05444 0.08296674 1.049265 0.08037948 1.055733 0.08037948 1.055733 0.08296674 1.049265 0.08454155 1.050446 0.08296674 1.049265 0.08662259 1.043809 0.08454155 1.050446 0.08454155 1.050446 0.08662259 1.043809 0.08830994 1.044822 0.08662259 1.043809 0.08982855 1.038072 0.08830994 1.044822 0.08830994 1.044822 0.08982855 1.038072 0.09157216 1.038972 0.08982855 1.038072 0.09258455 1.032111 0.09157216 1.038972 0.09157216 1.038972 0.09258455 1.032111 0.09438437 1.032842 0.09258455 1.032111 0.09489059 1.025924 0.09438437 1.032842 0.09438437 1.032842 0.09489059 1.025924 0.09674662 1.026542 0.09489059 1.025924 0.09669041 1.019568 0.09674662 1.026542 0.09674662 1.026542 0.09669041 1.019568 0.09854644 1.020018 0.09669041 1.019568 0.09792774 1.0131 0.09854644 1.020018 0.09792774 1.0131 0.09989631 1.013437 0.09854644 1.020018 0.09854644 1.020018 0.09989631 1.013437 0.1004025 1.020468 0.09989631 1.013437 0.1017524 1.013719 0.1004025 1.020468 0.1004025 1.020468 0.1017524 1.013719 0.1020898 1.020862 0.1020898 1.020862 0.1017524 1.013719 0.1034398 1.014 0.1017524 1.013719 0.1025398 1.006857 0.1034398 1.014 0.1034398 1.014 0.1025398 1.006857 0.1042834 1.007025 0.1025398 1.006857 0.1028211 0.999995 0.1042834 1.007025 0.1042834 1.007025 0.1028211 0.999995 0.1045646 0.999995 0.1028211 0.999995 0.1025398 0.9931331 0.1045646 0.999995 0.1045646 0.999995 0.1025398 0.9931331 0.1042834 0.9929644 0.1025398 0.9931331 0.1017524 0.9862713 0.1042834 0.9929644 0.1017524 0.9862713 0.1034398 0.9859901 0.1042834 0.9929644 0.1042834 0.9929644 0.1034398 0.9859901 0.1057457 0.9928519 0.1034398 0.9859901 0.1049583 0.9857651 0.1057457 0.9928519 0.1057457 0.9928519 0.1049583 0.9857651 0.1141262 0.9852589 0.1141262 0.9852589 0.1049583 0.9857651 0.1139012 0.9840778 0.1049583 0.9857651 0.1049021 0.9855401 0.1139012 0.9840778 0.1139012 0.9840778 0.1049021 0.9855401 0.1127201 0.9780033 0.1049021 0.9855401 0.1035522 0.9787908 0.1127201 0.9780033 0.1035522 0.9787908 0.1115952 0.9736725 0.1127201 0.9780033 0.1127201 0.9780033 0.1115952 0.9736725 -0.01838588 0.9704666 0.1115952 0.9736725 0.110864 0.9708603 -0.01838588 0.9704666 0.110864 0.9708603 0.1084455 0.9638298 -0.01838588 0.9704666 -0.01838588 0.9704666 0.1084455 0.9638298 -0.01838588 0.9633798 0.1084455 0.9638298 0.108333 0.9635486 -0.01838588 0.9633798 -0.01838588 0.9633798 0.108333 0.9635486 -0.01838588 0.9565179 0.108333 0.9635486 0.1055208 0.9570804 -0.01838588 0.9565179 0.1055208 0.9570804 0.1038334 0.9538745 -0.01838588 0.9565179 0.1038334 0.9538745 -0.01838588 0.9498811 -0.01838588 0.9565179 -0.01838588 0.9565179 -0.01838588 0.9498811 -0.01669853 0.9561243 -0.01669853 0.9561243 -0.01838588 0.9498811 -0.01669853 0.9494311 -0.01838588 0.9498811 -0.01838588 0.9435254 -0.01669853 0.9494311 -0.01669853 0.9494311 -0.01838588 0.9435254 -0.01669853 0.9430193 -0.01838588 0.9435254 -0.01838588 0.937451 -0.01669853 0.9430193 -0.01669853 0.9430193 -0.01838588 0.937451 -0.01669853 0.9368886 -0.01838588 0.937451 -0.01838588 0.9317703 -0.01669853 0.9368886 -0.01669853 0.9368886 -0.01838588 0.9317703 -0.01669853 0.9310954 -0.01838588 0.9317703 0.01839798 0.9152345 -0.01669853 0.9310954 -0.01669853 0.9310954 0.01839798 0.9152345 0.01671063 0.9146158 0.01839798 0.9152345 0.01839798 0.9208589 0.01671063 0.9146158 0.01671063 0.9146158 0.01839798 0.9208589 0.01671063 0.9202964 0.01839798 0.9208589 0.01839798 0.9268771 0.01671063 0.9202964 0.01671063 0.9202964 0.01839798 0.9268771 0.01671063 0.9263146 0.01839798 0.9268771 0.01839798 0.9331202 0.01671063 0.9263146 0.01671063 0.9263146 0.01839798 0.9331202 0.01671063 0.9326702 0.01839798 0.9331202 0.01839798 0.9397009 0.01671063 0.9326702 0.01839798 0.9397009 0.01671063 0.9393071 0.01671063 0.9326702 0.01671063 0.9326702 0.01671063 0.9393071 0.01479834 0.932389 0.01479834 0.932389 0.01671063 0.9393071 0.01479834 0.9390259 0.01671063 0.9393071 0.01671063 0.946169 0.01479834 0.9390259 0.01671063 0.946169 0.01479834 0.9460002 0.01479834 0.9390259 0.01479834 0.9390259 0.01479834 0.9460002 0.01282978 0.9430193 0.01282978 0.9430193 0.01479834 0.9460002 0.01282978 0.9458877 0.01479834 0.9460002 0.01479834 0.953087 0.01282978 0.9458877 0.01479834 0.953087 0.01282978 0.9530308 0.01282978 0.9458877 0.01282978 0.9458877 0.01282978 0.9530308 1.18546e-4 0.9494311 1.18546e-4 0.9494311 0.01282978 0.9530308 1.18546e-4 0.953087 0.01282978 0.9530308 1.18546e-4 0.9566867 1.18546e-4 0.953087 1.18546e-4 0.953087 1.18546e-4 0.9566867 -0.001793742 0.9567429 1.18546e-4 0.9566867 1.18546e-4 0.9634923 -0.001793742 0.9567429 -0.001793742 0.9567429 1.18546e-4 0.9634923 -0.001793742 0.964111 1.18546e-4 0.9634923 1.18546e-4 0.9640547 -0.001793742 0.964111 1.18546e-4 0.9640547 1.18546e-4 0.9715915 -0.001793742 0.964111 -0.001793742 0.964111 1.18546e-4 0.9715915 -0.001793742 0.9715915 1.18546e-4 0.9715915 1.18546e-4 0.9741225 -0.001793742 0.9715915 1.18546e-4 0.9741225 -0.001793742 0.9791845 -0.001793742 0.9715915 -0.001793742 0.9715915 -0.001793742 0.9791845 -0.003706037 0.971704 -0.003706037 0.971704 -0.001793742 0.9791845 -0.003706037 0.9791845 -0.001793742 0.9791845 -0.001793742 0.9867775 -0.003706037 0.9791845 -0.003706037 0.9791845 -0.001793742 0.9867775 -0.003706037 0.9867775 -0.001793742 0.9867775 -0.001793742 0.9943705 -0.003706037 0.9867775 -0.001793742 0.9943705 -0.003706037 0.9943143 -0.003706037 0.9867775 -0.003706037 0.9867775 -0.003706037 0.9943143 -0.005393385 0.9867213 -0.005393385 0.9867213 -0.003706037 0.9943143 -0.005393385 0.9942018 -0.003706037 0.9943143 -0.003706037 1.001795 -0.005393385 0.9942018 -0.003706037 1.001795 -0.005393385 1.001626 -0.005393385 0.9942018 -0.005899608 0.9003297 -0.005393385 0.9942018 -0.001850008 0.9008921 -0.005393385 0.9942018 -0.005393385 1.001626 -0.001850008 0.9008921 -0.001850008 0.9008921 -0.005393385 1.001626 0.00146836 0.9012858 0.00146836 0.9012858 -0.005393385 1.001626 0.00861144 0.9028044 -0.005393385 1.001626 -0.005393385 1.008994 0.00861144 0.9028044 -0.005393385 1.008994 0.008667707 0.9028044 0.00861144 0.9028044 0.00861144 0.9028044 0.008667707 0.9028044 0.006474137 0.9116911 0.006474137 0.9116911 0.008667707 0.9028044 0.01299852 0.9135471 0.008667707 0.9028044 0.01581072 0.9048292 0.01299852 0.9135471 0.01299852 0.9135471 0.01581072 0.9048292 0.01569825 0.9145033 0.01581072 0.9048292 0.01879167 0.9059541 0.01569825 0.9145033 0.01907294 0.9173718 0.01569825 0.9145033 0.01969158 0.9159656 0.01569825 0.9145033 0.01879167 0.9059541 0.01969158 0.9159656 0.01879167 0.9059541 0.0227288 0.9073602 0.01969158 0.9159656 0.01969158 0.9159656 0.0227288 0.9073602 0.02464115 0.9182717 0.0227288 0.9073602 0.02863448 0.9100599 0.02464115 0.9182717 0.02464115 0.9182717 0.02863448 0.9100599 0.02615976 0.9190028 0.02863448 0.9100599 0.02947813 0.9103974 0.02615976 0.9190028 0.02947813 0.9103974 0.03600251 0.9139409 0.02615976 0.9190028 0.02615976 0.9190028 0.03600251 0.9139409 0.03240287 0.92249 0.03240287 0.92249 0.03600251 0.9139409 0.03791481 0.9152345 0.03600251 0.9139409 -0.005393385 1.03661 0.03791481 0.9152345 0.03791481 0.9152345 -0.005393385 1.03661 0.04218941 0.9179905 0.04218941 0.9179905 -0.005393385 1.03661 -0.005393385 1.042909 -0.005393385 1.03661 -0.003706037 1.043416 -0.005393385 1.042909 -0.003706037 1.043416 -0.003706037 1.049434 -0.005393385 1.042909 -0.005393385 1.042909 -0.003706037 1.049434 -0.005393385 1.048871 -0.005393385 1.048871 -0.003706037 1.049434 -0.003706037 1.055115 -0.003706037 1.049434 -0.001793742 1.055508 -0.003706037 1.055115 -0.001793742 1.055508 -0.001793742 0.9307579 -0.003706037 1.055115 -0.003706037 1.055115 -0.001793742 0.9307579 -0.003706037 0.9310954 -0.001793742 0.9307579 -0.001793742 0.9365511 -0.003706037 0.9310954 -0.003706037 0.9310954 -0.001793742 0.9365511 -0.003706037 0.9368886 -0.001793742 0.9365511 -0.001793742 0.9426818 -0.003706037 0.9368886 -0.003706037 0.9368886 -0.001793742 0.9426818 -0.003706037 0.9430193 -0.001793742 0.9426818 -0.001793742 0.9491499 -0.003706037 0.9430193 -0.003706037 0.9430193 -0.001793742 0.9491499 -0.003706037 0.9494311 -0.003706037 0.9494311 -0.001793742 0.9491499 -0.001793742 0.9558992 -0.001793742 0.9491499 1.18546e-4 0.9557868 -0.001793742 0.9558992 1.18546e-4 0.9557868 1.18546e-4 0.958149 -0.001793742 0.9558992 -0.001793742 0.9558992 1.18546e-4 0.958149 -0.001793742 0.9628736 1.18546e-4 0.958149 1.18546e-4 0.9628173 -0.001793742 0.9628736 -0.001793742 0.9628736 1.18546e-4 0.9628173 -0.001793742 0.9700166 1.18546e-4 0.9628173 1.18546e-4 0.9681606 -0.001793742 0.9700166 1.18546e-4 0.9681606 1.18546e-4 0.9699604 -0.001793742 0.9700166 1.18546e-4 0.9699604 1.18546e-4 0.9773284 -0.001793742 0.9700166 -0.001793742 0.9700166 1.18546e-4 0.9773284 -0.001793742 0.9773847 1.18546e-4 0.9773284 1.18546e-4 0.9785658 -0.001793742 0.9773847 -0.001793742 0.9773847 1.18546e-4 0.9785658 -0.001793742 0.9848652 1.18546e-4 0.9785658 1.18546e-4 0.9848089 -0.001793742 0.9848652 -0.001793742 0.9848652 1.18546e-4 0.9848089 -0.001793742 0.992402 1.18546e-4 0.9848089 1.18546e-4 0.9892523 -0.001793742 0.992402 1.18546e-4 1.007588 -0.001793742 0.999995 1.18546e-4 0.999995 -0.001793742 0.999995 -0.001793742 0.992402 1.18546e-4 0.999995 1.18546e-4 0.999995 -0.001793742 0.992402 1.18546e-4 0.992402 -0.001793742 0.992402 1.18546e-4 0.9892523 1.18546e-4 0.992402 1.18546e-4 0.9892523 0.01282978 0.9892523 1.18546e-4 0.992402 0.01282978 0.9892523 0.01282978 0.9961704 1.18546e-4 0.992402 1.18546e-4 0.992402 0.01282978 0.9961704 1.18546e-4 0.999995 0.01282978 0.9961704 0.01282978 0.999995 1.18546e-4 0.999995 0.01282978 0.999995 0.01282978 1.00382 1.18546e-4 0.999995 1.18546e-4 0.999995 0.01282978 1.00382 1.18546e-4 1.007588 1.18546e-4 1.007588 0.01282978 1.00382 0.01282978 1.010738 0.01282978 1.00382 0.01479834 1.00382 0.01282978 1.010738 0.01479834 1.00382 0.01479834 1.011356 0.01282978 1.010738 0.01282978 1.010738 0.01479834 1.011356 0.01282978 1.011413 0.01479834 1.011356 0.01479834 1.018893 0.01282978 1.011413 0.01282978 1.011413 0.01479834 1.018893 0.01282978 1.018949 0.01282978 1.018949 0.01479834 1.018893 0.01282978 1.021424 0.01282978 1.021424 0.01479834 1.018893 0.01282978 1.026374 0.01282978 1.026374 0.01479834 1.018893 0.01479834 1.026317 0.01479834 1.018893 0.01671063 1.026149 0.01479834 1.026317 0.01479834 1.026317 0.01671063 1.026149 0.01671063 1.033404 0.01671063 1.026149 0.01839798 1.033067 0.01671063 1.033404 0.01839798 1.033067 0.01839798 1.040041 0.01671063 1.033404 0.01671063 1.033404 0.01839798 1.040041 0.01671063 1.040435 0.01839798 1.040041 0.01839798 1.046847 0.01671063 1.040435 0.01671063 1.040435 0.01839798 1.046847 0.01671063 1.04724 0.01839798 1.046847 0.01839798 1.053315 0.01671063 1.04724 0.01671063 1.04724 0.01839798 1.053315 0.01671063 1.053821 0.01839798 1.053315 0.01839798 1.059558 0.01671063 1.053821 0.01671063 1.053821 0.01839798 1.059558 0.01671063 1.06012 0.01671063 1.06012 0.01839798 1.059558 0.01839798 1.065464 0.01839798 1.059558 -0.06518131 1.05967 0.01839798 1.065464 0.01839798 1.065464 -0.06518131 1.05967 -0.06124418 1.06462 -0.06518131 1.05967 -0.05781328 1.054215 -0.06124418 1.06462 -0.05781328 1.054215 -0.0540449 1.059052 -0.06124418 1.06462 -0.06124418 1.06462 -0.0540449 1.059052 -0.05837571 1.067826 -0.0540449 1.059052 -0.05162638 1.061639 -0.05837571 1.067826 -0.05837571 1.067826 -0.05162638 1.061639 -0.05629467 1.070132 -0.05629467 1.070132 -0.05162638 1.061639 -0.04915165 1.064282 -0.05162638 1.061639 -0.05286377 1.058096 -0.04915165 1.064282 -0.04915165 1.064282 -0.05286377 1.058096 -0.048083 1.063214 -0.05286377 1.058096 -0.04690188 1.061976 -0.048083 1.063214 -0.04690188 1.061976 -0.04183983 1.066701 -0.048083 1.063214 -0.048083 1.063214 -0.04183983 1.066701 -0.04296475 1.067995 -0.04183983 1.066701 -0.03644037 1.070919 -0.04296475 1.067995 -0.04296475 1.067995 -0.03644037 1.070919 -0.03745275 1.072325 -0.03644037 1.070919 -0.03070342 1.074744 -0.03745275 1.072325 -0.03745275 1.072325 -0.03070342 1.074744 -0.03160333 1.076263 -0.03070342 1.074744 -0.02468526 1.078119 -0.03160333 1.076263 -0.03160333 1.076263 -0.02468526 1.078119 -0.0254727 1.079693 -0.0254727 1.079693 -0.02468526 1.078119 -0.01844209 1.080987 -0.02468526 1.078119 -0.01771092 1.0793 -0.01844209 1.080987 -0.01771092 1.0793 -0.01141154 1.081606 -0.01844209 1.080987 -0.01844209 1.080987 -0.01141154 1.081606 -0.01197397 1.083406 -0.01141154 1.081606 -0.004887163 1.083462 -0.01197397 1.083406 -0.01197397 1.083406 -0.004887163 1.083462 -0.005337119 1.085262 -0.004887163 1.083462 0.001693367 1.084755 -0.005337119 1.085262 -0.005337119 1.085262 0.001693367 1.084755 0.001412153 1.086611 0.001693367 1.084755 0.008386492 1.085543 0.001412153 1.086611 0.001412153 1.086611 0.008386492 1.085543 0.008217751 1.087399 0.008386492 1.085543 0.01513582 1.085824 0.008217751 1.087399 0.008217751 1.087399 0.01513582 1.085824 0.01513582 1.08768 0.01513582 1.085824 0.02182888 1.085543 0.01513582 1.08768 0.01513582 1.08768 0.02182888 1.085543 0.02199763 1.087399 0.02182888 1.085543 0.02852201 1.084755 0.02199763 1.087399 0.02199763 1.087399 0.02852201 1.084755 0.02885949 1.086611 0.02852201 1.084755 0.03515887 1.083462 0.02885949 1.086611 0.02885949 1.086611 0.03515887 1.083462 0.03560882 1.085262 0.03515887 1.083462 0.04162698 1.081606 0.03560882 1.085262 0.03560882 1.085262 0.04162698 1.081606 0.04224568 1.083406 0.04162698 1.081606 0.04798263 1.0793 0.04224568 1.083406 0.04224568 1.083406 0.04798263 1.0793 0.04865753 1.080987 0.04798263 1.0793 0.054057 1.076431 0.04865753 1.080987 0.04865753 1.080987 0.054057 1.076431 0.05495691 1.078119 0.054057 1.076431 0.05996268 1.073169 0.05495691 1.078119 0.05495691 1.078119 0.05996268 1.073169 0.06091886 1.074744 0.05996268 1.073169 0.06558716 1.069401 0.06091886 1.074744 0.06091886 1.074744 0.06558716 1.069401 0.06665581 1.070919 0.06558716 1.069401 0.07087415 1.065239 0.06665581 1.070919 0.06665581 1.070919 0.07087415 1.065239 0.07205528 1.066701 0.07087415 1.065239 0.07582366 1.060683 0.07205528 1.066701 0.07205528 1.066701 0.07582366 1.060683 0.07711732 1.061976 0.07582366 1.060683 0.08037948 1.055733 0.07711732 1.061976 0.07711732 1.061976 0.08037948 1.055733 0.08178561 1.056971 0.08037948 1.055733 0.08454155 1.050446 0.08178561 1.056971 0.08178561 1.056971 0.08454155 1.050446 0.08606016 1.051515 0.08454155 1.050446 0.08830994 1.044822 0.08606016 1.051515 0.08606016 1.051515 0.08830994 1.044822 0.08988481 1.045834 0.08830994 1.044822 0.09157216 1.038972 0.08988481 1.045834 0.08988481 1.045834 0.09157216 1.038972 0.09325945 1.039816 0.09157216 1.038972 0.09438437 1.032842 0.09325945 1.039816 0.09325945 1.039816 0.09438437 1.032842 0.09612792 1.033573 0.09438437 1.032842 0.09674662 1.026542 0.09612792 1.033573 0.09612792 1.033573 0.09674662 1.026542 0.09849023 1.027105 0.09674662 1.026542 0.09854644 1.020018 0.09849023 1.027105 0.09854644 1.020018 0.1004025 1.020468 0.09849023 1.027105 0.09849023 1.027105 0.1004025 1.020468 0.1001775 1.027611 0.1004025 1.020468 0.1020898 1.020862 0.1001775 1.027611 0.1001775 1.027611 0.1020898 1.020862 0.1027648 1.023899 0.1027648 1.023899 0.1020898 1.020862 0.1035522 1.021199 0.1035522 1.021199 0.1020898 1.020862 0.1049021 1.01445 0.1020898 1.020862 0.1034398 1.014 0.1049021 1.01445 0.1049021 1.01445 0.1034398 1.014 0.1049583 1.014225 0.1034398 1.014 0.1042834 1.007025 0.1049583 1.014225 0.1049583 1.014225 0.1042834 1.007025 0.1057457 1.007138 0.1057457 1.007138 0.1042834 1.007025 0.1058582 1.004832 0.1058582 1.004832 0.1042834 1.007025 0.106027 0.999995 0.1042834 1.007025 0.1045646 0.999995 0.106027 0.999995 0.106027 0.999995 0.1045646 0.999995 0.1058582 0.995158 0.1045646 0.999995 0.1042834 0.9929644 0.1058582 0.995158 0.1042834 0.9929644 0.1057457 0.9928519 0.1058582 0.995158 0.1058582 0.995158 0.1057457 0.9928519 0.1149136 0.9926269 0.1057457 0.9928519 0.1141262 0.9852589 0.1149136 0.9926269 0.1149136 0.9926269 0.1141262 0.9852589 -0.01838588 0.9925144 -0.01838588 0.9925144 0.1141262 0.9852589 -0.01838588 0.9850901 0.1141262 0.9852589 0.1139012 0.9840778 -0.01838588 0.9850901 -0.01838588 0.9850901 0.1139012 0.9840778 -0.01838588 0.9777221 0.1139012 0.9840778 0.1127201 0.9780033 -0.01838588 0.9777221 0.1127201 0.9780033 -0.01838588 0.9704666 -0.01838588 0.9777221 -0.01838588 0.9777221 -0.01838588 0.9704666 -0.01669853 0.9774972 -0.01669853 0.9774972 -0.01838588 0.9704666 -0.01669853 0.9701853 -0.01838588 0.9704666 -0.01838588 0.9633798 -0.01669853 0.9701853 -0.01669853 0.9701853 -0.01838588 0.9633798 -0.01669853 0.9630423 -0.01838588 0.9633798 -0.01838588 0.9565179 -0.01669853 0.9630423 -0.01838588 0.9565179 -0.01669853 0.9561243 -0.01669853 0.9630423 -0.01669853 0.9630423 -0.01669853 0.9561243 -0.01478624 0.9628736 -0.01478624 0.9628736 -0.01669853 0.9561243 -0.01478624 0.9558992 -0.01669853 0.9561243 -0.01669853 0.9494311 -0.01478624 0.9558992 -0.01478624 0.9558992 -0.01669853 0.9494311 -0.01478624 0.9491499 -0.01669853 0.9494311 -0.01669853 0.9430193 -0.01478624 0.9491499 -0.01478624 0.9491499 -0.01669853 0.9430193 -0.01478624 0.9426818 -0.01669853 0.9430193 -0.01669853 0.9368886 -0.01478624 0.9426818 -0.01478624 0.9426818 -0.01669853 0.9368886 -0.01478624 0.9365511 -0.01669853 0.9368886 -0.01669853 0.9310954 -0.01478624 0.9365511 -0.01478624 0.9365511 -0.01669853 0.9310954 -0.01478624 0.9307579 -0.01669853 0.9310954 0.01671063 0.9146158 -0.01478624 0.9307579 -0.01478624 0.9307579 0.01671063 0.9146158 0.01479834 0.9142221 0.01671063 0.9146158 0.01671063 0.9202964 0.01479834 0.9142221 0.01479834 0.9142221 0.01671063 0.9202964 0.01479834 0.919959 0.01671063 0.9202964 0.01671063 0.9263146 0.01479834 0.919959 0.01479834 0.919959 0.01671063 0.9263146 0.01479834 0.9259772 0.01671063 0.9263146 0.01671063 0.9326702 0.01479834 0.9259772 0.01671063 0.9326702 0.01479834 0.932389 0.01479834 0.9259772 0.01479834 0.9259772 0.01479834 0.932389 0.01282978 0.9258647 0.01282978 0.9258647 0.01479834 0.932389 0.01282978 0.9322766 0.01282978 0.9322766 0.01479834 0.932389 0.01282978 0.9334015 0.01282978 0.9334015 0.01479834 0.932389 0.01282978 0.9389696 0.01479834 0.932389 0.01479834 0.9390259 0.01282978 0.9389696 0.01479834 0.9390259 0.01282978 0.9430193 0.01282978 0.9389696 0.01282978 0.9389696 0.01282978 0.9430193 1.18546e-4 0.942963 0.01282978 0.9430193 0.01282978 0.9458877 1.18546e-4 0.942963 0.01282978 0.9458877 1.18546e-4 0.9494311 1.18546e-4 0.942963 1.18546e-4 0.942963 1.18546e-4 0.9494311 -0.001793742 0.9495436 1.18546e-4 0.9494311 1.18546e-4 0.953087 -0.001793742 0.9495436 1.18546e-4 0.953087 -0.001793742 0.9567429 -0.001793742 0.9495436 -0.001793742 0.9495436 -0.001793742 0.9567429 -0.003706037 0.9497123 -0.003706037 0.9497123 -0.001793742 0.9567429 -0.003706037 0.9569117 -0.001793742 0.9567429 -0.001793742 0.964111 -0.003706037 0.9569117 -0.003706037 0.9569117 -0.001793742 0.964111 -0.003706037 0.9642235 -0.001793742 0.964111 -0.001793742 0.9715915 -0.003706037 0.9642235 -0.001793742 0.9715915 -0.003706037 0.971704 -0.003706037 0.9642235 -0.003706037 0.9642235 -0.003706037 0.971704 -0.005393385 0.9644485 -0.005393385 0.9644485 -0.003706037 0.971704 -0.005393385 0.9718164 -0.003706037 0.971704 -0.003706037 0.9791845 -0.005393385 0.9718164 -0.005393385 0.9718164 -0.003706037 0.9791845 -0.005393385 0.9792407 -0.003706037 0.9791845 -0.003706037 0.9867775 -0.005393385 0.9792407 -0.003706037 0.9867775 -0.005393385 0.9867213 -0.005393385 0.9792407 -0.005393385 0.9792407 -0.005393385 0.9867213 -0.02069193 0.9001047 -0.02069193 0.9001047 -0.005393385 0.9867213 -0.01326763 0.899936 -0.01326763 0.899936 -0.005393385 0.9867213 -0.01248019 0.8999922 -0.005393385 0.9867213 -0.005393385 0.9942018 -0.01248019 0.8999922 -0.005393385 0.9942018 -0.005899608 0.9003297 -0.01248019 0.8999922 -0.01248019 0.8999922 -0.005899608 0.9003297 -0.007980644 0.9093288 -0.007980644 0.9093288 -0.005899608 0.9003297 -0.003087341 0.9099475 -0.005899608 0.9003297 -0.001850008 0.9008921 -0.003087341 0.9099475 -0.003087341 0.9099475 -0.001850008 0.9008921 -8.93854e-4 0.9101725 -0.001850008 0.9008921 0.00146836 0.9012858 -8.93854e-4 0.9101725 -8.93854e-4 0.9101725 0.00146836 0.9012858 0.006080448 0.9115785 0.00146836 0.9012858 0.00861144 0.9028044 0.006080448 0.9115785 0.00861144 0.9028044 0.006474137 0.9116911 0.006080448 0.9115785 0.006080448 0.9115785 0.006474137 0.9116911 0.005742967 0.9130409 0.005742967 0.9130409 0.006474137 0.9116911 0.01249229 0.9149532 0.006474137 0.9116911 0.01299852 0.9135471 0.01249229 0.9149532 0.01299852 0.9135471 0.01569825 0.9145033 0.01249229 0.9149532 0.01569825 0.9145033 0.01907294 0.9173718 0.01249229 0.9149532 0.01249229 0.9149532 0.01907294 0.9173718 0.01198613 0.9165843 0.01198613 0.9165843 0.01907294 0.9173718 0.01845425 0.9190028 0.01845425 0.9190028 0.01907294 0.9173718 0.0254848 0.9203527 0.01907294 0.9173718 0.01969158 0.9159656 0.0254848 0.9203527 0.01969158 0.9159656 0.02464115 0.9182717 0.0254848 0.9203527 0.02464115 0.9182717 0.02615976 0.9190028 0.0254848 0.9203527 0.02615976 0.9190028 0.03240287 0.92249 0.0254848 0.9203527 0.0254848 0.9203527 0.03240287 0.92249 0.03161543 0.9237836 0.03161543 0.9237836 0.03240287 0.92249 0.03307783 0.92294 0.03240287 0.92249 0.03791481 0.9152345 0.03307783 0.92294 0.03307783 0.92294 0.03791481 0.9152345 0.03830856 0.9264271 0.03791481 0.9152345 0.04218941 0.9179905 0.03830856 0.9264271 0.03830856 0.9264271 0.04218941 0.9179905 0.04100829 0.9285082 0.04100829 0.9285082 0.04218941 0.9179905 0.04663276 0.9213089 0.04218941 0.9179905 -0.005393385 1.042909 0.04663276 0.9213089 -0.005393385 1.042909 -0.005393385 1.048871 0.04663276 0.9213089 0.04663276 0.9213089 -0.005393385 1.048871 0.0480951 0.9224337 0.05467569 0.9283394 0.05366331 0.927327 -0.005393385 1.054496 0.05366331 0.927327 0.0480951 0.9224337 -0.005393385 1.054496 0.0480951 0.9224337 -0.005393385 1.048871 -0.005393385 1.054496 -0.005393385 1.048871 -0.003706037 1.055115 -0.005393385 1.054496 -0.003706037 1.055115 -0.003706037 0.9310954 -0.005393385 1.054496 -0.005393385 1.054496 -0.003706037 0.9310954 -0.005393385 0.9317703 -0.003706037 0.9310954 -0.003706037 0.9368886 -0.005393385 0.9317703 -0.005393385 0.9317703 -0.003706037 0.9368886 -0.005393385 0.937451 -0.003706037 0.9368886 -0.003706037 0.9430193 -0.005393385 0.937451 -0.005393385 0.937451 -0.003706037 0.9430193 -0.005393385 0.9435254 -0.003706037 0.9430193 -0.003706037 0.9494311 -0.005393385 0.9435254 -0.005393385 0.9435254 -0.003706037 0.9494311 -0.005393385 0.9498811 -0.005393385 0.9498811 -0.003706037 0.9494311 -0.003706037 0.9561243 -0.003706037 0.9494311 -0.001793742 0.9558992 -0.003706037 0.9561243 -0.001793742 0.9558992 -0.001793742 0.9628736 -0.003706037 0.9561243 -0.003706037 0.9561243 -0.001793742 0.9628736 -0.003706037 0.9630423 -0.001793742 0.9628736 -0.001793742 0.9700166 -0.003706037 0.9630423 -0.003706037 0.9630423 -0.001793742 0.9700166 -0.003706037 0.9701853 -0.001793742 0.9700166 -0.001793742 0.9773847 -0.003706037 0.9701853 -0.003706037 0.9701853 -0.001793742 0.9773847 -0.003706037 0.9774972 -0.001793742 0.9773847 -0.001793742 0.9848652 -0.003706037 0.9774972 -0.003706037 0.9774972 -0.001793742 0.9848652 -0.003706037 0.9849215 -0.001793742 0.9848652 -0.001793742 0.992402 -0.003706037 0.9849215 -0.003706037 0.9849215 -0.001793742 0.992402 -0.003706037 0.9924582 -0.001793742 0.992402 -0.001793742 0.999995 -0.003706037 0.9924582 -0.003706037 0.9924582 -0.001793742 0.999995 -0.003706037 0.999995 -0.003706037 0.999995 -0.001793742 0.999995 -0.001793742 1.007588 -0.001793742 0.999995 1.18546e-4 1.007588 -0.001793742 1.007588 -0.001793742 1.007588 1.18546e-4 1.007588 1.18546e-4 1.010738 1.18546e-4 1.007588 0.01282978 1.010738 1.18546e-4 1.010738 0.01282978 1.010738 0.01282978 1.011413 1.18546e-4 1.010738 1.18546e-4 1.010738 0.01282978 1.011413 1.18546e-4 1.015181 0.01282978 1.011413 0.01282978 1.018949 1.18546e-4 1.015181 1.18546e-4 1.015181 0.01282978 1.018949 1.18546e-4 1.021424 0.01282978 1.018949 0.01282978 1.021424 1.18546e-4 1.021424 1.18546e-4 1.021424 0.01282978 1.021424 1.18546e-4 1.022661 0.01282978 1.021424 0.01282978 1.026374 1.18546e-4 1.022661 1.18546e-4 1.022661 0.01282978 1.026374 1.18546e-4 1.03003 1.18546e-4 1.03003 0.01282978 1.026374 0.01282978 1.031829 0.01282978 1.026374 0.01479834 1.026317 0.01282978 1.031829 0.01282978 1.031829 0.01479834 1.026317 0.01479834 1.033573 0.01479834 1.026317 0.01671063 1.033404 0.01479834 1.033573 0.01671063 1.033404 0.01671063 1.040435 0.01479834 1.033573 0.01479834 1.033573 0.01671063 1.040435 0.01479834 1.04066 0.01671063 1.040435 0.01671063 1.04724 0.01479834 1.04066 0.01479834 1.04066 0.01671063 1.04724 0.01479834 1.047522 0.01671063 1.04724 0.01671063 1.053821 0.01479834 1.047522 0.01479834 1.047522 0.01671063 1.053821 0.01479834 1.054102 0.01671063 1.053821 0.01671063 1.06012 0.01479834 1.054102 0.01479834 1.054102 0.01671063 1.06012 0.01479834 1.060402 0.01479834 1.060402 0.01671063 1.06012 0.01671063 1.066026 0.01671063 1.06012 0.01839798 1.065464 0.01671063 1.066026 0.01671063 1.066026 0.01839798 1.065464 0.01839798 1.070976 0.01839798 1.065464 -0.06124418 1.06462 0.01839798 1.070976 -0.06124418 1.06462 -0.05837571 1.067826 0.01839798 1.070976 -0.05837571 1.067826 -0.05629467 1.070132 0.01839798 1.070976 0.01839798 1.070976 -0.05629467 1.070132 -0.05089521 1.075194 -0.05629467 1.070132 -0.04915165 1.064282 -0.05089521 1.075194 -0.05089521 1.075194 -0.04915165 1.064282 -0.04470831 1.068388 -0.04915165 1.064282 -0.048083 1.063214 -0.04470831 1.068388 -0.048083 1.063214 -0.04296475 1.067995 -0.04470831 1.068388 -0.04470831 1.068388 -0.04296475 1.067995 -0.04392087 1.069119 -0.04296475 1.067995 -0.03745275 1.072325 -0.04392087 1.069119 -0.04392087 1.069119 -0.03745275 1.072325 -0.03829646 1.073563 -0.03829646 1.073563 -0.03745275 1.072325 -0.03711533 1.07435 -0.03711533 1.07435 -0.03745275 1.072325 -0.03239077 1.077556 -0.03745275 1.072325 -0.03160333 1.076263 -0.03239077 1.077556 -0.03239077 1.077556 -0.03160333 1.076263 -0.0289036 1.079468 -0.03160333 1.076263 -0.0254727 1.079693 -0.0289036 1.079468 -0.0289036 1.079468 -0.0254727 1.079693 -0.0261476 1.081043 -0.0261476 1.081043 -0.0254727 1.079693 -0.02024197 1.083743 -0.02024197 1.083743 -0.0254727 1.079693 -0.01911705 1.082618 -0.0254727 1.079693 -0.01844209 1.080987 -0.01911705 1.082618 -0.01844209 1.080987 -0.01197397 1.083406 -0.01911705 1.082618 -0.01911705 1.082618 -0.01197397 1.083406 -0.01248019 1.085037 -0.01197397 1.083406 -0.005337119 1.085262 -0.01248019 1.085037 -0.01248019 1.085037 -0.005337119 1.085262 -0.005730867 1.086949 -0.005337119 1.085262 0.001412153 1.086611 -0.005730867 1.086949 -0.005730867 1.086949 0.001412153 1.086611 0.001130938 1.088299 0.001412153 1.086611 0.008217751 1.087399 0.001130938 1.088299 0.001130938 1.088299 0.008217751 1.087399 0.008105218 1.089143 0.008217751 1.087399 0.01513582 1.08768 0.008105218 1.089143 0.008105218 1.089143 0.01513582 1.08768 0.01513582 1.089424 0.01513582 1.08768 0.02199763 1.087399 0.01513582 1.089424 0.01513582 1.089424 0.02199763 1.087399 0.02216637 1.089143 0.02199763 1.087399 0.02885949 1.086611 0.02216637 1.089143 0.02216637 1.089143 0.02885949 1.086611 0.02908444 1.088299 0.02885949 1.086611 0.03560882 1.085262 0.02908444 1.088299 0.02908444 1.088299 0.03560882 1.085262 0.03600251 1.086949 0.03560882 1.085262 0.04224568 1.083406 0.03600251 1.086949 0.03600251 1.086949 0.04224568 1.083406 0.04275184 1.085037 0.04224568 1.083406 0.04865753 1.080987 0.04275184 1.085037 0.04275184 1.085037 0.04865753 1.080987 0.04933249 1.082618 0.04865753 1.080987 0.05495691 1.078119 0.04933249 1.082618 0.04933249 1.082618 0.05495691 1.078119 0.05574434 1.079693 0.05495691 1.078119 0.06091886 1.074744 0.05574434 1.079693 0.05574434 1.079693 0.06091886 1.074744 0.06181877 1.076263 0.06091886 1.074744 0.06665581 1.070919 0.06181877 1.076263 0.06181877 1.076263 0.06665581 1.070919 0.06766819 1.072325 0.06665581 1.070919 0.07205528 1.066701 0.06766819 1.072325 0.06766819 1.072325 0.07205528 1.066701 0.07318019 1.067995 0.07205528 1.066701 0.07711732 1.061976 0.07318019 1.067995 0.07318019 1.067995 0.07711732 1.061976 0.07835465 1.063214 0.07711732 1.061976 0.08178561 1.056971 0.07835465 1.063214 0.07835465 1.063214 0.08178561 1.056971 0.08313548 1.058096 0.08178561 1.056971 0.08606016 1.051515 0.08313548 1.058096 0.08313548 1.058096 0.08606016 1.051515 0.08746629 1.052584 0.08606016 1.051515 0.08988481 1.045834 0.08746629 1.052584 0.08746629 1.052584 0.08988481 1.045834 0.09134715 1.046734 0.08988481 1.045834 0.09325945 1.039816 0.09134715 1.046734 0.09134715 1.046734 0.09325945 1.039816 0.09477806 1.040603 0.09325945 1.039816 0.09612792 1.033573 0.09477806 1.040603 0.09477806 1.040603 0.09612792 1.033573 0.097759 1.034192 0.09612792 1.033573 0.09849023 1.027105 0.097759 1.034192 0.09849023 1.027105 0.1001775 1.027611 0.097759 1.034192 0.097759 1.034192 0.1001775 1.027611 0.1015837 1.028117 0.1001775 1.027611 0.1027648 1.023899 0.1015837 1.028117 0.1015837 1.028117 0.1027648 1.023899 0.1115952 1.026317 0.1115952 1.026317 0.1027648 1.023899 0.1127201 1.021987 0.1027648 1.023899 0.1035522 1.021199 0.1127201 1.021987 0.1127201 1.021987 0.1035522 1.021199 0.1139012 1.015912 0.1035522 1.021199 0.1049021 1.01445 0.1139012 1.015912 0.1049021 1.01445 0.1049583 1.014225 0.1139012 1.015912 0.1139012 1.015912 0.1049583 1.014225 0.1141262 1.014731 0.1049583 1.014225 0.1057457 1.007138 0.1141262 1.014731 0.1141262 1.014731 0.1057457 1.007138 0.1149136 1.007363 0.1149136 1.007363 0.1057457 1.007138 0.1149699 1.005338 0.1057457 1.007138 0.1058582 1.004832 0.1149699 1.005338 0.1149699 1.005338 0.1058582 1.004832 0.1151948 0.999995 0.1058582 1.004832 0.106027 0.999995 0.1151948 0.999995 0.1151948 0.999995 0.106027 0.999995 0.1149699 0.9946517 0.106027 0.999995 0.1058582 0.995158 0.1149699 0.9946517 0.1058582 0.995158 0.1149136 0.9926269 0.1149699 0.9946517 0.1149136 0.9926269 -0.01838588 0.9925144 0.1149699 0.9946517 0.1149699 0.9946517 -0.01838588 0.9925144 0.1151948 0.999995 0.1149699 1.005338 0.1151948 0.999995 -0.01838588 0.999995 0.1151948 0.999995 -0.01838588 0.9925144 -0.01838588 0.999995 -0.01838588 0.999995 -0.01838588 0.9925144 -0.01669853 0.999995 -0.01669853 0.999995 -0.01838588 0.9925144 -0.01669853 0.9924582 -0.01838588 0.9925144 -0.01838588 0.9850901 -0.01669853 0.9924582 -0.01669853 0.9924582 -0.01838588 0.9850901 -0.01669853 0.9849215 -0.01838588 0.9850901 -0.01838588 0.9777221 -0.01669853 0.9849215 -0.01838588 0.9777221 -0.01669853 0.9774972 -0.01669853 0.9849215 -0.01669853 0.9849215 -0.01669853 0.9774972 -0.01478624 0.9848652 -0.01478624 0.9848652 -0.01669853 0.9774972 -0.01478624 0.9773847 -0.01669853 0.9774972 -0.01669853 0.9701853 -0.01478624 0.9773847 -0.01478624 0.9773847 -0.01669853 0.9701853 -0.01478624 0.9700166 -0.01669853 0.9701853 -0.01669853 0.9630423 -0.01478624 0.9700166 -0.01669853 0.9630423 -0.01478624 0.9628736 -0.01478624 0.9700166 -0.01287388 0.9681606 -0.01478624 0.9700166 -0.01287388 0.9628173 -0.01478624 0.9700166 -0.01478624 0.9628736 -0.01287388 0.9628173 -0.01287388 0.9628173 -0.01478624 0.9628736 -0.01287388 0.958149 -0.01478624 0.9628736 -0.01478624 0.9558992 -0.01287388 0.958149 -0.01287388 0.958149 -0.01478624 0.9558992 -0.01287388 0.9557868 -0.01478624 0.9558992 -0.01478624 0.9491499 -0.01287388 0.9557868 -0.01287388 0.9557868 -0.01478624 0.9491499 -0.01287388 0.9490374 -0.01287388 0.9490374 -0.01478624 0.9491499 -0.01287388 0.9485312 -0.01478624 0.9491499 -0.01478624 0.9426818 -0.01287388 0.9485312 -0.01287388 0.9485312 -0.01478624 0.9426818 -0.01287388 0.9425693 -0.01287388 0.9425693 -0.01478624 0.9426818 -0.01287388 0.9394758 -0.01287388 0.9394758 -0.01478624 0.9426818 -0.01287388 0.9364386 -0.01478624 0.9426818 -0.01478624 0.9365511 -0.01287388 0.9364386 -0.01287388 0.9364386 -0.01478624 0.9365511 -0.01287388 0.9310954 -0.01478624 0.9365511 -0.01478624 0.9307579 -0.01287388 0.9310954 -0.01287388 0.9310954 -0.01478624 0.9307579 -0.01287388 0.9305892 -0.01478624 0.9307579 0.01479834 0.9142221 -0.01287388 0.9305892 -0.01287388 0.9305892 0.01479834 0.9142221 0.01282978 0.9141096 0.01282978 0.9141096 0.01479834 0.9142221 0.01282978 0.9160219 0.01282978 0.9160219 0.01479834 0.9142221 0.01282978 0.9197903 0.01479834 0.9142221 0.01479834 0.919959 0.01282978 0.9197903 0.01282978 0.9197903 0.01479834 0.919959 0.01282978 0.9243461 0.01479834 0.919959 0.01479834 0.9259772 0.01282978 0.9243461 0.01479834 0.9259772 0.01282978 0.9258647 0.01282978 0.9243461 0.01282978 0.9243461 0.01282978 0.9258647 1.18546e-4 0.9243461 1.18546e-4 0.9243461 0.01282978 0.9258647 1.18546e-4 0.9290706 0.01282978 0.9258647 0.01282978 0.9322766 1.18546e-4 0.9290706 1.18546e-4 0.9290706 0.01282978 0.9322766 1.18546e-4 0.9334015 0.01282978 0.9322766 0.01282978 0.9334015 1.18546e-4 0.9334015 1.18546e-4 0.9334015 0.01282978 0.9334015 1.18546e-4 0.935595 0.01282978 0.9334015 0.01282978 0.9389696 1.18546e-4 0.935595 1.18546e-4 0.935595 0.01282978 0.9389696 1.18546e-4 0.9424006 0.01282978 0.9389696 1.18546e-4 0.942963 1.18546e-4 0.9424006 1.18546e-4 0.9424006 1.18546e-4 0.942963 -0.001793742 0.9424569 1.18546e-4 0.942963 -0.001793742 0.9495436 -0.001793742 0.9424569 -0.001793742 0.9424569 -0.001793742 0.9495436 -0.003706037 0.9427381 -0.001793742 0.9495436 -0.003706037 0.9497123 -0.003706037 0.9427381 -0.003706037 0.9427381 -0.003706037 0.9497123 -0.005393385 0.9430755 -0.005393385 0.9430755 -0.003706037 0.9497123 -0.005393385 0.9500498 -0.003706037 0.9497123 -0.003706037 0.9569117 -0.005393385 0.9500498 -0.005393385 0.9500498 -0.003706037 0.9569117 -0.005393385 0.9571366 -0.003706037 0.9569117 -0.003706037 0.9642235 -0.005393385 0.9571366 -0.003706037 0.9642235 -0.005393385 0.9644485 -0.005393385 0.9571366 -0.005393385 0.9571366 -0.005393385 0.9644485 -0.0425148 0.9037606 -0.0425148 0.9037606 -0.005393385 0.9644485 -0.03531545 0.902017 -0.03531545 0.902017 -0.005393385 0.9644485 -0.03368437 0.9017358 -0.03368437 0.9017358 -0.005393385 0.9644485 -0.02805995 0.9007796 -0.005393385 0.9644485 -0.005393385 0.9718164 -0.02805995 0.9007796 -0.02805995 0.9007796 -0.005393385 0.9718164 -0.02311038 0.9003297 -0.005393385 0.9718164 -0.005393385 0.9792407 -0.02311038 0.9003297 -0.005393385 0.9792407 -0.02069193 0.9001047 -0.02311038 0.9003297 -0.02311038 0.9003297 -0.02069193 0.9001047 -0.02226674 0.9093288 -0.02226674 0.9093288 -0.02069193 0.9001047 -0.01607984 0.9848652 -0.02069193 0.9001047 -0.01326763 0.899936 -0.01607984 0.9848652 -0.01607984 0.9848652 -0.01326763 0.899936 -0.0127052 0.90916 -0.01326763 0.899936 -0.01248019 0.8999922 -0.0127052 0.90916 -0.01248019 0.8999922 -0.007980644 0.9093288 -0.0127052 0.90916 -0.0127052 0.90916 -0.007980644 0.9093288 -0.008093118 0.9108474 -0.008093118 0.9108474 -0.007980644 0.9093288 -0.001118779 0.9116911 -0.007980644 0.9093288 -0.003087341 0.9099475 -0.001118779 0.9116911 -0.003087341 0.9099475 -8.93854e-4 0.9101725 -0.001118779 0.9116911 -8.93854e-4 0.9101725 0.006080448 0.9115785 -0.001118779 0.9116911 0.006080448 0.9115785 0.005742967 0.9130409 -0.001118779 0.9116911 -0.001118779 0.9116911 0.005742967 0.9130409 -0.001400053 0.9133784 -0.001400053 0.9133784 0.005742967 0.9130409 0.005349278 0.9147283 0.005742967 0.9130409 0.01249229 0.9149532 0.005349278 0.9147283 0.01249229 0.9149532 0.01198613 0.9165843 0.005349278 0.9147283 0.005349278 0.9147283 0.01198613 0.9165843 0.004899322 0.9165843 0.004899322 0.9165843 0.01198613 0.9165843 0.01136744 0.9183841 0.01198613 0.9165843 0.01845425 0.9190028 0.01136744 0.9183841 0.01136744 0.9183841 0.01845425 0.9190028 0.01772308 0.9207465 0.01772308 0.9207465 0.01845425 0.9190028 0.02469736 0.9218713 0.01845425 0.9190028 0.0254848 0.9203527 0.02469736 0.9218713 0.0254848 0.9203527 0.03161543 0.9237836 0.02469736 0.9218713 0.02469736 0.9218713 0.03161543 0.9237836 0.03071552 0.925246 0.03071552 0.925246 0.03161543 0.9237836 0.03740864 0.9276645 0.03161543 0.9237836 0.03307783 0.92294 0.03740864 0.9276645 0.03307783 0.92294 0.03830856 0.9264271 0.03740864 0.9276645 0.03830856 0.9264271 0.04100829 0.9285082 0.03740864 0.9276645 0.03740864 0.9276645 0.04100829 0.9285082 0.04292058 0.9319953 0.04292058 0.9319953 0.04100829 0.9285082 0.04393303 0.9308704 0.04100829 0.9285082 0.04663276 0.9213089 0.04393303 0.9308704 0.04663276 0.9213089 0.0480951 0.9224337 0.04393303 0.9308704 0.0480951 0.9224337 0.05366331 0.927327 0.04393303 0.9308704 0.04393303 0.9308704 0.05366331 0.927327 0.04826384 0.9348638 0.05366331 0.927327 0.05467569 0.9283394 0.04826384 0.9348638 0.04826384 0.9348638 0.05467569 0.9283394 0.04916375 0.9357075 0.04916375 0.9357075 0.05467569 0.9283394 0.05883783 0.9325578 0.05467569 0.9283394 -0.005393385 1.054496 0.05883783 0.9325578 -0.005393385 1.054496 -0.005393385 0.9317703 0.05883783 0.9325578 0.05883783 0.9325578 -0.005393385 0.9317703 0.06187498 0.9361574 -0.005393385 0.9317703 -0.005393385 0.937451 0.06187498 0.9361574 0.06187498 0.9361574 -0.005393385 0.937451 0.0636186 0.9382385 -0.005393385 0.937451 -0.005393385 0.9435254 0.0636186 0.9382385 0.0636186 0.9382385 -0.005393385 0.9435254 0.06794941 0.9442004 0.06794941 0.9442004 -0.005393385 0.9435254 0.06823062 0.9447066 -0.005393385 0.9435254 -0.005393385 0.9498811 0.06823062 0.9447066 0.06823062 0.9447066 -0.005393385 0.9498811 0.07183033 0.9504998 0.07183033 0.9504998 -0.005393385 0.9498811 0.07363015 0.9538745 0.07363015 0.9538745 -0.005393385 0.9498811 -0.005393385 0.9565179 -0.005393385 0.9498811 -0.003706037 0.9561243 -0.005393385 0.9565179 -0.003706037 0.9561243 -0.003706037 0.9630423 -0.005393385 0.9565179 -0.005393385 0.9565179 -0.003706037 0.9630423 -0.005393385 0.9633798 -0.003706037 0.9630423 -0.003706037 0.9701853 -0.005393385 0.9633798 -0.005393385 0.9633798 -0.003706037 0.9701853 -0.005393385 0.9704666 -0.003706037 0.9701853 -0.003706037 0.9774972 -0.005393385 0.9704666 -0.005393385 0.9704666 -0.003706037 0.9774972 -0.005393385 0.9777221 -0.003706037 0.9774972 -0.003706037 0.9849215 -0.005393385 0.9777221 -0.005393385 0.9777221 -0.003706037 0.9849215 -0.005393385 0.9850901 -0.003706037 0.9849215 -0.003706037 0.9924582 -0.005393385 0.9850901 -0.005393385 0.9850901 -0.003706037 0.9924582 -0.005393385 0.9925144 -0.003706037 0.9924582 -0.003706037 0.999995 -0.005393385 0.9925144 -0.005393385 0.9925144 -0.003706037 0.999995 -0.005393385 0.999995 -0.005393385 0.999995 -0.003706037 0.999995 -0.003706037 1.007532 -0.003706037 0.999995 -0.001793742 1.007588 -0.003706037 1.007532 -0.003706037 1.007532 -0.001793742 1.007588 -0.001793742 1.015125 -0.001793742 1.007588 1.18546e-4 1.010738 -0.001793742 1.015125 1.18546e-4 1.010738 1.18546e-4 1.015181 -0.001793742 1.015125 -0.001793742 1.015125 1.18546e-4 1.015181 -0.001793742 1.022605 1.18546e-4 1.015181 1.18546e-4 1.021424 -0.001793742 1.022605 1.18546e-4 1.021424 1.18546e-4 1.022661 -0.001793742 1.022605 1.18546e-4 1.022661 1.18546e-4 1.03003 -0.001793742 1.022605 -0.001793742 1.022605 1.18546e-4 1.03003 -0.001793742 1.029973 -0.001793742 1.029973 1.18546e-4 1.03003 1.18546e-4 1.031829 1.18546e-4 1.03003 0.01282978 1.031829 1.18546e-4 1.031829 1.18546e-4 1.031829 0.01282978 1.031829 0.01282978 1.033629 0.01282978 1.031829 0.01479834 1.033573 0.01282978 1.033629 0.01479834 1.033573 0.01479834 1.04066 0.01282978 1.033629 0.01282978 1.033629 0.01479834 1.04066 0.01282978 1.040716 0.01282978 1.040716 0.01479834 1.04066 0.01282978 1.041897 0.01282978 1.041897 0.01479834 1.04066 0.01282978 1.047634 0.01479834 1.04066 0.01479834 1.047522 0.01282978 1.047634 0.01282978 1.047634 0.01479834 1.047522 0.01282978 1.051459 0.01479834 1.047522 0.01479834 1.054102 0.01282978 1.051459 0.01282978 1.051459 0.01479834 1.054102 0.01282978 1.054215 0.01479834 1.054102 0.01479834 1.060402 0.01282978 1.054215 0.01282978 1.054215 0.01479834 1.060402 0.01282978 1.060514 0.01282978 1.060514 0.01479834 1.060402 0.01479834 1.06642 0.01479834 1.060402 0.01671063 1.066026 0.01479834 1.06642 0.01479834 1.06642 0.01671063 1.066026 0.01671063 1.07165 0.01671063 1.066026 0.01839798 1.070976 0.01671063 1.07165 0.01671063 1.07165 0.01839798 1.070976 0.01839798 0.94825 0.01839798 1.070976 -0.05089521 1.075194 0.01839798 0.94825 0.01839798 0.94825 -0.05089521 1.075194 -0.05078274 1.075306 -0.05089521 1.075194 -0.04470831 1.068388 -0.05078274 1.075306 -0.04470831 1.068388 -0.04392087 1.069119 -0.05078274 1.075306 -0.05078274 1.075306 -0.04392087 1.069119 -0.04515826 1.079862 -0.04392087 1.069119 -0.03829646 1.073563 -0.04515826 1.079862 -0.04515826 1.079862 -0.03829646 1.073563 -0.04234606 1.081831 -0.03829646 1.073563 -0.03711533 1.07435 -0.04234606 1.081831 -0.04234606 1.081831 -0.03711533 1.07435 -0.0391401 1.084081 -0.03711533 1.07435 -0.03239077 1.077556 -0.0391401 1.084081 -0.0391401 1.084081 -0.03239077 1.077556 -0.03334695 1.087511 -0.03239077 1.077556 -0.0289036 1.079468 -0.03334695 1.087511 -0.03334695 1.087511 -0.0289036 1.079468 -0.03278446 1.087849 -0.0289036 1.079468 -0.0261476 1.081043 -0.03278446 1.087849 -0.03278446 1.087849 -0.0261476 1.081043 -0.0261476 1.091167 -0.0261476 1.081043 -0.02024197 1.083743 -0.0261476 1.091167 -0.0261476 1.091167 -0.02024197 1.083743 -0.02378535 1.092123 -0.02378535 1.092123 -0.02024197 1.083743 -0.01967948 1.084024 -0.02024197 1.083743 -0.01911705 1.082618 -0.01967948 1.084024 -0.01911705 1.082618 -0.01248019 1.085037 -0.01967948 1.084024 -0.01967948 1.084024 -0.01248019 1.085037 -0.01298642 1.086499 -0.01298642 1.086499 -0.01248019 1.085037 -0.01113033 1.087005 -0.01113033 1.087005 -0.01248019 1.085037 -0.006124556 1.088411 -0.01248019 1.085037 -0.005730867 1.086949 -0.006124556 1.088411 -0.006124556 1.088411 -0.005730867 1.086949 -0.001737475 1.089311 -0.005730867 1.086949 0.001130938 1.088299 -0.001737475 1.089311 -0.001737475 1.089311 0.001130938 1.088299 9.05968e-4 1.089818 9.05968e-4 1.089818 0.001130938 1.088299 0.00788027 1.090661 0.001130938 1.088299 0.008105218 1.089143 0.00788027 1.090661 0.00788027 1.090661 0.008105218 1.089143 0.007992744 1.090661 0.008105218 1.089143 0.01513582 1.089424 0.007992744 1.090661 0.007992744 1.090661 0.01513582 1.089424 0.01513582 1.090942 0.01513582 1.090942 0.01513582 1.089424 0.01755434 1.09083 0.01755434 1.09083 0.01513582 1.089424 0.02227884 1.090661 0.01513582 1.089424 0.02216637 1.089143 0.02227884 1.090661 0.02227884 1.090661 0.02216637 1.089143 0.02717214 1.090042 0.02216637 1.089143 0.02908444 1.088299 0.02717214 1.090042 0.02717214 1.090042 0.02908444 1.088299 0.02936565 1.089818 0.02908444 1.088299 0.03600251 1.086949 0.02936565 1.089818 0.02936565 1.089818 0.03600251 1.086949 0.03633999 1.088411 0.03633999 1.088411 0.03600251 1.086949 0.03667747 1.088299 0.03600251 1.086949 0.04275184 1.085037 0.03667747 1.088299 0.03667747 1.088299 0.04275184 1.085037 0.0432018 1.086499 0.0432018 1.086499 0.04275184 1.085037 0.0459578 1.085487 0.0459578 1.085487 0.04275184 1.085037 0.04989492 1.084024 0.04275184 1.085037 0.04933249 1.082618 0.04989492 1.084024 0.04989492 1.084024 0.04933249 1.082618 0.05484443 1.081718 0.04933249 1.082618 0.05574434 1.079693 0.05484443 1.081718 0.05484443 1.081718 0.05574434 1.079693 0.05641931 1.081043 0.05574434 1.079693 0.06181877 1.076263 0.05641931 1.081043 0.05641931 1.081043 0.06181877 1.076263 0.06260621 1.077556 0.06260621 1.077556 0.06181877 1.076263 0.06333738 1.07705 0.06181877 1.076263 0.06766819 1.072325 0.06333738 1.07705 0.06333738 1.07705 0.06766819 1.072325 0.06856811 1.073563 0.06856811 1.073563 0.06766819 1.072325 0.07121163 1.071482 0.07121163 1.071482 0.06766819 1.072325 0.07419258 1.069119 0.06766819 1.072325 0.07318019 1.067995 0.07419258 1.069119 0.07419258 1.069119 0.07318019 1.067995 0.07852339 1.065126 0.07318019 1.067995 0.07835465 1.063214 0.07852339 1.065126 0.07852339 1.065126 0.07835465 1.063214 0.0794233 1.064282 0.07835465 1.063214 0.08313548 1.058096 0.0794233 1.064282 0.0794233 1.064282 0.08313548 1.058096 0.08426034 1.059052 0.08426034 1.059052 0.08313548 1.058096 0.08510398 1.057983 0.08510398 1.057983 0.08313548 1.058096 0.08870369 1.053427 0.08313548 1.058096 0.08746629 1.052584 0.08870369 1.053427 0.08870369 1.053427 0.08746629 1.052584 0.09084093 1.050221 0.08746629 1.052584 0.09134715 1.046734 0.09084093 1.050221 0.09084093 1.050221 0.09134715 1.046734 0.09264075 1.047522 0.09264075 1.047522 0.09134715 1.046734 0.0957905 1.041897 0.09134715 1.046734 0.09477806 1.040603 0.0957905 1.041897 0.0957905 1.041897 0.09477806 1.040603 0.09612792 1.041278 0.09477806 1.040603 0.097759 1.034192 0.09612792 1.041278 0.09612792 1.041278 0.097759 1.034192 0.09910893 1.03481 0.09910893 1.03481 0.097759 1.034192 0.09978383 1.033067 0.097759 1.034192 0.1015837 1.028117 0.09978383 1.033067 0.09978383 1.033067 0.1015837 1.028117 0.1084455 1.03616 0.1084455 1.03616 0.1015837 1.028117 0.110864 1.029186 0.1015837 1.028117 0.1115952 1.026317 0.110864 1.029186 0.110864 1.029186 0.1115952 1.026317 -0.01838588 1.029523 -0.01838588 1.029523 0.1115952 1.026317 -0.01838588 1.022268 0.1115952 1.026317 0.1127201 1.021987 -0.01838588 1.022268 -0.01838588 1.022268 0.1127201 1.021987 -0.01838588 1.0149 0.1127201 1.021987 0.1139012 1.015912 -0.01838588 1.0149 0.1139012 1.015912 0.1141262 1.014731 -0.01838588 1.0149 0.1141262 1.014731 0.1149136 1.007363 -0.01838588 1.0149 -0.01838588 1.0149 0.1149136 1.007363 -0.01838588 1.007475 0.1149136 1.007363 0.1149699 1.005338 -0.01838588 1.007475 0.1149699 1.005338 -0.01838588 0.999995 -0.01838588 1.007475 -0.01838588 1.007475 -0.01838588 0.999995 -0.01669853 1.007532 -0.01838588 0.999995 -0.01669853 0.999995 -0.01669853 1.007532 -0.01669853 1.007532 -0.01669853 0.999995 -0.01478624 1.007588 -0.01478624 1.007588 -0.01669853 0.999995 -0.01478624 0.999995 -0.01669853 0.999995 -0.01669853 0.9924582 -0.01478624 0.999995 -0.01478624 0.999995 -0.01669853 0.9924582 -0.01478624 0.992402 -0.01669853 0.9924582 -0.01669853 0.9849215 -0.01478624 0.992402 -0.01669853 0.9849215 -0.01478624 0.9848652 -0.01478624 0.992402 -0.01287388 0.9892523 -0.01478624 0.992402 -0.01287388 0.9848089 -0.01478624 0.992402 -0.01478624 0.9848652 -0.01287388 0.9848089 -0.01287388 0.9848089 -0.01478624 0.9848652 -0.01287388 0.9785658 -0.01478624 0.9848652 -0.01478624 0.9773847 -0.01287388 0.9785658 -0.01287388 0.9785658 -0.01478624 0.9773847 -0.01287388 0.9773284 -0.01478624 0.9773847 -0.01478624 0.9700166 -0.01287388 0.9773284 -0.01287388 0.9773284 -0.01478624 0.9700166 -0.01287388 0.9699604 -0.01478624 0.9700166 -0.01287388 0.9681606 -0.01287388 0.9699604 -0.01287388 0.9699604 -0.01287388 0.9681606 -1.62676e-4 0.9681606 -1.62676e-4 0.9681606 -0.01287388 0.9681606 -1.62676e-4 0.9663608 -0.01287388 0.9681606 -0.01287388 0.9628173 -1.62676e-4 0.9663608 -1.62676e-4 0.9663608 -0.01287388 0.9628173 -1.62676e-4 0.9592739 -1.62676e-4 0.9592739 -0.01287388 0.9628173 -1.62676e-4 0.958149 -0.01287388 0.9628173 -0.01287388 0.958149 -1.62676e-4 0.958149 -0.01287388 0.958149 -0.01287388 0.9557868 -1.62676e-4 0.958149 -1.62676e-4 0.958149 -0.01287388 0.9557868 -1.62676e-4 0.9524121 -0.01287388 0.9557868 -0.01287388 0.9490374 -1.62676e-4 0.9524121 -1.62676e-4 0.9524121 -0.01287388 0.9490374 -1.62676e-4 0.9485312 -0.01287388 0.9490374 -0.01287388 0.9485312 -1.62676e-4 0.9485312 -1.62676e-4 0.9485312 -0.01287388 0.9485312 -1.62676e-4 0.9457752 -0.01287388 0.9485312 -0.01287388 0.9425693 -1.62676e-4 0.9457752 -1.62676e-4 0.9457752 -0.01287388 0.9425693 -1.62676e-4 0.9394758 -0.01287388 0.9425693 -0.01287388 0.9394758 -1.62676e-4 0.9394758 -0.01287388 0.9394758 -0.01287388 0.9364386 -1.62676e-4 0.9394758 -1.62676e-4 0.9394758 -0.01287388 0.9364386 -1.62676e-4 0.9334577 -0.01287388 0.9364386 -0.01287388 0.9310954 -1.62676e-4 0.9334577 -1.62676e-4 0.9334577 -0.01287388 0.9310954 -1.62676e-4 0.9311516 -0.01287388 0.9310954 -0.01287388 0.9305892 -1.62676e-4 0.9311516 -1.62676e-4 0.9311516 -0.01287388 0.9305892 -1.62676e-4 0.9278332 -0.01287388 0.9305892 0.01282978 0.9141096 -1.62676e-4 0.9278332 -1.62676e-4 0.9278332 0.01282978 0.9141096 1.18546e-4 0.9159656 0.01282978 0.9141096 0.01282978 0.9160219 1.18546e-4 0.9159656 1.18546e-4 0.9159656 0.01282978 0.9160219 1.18546e-4 0.9169218 0.01282978 0.9160219 0.01282978 0.9197903 1.18546e-4 0.9169218 1.18546e-4 0.9169218 0.01282978 0.9197903 1.18546e-4 0.9228275 0.01282978 0.9197903 0.01282978 0.9243461 1.18546e-4 0.9228275 0.01282978 0.9243461 1.18546e-4 0.9243461 1.18546e-4 0.9228275 1.18546e-4 0.9228275 1.18546e-4 0.9243461 -0.001793742 0.92294 -0.001793742 0.92294 1.18546e-4 0.9243461 -0.001793742 0.9291269 1.18546e-4 0.9243461 1.18546e-4 0.9290706 -0.001793742 0.9291269 -0.001793742 0.9291269 1.18546e-4 0.9290706 -0.001793742 0.9357075 1.18546e-4 0.9290706 1.18546e-4 0.9334015 -0.001793742 0.9357075 1.18546e-4 0.9334015 1.18546e-4 0.935595 -0.001793742 0.9357075 1.18546e-4 0.935595 1.18546e-4 0.9424006 -0.001793742 0.9357075 1.18546e-4 0.9424006 -0.001793742 0.9424569 -0.001793742 0.9357075 -0.001793742 0.9357075 -0.001793742 0.9424569 -0.003706037 0.9359325 -0.001793742 0.9424569 -0.003706037 0.9427381 -0.003706037 0.9359325 -0.003706037 0.9359325 -0.003706037 0.9427381 -0.005393385 0.9363824 -0.003706037 0.9427381 -0.005393385 0.9430755 -0.005393385 0.9363824 -0.0636065 0.9124785 -0.005393385 0.9363824 -0.0629878 0.912141 -0.005393385 0.9363824 -0.005393385 0.9430755 -0.0629878 0.912141 -0.0629878 0.912141 -0.005393385 0.9430755 -0.05640715 0.9088226 -0.05640715 0.9088226 -0.005393385 0.9430755 -0.05398869 0.9078664 -0.05398869 0.9078664 -0.005393385 0.9430755 -0.04954534 0.9060103 -0.005393385 0.9430755 -0.005393385 0.9500498 -0.04954534 0.9060103 -0.04954534 0.9060103 -0.005393385 0.9500498 -0.04397714 0.9042105 -0.005393385 0.9500498 -0.005393385 0.9571366 -0.04397714 0.9042105 -0.005393385 0.9571366 -0.0425148 0.9037606 -0.04397714 0.9042105 -0.04397714 0.9042105 -0.0425148 0.9037606 -0.04133367 0.9129847 -0.04133367 0.9129847 -0.0425148 0.9037606 -0.03632789 0.9115785 -0.0425148 0.9037606 -0.03531545 0.902017 -0.03632789 0.9115785 -0.03632789 0.9115785 -0.03531545 0.902017 -0.03194081 0.9107349 -0.03531545 0.902017 -0.03368437 0.9017358 -0.03194081 0.9107349 -0.03194081 0.9107349 -0.03368437 0.9017358 -0.02935355 0.9101725 -0.03368437 0.9017358 -0.02805995 0.9007796 -0.02935355 0.9101725 -0.02935355 0.9101725 -0.02805995 0.9007796 -0.02237921 0.909385 -0.02805995 0.9007796 -0.02311038 0.9003297 -0.02237921 0.909385 -0.02311038 0.9003297 -0.02226674 0.9093288 -0.02237921 0.909385 -0.02237921 0.909385 -0.02226674 0.9093288 -0.02215427 0.9108474 -0.02226674 0.9093288 -0.01607984 0.9848652 -0.02215427 0.9108474 -0.02215427 0.9108474 -0.01607984 0.9848652 -0.01512372 0.9105662 -0.01607984 0.9848652 -0.0127052 0.90916 -0.01512372 0.9105662 -0.0127052 0.90916 -0.008093118 0.9108474 -0.01512372 0.9105662 -0.01512372 0.9105662 -0.008093118 0.9108474 -0.01512372 0.9123098 -0.01512372 0.9123098 -0.008093118 0.9108474 -0.008261859 0.912591 -0.008093118 0.9108474 -0.001118779 0.9116911 -0.008261859 0.912591 -0.001118779 0.9116911 -0.001400053 0.9133784 -0.008261859 0.912591 -0.008261859 0.912591 -0.001400053 0.9133784 -0.008374333 0.914447 -0.008374333 0.914447 -0.001400053 0.9133784 -0.001681268 0.9152345 -0.001400053 0.9133784 0.005349278 0.9147283 -0.001681268 0.9152345 0.005349278 0.9147283 0.004899322 0.9165843 -0.001681268 0.9152345 -0.001681268 0.9152345 0.004899322 0.9165843 -0.00201869 0.9171468 -0.00201869 0.9171468 0.004899322 0.9165843 0.004449367 0.9184404 0.004899322 0.9165843 0.01136744 0.9183841 0.004449367 0.9184404 4.56013e-4 0.945719 0.004449367 0.9184404 0.01080495 0.9202402 0.004449367 0.9184404 0.01136744 0.9183841 0.01080495 0.9202402 0.01136744 0.9183841 0.01772308 0.9207465 0.01080495 0.9202402 0.01080495 0.9202402 0.01772308 0.9207465 0.01699185 0.9225463 0.01699185 0.9225463 0.01772308 0.9207465 0.02385371 0.9235587 0.01772308 0.9207465 0.02469736 0.9218713 0.02385371 0.9235587 0.02469736 0.9218713 0.03071552 0.925246 0.02385371 0.9235587 0.02385371 0.9235587 0.03071552 0.925246 0.02970314 0.9268208 0.02970314 0.9268208 0.03071552 0.925246 0.03639626 0.9290706 0.03071552 0.925246 0.03740864 0.9276645 0.03639626 0.9290706 0.03740864 0.9276645 0.04292058 0.9319953 0.03639626 0.9290706 0.03639626 0.9290706 0.04292058 0.9319953 0.04179573 0.9333452 0.04179573 0.9333452 0.04292058 0.9319953 0.0480951 0.9367761 0.04292058 0.9319953 0.04393303 0.9308704 0.0480951 0.9367761 0.04393303 0.9308704 0.04826384 0.9348638 0.0480951 0.9367761 0.04826384 0.9348638 0.04916375 0.9357075 0.0480951 0.9367761 0.0480951 0.9367761 0.04916375 0.9357075 0.05400079 0.9409382 0.04916375 0.9357075 0.05883783 0.9325578 0.05400079 0.9409382 0.05883783 0.9325578 0.06187498 0.9361574 0.05400079 0.9409382 0.05400079 0.9409382 0.06187498 0.9361574 0.05484443 0.9420068 0.06187498 0.9361574 0.0636186 0.9382385 0.05484443 0.9420068 0.05484443 0.9420068 0.0636186 0.9382385 0.05844408 0.9465627 0.0636186 0.9382385 0.06794941 0.9442004 0.05844408 0.9465627 0.05844408 0.9465627 0.06794941 0.9442004 0.06058138 0.9497686 0.06794941 0.9442004 0.06823062 0.9447066 0.06058138 0.9497686 0.06058138 0.9497686 0.06823062 0.9447066 0.0623812 0.9524683 0.06823062 0.9447066 0.07183033 0.9504998 0.0623812 0.9524683 0.0623812 0.9524683 0.07183033 0.9504998 0.06553089 0.9580928 0.07183033 0.9504998 0.07363015 0.9538745 0.06553089 0.9580928 0.06553089 0.9580928 0.07363015 0.9538745 0.06586837 0.9587115 0.06586837 0.9587115 0.07363015 0.9538745 0.07526123 0.9570804 0.07363015 0.9538745 -0.005393385 0.9565179 0.07526123 0.9570804 0.07526123 0.9570804 -0.005393385 0.9565179 0.07807344 0.9635486 -0.005393385 0.9565179 -0.005393385 0.9633798 0.07807344 0.9635486 0.07807344 0.9635486 -0.005393385 0.9633798 0.07818591 0.9638298 -0.005393385 0.9633798 -0.005393385 0.9704666 0.07818591 0.9638298 0.07818591 0.9638298 -0.005393385 0.9704666 0.08060443 0.9708603 0.08060443 0.9708603 -0.005393385 0.9704666 0.08133566 0.9736725 0.08133566 0.9736725 -0.005393385 0.9704666 0.08251678 0.9780033 -0.005393385 0.9704666 -0.005393385 0.9777221 0.08251678 0.9780033 0.08251678 0.9780033 -0.005393385 0.9777221 0.08364164 0.9840778 -0.005393385 0.9777221 -0.005393385 0.9850901 0.08364164 0.9840778 0.08364164 0.9840778 -0.005393385 0.9850901 0.08386665 0.9852589 -0.005393385 0.9850901 -0.005393385 0.9925144 0.08386665 0.9852589 0.08386665 0.9852589 -0.005393385 0.9925144 0.08465403 0.9926269 0.08465403 0.9926269 -0.005393385 0.9925144 0.08476656 0.9946517 0.08476656 0.9946517 -0.005393385 0.9925144 -0.006911993 0.999995 -0.005393385 0.9925144 -0.005393385 0.999995 -0.006911993 0.999995 -0.006911993 0.999995 -0.005393385 0.999995 0.08476656 1.005338 0.08465403 1.007363 0.08476656 1.005338 -0.005393385 1.007475 0.08476656 1.005338 -0.005393385 0.999995 -0.005393385 1.007475 -0.005393385 0.999995 -0.003706037 1.007532 -0.005393385 1.007475 -0.005393385 1.007475 -0.003706037 1.007532 -0.003706037 1.015069 -0.003706037 1.007532 -0.001793742 1.015125 -0.003706037 1.015069 -0.001793742 1.015125 -0.001793742 1.022605 -0.003706037 1.015069 -0.003706037 1.015069 -0.001793742 1.022605 -0.003706037 1.022493 -0.001793742 1.022605 -0.001793742 1.029973 -0.003706037 1.022493 -0.003706037 1.022493 -0.001793742 1.029973 -0.003706037 1.029805 -0.003706037 1.029805 -0.001793742 1.029973 -0.001793742 1.037116 -0.001793742 1.029973 1.18546e-4 1.031829 -0.001793742 1.037116 -0.001793742 1.037116 1.18546e-4 1.031829 1.18546e-4 1.037229 1.18546e-4 1.031829 0.01282978 1.033629 1.18546e-4 1.037229 0.01282978 1.033629 0.01282978 1.040716 1.18546e-4 1.037229 1.18546e-4 1.037229 0.01282978 1.040716 1.18546e-4 1.041897 0.01282978 1.040716 0.01282978 1.041897 1.18546e-4 1.041897 1.18546e-4 1.041897 0.01282978 1.041897 1.18546e-4 1.044203 0.01282978 1.041897 0.01282978 1.047634 1.18546e-4 1.044203 1.18546e-4 1.044203 0.01282978 1.047634 1.18546e-4 1.050953 1.18546e-4 1.050953 0.01282978 1.047634 1.18546e-4 1.051515 0.01282978 1.047634 0.01282978 1.051459 1.18546e-4 1.051515 0.01282978 1.051459 0.01282978 1.054215 1.18546e-4 1.051515 1.18546e-4 1.051515 0.01282978 1.054215 1.18546e-4 1.057421 0.01282978 1.054215 0.01282978 1.060514 1.18546e-4 1.057421 1.18546e-4 1.057421 0.01282978 1.060514 1.18546e-4 1.060514 1.18546e-4 1.060514 0.01282978 1.060514 1.18546e-4 1.063608 1.18546e-4 1.063608 0.01282978 1.060514 0.01282978 1.066532 0.01282978 1.060514 0.01479834 1.06642 0.01282978 1.066532 0.01282978 1.066532 0.01479834 1.06642 0.01282978 1.068894 0.01282978 1.068894 0.01479834 1.06642 0.01282978 1.072157 0.01282978 1.072157 0.01479834 1.06642 0.01479834 1.072044 0.01479834 1.06642 0.01671063 1.07165 0.01479834 1.072044 0.01479834 1.072044 0.01671063 1.07165 0.01671063 0.9476313 0.01671063 1.07165 0.01839798 0.94825 0.01671063 0.9476313 0.01671063 0.9476313 0.01839798 0.94825 0.01839798 0.9540432 0.01839798 0.94825 -0.05078274 1.075306 0.01839798 0.9540432 -0.05078274 1.075306 -0.04515826 1.079862 0.01839798 0.9540432 -0.04515826 1.079862 -0.04234606 1.081831 0.01839798 0.9540432 0.01839798 0.9540432 -0.04234606 1.081831 0.01839798 0.9602301 -0.04234606 1.081831 -0.0391401 1.084081 0.01839798 0.9602301 -0.0391401 1.084081 -0.03334695 1.087511 0.01839798 0.9602301 0.01839798 0.9602301 -0.03334695 1.087511 0.01839798 0.966642 -0.03334695 1.087511 -0.03278446 1.087849 0.01839798 0.966642 -0.03278446 1.087849 -0.0261476 1.091167 0.01839798 0.966642 0.01839798 0.966642 -0.0261476 1.091167 0.01839798 0.973335 -0.0261476 1.091167 -0.02378535 1.092123 0.01839798 0.973335 0.01839798 0.973335 -0.02378535 1.092123 0.01839798 0.9802531 0.01839798 0.9802531 -0.02378535 1.092123 -0.01928579 1.09398 -0.02378535 1.092123 -0.01967948 1.084024 -0.01928579 1.09398 -0.01967948 1.084024 -0.01298642 1.086499 -0.01928579 1.09398 -0.01928579 1.09398 -0.01298642 1.086499 -0.01377379 1.095779 -0.01298642 1.086499 -0.01113033 1.087005 -0.01377379 1.095779 -0.01377379 1.095779 -0.01113033 1.087005 -0.01225525 1.096229 -0.01113033 1.087005 -0.006124556 1.088411 -0.01225525 1.096229 -0.01225525 1.096229 -0.006124556 1.088411 -0.005055904 1.098029 -0.005055904 1.098029 -0.006124556 1.088411 -0.003424823 1.09831 -0.006124556 1.088411 -0.001737475 1.089311 -0.003424823 1.09831 -0.003424823 1.09831 -0.001737475 1.089311 0.00219959 1.09921 -0.001737475 1.089311 9.05968e-4 1.089818 0.00219959 1.09921 0.00219959 1.09921 9.05968e-4 1.089818 0.0071491 1.099717 9.05968e-4 1.089818 0.00788027 1.090661 0.0071491 1.099717 0.00788027 1.090661 0.007992744 1.090661 0.0071491 1.099717 0.0071491 1.099717 0.007992744 1.090661 0.009567618 1.099941 0.007992744 1.090661 0.01513582 1.090942 0.009567618 1.099941 0.009567618 1.099941 0.01513582 1.090942 0.01699185 1.100054 0.01699185 1.100054 0.01513582 1.090942 0.01777929 1.099998 0.01513582 1.090942 0.01755434 1.09083 0.01777929 1.099998 0.01777929 1.099998 0.01755434 1.09083 0.02435988 1.09966 0.01755434 1.09083 0.02227884 1.090661 0.02435988 1.09966 0.02435988 1.09966 0.02227884 1.090661 0.02840954 1.099098 0.02227884 1.090661 0.02717214 1.090042 0.02840954 1.099098 0.02840954 1.099098 0.02717214 1.090042 0.0316717 1.098704 0.02717214 1.090042 0.02936565 1.089818 0.0316717 1.098704 0.0316717 1.098704 0.02936565 1.089818 0.03887099 1.097185 0.02936565 1.089818 0.03633999 1.088411 0.03887099 1.097185 0.03633999 1.088411 0.03667747 1.088299 0.03887099 1.097185 0.03887099 1.097185 0.03667747 1.088299 0.03892725 1.097185 0.03667747 1.088299 0.0432018 1.086499 0.03892725 1.097185 0.03892725 1.097185 0.0432018 1.086499 0.04607027 1.095161 0.04607027 1.095161 0.0432018 1.086499 0.04905128 1.094092 0.0432018 1.086499 0.0459578 1.085487 0.04905128 1.094092 0.04905128 1.094092 0.0459578 1.085487 0.05298835 1.09263 0.0459578 1.085487 0.04989492 1.084024 0.05298835 1.09263 0.05298835 1.09263 0.04989492 1.084024 0.05889403 1.089986 0.04989492 1.084024 0.05484443 1.081718 0.05889403 1.089986 0.05889403 1.089986 0.05484443 1.081718 0.05973774 1.089592 0.05484443 1.081718 0.05641931 1.081043 0.05973774 1.089592 0.05973774 1.089592 0.05641931 1.081043 0.06620585 1.086049 0.05641931 1.081043 0.06260621 1.077556 0.06620585 1.086049 0.06620585 1.086049 0.06260621 1.077556 0.06817442 1.084812 0.06260621 1.077556 0.06333738 1.07705 0.06817442 1.084812 0.06817442 1.084812 0.06333738 1.07705 0.07244896 1.082056 0.06333738 1.07705 0.06856811 1.073563 0.07244896 1.082056 0.07244896 1.082056 0.06856811 1.073563 0.07689231 1.078681 0.06856811 1.073563 0.07121163 1.071482 0.07689231 1.078681 0.07689231 1.078681 0.07121163 1.071482 0.07835465 1.077556 0.07121163 1.071482 0.07419258 1.069119 0.07835465 1.077556 0.07835465 1.077556 0.07419258 1.069119 0.08392286 1.072719 0.07419258 1.069119 0.07852339 1.065126 0.08392286 1.072719 0.08392286 1.072719 0.07852339 1.065126 0.08487904 1.07165 0.07852339 1.065126 0.0794233 1.064282 0.08487904 1.07165 0.08487904 1.07165 0.0794233 1.064282 0.08909738 1.067432 0.0794233 1.064282 0.08426034 1.059052 0.08909738 1.067432 0.08909738 1.067432 0.08426034 1.059052 0.09213459 1.063832 0.08426034 1.059052 0.08510398 1.057983 0.09213459 1.063832 0.09213459 1.063832 0.08510398 1.057983 0.09387814 1.061751 0.08510398 1.057983 0.08870369 1.053427 0.09387814 1.061751 0.09387814 1.061751 0.08870369 1.053427 0.09820902 1.05579 0.09820902 1.05579 0.08870369 1.053427 0.09849023 1.055283 0.08870369 1.053427 0.09084093 1.050221 0.09849023 1.055283 0.09849023 1.055283 0.09084093 1.050221 0.1020898 1.04949 0.09084093 1.050221 0.09264075 1.047522 0.1020898 1.04949 0.1020898 1.04949 0.09264075 1.047522 0.1038334 1.046115 0.09264075 1.047522 0.0957905 1.041897 0.1038334 1.046115 0.0957905 1.041897 0.09612792 1.041278 0.1038334 1.046115 0.1038334 1.046115 0.09612792 1.041278 0.1055208 1.042966 0.09612792 1.041278 0.09910893 1.03481 0.1055208 1.042966 0.1055208 1.042966 0.09910893 1.03481 0.108333 1.036441 0.09910893 1.03481 0.09978383 1.033067 0.108333 1.036441 0.09978383 1.033067 0.1084455 1.03616 0.108333 1.036441 0.108333 1.036441 0.1084455 1.03616 -0.01838588 1.03661 0.1084455 1.03616 0.110864 1.029186 -0.01838588 1.03661 0.110864 1.029186 -0.01838588 1.029523 -0.01838588 1.03661 -0.01838588 1.03661 -0.01838588 1.029523 -0.01669853 1.036948 -0.01669853 1.036948 -0.01838588 1.029523 -0.01669853 1.029805 -0.01838588 1.029523 -0.01838588 1.022268 -0.01669853 1.029805 -0.01669853 1.029805 -0.01838588 1.022268 -0.01669853 1.022493 -0.01838588 1.022268 -0.01838588 1.0149 -0.01669853 1.022493 -0.01669853 1.022493 -0.01838588 1.0149 -0.01669853 1.015069 -0.01838588 1.0149 -0.01838588 1.007475 -0.01669853 1.015069 -0.01838588 1.007475 -0.01669853 1.007532 -0.01669853 1.015069 -0.01669853 1.015069 -0.01669853 1.007532 -0.01478624 1.015125 -0.01669853 1.007532 -0.01478624 1.007588 -0.01478624 1.015125 -0.01478624 1.015125 -0.01478624 1.007588 -0.01287388 1.010738 -0.01287388 1.010738 -0.01478624 1.007588 -0.01287388 1.007588 -0.01478624 1.007588 -0.01478624 0.999995 -0.01287388 1.007588 -0.01287388 1.007588 -0.01478624 0.999995 -0.01287388 0.999995 -0.01478624 0.999995 -0.01478624 0.992402 -0.01287388 0.999995 -0.01287388 0.999995 -0.01478624 0.992402 -0.01287388 0.992402 -0.01478624 0.992402 -0.01287388 0.9892523 -0.01287388 0.992402 -0.01287388 0.999995 -0.01287388 0.992402 -1.62676e-4 0.9961704 -1.62676e-4 0.9961704 -0.01287388 0.992402 -1.62676e-4 0.9892523 -0.01287388 0.992402 -0.01287388 0.9892523 -1.62676e-4 0.9892523 -1.62676e-4 0.9892523 -0.01287388 0.9892523 -1.62676e-4 0.9885773 -0.01287388 0.9892523 -0.01287388 0.9848089 -1.62676e-4 0.9885773 -1.62676e-4 0.9885773 -0.01287388 0.9848089 -1.62676e-4 0.9810968 -0.01287388 0.9848089 -0.01287388 0.9785658 -1.62676e-4 0.9810968 -1.62676e-4 0.9810968 -0.01287388 0.9785658 -1.62676e-4 0.978622 -0.01287388 0.9785658 -0.01287388 0.9773284 -1.62676e-4 0.978622 -1.62676e-4 0.978622 -0.01287388 0.9773284 -1.62676e-4 0.9736725 -0.01287388 0.9773284 -0.01287388 0.9699604 -1.62676e-4 0.9736725 -0.01287388 0.9699604 -1.62676e-4 0.9681606 -1.62676e-4 0.9736725 -1.62676e-4 0.9736725 -1.62676e-4 0.9681606 0.001805841 0.966417 -1.62676e-4 0.9681606 -1.62676e-4 0.9663608 0.001805841 0.966417 -1.62676e-4 0.9663608 -1.62676e-4 0.9592739 0.001805841 0.966417 0.001805841 0.966417 -1.62676e-4 0.9592739 0.001805841 0.9593302 -1.62676e-4 0.9592739 -1.62676e-4 0.958149 0.001805841 0.9593302 0.001805841 0.9593302 -1.62676e-4 0.958149 0.001805841 0.9524683 -1.62676e-4 0.958149 -1.62676e-4 0.9524121 0.001805841 0.9524683 0.001805841 0.9524683 -1.62676e-4 0.9524121 0.001805841 0.9458877 -1.62676e-4 0.9524121 -1.62676e-4 0.9485312 0.001805841 0.9458877 -1.62676e-4 0.9485312 -1.62676e-4 0.9457752 0.001805841 0.9458877 -1.62676e-4 0.9457752 -1.62676e-4 0.9394758 0.001805841 0.9458877 0.001805841 0.9458877 -1.62676e-4 0.9394758 0.001805841 0.9395883 -1.62676e-4 0.9394758 -1.62676e-4 0.9334577 0.001805841 0.9395883 0.001805841 0.9395883 -1.62676e-4 0.9334577 0.001805841 0.9335702 -1.62676e-4 0.9334577 -1.62676e-4 0.9311516 0.001805841 0.9335702 0.001805841 0.9335702 -1.62676e-4 0.9311516 0.001805841 0.9280019 -1.62676e-4 0.9311516 -1.62676e-4 0.9278332 0.001805841 0.9280019 0.001805841 0.9280019 -1.62676e-4 0.9278332 -0.001793742 0.9170343 -1.62676e-4 0.9278332 1.18546e-4 0.9159656 -0.001793742 0.9170343 1.18546e-4 0.9159656 1.18546e-4 0.9169218 -0.001793742 0.9170343 1.18546e-4 0.9169218 1.18546e-4 0.9228275 -0.001793742 0.9170343 1.18546e-4 0.9228275 -0.001793742 0.92294 -0.001793742 0.9170343 -0.001793742 0.9170343 -0.001793742 0.92294 -0.003706037 0.917428 -0.003706037 0.917428 -0.001793742 0.92294 -0.003706037 0.9232774 -0.001793742 0.92294 -0.001793742 0.9291269 -0.003706037 0.9232774 -0.003706037 0.9232774 -0.001793742 0.9291269 -0.003706037 0.9294643 -0.001793742 0.9291269 -0.001793742 0.9357075 -0.003706037 0.9294643 -0.001793742 0.9357075 -0.003706037 0.9359325 -0.003706037 0.9294643 -0.003706037 0.9294643 -0.003706037 0.9359325 -0.005393385 0.9299705 -0.003706037 0.9359325 -0.005393385 0.9363824 -0.005393385 0.9299705 -0.005393385 0.9363824 -0.0636065 0.9124785 -0.005393385 0.9299705 -0.005393385 0.9299705 -0.0636065 0.9124785 -0.06934344 0.9159094 -0.06934344 0.9159094 -0.0636065 0.9124785 -0.05916315 0.9205214 -0.05916315 0.9205214 -0.0636065 0.9124785 -0.05640715 0.9190028 -0.0636065 0.9124785 -0.0629878 0.912141 -0.05640715 0.9190028 -0.0629878 0.912141 -0.05640715 0.9088226 -0.05640715 0.9190028 -0.05640715 0.9190028 -0.05640715 0.9088226 -0.05044525 0.9162468 -0.05640715 0.9088226 -0.05398869 0.9078664 -0.05044525 0.9162468 -0.05044525 0.9162468 -0.05398869 0.9078664 -0.04993903 0.9159656 -0.05398869 0.9078664 -0.04954534 0.9060103 -0.04993903 0.9159656 -0.04993903 0.9159656 -0.04954534 0.9060103 -0.04324597 0.9135471 -0.04954534 0.9060103 -0.04397714 0.9042105 -0.04324597 0.9135471 -0.04397714 0.9042105 -0.04133367 0.9129847 -0.04324597 0.9135471 -0.04324597 0.9135471 -0.04133367 0.9129847 -0.04273974 0.9149532 -0.04273974 0.9149532 -0.04133367 0.9129847 -0.03599041 0.9130409 -0.04133367 0.9129847 -0.03632789 0.9115785 -0.03599041 0.9130409 -0.03599041 0.9130409 -0.03632789 0.9115785 -0.02912861 0.9116911 -0.03632789 0.9115785 -0.03194081 0.9107349 -0.02912861 0.9116911 -0.03194081 0.9107349 -0.02935355 0.9101725 -0.02912861 0.9116911 -0.02935355 0.9101725 -0.02237921 0.909385 -0.02912861 0.9116911 -0.02237921 0.909385 -0.02215427 0.9108474 -0.02912861 0.9116911 -0.02912861 0.9116911 -0.02215427 0.9108474 -0.02884733 0.9133784 -0.02884733 0.9133784 -0.02215427 0.9108474 -0.02198553 0.912591 -0.02215427 0.9108474 -0.01512372 0.9105662 -0.02198553 0.912591 -0.01512372 0.9105662 -0.01512372 0.9123098 -0.02198553 0.912591 -0.02198553 0.912591 -0.01512372 0.9123098 -0.02187305 0.914447 -0.02187305 0.914447 -0.01512372 0.9123098 -0.01512372 0.9141658 -0.01512372 0.9123098 -0.008261859 0.912591 -0.01512372 0.9141658 -0.008261859 0.912591 -0.008374333 0.914447 -0.01512372 0.9141658 -0.01512372 0.9141658 -0.008374333 0.914447 -0.01512372 0.9161344 -0.01512372 0.9161344 -0.008374333 0.914447 -0.008543074 0.9164156 -0.008374333 0.914447 -0.001681268 0.9152345 -0.008543074 0.9164156 -0.001681268 0.9152345 -0.00201869 0.9171468 -0.008543074 0.9164156 -0.008543074 0.9164156 -0.00201869 0.9171468 -0.007249474 0.9440879 -0.00201869 0.9171468 0.004449367 0.9184404 -0.007249474 0.9440879 0.004449367 0.9184404 4.56013e-4 0.945719 -0.007249474 0.9440879 -0.005730867 0.9558992 -0.007249474 0.9440879 -0.002693653 0.9566304 -0.007249474 0.9440879 4.56013e-4 0.945719 -0.002693653 0.9566304 -0.002693653 0.9567429 -0.002693653 0.9566304 -0.001231312 0.9572491 -0.001231312 0.9572491 -0.002693653 0.9566304 2.87279e-4 0.9575866 -0.002693653 0.9566304 4.56013e-4 0.945719 2.87279e-4 0.9575866 2.87279e-4 0.9575866 4.56013e-4 0.945719 0.003211975 0.9587677 0.003211975 0.9587677 4.56013e-4 0.945719 0.007824003 0.9484187 4.56013e-4 0.945719 0.01080495 0.9202402 0.007824003 0.9484187 0.01080495 0.9202402 0.01699185 0.9225463 0.007824003 0.9484187 0.007824003 0.9484187 0.01699185 0.9225463 0.0229538 0.9253022 0.01699185 0.9225463 0.02385371 0.9235587 0.0229538 0.9253022 0.02385371 0.9235587 0.02970314 0.9268208 0.0229538 0.9253022 0.0229538 0.9253022 0.02970314 0.9268208 0.02869075 0.9285082 0.02869075 0.9285082 0.02970314 0.9268208 0.03532761 0.9305892 0.02970314 0.9268208 0.03639626 0.9290706 0.03532761 0.9305892 0.03639626 0.9290706 0.04179573 0.9333452 0.03532761 0.9305892 0.03532761 0.9305892 0.04179573 0.9333452 0.0406146 0.9347513 0.0406146 0.9347513 0.04179573 0.9333452 0.04685771 0.9380135 0.04179573 0.9333452 0.0480951 0.9367761 0.04685771 0.9380135 0.04685771 0.9380135 0.0480951 0.9367761 0.05287587 0.9419506 0.0480951 0.9367761 0.05400079 0.9409382 0.05287587 0.9419506 0.05400079 0.9409382 0.05484443 0.9420068 0.05287587 0.9419506 0.05287587 0.9419506 0.05484443 0.9420068 0.05720669 0.9474626 0.05484443 0.9420068 0.05844408 0.9465627 0.05720669 0.9474626 0.05720669 0.9474626 0.05844408 0.9465627 0.0610876 0.9532558 0.05844408 0.9465627 0.06058138 0.9497686 0.0610876 0.9532558 0.06058138 0.9497686 0.0623812 0.9524683 0.0610876 0.9532558 0.0623812 0.9524683 0.06553089 0.9580928 0.0610876 0.9532558 0.0610876 0.9532558 0.06553089 0.9580928 0.06451851 0.9593864 0.06553089 0.9580928 0.06586837 0.9587115 0.06451851 0.9593864 0.06451851 0.9593864 0.06586837 0.9587115 0.06890559 0.9651796 0.06586837 0.9587115 0.07526123 0.9570804 0.06890559 0.9651796 0.07526123 0.9570804 0.07807344 0.9635486 0.06890559 0.9651796 0.06890559 0.9651796 0.07807344 0.9635486 0.06952428 0.9669232 0.07807344 0.9635486 0.07818591 0.9638298 0.06952428 0.9669232 0.06952428 0.9669232 0.07818591 0.9638298 0.07138037 0.971929 0.07818591 0.9638298 0.08060443 0.9708603 0.07138037 0.971929 0.07138037 0.971929 0.08060443 0.9708603 0.0725615 0.976091 0.08060443 0.9708603 0.08133566 0.9736725 0.0725615 0.976091 0.0725615 0.976091 0.08133566 0.9736725 0.07329267 0.9787908 0.08133566 0.9736725 0.08251678 0.9780033 0.07329267 0.9787908 0.07329267 0.9787908 0.08251678 0.9780033 0.07464253 0.9855401 0.08251678 0.9780033 0.08364164 0.9840778 0.07464253 0.9855401 0.07464253 0.9855401 0.08364164 0.9840778 0.0746988 0.9857651 0.08364164 0.9840778 0.08386665 0.9852589 0.0746988 0.9857651 0.0746988 0.9857651 0.08386665 0.9852589 0.07554244 0.9928519 0.08386665 0.9852589 0.08465403 0.9926269 0.07554244 0.9928519 0.07554244 0.9928519 0.08465403 0.9926269 0.07559871 0.995158 0.08465403 0.9926269 0.08476656 0.9946517 0.07559871 0.995158 0.07559871 0.995158 0.08476656 0.9946517 -0.01607984 0.999995 0.08476656 0.9946517 -0.006911993 0.999995 -0.01607984 0.999995 -0.01607984 0.999995 -0.006911993 0.999995 0.07559871 1.004832 -0.006911993 0.999995 0.08476656 1.005338 0.07559871 1.004832 0.07559871 1.004832 0.08476656 1.005338 0.07554244 1.007138 0.08476656 1.005338 0.08465403 1.007363 0.07554244 1.007138 0.07554244 1.007138 0.08465403 1.007363 0.08386665 1.014731 0.08364164 1.015912 0.08386665 1.014731 -0.005393385 1.0149 0.08386665 1.014731 0.08465403 1.007363 -0.005393385 1.0149 0.08465403 1.007363 -0.005393385 1.007475 -0.005393385 1.0149 -0.005393385 1.007475 -0.003706037 1.015069 -0.005393385 1.0149 -0.003706037 1.015069 -0.003706037 1.022493 -0.005393385 1.0149 -0.005393385 1.0149 -0.003706037 1.022493 -0.005393385 1.022268 -0.003706037 1.022493 -0.003706037 1.029805 -0.005393385 1.022268 -0.005393385 1.022268 -0.003706037 1.029805 -0.005393385 1.029523 -0.005393385 1.029523 -0.003706037 1.029805 -0.003706037 1.036948 -0.003706037 1.029805 -0.001793742 1.037116 -0.003706037 1.036948 -0.003706037 1.036948 -0.001793742 1.037116 -0.001793742 1.044091 -0.001793742 1.037116 1.18546e-4 1.037229 -0.001793742 1.044091 1.18546e-4 1.037229 1.18546e-4 1.041897 -0.001793742 1.044091 1.18546e-4 1.041897 1.18546e-4 1.044203 -0.001793742 1.044091 1.18546e-4 1.044203 1.18546e-4 1.050953 -0.001793742 1.044091 -0.001793742 1.044091 1.18546e-4 1.050953 -0.001793742 1.05084 1.18546e-4 1.050953 1.18546e-4 1.051515 -0.001793742 1.05084 -0.001793742 1.05084 1.18546e-4 1.051515 -0.001793742 1.057308 1.18546e-4 1.051515 1.18546e-4 1.057421 -0.001793742 1.057308 1.18546e-4 1.057421 1.18546e-4 1.060514 -0.001793742 1.057308 -0.001793742 1.057308 1.18546e-4 1.060514 -0.001793742 1.063439 1.18546e-4 1.060514 1.18546e-4 1.063608 -0.001793742 1.063439 -0.001793742 1.063439 1.18546e-4 1.063608 1.18546e-4 1.068894 1.18546e-4 1.063608 0.01282978 1.066532 1.18546e-4 1.068894 0.01282978 1.066532 0.01282978 1.068894 1.18546e-4 1.068894 1.18546e-4 1.068894 0.01282978 1.068894 1.18546e-4 1.069401 0.01282978 1.068894 0.01282978 1.072157 1.18546e-4 1.069401 1.18546e-4 1.069401 0.01282978 1.072157 1.18546e-4 0.9443129 1.18546e-4 0.9443129 0.01282978 1.072157 0.01282978 0.9462252 0.01282978 1.072157 0.01479834 1.072044 0.01282978 0.9462252 0.01282978 0.9471251 0.01282978 0.9462252 0.01479834 0.9472938 0.01282978 0.9462252 0.01479834 1.072044 0.01479834 0.9472938 0.01479834 1.072044 0.01671063 0.9476313 0.01479834 0.9472938 0.01479834 0.9472938 0.01671063 0.9476313 0.01671063 0.953537 0.01671063 0.9476313 0.01839798 0.9540432 0.01671063 0.953537 0.01839798 0.9540432 0.01839798 0.9602301 0.01671063 0.953537 0.01671063 0.953537 0.01839798 0.9602301 0.01671063 0.9597239 0.01839798 0.9602301 0.01839798 0.966642 0.01671063 0.9597239 0.01671063 0.9597239 0.01839798 0.966642 0.01671063 0.966192 0.01839798 0.966642 0.01839798 0.973335 0.01671063 0.966192 0.01671063 0.966192 0.01839798 0.973335 0.01671063 0.9729413 0.01839798 0.973335 0.01839798 0.9802531 0.01671063 0.9729413 0.01671063 0.9729413 0.01839798 0.9802531 0.01671063 0.9799719 0.01671063 0.9799719 0.01839798 0.9802531 0.01839798 0.9873962 0.01839798 0.9802531 -0.01928579 1.09398 0.01839798 0.9873962 -0.01928579 1.09398 -0.01377379 1.095779 0.01839798 0.9873962 -0.01377379 1.095779 -0.01225525 1.096229 0.01839798 0.9873962 -0.01225525 1.096229 -0.005055904 1.098029 0.01839798 0.9873962 0.01839798 0.9873962 -0.005055904 1.098029 0.01839798 0.9946517 -0.005055904 1.098029 -0.003424823 1.09831 0.01839798 0.9946517 0.01839798 0.9946517 -0.003424823 1.09831 0.01839798 1.002076 -0.003424823 1.09831 0.00219959 1.09921 0.01839798 1.002076 0.01839798 1.002076 0.00219959 1.09921 0.01839798 1.0095 0.00219959 1.09921 0.0071491 1.099717 0.01839798 1.0095 0.0071491 1.099717 0.009567618 1.099941 0.01839798 1.0095 0.009567618 1.099941 0.01699185 1.100054 0.01839798 1.0095 0.01839798 1.0095 0.01699185 1.100054 0.01839798 1.016981 0.01699185 1.100054 0.01777929 1.099998 0.01839798 1.016981 0.01839798 1.016981 0.01777929 1.099998 0.01839798 1.024461 0.01777929 1.099998 0.02435988 1.09966 0.01839798 1.024461 0.01839798 1.024461 0.02435988 1.09966 0.01839798 1.031886 0.02435988 1.09966 0.02840954 1.099098 0.01839798 1.031886 0.02840954 1.099098 0.0316717 1.098704 0.01839798 1.031886 0.0316717 1.098704 0.03887099 1.097185 0.01839798 1.031886 0.01839798 1.031886 0.03887099 1.097185 0.01839798 1.039254 0.03887099 1.097185 0.03892725 1.097185 0.01839798 1.039254 0.03892725 1.097185 0.04607027 1.095161 0.01839798 1.039254 0.01839798 1.039254 0.04607027 1.095161 0.01839798 1.046453 0.04607027 1.095161 0.04905128 1.094092 0.01839798 1.046453 0.01839798 1.046453 0.04905128 1.094092 0.01839798 1.053483 0.04905128 1.094092 0.05298835 1.09263 0.01839798 1.053483 0.05298835 1.09263 0.05889403 1.089986 0.01839798 1.053483 0.01839798 1.053483 0.05889403 1.089986 0.01839798 1.060289 0.05889403 1.089986 0.05973774 1.089592 0.01839798 1.060289 0.05973774 1.089592 0.06620585 1.086049 0.01839798 1.060289 0.01839798 1.060289 0.06620585 1.086049 0.01839798 1.06687 0.06620585 1.086049 0.06817442 1.084812 0.01839798 1.06687 0.01839798 1.06687 0.06817442 1.084812 0.01839798 1.073169 0.06817442 1.084812 0.07244896 1.082056 0.01839798 1.073169 0.01839798 1.073169 0.07244896 1.082056 0.01839798 1.079131 0.07244896 1.082056 0.07689231 1.078681 0.01839798 1.079131 0.07689231 1.078681 0.07835465 1.077556 0.01839798 1.079131 0.07835465 1.077556 0.08392286 1.072719 0.01839798 1.079131 0.01839798 1.079131 0.08392286 1.072719 0.01839798 1.084755 0.08392286 1.072719 0.08487904 1.07165 0.01839798 1.084755 0.01839798 1.084755 0.08487904 1.07165 -0.01838588 1.068276 0.08487904 1.07165 0.08909738 1.067432 -0.01838588 1.068276 -0.01838588 1.068276 0.08909738 1.067432 -0.01838588 1.062539 0.08909738 1.067432 0.09213459 1.063832 -0.01838588 1.062539 0.09213459 1.063832 0.09387814 1.061751 -0.01838588 1.062539 0.09387814 1.061751 0.09820902 1.05579 -0.01838588 1.062539 -0.01838588 1.062539 0.09820902 1.05579 -0.01838588 1.056464 0.09820902 1.05579 0.09849023 1.055283 -0.01838588 1.056464 -0.01838588 1.056464 0.09849023 1.055283 -0.01838588 1.050109 0.09849023 1.055283 0.1020898 1.04949 -0.01838588 1.050109 -0.01838588 1.050109 0.1020898 1.04949 -0.01838588 1.043472 0.1020898 1.04949 0.1038334 1.046115 -0.01838588 1.043472 0.1038334 1.046115 0.1055208 1.042966 -0.01838588 1.043472 0.1055208 1.042966 0.108333 1.036441 -0.01838588 1.043472 0.108333 1.036441 -0.01838588 1.03661 -0.01838588 1.043472 -0.01838588 1.043472 -0.01838588 1.03661 -0.01669853 1.043866 -0.01838588 1.03661 -0.01669853 1.036948 -0.01669853 1.043866 -0.01669853 1.043866 -0.01669853 1.036948 -0.01478624 1.044091 -0.01478624 1.044091 -0.01669853 1.036948 -0.01478624 1.037116 -0.01669853 1.036948 -0.01669853 1.029805 -0.01478624 1.037116 -0.01478624 1.037116 -0.01669853 1.029805 -0.01478624 1.029973 -0.01669853 1.029805 -0.01669853 1.022493 -0.01478624 1.029973 -0.01478624 1.029973 -0.01669853 1.022493 -0.01478624 1.022605 -0.01669853 1.022493 -0.01669853 1.015069 -0.01478624 1.022605 -0.01669853 1.015069 -0.01478624 1.015125 -0.01478624 1.022605 -0.01287388 1.022661 -0.01478624 1.022605 -0.01287388 1.021424 -0.01287388 1.021424 -0.01478624 1.022605 -0.01287388 1.015181 -0.01478624 1.022605 -0.01478624 1.015125 -0.01287388 1.015181 -0.01478624 1.015125 -0.01287388 1.010738 -0.01287388 1.015181 -0.01287388 1.015181 -0.01287388 1.010738 -1.62676e-4 1.010738 -0.01287388 1.010738 -0.01287388 1.007588 -1.62676e-4 1.010738 -1.62676e-4 1.010738 -0.01287388 1.007588 -1.62676e-4 1.00382 -0.01287388 1.007588 -0.01287388 0.999995 -1.62676e-4 1.00382 -1.62676e-4 1.00382 -0.01287388 0.999995 -1.62676e-4 0.999995 -0.01287388 0.999995 -1.62676e-4 0.9961704 -1.62676e-4 0.999995 -1.62676e-4 0.999995 -1.62676e-4 0.9961704 0.001805841 0.9962266 -1.62676e-4 0.9961704 -1.62676e-4 0.9892523 0.001805841 0.9962266 0.001805841 0.9962266 -1.62676e-4 0.9892523 0.001805841 0.9886336 -1.62676e-4 0.9892523 -1.62676e-4 0.9885773 0.001805841 0.9886336 -1.62676e-4 0.9885773 -1.62676e-4 0.9810968 0.001805841 0.9886336 0.001805841 0.9886336 -1.62676e-4 0.9810968 0.001805841 0.9810968 -1.62676e-4 0.9810968 -1.62676e-4 0.978622 0.001805841 0.9810968 0.001805841 0.9810968 -1.62676e-4 0.978622 0.001805841 0.9736725 -1.62676e-4 0.978622 -1.62676e-4 0.9736725 0.001805841 0.9736725 -1.62676e-4 0.9736725 0.001805841 0.966417 0.001805841 0.9736725 0.001805841 0.9736725 0.001805841 0.966417 0.00366193 0.9738413 0.00366193 0.9738413 0.001805841 0.966417 0.00366193 0.966642 0.001805841 0.966417 0.001805841 0.9593302 0.00366193 0.966642 0.00366193 0.966642 0.001805841 0.9593302 0.00366193 0.9595552 0.001805841 0.9593302 0.001805841 0.9524683 0.00366193 0.9595552 0.00366193 0.9595552 0.001805841 0.9524683 0.00366193 0.9527496 0.001805841 0.9524683 0.001805841 0.9458877 0.00366193 0.9527496 0.00366193 0.9527496 0.001805841 0.9458877 0.00366193 0.946169 0.001805841 0.9458877 0.001805841 0.9395883 0.00366193 0.946169 0.00366193 0.946169 0.001805841 0.9395883 0.00366193 0.9399258 0.001805841 0.9395883 0.001805841 0.9335702 0.00366193 0.9399258 0.00366193 0.9399258 0.001805841 0.9335702 0.00366193 0.9339639 0.001805841 0.9335702 0.001805841 0.9280019 0.00366193 0.9339639 0.00366193 0.9339639 0.001805841 0.9280019 0.00366193 0.9283957 0.001805841 0.9280019 -0.001793742 0.9170343 0.00366193 0.9283957 -0.001793742 0.9170343 -0.003706037 0.917428 0.00366193 0.9283957 0.00366193 0.9283957 -0.003706037 0.917428 0.005405485 0.9290143 0.005405485 0.9290143 -0.003706037 0.917428 -0.005393385 0.9179905 -0.003706037 0.917428 -0.003706037 0.9232774 -0.005393385 0.9179905 -0.005393385 0.9179905 -0.003706037 0.9232774 -0.005393385 0.9238399 -0.003706037 0.9232774 -0.003706037 0.9294643 -0.005393385 0.9238399 -0.003706037 0.9294643 -0.005393385 0.9299705 -0.005393385 0.9238399 -0.005393385 0.9299705 -0.06934344 0.9159094 -0.005393385 0.9238399 -0.07541781 0.9201278 -0.005393385 0.9238399 -0.0726056 0.9181592 -0.005393385 0.9238399 -0.06934344 0.9159094 -0.0726056 0.9181592 -0.06737488 0.9256397 -0.0726056 0.9181592 -0.06265032 0.92249 -0.0726056 0.9181592 -0.06934344 0.9159094 -0.06265032 0.92249 -0.06934344 0.9159094 -0.05916315 0.9205214 -0.06265032 0.92249 -0.06265032 0.92249 -0.05916315 0.9205214 -0.05573225 0.9203527 -0.05916315 0.9205214 -0.05640715 0.9190028 -0.05573225 0.9203527 -0.05640715 0.9190028 -0.05044525 0.9162468 -0.05573225 0.9203527 -0.05573225 0.9203527 -0.05044525 0.9162468 -0.04932039 0.9173718 -0.05044525 0.9162468 -0.04993903 0.9159656 -0.04932039 0.9173718 -0.04993903 0.9159656 -0.04324597 0.9135471 -0.04932039 0.9173718 -0.04324597 0.9135471 -0.04273974 0.9149532 -0.04932039 0.9173718 -0.04932039 0.9173718 -0.04273974 0.9149532 -0.0487017 0.9190028 -0.0487017 0.9190028 -0.04273974 0.9149532 -0.04223358 0.9165843 -0.04273974 0.9149532 -0.03599041 0.9130409 -0.04223358 0.9165843 -0.04223358 0.9165843 -0.03599041 0.9130409 -0.03559672 0.9147283 -0.03599041 0.9130409 -0.02912861 0.9116911 -0.03559672 0.9147283 -0.02912861 0.9116911 -0.02884733 0.9133784 -0.03559672 0.9147283 -0.03559672 0.9147283 -0.02884733 0.9133784 -0.03514677 0.9165843 -0.03514677 0.9165843 -0.02884733 0.9133784 -0.02856612 0.9152345 -0.02884733 0.9133784 -0.02198553 0.912591 -0.02856612 0.9152345 -0.02198553 0.912591 -0.02187305 0.914447 -0.02856612 0.9152345 -0.02856612 0.9152345 -0.02187305 0.914447 -0.0282287 0.9171468 -0.0282287 0.9171468 -0.02187305 0.914447 -0.02170431 0.9164156 -0.02187305 0.914447 -0.01512372 0.9141658 -0.02170431 0.9164156 -0.01512372 0.9141658 -0.01512372 0.9161344 -0.02170431 0.9164156 -0.02170431 0.9164156 -0.01512372 0.9161344 -0.01512372 0.9435817 -0.01512372 0.9161344 -0.008543074 0.9164156 -0.01512372 0.9435817 -0.008543074 0.9164156 -0.007249474 0.9440879 -0.01512372 0.9435817 -0.01512372 0.9548869 -0.01512372 0.9435817 -0.01197397 0.9549993 -0.01197397 0.9549993 -0.01512372 0.9435817 -0.008824288 0.9553368 -0.01512372 0.9435817 -0.007249474 0.9440879 -0.008824288 0.9553368 -0.007249474 0.9440879 -0.005730867 0.9558992 -0.008824288 0.9553368 -0.008824288 0.9553368 -0.005730867 0.9558992 -0.008093118 0.9555618 -0.008093118 0.9555618 -0.005730867 0.9558992 -0.005787074 0.9559555 -0.005730867 0.9558992 -0.002693653 0.9566304 -0.005787074 0.9559555 -0.002693653 0.9566304 -0.002693653 0.9567429 -0.005787074 0.9559555 -0.02558517 0.9942581 -0.02558517 0.9972952 -0.02569764 0.9987576 -0.02558517 0.9972952 -0.02558517 0.9987576 -0.02569764 0.9987576 -0.02569764 0.9987576 -0.02558517 0.9987576 -0.02558517 1.000276 -0.001231312 0.9572491 2.87279e-4 0.9575866 2.87279e-4 0.9576991 2.87279e-4 0.9575866 0.003211975 0.9587677 2.87279e-4 0.9576991 2.87279e-4 0.9576991 0.003211975 0.9587677 0.003155708 0.9588802 0.003155708 0.9588802 0.003211975 0.9587677 0.005293011 0.9599488 0.005293011 0.9599488 0.003211975 0.9587677 0.006080448 0.9601739 0.003211975 0.9587677 0.007824003 0.9484187 0.006080448 0.9601739 0.006080448 0.9601739 0.007824003 0.9484187 0.008780181 0.9617487 0.01389843 0.9654608 0.01136744 0.9634923 0.01479834 0.9521309 0.01136744 0.9634923 0.008780181 0.9617487 0.01479834 0.9521309 0.008780181 0.9617487 0.007824003 0.9484187 0.01479834 0.9521309 0.007824003 0.9484187 0.0229538 0.9253022 0.01479834 0.9521309 0.0229538 0.9253022 0.02869075 0.9285082 0.01479834 0.9521309 0.01479834 0.9521309 0.02869075 0.9285082 0.03414642 0.9321641 0.02869075 0.9285082 0.03532761 0.9305892 0.03414642 0.9321641 0.03532761 0.9305892 0.0406146 0.9347513 0.03414642 0.9321641 0.03414642 0.9321641 0.0406146 0.9347513 0.03932094 0.9362137 0.03932094 0.9362137 0.0406146 0.9347513 0.04556411 0.9393071 0.0406146 0.9347513 0.04685771 0.9380135 0.04556411 0.9393071 0.04556411 0.9393071 0.04685771 0.9380135 0.05152601 0.9430755 0.04685771 0.9380135 0.05287587 0.9419506 0.05152601 0.9430755 0.05287587 0.9419506 0.05720669 0.9474626 0.05152601 0.9430755 0.05152601 0.9430755 0.05720669 0.9474626 0.05580061 0.948475 0.05720669 0.9474626 0.0610876 0.9532558 0.05580061 0.948475 0.05580061 0.948475 0.0610876 0.9532558 0.0596252 0.9542119 0.0610876 0.9532558 0.06451851 0.9593864 0.0596252 0.9542119 0.0596252 0.9542119 0.06451851 0.9593864 0.0629999 0.9601739 0.0629999 0.9601739 0.06451851 0.9593864 0.06749945 0.9657983 0.06451851 0.9593864 0.06890559 0.9651796 0.06749945 0.9657983 0.06890559 0.9651796 0.06952428 0.9669232 0.06749945 0.9657983 0.06749945 0.9657983 0.06952428 0.9669232 0.06991797 0.9723789 0.06952428 0.9669232 0.07138037 0.971929 0.06991797 0.9723789 0.06991797 0.9723789 0.07138037 0.971929 0.07183033 0.9791283 0.07138037 0.971929 0.0725615 0.976091 0.07183033 0.9791283 0.0725615 0.976091 0.07329267 0.9787908 0.07183033 0.9791283 0.07329267 0.9787908 0.07464253 0.9855401 0.07183033 0.9791283 0.07183033 0.9791283 0.07464253 0.9855401 0.07318019 0.9859901 0.07464253 0.9855401 0.0746988 0.9857651 0.07318019 0.9859901 0.0746988 0.9857651 0.07554244 0.9928519 0.07318019 0.9859901 0.07318019 0.9859901 0.07554244 0.9928519 0.07402384 0.9929644 0.07554244 0.9928519 0.07559871 0.995158 0.07402384 0.9929644 0.07402384 0.9929644 0.07559871 0.995158 0.07430505 0.999995 0.07559871 0.995158 -0.01607984 0.999995 0.07430505 0.999995 0.07430505 0.999995 -0.01607984 0.999995 0.07402384 1.007025 -0.01607984 0.999995 0.07559871 1.004832 0.07402384 1.007025 0.07559871 1.004832 0.07554244 1.007138 0.07402384 1.007025 0.07402384 1.007025 0.07554244 1.007138 0.0746988 1.014225 0.07554244 1.007138 0.08386665 1.014731 0.0746988 1.014225 0.08386665 1.014731 0.08364164 1.015912 0.0746988 1.014225 0.0746988 1.014225 0.08364164 1.015912 0.07464253 1.01445 0.07464253 1.01445 0.08364164 1.015912 0.07329267 1.021199 0.07329267 1.021199 0.08364164 1.015912 0.08251678 1.021987 0.08364164 1.015912 -0.005393385 1.0149 0.08251678 1.021987 -0.005393385 1.0149 -0.005393385 1.022268 0.08251678 1.021987 0.08251678 1.021987 -0.005393385 1.022268 0.08133566 1.026317 -0.005393385 1.022268 -0.005393385 1.029523 0.08133566 1.026317 0.08133566 1.026317 -0.005393385 1.029523 0.08060443 1.029186 0.07807344 1.036441 0.07818591 1.03616 -0.005393385 1.03661 0.07818591 1.03616 0.08060443 1.029186 -0.005393385 1.03661 0.08060443 1.029186 -0.005393385 1.029523 -0.005393385 1.03661 -0.005393385 1.029523 -0.003706037 1.036948 -0.005393385 1.03661 -0.005393385 1.03661 -0.003706037 1.036948 -0.003706037 1.043866 -0.003706037 1.036948 -0.001793742 1.044091 -0.003706037 1.043866 -0.001793742 1.044091 -0.001793742 1.05084 -0.003706037 1.043866 -0.003706037 1.043866 -0.001793742 1.05084 -0.003706037 1.050559 -0.001793742 1.05084 -0.001793742 1.057308 -0.003706037 1.050559 -0.003706037 1.050559 -0.001793742 1.057308 -0.003706037 1.056971 -0.001793742 1.057308 -0.001793742 1.063439 -0.003706037 1.056971 -0.003706037 1.056971 -0.001793742 1.063439 -0.003706037 1.063101 -0.003706037 1.063101 -0.001793742 1.063439 -0.001793742 1.069288 -0.001793742 1.063439 1.18546e-4 1.068894 -0.001793742 1.069288 1.18546e-4 1.068894 1.18546e-4 1.069401 -0.001793742 1.069288 1.18546e-4 1.069401 1.18546e-4 0.9443129 -0.001793742 1.069288 -0.001793742 1.069288 1.18546e-4 0.9443129 -0.001793742 0.9444816 -0.001793742 0.9444816 1.18546e-4 0.9443129 1.18546e-4 0.9462252 1.18546e-4 0.9443129 0.01282978 0.9462252 1.18546e-4 0.9462252 0.01282978 0.9462252 0.01282978 0.9471251 1.18546e-4 0.9462252 1.18546e-4 0.9462252 0.01282978 0.9471251 1.18546e-4 0.9500498 0.01282978 0.9471251 0.01282978 0.9530308 1.18546e-4 0.9500498 1.18546e-4 0.9500498 0.01282978 0.9530308 1.18546e-4 0.9546056 1.18546e-4 0.9561243 1.18546e-4 0.9546056 0.01282978 0.9546056 1.18546e-4 0.9546056 0.01282978 0.9530308 0.01282978 0.9546056 0.01282978 0.9546056 0.01282978 0.9530308 0.01479834 0.9531432 0.01282978 0.9530308 0.01282978 0.9471251 0.01479834 0.9531432 0.01282978 0.9471251 0.01479834 0.9472938 0.01479834 0.9531432 0.01479834 0.9472938 0.01671063 0.953537 0.01479834 0.9531432 0.01671063 0.953537 0.01671063 0.9597239 0.01479834 0.9531432 0.01479834 0.9531432 0.01671063 0.9597239 0.01479834 0.9593864 0.01671063 0.9597239 0.01671063 0.966192 0.01479834 0.9593864 0.01479834 0.9593864 0.01671063 0.966192 0.01479834 0.9659108 0.01671063 0.966192 0.01671063 0.9729413 0.01479834 0.9659108 0.01479834 0.9659108 0.01671063 0.9729413 0.01479834 0.9727163 0.01671063 0.9729413 0.01671063 0.9799719 0.01479834 0.9727163 0.01479834 0.9727163 0.01671063 0.9799719 0.01479834 0.9797469 0.01479834 0.9797469 0.01671063 0.9799719 0.01671063 0.9871712 0.01671063 0.9799719 0.01839798 0.9873962 0.01671063 0.9871712 0.01839798 0.9873962 0.01839798 0.9946517 0.01671063 0.9871712 0.01671063 0.9871712 0.01839798 0.9946517 0.01671063 0.994483 0.01839798 0.9946517 0.01839798 1.002076 0.01671063 0.994483 0.01671063 0.994483 0.01839798 1.002076 0.01671063 1.001907 0.01839798 1.002076 0.01839798 1.0095 0.01671063 1.001907 0.01671063 1.001907 0.01839798 1.0095 0.01671063 1.009444 0.01839798 1.0095 0.01839798 1.016981 0.01671063 1.009444 0.01671063 1.009444 0.01839798 1.016981 0.01671063 1.017037 0.01839798 1.016981 0.01839798 1.024461 0.01671063 1.017037 0.01671063 1.017037 0.01839798 1.024461 0.01671063 1.024574 0.01839798 1.024461 0.01839798 1.031886 0.01671063 1.024574 0.01671063 1.024574 0.01839798 1.031886 0.01671063 1.032054 0.01839798 1.031886 0.01839798 1.039254 0.01671063 1.032054 0.01671063 1.032054 0.01839798 1.039254 0.01671063 1.039422 0.01839798 1.039254 0.01839798 1.046453 0.01671063 1.039422 0.01671063 1.039422 0.01839798 1.046453 0.01671063 1.046734 0.01839798 1.046453 0.01839798 1.053483 0.01671063 1.046734 0.01671063 1.046734 0.01839798 1.053483 0.01671063 1.053821 0.01839798 1.053483 0.01839798 1.060289 0.01671063 1.053821 0.01671063 1.053821 0.01839798 1.060289 0.01671063 1.060683 0.01839798 1.060289 0.01839798 1.06687 0.01671063 1.060683 0.01671063 1.060683 0.01839798 1.06687 0.01671063 1.06732 0.01839798 1.06687 0.01839798 1.073169 0.01671063 1.06732 0.01671063 1.06732 0.01839798 1.073169 0.01671063 1.073675 0.01839798 1.073169 0.01839798 1.079131 0.01671063 1.073675 0.01671063 1.073675 0.01839798 1.079131 0.01671063 1.079693 0.01839798 1.079131 0.01839798 1.084755 0.01671063 1.079693 0.01671063 1.079693 0.01839798 1.084755 0.01671063 1.085374 0.01839798 1.084755 -0.01838588 1.068276 0.01671063 1.085374 0.01671063 1.085374 -0.01838588 1.068276 -0.01669853 1.068894 -0.01838588 1.068276 -0.01838588 1.062539 -0.01669853 1.068894 -0.01669853 1.068894 -0.01838588 1.062539 -0.01669853 1.063101 -0.01838588 1.062539 -0.01838588 1.056464 -0.01669853 1.063101 -0.01669853 1.063101 -0.01838588 1.056464 -0.01669853 1.056971 -0.01838588 1.056464 -0.01838588 1.050109 -0.01669853 1.056971 -0.01669853 1.056971 -0.01838588 1.050109 -0.01669853 1.050559 -0.01838588 1.050109 -0.01838588 1.043472 -0.01669853 1.050559 -0.01838588 1.043472 -0.01669853 1.043866 -0.01669853 1.050559 -0.01669853 1.050559 -0.01669853 1.043866 -0.01478624 1.05084 -0.01669853 1.043866 -0.01478624 1.044091 -0.01478624 1.05084 -0.01478624 1.05084 -0.01478624 1.044091 -0.01287388 1.050953 -0.01287388 1.050953 -0.01478624 1.044091 -0.01287388 1.044203 -0.01287388 1.044203 -0.01478624 1.044091 -0.01287388 1.041897 -0.01287388 1.041897 -0.01478624 1.044091 -0.01287388 1.037229 -0.01478624 1.044091 -0.01478624 1.037116 -0.01287388 1.037229 -0.01287388 1.037229 -0.01478624 1.037116 -0.01287388 1.031829 -0.01478624 1.037116 -0.01478624 1.029973 -0.01287388 1.031829 -0.01287388 1.031829 -0.01478624 1.029973 -0.01287388 1.03003 -0.01478624 1.029973 -0.01478624 1.022605 -0.01287388 1.03003 -0.01478624 1.022605 -0.01287388 1.022661 -0.01287388 1.03003 -0.01287388 1.03003 -0.01287388 1.022661 -1.62676e-4 1.026374 -1.62676e-4 1.026374 -0.01287388 1.022661 -1.62676e-4 1.021424 -0.01287388 1.022661 -0.01287388 1.021424 -1.62676e-4 1.021424 -1.62676e-4 1.021424 -0.01287388 1.021424 -1.62676e-4 1.018949 -0.01287388 1.021424 -0.01287388 1.015181 -1.62676e-4 1.018949 -1.62676e-4 1.018949 -0.01287388 1.015181 -1.62676e-4 1.011413 -0.01287388 1.015181 -1.62676e-4 1.010738 -1.62676e-4 1.011413 -1.62676e-4 1.011413 -1.62676e-4 1.010738 0.001805841 1.011356 0.001805841 1.011356 -1.62676e-4 1.010738 0.001805841 1.00382 -1.62676e-4 1.010738 -1.62676e-4 1.00382 0.001805841 1.00382 -1.62676e-4 1.00382 -1.62676e-4 0.999995 0.001805841 1.00382 -1.62676e-4 0.999995 0.001805841 0.9962266 0.001805841 1.00382 0.001805841 1.00382 0.001805841 0.9962266 0.00366193 1.003763 0.00366193 1.003763 0.001805841 0.9962266 0.00366193 0.9962266 0.001805841 0.9962266 0.001805841 0.9886336 0.00366193 0.9962266 0.00366193 0.9962266 0.001805841 0.9886336 0.00366193 0.9886898 0.001805841 0.9886336 0.001805841 0.9810968 0.00366193 0.9886898 0.00366193 0.9886898 0.001805841 0.9810968 0.00366193 0.9812093 0.001805841 0.9810968 0.001805841 0.9736725 0.00366193 0.9812093 0.001805841 0.9736725 0.00366193 0.9738413 0.00366193 0.9812093 0.00366193 0.9812093 0.00366193 0.9738413 0.005405485 0.981378 0.005405485 0.981378 0.00366193 0.9738413 0.005405485 0.9740663 0.00366193 0.9738413 0.00366193 0.966642 0.005405485 0.9740663 0.005405485 0.9740663 0.00366193 0.966642 0.005405485 0.9669232 0.00366193 0.966642 0.00366193 0.9595552 0.005405485 0.9669232 0.005405485 0.9669232 0.00366193 0.9595552 0.005405485 0.9599488 0.00366193 0.9595552 0.00366193 0.9527496 0.005405485 0.9599488 0.005405485 0.9599488 0.00366193 0.9527496 0.005405485 0.9531995 0.00366193 0.9527496 0.00366193 0.946169 0.005405485 0.9531995 0.005405485 0.9531995 0.00366193 0.946169 0.005405485 0.9466752 0.00366193 0.946169 0.00366193 0.9399258 0.005405485 0.9466752 0.005405485 0.9466752 0.00366193 0.9399258 0.005405485 0.940432 0.00366193 0.9399258 0.00366193 0.9339639 0.005405485 0.940432 0.005405485 0.940432 0.00366193 0.9339639 0.005405485 0.9345826 0.00366193 0.9339639 0.00366193 0.9283957 0.005405485 0.9345826 0.00366193 0.9283957 0.005405485 0.9290143 0.005405485 0.9345826 -0.09150379 0.93537 0.005405485 0.9345826 -0.08857905 0.9321641 0.005405485 0.9345826 0.005405485 0.9290143 -0.08857905 0.9321641 -0.08857905 0.9321641 0.005405485 0.9290143 -0.08655422 0.9299143 0.005405485 0.9290143 -0.005393385 0.9179905 -0.08655422 0.9299143 -0.08655422 0.9299143 -0.005393385 0.9179905 -0.08115476 0.924796 -0.08115476 0.924796 -0.005393385 0.9179905 -0.08104228 0.9246835 -0.005393385 0.9179905 -0.005393385 0.9238399 -0.08104228 0.9246835 -0.005393385 0.9238399 -0.07541781 0.9201278 -0.08104228 0.9246835 -0.08104228 0.9246835 -0.07541781 0.9201278 -0.07418048 0.9308704 -0.07418048 0.9308704 -0.07541781 0.9201278 -0.06855601 0.9264271 -0.07541781 0.9201278 -0.0726056 0.9181592 -0.06855601 0.9264271 -0.0726056 0.9181592 -0.06737488 0.9256397 -0.06855601 0.9264271 -0.06855601 0.9264271 -0.06737488 0.9256397 -0.06765609 0.9276645 -0.06765609 0.9276645 -0.06737488 0.9256397 -0.06186288 0.9237836 -0.06737488 0.9256397 -0.06265032 0.92249 -0.06186288 0.9237836 -0.06265032 0.92249 -0.05573225 0.9203527 -0.06186288 0.9237836 -0.06186288 0.9237836 -0.05573225 0.9203527 -0.06096297 0.925246 -0.06096297 0.925246 -0.05573225 0.9203527 -0.05494481 0.9218713 -0.05573225 0.9203527 -0.04932039 0.9173718 -0.05494481 0.9218713 -0.04932039 0.9173718 -0.0487017 0.9190028 -0.05494481 0.9218713 -0.05494481 0.9218713 -0.0487017 0.9190028 -0.05410116 0.9235587 -0.05410116 0.9235587 -0.0487017 0.9190028 -0.04797047 0.9207465 -0.0487017 0.9190028 -0.04223358 0.9165843 -0.04797047 0.9207465 -0.04797047 0.9207465 -0.04223358 0.9165843 -0.04161489 0.9183841 -0.04223358 0.9165843 -0.03559672 0.9147283 -0.04161489 0.9183841 -0.03559672 0.9147283 -0.03514677 0.9165843 -0.04161489 0.9183841 -0.04161489 0.9183841 -0.03514677 0.9165843 -0.0410524 0.9202402 -0.0410524 0.9202402 -0.03514677 0.9165843 -0.03469681 0.9184404 -0.03514677 0.9165843 -0.02856612 0.9152345 -0.03469681 0.9184404 -0.02856612 0.9152345 -0.0282287 0.9171468 -0.03469681 0.9184404 -0.03469681 0.9184404 -0.0282287 0.9171468 -0.02299791 0.9440879 -0.0282287 0.9171468 -0.02170431 0.9164156 -0.02299791 0.9440879 -0.02170431 0.9164156 -0.01512372 0.9435817 -0.02299791 0.9440879 -0.01512372 0.9435817 -0.01512372 0.9548869 -0.02299791 0.9440879 -0.0214231 0.9553368 -0.02299791 0.9440879 -0.01827341 0.9549993 -0.02299791 0.9440879 -0.01512372 0.9548869 -0.01827341 0.9549993 -0.01827341 0.9549993 -0.01512372 0.9548869 -0.01827341 0.9551119 -0.01827341 0.9551119 -0.01512372 0.9548869 -0.01512372 0.9549993 -0.01512372 0.9548869 -0.01197397 0.9549993 -0.01512372 0.9549993 -0.01512372 0.9549993 -0.01197397 0.9549993 -0.01197397 0.9551119 -0.01197397 0.9549993 -0.008824288 0.9553368 -0.01197397 0.9551119 -0.01197397 0.9551119 -0.008824288 0.9553368 -0.008880555 0.9554493 -0.008824288 0.9553368 -0.008093118 0.9555618 -0.008880555 0.9554493 -0.02558517 0.9911646 -0.02558517 0.9918957 -0.02569764 0.9918957 -0.02558517 0.9918957 -0.02558517 0.9942581 -0.02569764 0.9918957 -0.02558517 0.9942581 -0.02569764 0.9987576 -0.02569764 0.9918957 -0.008093118 0.9555618 -0.001231312 0.9571929 -0.003706037 0.9681043 -0.01197397 0.9807031 -0.01197397 0.9805906 -0.009667992 0.9812093 -0.003368616 0.984359 -0.005337119 0.9830654 -0.005280911 0.9829529 -0.005280911 0.9829529 -0.005337119 0.9830654 -0.007418215 0.9819405 -0.005337119 0.9830654 -0.007474422 0.9819967 -0.007418215 0.9819405 -0.007418215 0.9819405 -0.007474422 0.9819967 -0.009667992 0.9810968 -0.007474422 0.9819967 -0.009667992 0.9812093 -0.009667992 0.9810968 -0.009667992 0.9812093 -0.01197397 0.9805906 -0.009667992 0.9810968 -0.009667992 0.9810968 -0.01197397 0.9805906 -0.009218037 0.9693417 -0.009218037 0.9693417 -0.01197397 0.9805906 -0.01338011 0.9688355 -0.01338011 0.9688355 -0.01197397 0.9805906 -0.01433628 0.9803656 -0.01197397 0.9805906 -0.01197397 0.9807031 -0.01433628 0.9803656 -0.01433628 0.9803656 -0.01197397 0.9807031 -0.01433628 0.9804781 -0.01433628 0.9805344 -0.01433628 0.9804781 -0.01203024 0.9808156 -0.01433628 0.9804781 -0.01197397 0.9807031 -0.01203024 0.9808156 -0.01203024 0.9808156 -0.01197397 0.9807031 -0.009724199 0.9813218 -0.01197397 0.9807031 -0.009667992 0.9812093 -0.009724199 0.9813218 -0.009724199 0.9813218 -0.009667992 0.9812093 -0.007474422 0.9821092 -0.009667992 0.9812093 -0.007474422 0.9819967 -0.007474422 0.9821092 -0.007474422 0.9821092 -0.007474422 0.9819967 -0.005393385 0.9831216 -0.007474422 0.9819967 -0.005337119 0.9830654 -0.005393385 0.9831216 -0.005393385 0.9831216 -0.005337119 0.9830654 -0.003424823 0.9844714 -0.005337119 0.9830654 -0.003368616 0.984359 -0.003424823 0.9844714 -0.003424823 0.9844714 -0.003368616 0.984359 -0.001625001 0.9859901 -5.01871e-5 0.9876774 -0.001625001 0.9859901 -0.001568734 0.9858776 -0.001625001 0.9859901 -0.003368616 0.984359 -0.001568734 0.9858776 -0.001568734 0.9858776 -0.003368616 0.984359 -0.003312349 0.9843028 -0.003368616 0.984359 -0.005280911 0.9829529 -0.003312349 0.9843028 -0.003312349 0.9843028 -0.005280911 0.9829529 -0.001343786 0.9719852 -0.005280911 0.9829529 -0.007418215 0.9819405 -0.001343786 0.9719852 -0.001343786 0.9719852 -0.007418215 0.9819405 -0.005224645 0.9704104 -0.007418215 0.9819405 -0.009667992 0.9810968 -0.005224645 0.9704104 -0.009667992 0.9810968 -0.009218037 0.9693417 -0.005224645 0.9704104 -0.005224645 0.9704104 -0.009218037 0.9693417 -0.005168437 0.9702978 -0.005112171 0.9701853 -0.005168437 0.9702978 -0.009218037 0.9692292 -0.005168437 0.9702978 -0.009218037 0.9693417 -0.009218037 0.9692292 -0.009218037 0.9693417 -0.01338011 0.9688355 -0.009218037 0.9692292 -0.009218037 0.9692292 -0.01338011 0.9688355 -0.01338011 0.968723 -0.01338011 0.968723 -0.01338011 0.9688355 -0.01754218 0.9688917 -0.01338011 0.9688355 -0.01433628 0.9803656 -0.01754218 0.9688917 -0.01754218 0.9688917 -0.01433628 0.9803656 -0.01669853 0.9804219 -0.01433628 0.9803656 -0.01433628 0.9804781 -0.01669853 0.9804219 -0.01669853 0.9804219 -0.01433628 0.9804781 -0.01669853 0.9804781 -0.01433628 0.9804781 -0.01433628 0.9805344 -0.01669853 0.9804781 -0.01433628 0.9805344 -0.01669853 0.9805906 -0.01669853 0.9804781 -0.01669853 0.9804781 -0.01669853 0.9805906 -0.01906079 0.9808156 -0.01906079 0.9808156 -0.01669853 0.9805906 -0.01900458 0.9809281 -0.01900458 0.9810405 -0.01900458 0.9809281 -0.01669853 0.9807031 -0.01900458 0.9809281 -0.01669853 0.9805906 -0.01669853 0.9807031 -0.01669853 0.9807031 -0.01669853 0.9805906 -0.01433628 0.9806469 -0.01669853 0.9805906 -0.01433628 0.9805344 -0.01433628 0.9806469 -0.01433628 0.9806469 -0.01433628 0.9805344 -0.01203024 0.9808718 -0.01433628 0.9805344 -0.01203024 0.9808156 -0.01203024 0.9808718 -0.01203024 0.9808718 -0.01203024 0.9808156 -0.009724199 0.981378 -0.01203024 0.9808156 -0.009724199 0.9813218 -0.009724199 0.981378 -0.009724199 0.981378 -0.009724199 0.9813218 -0.007530689 0.9821655 -0.009724199 0.9813218 -0.007474422 0.9821092 -0.007530689 0.9821655 -0.007530689 0.9821655 -0.007474422 0.9821092 -0.005449652 0.9832341 -0.007474422 0.9821092 -0.005393385 0.9831216 -0.005449652 0.9832341 -0.005449652 0.9832341 -0.005393385 0.9831216 -0.00348109 0.9845277 -0.005393385 0.9831216 -0.003424823 0.9844714 -0.00348109 0.9845277 -0.00348109 0.9845277 -0.003424823 0.9844714 -0.001681268 0.9860463 -0.003424823 0.9844714 -0.001625001 0.9859901 -0.001681268 0.9860463 -0.001681268 0.9860463 -0.001625001 0.9859901 -1.06432e-4 0.9877337 -0.001625001 0.9859901 -5.01871e-5 0.9876774 -1.06432e-4 0.9877337 -1.06432e-4 0.9877337 -5.01871e-5 0.9876774 0.001243412 0.989646 -5.01871e-5 0.9876774 0.001299679 0.9895897 0.001243412 0.989646 0.001243412 0.989646 0.001299679 0.9895897 0.00236833 0.9916708 0.001299679 0.9895897 0.002480804 0.9916708 0.00236833 0.9916708 0.00236833 0.9916708 0.002480804 0.9916708 0.003268241 0.9938643 0.003830671 0.9961141 0.003268241 0.9938643 0.003324449 0.9938643 0.003268241 0.9938643 0.002480804 0.9916708 0.003324449 0.9938643 0.003324449 0.9938643 0.002480804 0.9916708 0.002537012 0.9916145 0.002537012 0.9916145 0.002480804 0.9916708 0.001412153 0.9895335 0.002480804 0.9916708 0.001299679 0.9895897 0.001412153 0.9895335 0.001412153 0.9895335 0.001299679 0.9895897 6.05732e-6 0.9876212 0.001299679 0.9895897 -5.01871e-5 0.9876774 6.05732e-6 0.9876212 -5.01871e-5 0.9876774 -0.001568734 0.9858776 6.05732e-6 0.9876212 6.05732e-6 0.9876212 -0.001568734 0.9858776 -0.001512527 0.9858214 -0.001568734 0.9858776 -0.003312349 0.9843028 -0.001512527 0.9858214 -0.001512527 0.9858214 -0.003312349 0.9843028 0.002255797 0.9740663 -0.003312349 0.9843028 -0.001343786 0.9719852 0.002255797 0.9740663 0.002255797 0.9740663 -0.001343786 0.9719852 0.002312064 0.9739537 0.002312064 0.9739537 -0.001343786 0.9719852 -0.001287519 0.9718727 -0.001343786 0.9719852 -0.005224645 0.9704104 -0.001287519 0.9718727 -0.005224645 0.9704104 -0.005168437 0.9702978 -0.001287519 0.9718727 -0.001287519 0.9718727 -0.005168437 0.9702978 -0.001231312 0.9717602 -0.005168437 0.9702978 -0.005112171 0.9701853 -0.001231312 0.9717602 -0.001231312 0.9717602 -0.005112171 0.9701853 -0.001175045 0.9716477 -0.02924108 0.9955517 -0.001175045 0.9716477 -0.005112171 0.9700729 -0.001175045 0.9716477 -0.005112171 0.9701853 -0.005112171 0.9700729 -0.005112171 0.9700729 -0.005112171 0.9701853 -0.009218037 0.9691167 -0.005112171 0.9701853 -0.009218037 0.9692292 -0.009218037 0.9691167 -0.009218037 0.9692292 -0.01338011 0.968723 -0.009218037 0.9691167 -0.009218037 0.9691167 -0.01338011 0.968723 -0.01338011 0.9686105 -0.01338011 0.9686105 -0.01338011 0.968723 -0.01754218 0.968723 -0.01338011 0.968723 -0.01754218 0.9688917 -0.01754218 0.968723 -0.01754218 0.968723 -0.01754218 0.9688917 -0.02170431 0.9694542 -0.01754218 0.9688917 -0.01669853 0.9804219 -0.02170431 0.9694542 -0.02170431 0.9694542 -0.01669853 0.9804219 -0.01906079 0.9807593 -0.01669853 0.9804219 -0.01669853 0.9804781 -0.01906079 0.9807593 -0.01669853 0.9804781 -0.01906079 0.9808156 -0.01906079 0.9807593 -0.01906079 0.9807593 -0.01906079 0.9808156 -0.02136683 0.981378 -0.02136683 0.981378 -0.01906079 0.9808156 -0.02131056 0.9814343 -0.01906079 0.9808156 -0.01900458 0.9809281 -0.02131056 0.9814343 -0.02131056 0.9814343 -0.01900458 0.9809281 -0.02131056 0.9815468 -0.01900458 0.9809281 -0.01900458 0.9810405 -0.02131056 0.9815468 -0.01900458 0.9810405 -0.02125436 0.981603 -0.02131056 0.9815468 -0.02131056 0.9815468 -0.02125436 0.981603 -0.02344787 0.9824467 -0.02344787 0.9824467 -0.02125436 0.981603 -0.02344787 0.9825029 -0.02451652 0.9852027 -0.0254727 0.9836278 -0.02266043 0.9841902 -0.0254727 0.9836278 -0.02344787 0.9825029 -0.02266043 0.9841902 -0.02266043 0.9841902 -0.02344787 0.9825029 -0.02069193 0.9833466 -0.02344787 0.9825029 -0.02125436 0.981603 -0.02069193 0.9833466 -0.02069193 0.9833466 -0.02125436 0.981603 -0.01861083 0.9828404 -0.02125436 0.981603 -0.01900458 0.9810405 -0.01861083 0.9828404 -0.01861083 0.9828404 -0.01900458 0.9810405 -0.01652979 0.9825029 -0.01900458 0.9810405 -0.01669853 0.9807031 -0.01652979 0.9825029 -0.01652979 0.9825029 -0.01669853 0.9807031 -0.01439249 0.9825029 -0.01669853 0.9807031 -0.01433628 0.9806469 -0.01439249 0.9825029 -0.01439249 0.9825029 -0.01433628 0.9806469 -0.01231145 0.9826716 -0.01433628 0.9806469 -0.01203024 0.9808718 -0.01231145 0.9826716 -0.01231145 0.9826716 -0.01203024 0.9808718 -0.01023042 0.9831779 -0.01203024 0.9808718 -0.009724199 0.981378 -0.01023042 0.9831779 -0.01023042 0.9831779 -0.009724199 0.981378 -0.008261859 0.9838528 -0.009724199 0.981378 -0.007530689 0.9821655 -0.008261859 0.9838528 -0.008261859 0.9838528 -0.007530689 0.9821655 -0.006349563 0.9848089 -0.007530689 0.9821655 -0.005449652 0.9832341 -0.006349563 0.9848089 -0.006349563 0.9848089 -0.005449652 0.9832341 -0.004605948 0.9859901 -0.005449652 0.9832341 -0.00348109 0.9845277 -0.004605948 0.9859901 -0.004605948 0.9859901 -0.00348109 0.9845277 -0.002974867 0.98734 -0.00348109 0.9845277 -0.001681268 0.9860463 -0.002974867 0.98734 -0.002974867 0.98734 -0.001681268 0.9860463 -0.001568734 0.9889148 -0.001681268 0.9860463 -1.06432e-4 0.9877337 -0.001568734 0.9889148 -0.001568734 0.9889148 -1.06432e-4 0.9877337 -3.31409e-4 0.9906584 -1.06432e-4 0.9877337 0.001243412 0.989646 -3.31409e-4 0.9906584 -3.31409e-4 0.9906584 0.001243412 0.989646 7.37235e-4 0.9924582 0.001243412 0.989646 0.00236833 0.9916708 7.37235e-4 0.9924582 7.37235e-4 0.9924582 0.00236833 0.9916708 0.001524627 0.9944267 0.00236833 0.9916708 0.003268241 0.9938643 0.001524627 0.9944267 0.001524627 0.9944267 0.003268241 0.9938643 0.002030849 0.9965078 0.003268241 0.9938643 0.003830671 0.9961141 0.002030849 0.9965078 0.002030849 0.9965078 0.003830671 0.9961141 0.00236833 0.9985889 0.003830671 0.9961141 0.004168152 0.9984201 0.00236833 0.9985889 0.00236833 0.9985889 0.004168152 0.9984201 0.00236833 1.000726 0.00219959 1.002807 0.00236833 1.000726 0.004224359 1.000782 0.00236833 1.000726 0.004168152 0.9984201 0.004224359 1.000782 0.004224359 1.000782 0.004168152 0.9984201 0.004280626 0.9984201 0.004280626 0.9984201 0.004168152 0.9984201 0.003943145 0.9961141 0.004168152 0.9984201 0.003830671 0.9961141 0.003943145 0.9961141 0.003830671 0.9961141 0.003324449 0.9938643 0.003943145 0.9961141 0.003943145 0.9961141 0.003324449 0.9938643 0.003436923 0.993808 0.003324449 0.9938643 0.002537012 0.9916145 0.003436923 0.993808 0.003436923 0.993808 0.002537012 0.9916145 0.002649545 0.9915583 0.002649545 0.9915583 0.002537012 0.9916145 0.00146836 0.9894772 0.002537012 0.9916145 0.001412153 0.9895335 0.00146836 0.9894772 0.00146836 0.9894772 0.001412153 0.9895335 1.18546e-4 0.9875649 0.001412153 0.9895335 6.05732e-6 0.9876212 1.18546e-4 0.9875649 6.05732e-6 0.9876212 -0.001512527 0.9858214 1.18546e-4 0.9875649 1.18546e-4 0.9875649 -0.001512527 0.9858214 0.005574226 0.9765973 -0.001512527 0.9858214 0.002255797 0.9740663 0.005574226 0.9765973 0.005574226 0.9765973 0.002255797 0.9740663 0.005630493 0.976541 0.002255797 0.9740663 0.002312064 0.9739537 0.005630493 0.976541 0.005630493 0.976541 0.002312064 0.9739537 0.005742967 0.9764285 0.005742967 0.9764285 0.002312064 0.9739537 0.00236833 0.9738413 0.002312064 0.9739537 -0.001287519 0.9718727 0.00236833 0.9738413 -0.001287519 0.9718727 -0.001231312 0.9717602 0.00236833 0.9738413 0.00236833 0.9738413 -0.001231312 0.9717602 0.002424538 0.9737851 -0.001231312 0.9717602 -0.001175045 0.9716477 0.002424538 0.9737851 -0.02924108 1.00247 0.002424538 0.9737851 -0.02924108 1.00067 0.002424538 0.9737851 -0.001175045 0.9716477 -0.02924108 1.00067 -0.02924108 1.00067 -0.001175045 0.9716477 -0.02924108 0.9988138 -0.001175045 0.9716477 -0.02924108 0.9955517 -0.02924108 0.9988138 -0.02924108 0.9988138 -0.02924108 0.9955517 -0.02569764 0.9962828 -0.02569764 0.9962828 -0.02924108 0.9955517 -0.02924108 0.994933 -0.02924108 0.9955517 -0.005112171 0.9700729 -0.02924108 0.994933 -0.02924108 0.9908271 -0.02924108 0.994933 -0.00916177 0.9690042 -0.02924108 0.994933 -0.005112171 0.9700729 -0.00916177 0.9690042 -0.005112171 0.9700729 -0.009218037 0.9691167 -0.00916177 0.9690042 -0.009218037 0.9691167 -0.01338011 0.9686105 -0.00916177 0.9690042 -0.00916177 0.9690042 -0.01338011 0.9686105 -0.01338011 0.968498 -0.01338011 0.968498 -0.01338011 0.9686105 -0.01759845 0.9686105 -0.01338011 0.9686105 -0.01754218 0.968723 -0.01759845 0.9686105 -0.01759845 0.9686105 -0.01754218 0.968723 -0.02170431 0.9693417 -0.01754218 0.968723 -0.02170431 0.9694542 -0.02170431 0.9693417 -0.02170431 0.9693417 -0.02170431 0.9694542 -0.02569764 0.9706353 -0.02170431 0.9694542 -0.01906079 0.9807593 -0.02569764 0.9706353 -0.01906079 0.9807593 -0.02136683 0.981378 -0.02569764 0.9706353 -0.02569764 0.9706353 -0.02136683 0.981378 -0.02952229 0.9722664 -0.02952229 0.9722664 -0.02136683 0.981378 -0.0235604 0.9822217 -0.02136683 0.981378 -0.02131056 0.9814343 -0.0235604 0.9822217 -0.0235604 0.9822217 -0.02131056 0.9814343 -0.02350413 0.9823342 -0.02131056 0.9814343 -0.02131056 0.9815468 -0.02350413 0.9823342 -0.02131056 0.9815468 -0.02344787 0.9824467 -0.02350413 0.9823342 -0.02350413 0.9823342 -0.02344787 0.9824467 -0.02558517 0.9834591 -0.02558517 0.9834591 -0.02344787 0.9824467 -0.0255289 0.9835715 -0.02344787 0.9824467 -0.02344787 0.9825029 -0.0255289 0.9835715 -0.02344787 0.9825029 -0.0254727 0.9836278 -0.0255289 0.9835715 -0.0255289 0.9835715 -0.0254727 0.9836278 -0.02744126 0.9849215 -0.02744126 0.9849215 -0.0254727 0.9836278 -0.02738499 0.9849777 -0.0254727 0.9836278 -0.02451652 0.9852027 -0.02738499 0.9849777 -0.02451652 0.9852027 -0.02620387 0.98644 -0.02738499 0.9849777 -0.02738499 0.9849777 -0.02620387 0.98644 -0.02907234 0.9866088 -0.02907234 0.9866088 -0.02620387 0.98644 -0.02777874 0.9878461 -0.03025346 0.991277 -0.02912861 0.9894772 -0.02907234 0.9895335 -0.02912861 0.9894772 -0.02777874 0.9878461 -0.02907234 0.9895335 -0.02907234 0.9895335 -0.02777874 0.9878461 -0.02772247 0.9879024 -0.02777874 0.9878461 -0.02620387 0.98644 -0.02772247 0.9879024 -0.02772247 0.9879024 -0.02620387 0.98644 -0.0261476 0.9864963 -0.02620387 0.98644 -0.02451652 0.9852027 -0.0261476 0.9864963 -0.0261476 0.9864963 -0.02451652 0.9852027 -0.02446031 0.9852589 -0.02451652 0.9852027 -0.02266043 0.9841902 -0.02446031 0.9852589 -0.02446031 0.9852589 -0.02266043 0.9841902 -0.02260422 0.9842465 -0.02266043 0.9841902 -0.02069193 0.9833466 -0.02260422 0.9842465 -0.02260422 0.9842465 -0.02069193 0.9833466 -0.02063566 0.9834591 -0.02069193 0.9833466 -0.01861083 0.9828404 -0.02063566 0.9834591 -0.02063566 0.9834591 -0.01861083 0.9828404 -0.01861083 0.9828966 -0.01861083 0.9828404 -0.01652979 0.9825029 -0.01861083 0.9828966 -0.01861083 0.9828966 -0.01652979 0.9825029 -0.01652979 0.9826154 -0.01652979 0.9825029 -0.01439249 0.9825029 -0.01652979 0.9826154 -0.01652979 0.9826154 -0.01439249 0.9825029 -0.01444876 0.9825592 -0.01439249 0.9825029 -0.01231145 0.9826716 -0.01444876 0.9825592 -0.01444876 0.9825592 -0.01231145 0.9826716 -0.01231145 0.9827842 -0.01231145 0.9826716 -0.01023042 0.9831779 -0.01231145 0.9827842 -0.01231145 0.9827842 -0.01023042 0.9831779 -0.01028668 0.9832341 -0.01023042 0.9831779 -0.008261859 0.9838528 -0.01028668 0.9832341 -0.01028668 0.9832341 -0.008261859 0.9838528 -0.008261859 0.9839653 -0.008261859 0.9838528 -0.006349563 0.9848089 -0.008261859 0.9839653 -0.008261859 0.9839653 -0.006349563 0.9848089 -0.00640577 0.9849215 -0.006349563 0.9848089 -0.004605948 0.9859901 -0.00640577 0.9849215 -0.00640577 0.9849215 -0.004605948 0.9859901 -0.004662215 0.9860463 -0.004605948 0.9859901 -0.002974867 0.98734 -0.004662215 0.9860463 -0.004662215 0.9860463 -0.002974867 0.98734 -0.003031134 0.9873962 -0.002974867 0.98734 -0.001568734 0.9889148 -0.003031134 0.9873962 -0.003031134 0.9873962 -0.001568734 0.9889148 -0.001625001 0.9889711 -0.001568734 0.9889148 -3.31409e-4 0.9906584 -0.001625001 0.9889711 -0.001625001 0.9889711 -3.31409e-4 0.9906584 -3.87654e-4 0.9906584 -3.31409e-4 0.9906584 7.37235e-4 0.9924582 -3.87654e-4 0.9906584 -3.87654e-4 0.9906584 7.37235e-4 0.9924582 6.24746e-4 0.9925144 7.37235e-4 0.9924582 0.001524627 0.9944267 6.24746e-4 0.9925144 6.24746e-4 0.9925144 0.001524627 0.9944267 0.001412153 0.994483 0.001524627 0.9944267 0.002030849 0.9965078 0.001412153 0.994483 0.001412153 0.994483 0.002030849 0.9965078 0.001974582 0.9965078 0.002030849 0.9965078 0.00236833 0.9985889 0.001974582 0.9965078 0.001974582 0.9965078 0.00236833 0.9985889 0.002255797 0.9985889 0.00236833 0.9985889 0.00236833 1.000726 0.002255797 0.9985889 0.002255797 0.9985889 0.00236833 1.000726 0.002312064 1.000726 0.00236833 1.000726 0.00219959 1.002807 0.002312064 1.000726 0.002312064 1.000726 0.00219959 1.002807 0.002087056 1.002807 0.00219959 1.002807 0.001693367 1.004888 0.002087056 1.002807 0.002087056 1.002807 0.001693367 1.004888 0.001637101 1.004832 9.05968e-4 1.006857 0.001637101 1.004832 0.001018404 1.006857 0.001637101 1.004832 0.001693367 1.004888 0.001018404 1.006857 0.001018404 1.006857 0.001693367 1.004888 0.003493189 1.005394 0.003493189 1.005394 0.001693367 1.004888 0.003999412 1.003088 0.001693367 1.004888 0.00219959 1.002807 0.003999412 1.003088 0.00219959 1.002807 0.004224359 1.000782 0.003999412 1.003088 0.003999412 1.003088 0.004224359 1.000782 0.004336833 1.000782 0.004224359 1.000782 0.004280626 0.9984201 0.004336833 1.000782 0.004336833 1.000782 0.004280626 0.9984201 0.0043931 0.9984201 0.0043931 0.9984201 0.004280626 0.9984201 0.004055619 0.9961141 0.004280626 0.9984201 0.003943145 0.9961141 0.004055619 0.9961141 0.003943145 0.9961141 0.003436923 0.993808 0.004055619 0.9961141 0.004055619 0.9961141 0.003436923 0.993808 0.003549456 0.9937518 0.003436923 0.993808 0.002649545 0.9915583 0.003549456 0.9937518 0.003549456 0.9937518 0.002649545 0.9915583 0.01305478 0.9865525 0.01305478 0.9865525 0.002649545 0.9915583 0.01102995 0.9828966 0.002649545 0.9915583 0.00146836 0.9894772 0.01102995 0.9828966 0.01102995 0.9828966 0.00146836 0.9894772 0.008498966 0.9795782 0.00146836 0.9894772 1.18546e-4 0.9875649 0.008498966 0.9795782 1.18546e-4 0.9875649 0.005574226 0.9765973 0.008498966 0.9795782 0.008498966 0.9795782 0.005574226 0.9765973 0.00861144 0.9795219 0.005574226 0.9765973 0.005630493 0.976541 0.00861144 0.9795219 0.00861144 0.9795219 0.005630493 0.976541 0.008667707 0.9794095 0.005630493 0.976541 0.005742967 0.9764285 0.008667707 0.9794095 0.008667707 0.9794095 0.005742967 0.9764285 0.008780181 0.9793532 0.008780181 0.9793532 0.005742967 0.9764285 0.005799233 0.9763723 0.005742967 0.9764285 0.00236833 0.9738413 0.005799233 0.9763723 0.00236833 0.9738413 0.002424538 0.9737851 0.005799233 0.9763723 -0.02924108 1.005844 0.005799233 0.9763723 -0.02924108 1.005338 0.005799233 0.9763723 0.002424538 0.9737851 -0.02924108 1.005338 0.002424538 0.9737851 -0.02924108 1.00247 -0.02924108 1.005338 -0.02924108 1.005338 -0.02924108 1.00247 -0.02569764 1.001795 -0.02924108 1.00247 -0.02924108 1.00067 -0.02569764 1.001795 -0.02924108 1.00067 -0.02924108 0.9988138 -0.02569764 1.001795 -0.02924108 0.9988138 -0.02569764 0.9962828 -0.02569764 1.001795 -0.003706037 0.9681043 -0.001231312 0.9571929 0.001805841 0.9706353 0.001805841 0.9706353 -0.001231312 0.9571929 0.005293011 0.9598926 -0.02569764 0.9987576 -0.02558517 1.000276 -0.02569764 1.005282 -0.02558517 1.000276 -0.02558517 1.003201 -0.02569764 1.005282 -0.02558517 1.003201 -0.02558517 1.005282 -0.02569764 1.005282 -0.02569764 1.005282 -0.02558517 1.005282 -0.02558517 1.006013 0.005293011 0.9599488 0.006080448 0.9601739 0.006024181 0.9602863 0.006080448 0.9601739 0.008780181 0.9617487 0.006024181 0.9602863 0.006024181 0.9602863 0.008780181 0.9617487 0.008723914 0.9618611 0.008780181 0.9617487 0.01136744 0.9634923 0.008723914 0.9618611 0.008723914 0.9618611 0.01136744 0.9634923 0.01131117 0.9636048 0.01136744 0.9634923 0.01389843 0.9654608 0.01131117 0.9636048 0.01131117 0.9636048 0.01389843 0.9654608 0.01378595 0.9655171 0.01378595 0.9655171 0.01389843 0.9654608 0.01620447 0.9675419 0.01620447 0.9675419 0.01389843 0.9654608 0.02115398 0.9567429 0.01389843 0.9654608 0.01479834 0.9521309 0.02115398 0.9567429 0.01479834 0.9521309 0.03414642 0.9321641 0.02115398 0.9567429 0.03414642 0.9321641 0.03932094 0.9362137 0.02115398 0.9567429 0.02115398 0.9567429 0.03932094 0.9362137 0.04415798 0.9407132 0.03932094 0.9362137 0.04556411 0.9393071 0.04415798 0.9407132 0.04415798 0.9407132 0.04556411 0.9393071 0.05011987 0.9442567 0.04556411 0.9393071 0.05152601 0.9430755 0.05011987 0.9442567 0.05152601 0.9430755 0.05580061 0.948475 0.05011987 0.9442567 0.05011987 0.9442567 0.05580061 0.948475 0.054282 0.9495436 0.05580061 0.948475 0.0596252 0.9542119 0.054282 0.9495436 0.054282 0.9495436 0.0596252 0.9542119 0.05805039 0.9551681 0.0596252 0.9542119 0.0629999 0.9601739 0.05805039 0.9551681 0.05805039 0.9551681 0.0629999 0.9601739 0.06131255 0.9610175 0.06131255 0.9610175 0.0629999 0.9601739 0.06586837 0.966417 0.0629999 0.9601739 0.06749945 0.9657983 0.06586837 0.966417 0.06749945 0.9657983 0.06991797 0.9723789 0.06586837 0.966417 0.06586837 0.966417 0.06991797 0.9723789 0.06828689 0.9728851 0.06991797 0.9723789 0.07183033 0.9791283 0.06828689 0.9728851 0.06828689 0.9728851 0.07183033 0.9791283 0.07014298 0.9795219 0.07183033 0.9791283 0.07318019 0.9859901 0.07014298 0.9795219 0.07014298 0.9795219 0.07318019 0.9859901 0.07149285 0.9862713 0.07318019 0.9859901 0.07402384 0.9929644 0.07149285 0.9862713 0.07149285 0.9862713 0.07402384 0.9929644 0.07228028 0.9931331 0.07402384 0.9929644 0.07430505 0.999995 0.07228028 0.9931331 0.07228028 0.9931331 0.07430505 0.999995 0.0725615 0.999995 0.07430505 0.999995 0.07402384 1.007025 0.0725615 0.999995 0.0725615 0.999995 0.07402384 1.007025 0.07228028 1.006857 0.07228028 1.006857 0.07402384 1.007025 0.07318019 1.014 0.07402384 1.007025 0.0746988 1.014225 0.07318019 1.014 0.0746988 1.014225 0.07464253 1.01445 0.07318019 1.014 0.07318019 1.014 0.07464253 1.01445 0.07183033 1.020862 0.07464253 1.01445 0.07329267 1.021199 0.07183033 1.020862 0.07183033 1.020862 0.07329267 1.021199 0.0725615 1.023899 0.07329267 1.021199 0.08251678 1.021987 0.0725615 1.023899 0.08251678 1.021987 0.08133566 1.026317 0.0725615 1.023899 0.0725615 1.023899 0.08133566 1.026317 0.07138037 1.028117 0.08133566 1.026317 0.08060443 1.029186 0.07138037 1.028117 0.08060443 1.029186 0.07818591 1.03616 0.07138037 1.028117 0.07138037 1.028117 0.07818591 1.03616 0.06952428 1.033067 0.07818591 1.03616 0.07807344 1.036441 0.06952428 1.033067 0.06952428 1.033067 0.07807344 1.036441 0.06890559 1.03481 0.06890559 1.03481 0.07807344 1.036441 0.07526123 1.042966 0.07526123 1.042966 0.07807344 1.036441 -0.005393385 1.043472 0.07807344 1.036441 -0.005393385 1.03661 -0.005393385 1.043472 -0.005393385 1.03661 -0.003706037 1.043866 -0.005393385 1.043472 -0.003706037 1.043866 -0.003706037 1.050559 -0.005393385 1.043472 -0.005393385 1.043472 -0.003706037 1.050559 -0.005393385 1.050109 -0.003706037 1.050559 -0.003706037 1.056971 -0.005393385 1.050109 -0.005393385 1.050109 -0.003706037 1.056971 -0.005393385 1.056464 -0.003706037 1.056971 -0.003706037 1.063101 -0.005393385 1.056464 -0.005393385 1.056464 -0.003706037 1.063101 -0.005393385 1.062539 -0.005393385 1.062539 -0.003706037 1.063101 -0.003706037 1.068894 -0.003706037 1.063101 -0.001793742 1.069288 -0.003706037 1.068894 -0.001793742 1.069288 -0.001793742 0.9444816 -0.003706037 1.068894 -0.003706037 1.068894 -0.001793742 0.9444816 -0.003706037 0.9448753 -0.003706037 0.9448753 -0.001793742 0.9444816 -0.001793742 0.9501623 -0.001793742 0.9444816 1.18546e-4 0.9462252 -0.001793742 0.9501623 1.18546e-4 0.9462252 1.18546e-4 0.9500498 -0.001793742 0.9501623 -0.001793742 0.9501623 1.18546e-4 0.9500498 -0.001793742 0.9562367 1.18546e-4 0.9500498 1.18546e-4 0.9546056 -0.001793742 0.9562367 1.18546e-4 0.9546056 1.18546e-4 0.9561243 -0.001793742 0.9562367 -0.001793742 0.9562367 1.18546e-4 0.9561243 1.18546e-4 0.9625361 1.18546e-4 0.9625361 1.18546e-4 0.9561243 0.01282978 0.9592739 1.18546e-4 0.9561243 0.01282978 0.9546056 0.01282978 0.9592739 0.01282978 0.9546056 0.01479834 0.9531432 0.01282978 0.9592739 0.01479834 0.9531432 0.01479834 0.9593864 0.01282978 0.9592739 0.01282978 0.9592739 0.01479834 0.9593864 0.01282978 0.963661 0.01479834 0.9593864 0.01479834 0.9659108 0.01282978 0.963661 0.01282978 0.963661 0.01479834 0.9659108 0.01282978 0.9658545 0.01479834 0.9659108 0.01479834 0.9727163 0.01282978 0.9658545 0.01282978 0.9658545 0.01479834 0.9727163 0.01282978 0.9726601 0.01282978 0.9726601 0.01479834 0.9727163 0.01282978 0.9732226 0.01479834 0.9727163 0.01479834 0.9797469 0.01282978 0.9732226 0.01282978 0.9732226 0.01479834 0.9797469 0.01282978 0.9796907 0.01282978 0.9796907 0.01479834 0.9797469 0.01282978 0.9832903 0.01282978 0.9832903 0.01479834 0.9797469 0.01282978 0.9869462 0.01282978 0.9869462 0.01479834 0.9797469 0.01479834 0.9870025 0.01479834 0.9797469 0.01671063 0.9871712 0.01479834 0.9870025 0.01671063 0.9871712 0.01671063 0.994483 0.01479834 0.9870025 0.01479834 0.9870025 0.01671063 0.994483 0.01479834 0.9943705 0.01671063 0.994483 0.01671063 1.001907 0.01479834 0.9943705 0.01479834 0.9943705 0.01671063 1.001907 0.01479834 1.001851 0.01671063 1.001907 0.01671063 1.009444 0.01479834 1.001851 0.01479834 1.001851 0.01671063 1.009444 0.01479834 1.009444 0.01671063 1.009444 0.01671063 1.017037 0.01479834 1.009444 0.01479834 1.009444 0.01671063 1.017037 0.01479834 1.017037 0.01671063 1.017037 0.01671063 1.024574 0.01479834 1.017037 0.01479834 1.017037 0.01671063 1.024574 0.01479834 1.02463 0.01671063 1.024574 0.01671063 1.032054 0.01479834 1.02463 0.01479834 1.02463 0.01671063 1.032054 0.01479834 1.032167 0.01671063 1.032054 0.01671063 1.039422 0.01479834 1.032167 0.01479834 1.032167 0.01671063 1.039422 0.01479834 1.039591 0.01671063 1.039422 0.01671063 1.046734 0.01479834 1.039591 0.01479834 1.039591 0.01671063 1.046734 0.01479834 1.046903 0.01671063 1.046734 0.01671063 1.053821 0.01479834 1.046903 0.01479834 1.046903 0.01671063 1.053821 0.01479834 1.054046 0.01671063 1.053821 0.01671063 1.060683 0.01479834 1.054046 0.01479834 1.054046 0.01671063 1.060683 0.01479834 1.060964 0.01671063 1.060683 0.01671063 1.06732 0.01479834 1.060964 0.01479834 1.060964 0.01671063 1.06732 0.01479834 1.067601 0.01671063 1.06732 0.01671063 1.073675 0.01479834 1.067601 0.01479834 1.067601 0.01671063 1.073675 0.01479834 1.074013 0.01671063 1.073675 0.01671063 1.079693 0.01479834 1.074013 0.01479834 1.074013 0.01671063 1.079693 0.01479834 1.080087 0.01671063 1.079693 0.01671063 1.085374 0.01479834 1.080087 0.01479834 1.080087 0.01671063 1.085374 0.01479834 1.085768 0.01671063 1.085374 -0.01669853 1.068894 0.01479834 1.085768 0.01479834 1.085768 -0.01669853 1.068894 -0.01478624 1.069288 -0.01669853 1.068894 -0.01669853 1.063101 -0.01478624 1.069288 -0.01478624 1.069288 -0.01669853 1.063101 -0.01478624 1.063439 -0.01669853 1.063101 -0.01669853 1.056971 -0.01478624 1.063439 -0.01478624 1.063439 -0.01669853 1.056971 -0.01478624 1.057308 -0.01669853 1.056971 -0.01669853 1.050559 -0.01478624 1.057308 -0.01669853 1.050559 -0.01478624 1.05084 -0.01478624 1.057308 -0.01478624 1.057308 -0.01478624 1.05084 -0.01287388 1.051515 -0.01478624 1.05084 -0.01287388 1.050953 -0.01287388 1.051515 -0.01287388 1.051515 -0.01287388 1.050953 -1.62676e-4 1.051459 -1.62676e-4 1.051459 -0.01287388 1.050953 -1.62676e-4 1.047634 -0.01287388 1.050953 -0.01287388 1.044203 -1.62676e-4 1.047634 -1.62676e-4 1.047634 -0.01287388 1.044203 -1.62676e-4 1.041897 -0.01287388 1.044203 -0.01287388 1.041897 -1.62676e-4 1.041897 -1.62676e-4 1.041897 -0.01287388 1.041897 -1.62676e-4 1.040716 -0.01287388 1.041897 -0.01287388 1.037229 -1.62676e-4 1.040716 -1.62676e-4 1.040716 -0.01287388 1.037229 -1.62676e-4 1.033629 -0.01287388 1.037229 -0.01287388 1.031829 -1.62676e-4 1.033629 -1.62676e-4 1.033629 -0.01287388 1.031829 -1.62676e-4 1.031829 -0.01287388 1.031829 -0.01287388 1.03003 -1.62676e-4 1.031829 -0.01287388 1.03003 -1.62676e-4 1.026374 -1.62676e-4 1.031829 -1.62676e-4 1.031829 -1.62676e-4 1.026374 0.001805841 1.026317 0.001805841 1.026317 -1.62676e-4 1.026374 0.001805841 1.018893 -1.62676e-4 1.026374 -1.62676e-4 1.021424 0.001805841 1.018893 -1.62676e-4 1.021424 -1.62676e-4 1.018949 0.001805841 1.018893 -1.62676e-4 1.018949 -1.62676e-4 1.011413 0.001805841 1.018893 -1.62676e-4 1.011413 0.001805841 1.011356 0.001805841 1.018893 0.001805841 1.018893 0.001805841 1.011356 0.00366193 1.018781 0.00366193 1.018781 0.001805841 1.011356 0.00366193 1.0113 0.001805841 1.011356 0.001805841 1.00382 0.00366193 1.0113 0.001805841 1.00382 0.00366193 1.003763 0.00366193 1.0113 0.00366193 1.0113 0.00366193 1.003763 0.005405485 1.011188 0.005405485 1.011188 0.00366193 1.003763 0.005405485 1.003763 0.00366193 1.003763 0.00366193 0.9962266 0.005405485 1.003763 0.005405485 1.003763 0.00366193 0.9962266 0.005405485 0.9962828 0.00366193 0.9962266 0.00366193 0.9886898 0.005405485 0.9962828 0.005405485 0.9962828 0.00366193 0.9886898 0.005405485 0.9888023 0.00366193 0.9886898 0.00366193 0.9812093 0.005405485 0.9888023 0.00366193 0.9812093 0.005405485 0.981378 0.005405485 0.9888023 0.005405485 0.9888023 0.005405485 0.981378 -0.114564 0.9889148 -0.114564 0.9889148 0.005405485 0.981378 -0.1134954 0.981603 -0.1134954 0.981603 0.005405485 0.981378 -0.1128767 0.978847 -0.1128767 0.978847 0.005405485 0.981378 -0.1118643 0.9744037 0.005405485 0.981378 0.005405485 0.9740663 -0.1118643 0.9744037 -0.1118643 0.9744037 0.005405485 0.9740663 -0.1101207 0.9685543 0.005405485 0.9740663 0.005405485 0.9669232 -0.1101207 0.9685543 -0.1101207 0.9685543 0.005405485 0.9669232 -0.109727 0.9673169 0.005405485 0.9669232 0.005405485 0.9599488 -0.109727 0.9673169 -0.109727 0.9673169 0.005405485 0.9599488 -0.1070272 0.9603988 -0.1070272 0.9603988 0.005405485 0.9599488 -0.1061836 0.9586552 -0.1061836 0.9586552 0.005405485 0.9599488 -0.1038776 0.9537619 0.005405485 0.9599488 0.005405485 0.9531995 -0.1038776 0.9537619 -0.1038776 0.9537619 0.005405485 0.9531995 -0.1012903 0.9492061 0.005405485 0.9531995 0.005405485 0.9466752 -0.1012903 0.9492061 -0.1012903 0.9492061 0.005405485 0.9466752 -0.1002216 0.9472938 0.005405485 0.9466752 0.005405485 0.940432 -0.1002216 0.9472938 -0.1002216 0.9472938 0.005405485 0.940432 -0.09605956 0.9411632 -0.09605956 0.9411632 0.005405485 0.940432 -0.09544086 0.9403195 0.005405485 0.940432 0.005405485 0.9345826 -0.09544086 0.9403195 0.005405485 0.9345826 -0.09150379 0.93537 -0.09544086 0.9403195 -0.09544086 0.9403195 -0.09150379 0.93537 -0.08424824 0.9409382 -0.08424824 0.9409382 -0.09150379 0.93537 -0.08188593 0.938351 -0.09150379 0.93537 -0.08857905 0.9321641 -0.08188593 0.938351 -0.08188593 0.938351 -0.08857905 0.9321641 -0.0794112 0.9357075 -0.08857905 0.9321641 -0.08655422 0.9299143 -0.0794112 0.9357075 -0.08655422 0.9299143 -0.08115476 0.924796 -0.0794112 0.9357075 -0.0794112 0.9357075 -0.08115476 0.924796 -0.07496786 0.9316017 -0.08115476 0.924796 -0.08104228 0.9246835 -0.07496786 0.9316017 -0.08104228 0.9246835 -0.07418048 0.9308704 -0.07496786 0.9316017 -0.07496786 0.9316017 -0.07418048 0.9308704 -0.07316803 0.9319953 -0.07418048 0.9308704 -0.06855601 0.9264271 -0.07316803 0.9319953 -0.06855601 0.9264271 -0.06765609 0.9276645 -0.07316803 0.9319953 -0.07316803 0.9319953 -0.06765609 0.9276645 -0.07204318 0.9333452 -0.07204318 0.9333452 -0.06765609 0.9276645 -0.06664371 0.9290706 -0.06765609 0.9276645 -0.06186288 0.9237836 -0.06664371 0.9290706 -0.06186288 0.9237836 -0.06096297 0.925246 -0.06664371 0.9290706 -0.06664371 0.9290706 -0.06096297 0.925246 -0.06557506 0.9305892 -0.06557506 0.9305892 -0.06096297 0.925246 -0.05995059 0.9268208 -0.06096297 0.925246 -0.05494481 0.9218713 -0.05995059 0.9268208 -0.05494481 0.9218713 -0.05410116 0.9235587 -0.05995059 0.9268208 -0.05995059 0.9268208 -0.05410116 0.9235587 -0.0589382 0.9285082 -0.0589382 0.9285082 -0.05410116 0.9235587 -0.05320125 0.9253022 -0.05410116 0.9235587 -0.04797047 0.9207465 -0.05320125 0.9253022 -0.05320125 0.9253022 -0.04797047 0.9207465 -0.0472393 0.9225463 -0.04797047 0.9207465 -0.04161489 0.9183841 -0.0472393 0.9225463 -0.04161489 0.9183841 -0.0410524 0.9202402 -0.0472393 0.9225463 -0.0472393 0.9225463 -0.0410524 0.9202402 -0.03070342 0.945719 -0.0410524 0.9202402 -0.03469681 0.9184404 -0.03070342 0.945719 -0.03469681 0.9184404 -0.02299791 0.9440879 -0.03070342 0.945719 -0.02755373 0.9566304 -0.03070342 0.945719 -0.02451652 0.9558992 -0.03070342 0.945719 -0.02299791 0.9440879 -0.02451652 0.9558992 -0.02299791 0.9440879 -0.0214231 0.9553368 -0.02451652 0.9558992 -0.02446031 0.9559555 -0.02451652 0.9558992 -0.02215427 0.9555618 -0.02451652 0.9558992 -0.0214231 0.9553368 -0.02215427 0.9555618 -0.02215427 0.9555618 -0.0214231 0.9553368 -0.02136683 0.9554493 -0.0214231 0.9553368 -0.01827341 0.9549993 -0.02136683 0.9554493 -0.01827341 0.9549993 -0.01827341 0.9551119 -0.02136683 0.9554493 -0.02558517 0.978622 -0.02558517 0.9817155 -0.02569764 0.9848652 -0.02558517 0.9817155 -0.02558517 0.9848652 -0.02569764 0.9848652 -0.02558517 0.9848652 -0.02558517 0.9880149 -0.02569764 0.9848652 -0.02558517 0.9880149 -0.02558517 0.9911646 -0.02569764 0.9848652 -0.02558517 0.9911646 -0.02569764 0.9918957 -0.02569764 0.9848652 -0.01512372 0.9549993 -0.008093118 0.9555618 -0.009555459 0.9665857 -0.008093118 0.9555618 -0.003706037 0.9681043 -0.009555459 0.9665857 -0.02569764 0.9962828 -0.02924108 0.994933 -0.02569764 0.9904334 -0.02924108 0.994933 -0.02924108 0.9908271 -0.02569764 0.9904334 -0.02569764 0.9904334 -0.02924108 0.9908271 -0.02924108 0.9900397 -0.02924108 0.9908271 -0.00916177 0.9690042 -0.02924108 0.9900397 -0.00916177 0.9690042 -0.01338011 0.968498 -0.02924108 0.9900397 -0.02924108 0.9900397 -0.01338011 0.968498 -0.02924108 0.986665 -0.02924108 0.986665 -0.01338011 0.968498 -0.02924108 0.9844152 -0.02924108 0.9844152 -0.01338011 0.968498 -0.01759845 0.9685543 -0.01338011 0.968498 -0.01759845 0.9686105 -0.01759845 0.9685543 -0.01759845 0.9685543 -0.01759845 0.9686105 -0.02176052 0.9692292 -0.01759845 0.9686105 -0.02170431 0.9693417 -0.02176052 0.9692292 -0.02176052 0.9692292 -0.02170431 0.9693417 -0.02575391 0.9705228 -0.02170431 0.9693417 -0.02569764 0.9706353 -0.02575391 0.9705228 -0.02569764 0.9706353 -0.02952229 0.9722664 -0.02575391 0.9705228 -0.02575391 0.9705228 -0.02952229 0.9722664 -0.02957856 0.9721539 -0.02957856 0.9721539 -0.02952229 0.9722664 -0.03306567 0.97446 -0.02952229 0.9722664 -0.0235604 0.9822217 -0.03306567 0.97446 -0.03306567 0.97446 -0.0235604 0.9822217 -0.02564144 0.9834029 -0.0235604 0.9822217 -0.02350413 0.9823342 -0.02564144 0.9834029 -0.02350413 0.9823342 -0.02558517 0.9834591 -0.02564144 0.9834029 -0.02564144 0.9834029 -0.02558517 0.9834591 -0.02755373 0.9847527 -0.02755373 0.9847527 -0.02558517 0.9834591 -0.02749747 0.9848652 -0.02558517 0.9834591 -0.0255289 0.9835715 -0.02749747 0.9848652 -0.0255289 0.9835715 -0.02744126 0.9849215 -0.02749747 0.9848652 -0.02749747 0.9848652 -0.02744126 0.9849215 -0.02924108 0.98644 -0.02924108 0.98644 -0.02744126 0.9849215 -0.02918481 0.9864963 -0.02744126 0.9849215 -0.02738499 0.9849777 -0.02918481 0.9864963 -0.02738499 0.9849777 -0.02907234 0.9866088 -0.02918481 0.9864963 -0.02918481 0.9864963 -0.02907234 0.9866088 -0.03070342 0.9882961 -0.03070342 0.9882961 -0.02907234 0.9866088 -0.03059095 0.9883524 -0.02907234 0.9866088 -0.02777874 0.9878461 -0.03059095 0.9883524 -0.02777874 0.9878461 -0.02912861 0.9894772 -0.03059095 0.9883524 -0.03059095 0.9883524 -0.02912861 0.9894772 -0.03188455 0.9903209 -0.03188455 0.9903209 -0.02912861 0.9894772 -0.03030973 0.9912208 -0.02912861 0.9894772 -0.03025346 0.991277 -0.03030973 0.9912208 -0.03030973 0.9912208 -0.03025346 0.991277 -0.03115338 0.9931894 -0.03177207 0.995158 -0.03115338 0.9931894 -0.03109711 0.9931894 -0.03115338 0.9931894 -0.03025346 0.991277 -0.03109711 0.9931894 -0.03109711 0.9931894 -0.03025346 0.991277 -0.03014099 0.9913333 -0.03025346 0.991277 -0.02907234 0.9895335 -0.03014099 0.9913333 -0.03014099 0.9913333 -0.02907234 0.9895335 -0.02901607 0.9895897 -0.02907234 0.9895335 -0.02772247 0.9879024 -0.02901607 0.9895897 -0.02901607 0.9895897 -0.02772247 0.9879024 -0.02761 0.9879586 -0.02772247 0.9879024 -0.0261476 0.9864963 -0.02761 0.9879586 -0.02761 0.9879586 -0.0261476 0.9864963 -0.02609139 0.9865525 -0.0261476 0.9864963 -0.02446031 0.9852589 -0.02609139 0.9865525 -0.02609139 0.9865525 -0.02446031 0.9852589 -0.02440404 0.9853152 -0.02446031 0.9852589 -0.02260422 0.9842465 -0.02440404 0.9853152 -0.02440404 0.9853152 -0.02260422 0.9842465 -0.02254796 0.984359 -0.02260422 0.9842465 -0.02063566 0.9834591 -0.02254796 0.984359 -0.02254796 0.984359 -0.02063566 0.9834591 -0.02063566 0.9835715 -0.02063566 0.9834591 -0.01861083 0.9828966 -0.02063566 0.9835715 -0.02063566 0.9835715 -0.01861083 0.9828966 -0.01861083 0.9830091 -0.01861083 0.9828966 -0.01652979 0.9826154 -0.01861083 0.9830091 -0.01861083 0.9830091 -0.01652979 0.9826154 -0.01652979 0.9827279 -0.01652979 0.9826154 -0.01444876 0.9825592 -0.01652979 0.9827279 -0.01652979 0.9827279 -0.01444876 0.9825592 -0.01444876 0.9826716 -0.01444876 0.9825592 -0.01231145 0.9827842 -0.01444876 0.9826716 -0.01444876 0.9826716 -0.01231145 0.9827842 -0.01236772 0.9828966 -0.01231145 0.9827842 -0.01028668 0.9832341 -0.01236772 0.9828966 -0.01236772 0.9828966 -0.01028668 0.9832341 -0.01028668 0.9833466 -0.01028668 0.9832341 -0.008261859 0.9839653 -0.01028668 0.9833466 -0.01028668 0.9833466 -0.008261859 0.9839653 -0.008318126 0.9840216 -0.008261859 0.9839653 -0.00640577 0.9849215 -0.008318126 0.9840216 -0.008318126 0.9840216 -0.00640577 0.9849215 -0.006462037 0.9849777 -0.00640577 0.9849215 -0.004662215 0.9860463 -0.006462037 0.9849777 -0.006462037 0.9849777 -0.004662215 0.9860463 -0.004718482 0.9861588 -0.004662215 0.9860463 -0.003031134 0.9873962 -0.004718482 0.9861588 -0.004718482 0.9861588 -0.003031134 0.9873962 -0.003087341 0.9875087 -0.003031134 0.9873962 -0.001625001 0.9889711 -0.003087341 0.9875087 -0.003087341 0.9875087 -0.001625001 0.9889711 -0.001681268 0.9890273 -0.001625001 0.9889711 -3.87654e-4 0.9906584 -0.001681268 0.9890273 -0.001681268 0.9890273 -3.87654e-4 0.9906584 -4.43898e-4 0.9907146 -3.87654e-4 0.9906584 6.24746e-4 0.9925144 -4.43898e-4 0.9907146 -4.43898e-4 0.9907146 6.24746e-4 0.9925144 5.68502e-4 0.9925707 6.24746e-4 0.9925144 0.001412153 0.994483 5.68502e-4 0.9925707 5.68502e-4 0.9925707 0.001412153 0.994483 0.001299679 0.994483 0.001412153 0.994483 0.001974582 0.9965078 0.001299679 0.994483 0.001299679 0.994483 0.001974582 0.9965078 0.001862108 0.9965078 0.001974582 0.9965078 0.002255797 0.9985889 0.001862108 0.9965078 0.001862108 0.9965078 0.002255797 0.9985889 0.002143323 0.9985889 0.002255797 0.9985889 0.002312064 1.000726 0.002143323 0.9985889 0.002143323 0.9985889 0.002312064 1.000726 0.00219959 1.000726 0.002312064 1.000726 0.002087056 1.002807 0.00219959 1.000726 0.00219959 1.000726 0.002087056 1.002807 0.001974582 1.002807 0.002087056 1.002807 0.001637101 1.004832 0.001974582 1.002807 0.001974582 1.002807 0.001637101 1.004832 0.001524627 1.004832 0.001637101 1.004832 9.05968e-4 1.006857 0.001524627 1.004832 0.001524627 1.004832 9.05968e-4 1.006857 8.49724e-4 1.006801 -1.06432e-4 1.008657 8.49724e-4 1.006801 6.05732e-6 1.008713 8.49724e-4 1.006801 9.05968e-4 1.006857 6.05732e-6 1.008713 6.05732e-6 1.008713 9.05968e-4 1.006857 6.23018e-5 1.008769 9.05968e-4 1.006857 0.001018404 1.006857 6.23018e-5 1.008769 6.23018e-5 1.008769 0.001018404 1.006857 0.002705752 1.007588 0.001018404 1.006857 0.003493189 1.005394 0.002705752 1.007588 0.002705752 1.007588 0.003493189 1.005394 0.003549456 1.005394 0.003549456 1.005394 0.003493189 1.005394 0.004055619 1.003145 0.003493189 1.005394 0.003999412 1.003088 0.004055619 1.003145 0.003999412 1.003088 0.004336833 1.000782 0.004055619 1.003145 0.004055619 1.003145 0.004336833 1.000782 0.0043931 1.000782 0.004336833 1.000782 0.0043931 0.9984201 0.0043931 1.000782 0.0043931 1.000782 0.0043931 0.9984201 0.004449367 0.9984201 0.004449367 0.9984201 0.0043931 0.9984201 0.004111886 0.9960579 0.0043931 0.9984201 0.004055619 0.9961141 0.004111886 0.9960579 0.004055619 0.9961141 0.003549456 0.9937518 0.004111886 0.9960579 0.004111886 0.9960579 0.003549456 0.9937518 0.01457333 0.9904334 0.003549456 0.9937518 0.01305478 0.9865525 0.01457333 0.9904334 0.01457333 0.9904334 0.01305478 0.9865525 0.01468586 0.9903771 0.01468586 0.9903771 0.01305478 0.9865525 0.01316726 0.9864963 0.01305478 0.9865525 0.01102995 0.9828966 0.01316726 0.9864963 0.01316726 0.9864963 0.01102995 0.9828966 0.01108622 0.9828404 0.01102995 0.9828966 0.008498966 0.9795782 0.01108622 0.9828404 0.008498966 0.9795782 0.00861144 0.9795219 0.01108622 0.9828404 0.01108622 0.9828404 0.00861144 0.9795219 0.01119869 0.9827842 0.00861144 0.9795219 0.008667707 0.9794095 0.01119869 0.9827842 0.01119869 0.9827842 0.008667707 0.9794095 0.01131117 0.9827279 0.008667707 0.9794095 0.008780181 0.9793532 0.01131117 0.9827279 0.01131117 0.9827279 0.008780181 0.9793532 -0.02924108 0.9799157 -0.02924108 0.9799157 0.008780181 0.9793532 -0.02924108 0.979297 0.008780181 0.9793532 0.005799233 0.9763723 -0.02924108 0.979297 0.005799233 0.9763723 -0.02924108 1.005844 -0.02924108 0.979297 -0.02924108 0.979297 -0.02924108 1.005844 -0.02569764 1.006801 -0.02924108 1.005844 -0.02924108 1.005338 -0.02569764 1.006801 -0.02924108 1.005338 -0.02569764 1.001795 -0.02569764 1.006801 0.001805841 0.9706353 0.005293011 0.9598926 0.006811618 0.9741225 0.006811618 0.9741225 0.005293011 0.9598926 0.01131117 0.9636048 -0.02569764 1.005282 -0.02558517 1.006013 -0.02569764 1.0113 -0.02558517 1.006013 -0.02558517 1.008713 -0.02569764 1.0113 -0.02558517 1.008713 -0.02558517 1.0113 -0.02569764 1.0113 -0.02558517 1.0113 -0.02558517 1.013775 -0.02569764 1.0113 -0.02569764 1.0113 -0.02558517 1.013775 -0.02558517 1.016137 0.01378595 0.9655171 0.01620447 0.9675419 0.0161482 0.9676544 0.0161482 0.9676544 0.01620447 0.9675419 0.01665443 0.9682168 0.01665443 0.9682168 0.01620447 0.9675419 0.01839798 0.9697917 0.01620447 0.9675419 0.02115398 0.9567429 0.01839798 0.9697917 0.02042281 0.9722102 0.01839798 0.9697917 0.02683466 0.9622549 0.01839798 0.9697917 0.02115398 0.9567429 0.02683466 0.9622549 0.02115398 0.9567429 0.04415798 0.9407132 0.02683466 0.9622549 0.02683466 0.9622549 0.04415798 0.9407132 0.04865753 0.9455503 0.04415798 0.9407132 0.05011987 0.9442567 0.04865753 0.9455503 0.05011987 0.9442567 0.054282 0.9495436 0.04865753 0.9455503 0.04865753 0.9455503 0.054282 0.9495436 0.05270713 0.9507247 0.054282 0.9495436 0.05805039 0.9551681 0.05270713 0.9507247 0.05270713 0.9507247 0.05805039 0.9551681 0.05636304 0.9561805 0.05805039 0.9551681 0.06131255 0.9610175 0.05636304 0.9561805 0.05636304 0.9561805 0.06131255 0.9610175 0.059569 0.9619174 0.059569 0.9619174 0.06131255 0.9610175 0.06418102 0.9671482 0.06131255 0.9610175 0.06586837 0.966417 0.06418102 0.9671482 0.06586837 0.966417 0.06828689 0.9728851 0.06418102 0.9671482 0.06418102 0.9671482 0.06828689 0.9728851 0.06648707 0.9735038 0.06828689 0.9728851 0.07014298 0.9795219 0.06648707 0.9735038 0.06648707 0.9735038 0.07014298 0.9795219 0.06828689 0.9799719 0.07014298 0.9795219 0.07149285 0.9862713 0.06828689 0.9799719 0.06828689 0.9799719 0.07149285 0.9862713 0.06963676 0.9865525 0.07149285 0.9862713 0.07228028 0.9931331 0.06963676 0.9865525 0.06963676 0.9865525 0.07228028 0.9931331 0.07042419 0.9932456 0.07228028 0.9931331 0.0725615 0.999995 0.07042419 0.9932456 0.07042419 0.9932456 0.0725615 0.999995 0.07070541 0.999995 0.0725615 0.999995 0.07228028 1.006857 0.07070541 0.999995 0.07070541 0.999995 0.07228028 1.006857 0.07042419 1.006744 0.07042419 1.006744 0.07228028 1.006857 0.07149285 1.013719 0.07228028 1.006857 0.07318019 1.014 0.07149285 1.013719 0.07318019 1.014 0.07183033 1.020862 0.07149285 1.013719 0.07149285 1.013719 0.07183033 1.020862 0.07014298 1.020468 0.07014298 1.020468 0.07183033 1.020862 0.06991797 1.027611 0.07183033 1.020862 0.0725615 1.023899 0.06991797 1.027611 0.0725615 1.023899 0.07138037 1.028117 0.06991797 1.027611 0.06991797 1.027611 0.07138037 1.028117 0.06749945 1.034192 0.07138037 1.028117 0.06952428 1.033067 0.06749945 1.034192 0.06952428 1.033067 0.06890559 1.03481 0.06749945 1.034192 0.06749945 1.034192 0.06890559 1.03481 0.06586837 1.041278 0.06890559 1.03481 0.07526123 1.042966 0.06586837 1.041278 0.06586837 1.041278 0.07526123 1.042966 0.07363015 1.046115 0.07526123 1.042966 -0.005393385 1.043472 0.07363015 1.046115 0.07363015 1.046115 -0.005393385 1.043472 0.07183033 1.04949 -0.005393385 1.043472 -0.005393385 1.050109 0.07183033 1.04949 0.07183033 1.04949 -0.005393385 1.050109 0.06823062 1.055283 -0.005393385 1.050109 -0.005393385 1.056464 0.06823062 1.055283 0.06823062 1.055283 -0.005393385 1.056464 0.06794941 1.05579 -0.005393385 1.056464 -0.005393385 1.062539 0.06794941 1.05579 0.06794941 1.05579 -0.005393385 1.062539 0.0636186 1.061751 0.0636186 1.061751 -0.005393385 1.062539 0.06187498 1.063832 0.06187498 1.063832 -0.005393385 1.062539 0.05883783 1.067432 0.05883783 1.067432 -0.005393385 1.062539 -0.005393385 1.068276 -0.005393385 1.062539 -0.003706037 1.068894 -0.005393385 1.068276 -0.003706037 1.068894 -0.003706037 0.9448753 -0.005393385 1.068276 -0.005393385 1.068276 -0.003706037 0.9448753 -0.005393385 0.945494 -0.005393385 0.945494 -0.003706037 0.9448753 -0.003706037 0.950556 -0.003706037 0.9448753 -0.001793742 0.9501623 -0.003706037 0.950556 -0.001793742 0.9501623 -0.001793742 0.9562367 -0.003706037 0.950556 -0.003706037 0.950556 -0.001793742 0.9562367 -0.003706037 0.9565742 -0.003706037 0.9565742 -0.001793742 0.9562367 -0.001793742 0.9626486 -0.001793742 0.9562367 1.18546e-4 0.9625361 -0.001793742 0.9626486 -0.001793742 0.9626486 1.18546e-4 0.9625361 1.18546e-4 0.963661 1.18546e-4 0.9625361 0.01282978 0.9592739 1.18546e-4 0.963661 0.01282978 0.9592739 0.01282978 0.963661 1.18546e-4 0.963661 0.01282978 0.963661 0.01282978 0.9658545 1.18546e-4 0.963661 1.18546e-4 0.963661 0.01282978 0.9658545 1.18546e-4 0.9692292 0.01282978 0.9658545 0.01282978 0.9726601 1.18546e-4 0.9692292 1.18546e-4 0.9692292 0.01282978 0.9726601 1.18546e-4 0.9732788 0.01282978 0.9726601 0.01282978 0.9732226 1.18546e-4 0.9732788 1.18546e-4 0.9732788 0.01282978 0.9732226 1.18546e-4 0.9761473 0.01282978 0.9732226 0.01282978 0.9796907 1.18546e-4 0.9761473 1.18546e-4 0.9761473 0.01282978 0.9796907 1.18546e-4 0.9832903 0.01282978 0.9796907 0.01282978 0.9832903 1.18546e-4 0.9832903 0.01282978 0.9832903 0.01282978 0.9869462 1.18546e-4 0.9832903 1.18546e-4 0.9832903 0.01282978 0.9869462 1.18546e-4 0.9906021 1.18546e-4 0.9906021 0.01282978 0.9869462 0.01282978 0.9936956 0.01282978 0.9869462 0.01479834 0.9870025 0.01282978 0.9936956 0.01479834 0.9870025 0.01479834 0.9943705 0.01282978 0.9936956 0.01282978 0.9936956 0.01479834 0.9943705 0.01282978 0.9943143 0.01479834 0.9943705 0.01479834 1.001851 0.01282978 0.9943143 0.01282978 0.9943143 0.01479834 1.001851 0.01282978 1.001851 0.01282978 1.001851 0.01479834 1.001851 0.01282978 1.004382 0.01282978 1.004382 0.01479834 1.001851 0.01282978 1.009444 0.01479834 1.001851 0.01479834 1.009444 0.01282978 1.009444 0.01282978 1.009444 0.01479834 1.009444 0.01282978 1.015125 0.01479834 1.009444 0.01479834 1.017037 0.01282978 1.015125 0.01282978 1.015125 0.01479834 1.017037 0.01282978 1.017037 0.01479834 1.017037 0.01479834 1.02463 0.01282978 1.017037 0.01282978 1.017037 0.01479834 1.02463 0.01282978 1.02463 0.01282978 1.02463 0.01479834 1.02463 0.01282978 1.025867 0.01282978 1.025867 0.01479834 1.02463 0.01282978 1.032167 0.01479834 1.02463 0.01479834 1.032167 0.01282978 1.032167 0.01282978 1.032167 0.01479834 1.032167 0.01282978 1.036498 0.01479834 1.032167 0.01479834 1.039591 0.01282978 1.036498 0.01282978 1.036498 0.01479834 1.039591 0.01282978 1.039647 0.01479834 1.039591 0.01479834 1.046903 0.01282978 1.039647 0.01282978 1.039647 0.01479834 1.046903 0.01282978 1.046959 0.01479834 1.046903 0.01479834 1.054046 0.01282978 1.046959 0.01282978 1.046959 0.01479834 1.054046 0.01282978 1.054102 0.01282978 1.054102 0.01479834 1.054046 0.01282978 1.056971 0.01282978 1.056971 0.01479834 1.054046 0.01282978 1.06102 0.01479834 1.054046 0.01479834 1.060964 0.01282978 1.06102 0.01282978 1.06102 0.01479834 1.060964 0.01282978 1.066588 0.01479834 1.060964 0.01479834 1.067601 0.01282978 1.066588 0.01282978 1.066588 0.01479834 1.067601 0.01282978 1.067713 0.01479834 1.067601 0.01479834 1.074013 0.01282978 1.067713 0.01282978 1.067713 0.01479834 1.074013 0.01282978 1.074125 0.01282978 1.074125 0.01479834 1.074013 0.01282978 1.075644 0.01282978 1.075644 0.01479834 1.074013 0.01282978 1.0802 0.01479834 1.074013 0.01479834 1.080087 0.01282978 1.0802 0.01282978 1.0802 0.01479834 1.080087 0.01282978 1.084024 0.01479834 1.080087 0.01479834 1.085768 0.01282978 1.084024 0.01282978 1.084024 0.01479834 1.085768 0.01282978 1.085937 0.01479834 1.085768 -0.01478624 1.069288 0.01282978 1.085937 0.01282978 1.085937 -0.01478624 1.069288 -0.01287388 1.069401 -0.01287388 1.069401 -0.01478624 1.069288 -0.01287388 1.068894 -0.01478624 1.069288 -0.01478624 1.063439 -0.01287388 1.068894 -0.01287388 1.068894 -0.01478624 1.063439 -0.01287388 1.063608 -0.01287388 1.063608 -0.01478624 1.063439 -0.01287388 1.060514 -0.01287388 1.060514 -0.01478624 1.063439 -0.01287388 1.057421 -0.01478624 1.063439 -0.01478624 1.057308 -0.01287388 1.057421 -0.01478624 1.057308 -0.01287388 1.051515 -0.01287388 1.057421 -0.01287388 1.057421 -0.01287388 1.051515 -1.62676e-4 1.054215 -0.01287388 1.051515 -1.62676e-4 1.051459 -1.62676e-4 1.054215 -1.62676e-4 1.054215 -1.62676e-4 1.051459 0.001805841 1.054102 0.001805841 1.054102 -1.62676e-4 1.051459 0.001805841 1.047522 -1.62676e-4 1.051459 -1.62676e-4 1.047634 0.001805841 1.047522 0.001805841 1.047522 -1.62676e-4 1.047634 0.001805841 1.04066 -1.62676e-4 1.047634 -1.62676e-4 1.041897 0.001805841 1.04066 -1.62676e-4 1.041897 -1.62676e-4 1.040716 0.001805841 1.04066 -1.62676e-4 1.040716 -1.62676e-4 1.033629 0.001805841 1.04066 0.001805841 1.04066 -1.62676e-4 1.033629 0.001805841 1.033573 -1.62676e-4 1.033629 -1.62676e-4 1.031829 0.001805841 1.033573 -1.62676e-4 1.031829 0.001805841 1.026317 0.001805841 1.033573 0.001805841 1.033573 0.001805841 1.026317 0.00366193 1.033404 0.00366193 1.033404 0.001805841 1.026317 0.00366193 1.026149 0.001805841 1.026317 0.001805841 1.018893 0.00366193 1.026149 0.001805841 1.018893 0.00366193 1.018781 0.00366193 1.026149 0.00366193 1.026149 0.00366193 1.018781 0.005405485 1.025924 0.005405485 1.025924 0.00366193 1.018781 0.005405485 1.018612 0.00366193 1.018781 0.00366193 1.0113 0.005405485 1.018612 0.00366193 1.0113 0.005405485 1.011188 0.005405485 1.018612 0.005405485 1.018612 0.005405485 1.011188 -0.1134954 1.018387 -0.1134954 1.018387 0.005405485 1.011188 -0.114564 1.011075 -0.114564 1.011075 0.005405485 1.011188 -0.1146203 1.010625 0.005405485 1.011188 0.005405485 1.003763 -0.1146203 1.010625 -0.1146203 1.010625 0.005405485 1.003763 -0.1151265 1.003707 -0.1151265 1.003707 0.005405485 1.003763 -0.1151265 0.999995 -0.1151265 0.999995 0.005405485 1.003763 -0.1151265 0.9962828 0.005405485 1.003763 0.005405485 0.9962828 -0.1151265 0.9962828 -0.1151265 0.9962828 0.005405485 0.9962828 -0.1146203 0.9893648 0.005405485 0.9962828 0.005405485 0.9888023 -0.1146203 0.9893648 0.005405485 0.9888023 -0.114564 0.9889148 -0.1146203 0.9893648 -0.1146203 0.9893648 -0.114564 0.9889148 -0.1054524 0.9903209 -0.1054524 0.9903209 -0.114564 0.9889148 -0.1049462 0.9857651 -0.114564 0.9889148 -0.1134954 0.981603 -0.1049462 0.9857651 -0.1049462 0.9857651 -0.1134954 0.981603 -0.1039338 0.9808156 -0.1134954 0.981603 -0.1128767 0.978847 -0.1039338 0.9808156 -0.1039338 0.9808156 -0.1128767 0.978847 -0.1035401 0.9787908 -0.1128767 0.978847 -0.1118643 0.9744037 -0.1035401 0.9787908 -0.1035401 0.9787908 -0.1118643 0.9744037 -0.1016278 0.971929 -0.1118643 0.9744037 -0.1101207 0.9685543 -0.1016278 0.971929 -0.1016278 0.971929 -0.1101207 0.9685543 -0.101459 0.9714227 -0.1101207 0.9685543 -0.109727 0.9673169 -0.101459 0.9714227 -0.101459 0.9714227 -0.109727 0.9673169 -0.09915304 0.9651796 -0.109727 0.9673169 -0.1070272 0.9603988 -0.09915304 0.9651796 -0.09915304 0.9651796 -0.1070272 0.9603988 -0.09785938 0.9624798 -0.1070272 0.9603988 -0.1061836 0.9586552 -0.09785938 0.9624798 -0.09785938 0.9624798 -0.1061836 0.9586552 -0.09611582 0.9587115 -0.1061836 0.9586552 -0.1038776 0.9537619 -0.09611582 0.9587115 -0.09611582 0.9587115 -0.1038776 0.9537619 -0.09341609 0.9538745 -0.1038776 0.9537619 -0.1012903 0.9492061 -0.09341609 0.9538745 -0.09341609 0.9538745 -0.1012903 0.9492061 -0.09262865 0.9524683 -0.1012903 0.9492061 -0.1002216 0.9472938 -0.09262865 0.9524683 -0.09262865 0.9524683 -0.1002216 0.9472938 -0.08869153 0.9465627 -0.1002216 0.9472938 -0.09605956 0.9411632 -0.08869153 0.9465627 -0.08869153 0.9465627 -0.09605956 0.9411632 -0.08807283 0.9457752 -0.09605956 0.9411632 -0.09544086 0.9403195 -0.08807283 0.9457752 -0.09544086 0.9403195 -0.08424824 0.9409382 -0.08807283 0.9457752 -0.08807283 0.9457752 -0.08424824 0.9409382 -0.08312332 0.9419506 -0.08424824 0.9409382 -0.08188593 0.938351 -0.08312332 0.9419506 -0.08312332 0.9419506 -0.08188593 0.938351 -0.07834255 0.9367761 -0.08188593 0.938351 -0.0794112 0.9357075 -0.07834255 0.9367761 -0.0794112 0.9357075 -0.07496786 0.9316017 -0.07834255 0.9367761 -0.07496786 0.9316017 -0.07316803 0.9319953 -0.07834255 0.9367761 -0.07834255 0.9367761 -0.07316803 0.9319953 -0.07710516 0.9380135 -0.07316803 0.9319953 -0.07204318 0.9333452 -0.07710516 0.9380135 -0.07710516 0.9380135 -0.07204318 0.9333452 -0.07581156 0.9393071 -0.07581156 0.9393071 -0.07204318 0.9333452 -0.07086205 0.9347513 -0.07204318 0.9333452 -0.06664371 0.9290706 -0.07086205 0.9347513 -0.06664371 0.9290706 -0.06557506 0.9305892 -0.07086205 0.9347513 -0.07086205 0.9347513 -0.06557506 0.9305892 -0.06956839 0.9362137 -0.06956839 0.9362137 -0.06557506 0.9305892 -0.06439393 0.9321641 -0.06557506 0.9305892 -0.05995059 0.9268208 -0.06439393 0.9321641 -0.05995059 0.9268208 -0.0589382 0.9285082 -0.06439393 0.9321641 -0.06439393 0.9321641 -0.0589382 0.9285082 -0.04504579 0.9521309 -0.0589382 0.9285082 -0.05320125 0.9253022 -0.04504579 0.9521309 -0.04504579 0.9521309 -0.05320125 0.9253022 -0.03807145 0.9484187 -0.05320125 0.9253022 -0.0472393 0.9225463 -0.03807145 0.9484187 -0.0472393 0.9225463 -0.03070342 0.945719 -0.03807145 0.9484187 -0.03345942 0.9587677 -0.03807145 0.9484187 -0.03053468 0.9575866 -0.03807145 0.9484187 -0.03070342 0.945719 -0.03053468 0.9575866 -0.03070342 0.945719 -0.02755373 0.9566304 -0.03053468 0.9575866 -0.03053468 0.9576991 -0.03053468 0.9575866 -0.02901607 0.9572491 -0.03053468 0.9575866 -0.02755373 0.9566304 -0.02901607 0.9572491 -0.02901607 0.9572491 -0.02755373 0.9566304 -0.02755373 0.9567429 -0.02755373 0.9566304 -0.02451652 0.9558992 -0.02755373 0.9567429 -0.02451652 0.9558992 -0.02446031 0.9559555 -0.02755373 0.9567429 -0.02558517 0.9724914 -0.02558517 0.9755286 -0.02569764 0.9778346 -0.02558517 0.9755286 -0.02558517 0.9778346 -0.02569764 0.9778346 -0.02558517 0.9778346 -0.02558517 0.978622 -0.02569764 0.9778346 -0.02558517 0.978622 -0.02569764 0.9848652 -0.02569764 0.9778346 -0.02215427 0.9555618 -0.01512372 0.9549993 -0.01562988 0.9661357 -0.01512372 0.9549993 -0.009555459 0.9665857 -0.01562988 0.9661357 -0.02569764 0.9904334 -0.02924108 0.9900397 -0.02569764 0.984359 -0.02924108 0.9900397 -0.02924108 0.986665 -0.02569764 0.984359 -0.02924108 0.986665 -0.02924108 0.9844152 -0.02569764 0.984359 -0.02569764 0.984359 -0.02924108 0.9844152 -0.02924108 0.9823904 -0.02924108 0.9844152 -0.01759845 0.9685543 -0.02924108 0.9823904 -0.02924108 0.9823904 -0.01759845 0.9685543 -0.02924108 0.9787908 -0.02924108 0.9787908 -0.01759845 0.9685543 -0.02176052 0.9691167 -0.01759845 0.9685543 -0.02176052 0.9692292 -0.02176052 0.9691167 -0.02176052 0.9691167 -0.02176052 0.9692292 -0.02575391 0.9704104 -0.02176052 0.9692292 -0.02575391 0.9705228 -0.02575391 0.9704104 -0.02575391 0.9705228 -0.02957856 0.9721539 -0.02575391 0.9704104 -0.02575391 0.9704104 -0.02957856 0.9721539 -0.02963477 0.9720977 -0.02963477 0.9720977 -0.02957856 0.9721539 -0.03317821 0.9743475 -0.02957856 0.9721539 -0.03306567 0.97446 -0.03317821 0.9743475 -0.03317821 0.9743475 -0.03306567 0.97446 -0.03632789 0.9771034 -0.03306567 0.97446 -0.02564144 0.9834029 -0.03632789 0.9771034 -0.02564144 0.9834029 -0.02755373 0.9847527 -0.03632789 0.9771034 -0.03632789 0.9771034 -0.02755373 0.9847527 -0.02929729 0.9863838 -0.02755373 0.9847527 -0.02749747 0.9848652 -0.02929729 0.9863838 -0.02749747 0.9848652 -0.02924108 0.98644 -0.02929729 0.9863838 -0.02929729 0.9863838 -0.02924108 0.98644 -0.03081589 0.9881836 -0.03081589 0.9881836 -0.02924108 0.98644 -0.03075969 0.9882399 -0.02924108 0.98644 -0.02918481 0.9864963 -0.03075969 0.9882399 -0.02918481 0.9864963 -0.03070342 0.9882961 -0.03075969 0.9882399 -0.03075969 0.9882399 -0.03070342 0.9882961 -0.03205329 0.9902084 -0.03205329 0.9902084 -0.03070342 0.9882961 -0.03199708 0.9902647 -0.03070342 0.9882961 -0.03059095 0.9883524 -0.03199708 0.9902647 -0.03059095 0.9883524 -0.03188455 0.9903209 -0.03199708 0.9902647 -0.03199708 0.9902647 -0.03188455 0.9903209 -0.03300946 0.9923457 -0.03300946 0.9923457 -0.03188455 0.9903209 -0.0329532 0.992402 -0.03188455 0.9903209 -0.03030973 0.9912208 -0.0329532 0.992402 -0.0329532 0.992402 -0.03030973 0.9912208 -0.03126585 0.9931331 -0.03030973 0.9912208 -0.03115338 0.9931894 -0.03126585 0.9931331 -0.03126585 0.9931331 -0.03115338 0.9931894 -0.03188455 0.995158 -0.03115338 0.9931894 -0.03177207 0.995158 -0.03188455 0.995158 -0.03177207 0.995158 -0.03222203 0.997239 -0.03188455 0.995158 -0.03188455 0.995158 -0.03222203 0.997239 -0.0323345 0.9971827 -0.03222203 0.997239 -0.03244704 0.99932 -0.0323345 0.9971827 -0.0323345 0.9971827 -0.03244704 0.99932 -0.03255951 0.99932 -0.03255951 0.99932 -0.03244704 0.99932 -0.03239077 1.001401 -0.03199708 1.003426 -0.03239077 1.001401 -0.0323345 1.001401 -0.03239077 1.001401 -0.03244704 0.99932 -0.0323345 1.001401 -0.0323345 1.001401 -0.03244704 0.99932 -0.0323345 0.99932 -0.03244704 0.99932 -0.03222203 0.997239 -0.0323345 0.99932 -0.0323345 0.99932 -0.03222203 0.997239 -0.03216576 0.997239 -0.03222203 0.997239 -0.03177207 0.995158 -0.03216576 0.997239 -0.03216576 0.997239 -0.03177207 0.995158 -0.0316596 0.9952142 -0.03177207 0.995158 -0.03109711 0.9931894 -0.0316596 0.9952142 -0.0316596 0.9952142 -0.03109711 0.9931894 -0.03098464 0.9932456 -0.03109711 0.9931894 -0.03014099 0.9913333 -0.03098464 0.9932456 -0.03098464 0.9932456 -0.03014099 0.9913333 -0.03002852 0.9913896 -0.03014099 0.9913333 -0.02901607 0.9895897 -0.03002852 0.9913896 -0.03002852 0.9913896 -0.02901607 0.9895897 -0.0289036 0.989646 -0.02901607 0.9895897 -0.02761 0.9879586 -0.0289036 0.989646 -0.0289036 0.989646 -0.02761 0.9879586 -0.02755373 0.9880712 -0.02761 0.9879586 -0.02609139 0.9865525 -0.02755373 0.9880712 -0.02755373 0.9880712 -0.02609139 0.9865525 -0.02603513 0.986665 -0.02609139 0.9865525 -0.02440404 0.9853152 -0.02603513 0.986665 -0.02603513 0.986665 -0.02440404 0.9853152 -0.02434778 0.9854276 -0.02440404 0.9853152 -0.02254796 0.984359 -0.02434778 0.9854276 -0.02434778 0.9854276 -0.02254796 0.984359 -0.02249175 0.9844152 -0.02254796 0.984359 -0.02063566 0.9835715 -0.02249175 0.9844152 -0.02249175 0.9844152 -0.02063566 0.9835715 -0.02057939 0.9836278 -0.02063566 0.9835715 -0.01861083 0.9830091 -0.02057939 0.9836278 -0.02057939 0.9836278 -0.01861083 0.9830091 -0.01855462 0.9831216 -0.01861083 0.9830091 -0.01652979 0.9827279 -0.01855462 0.9831216 -0.01855462 0.9831216 -0.01652979 0.9827279 -0.01652979 0.9828404 -0.01652979 0.9827279 -0.01444876 0.9826716 -0.01652979 0.9828404 -0.01652979 0.9828404 -0.01444876 0.9826716 -0.01444876 0.9827842 -0.01444876 0.9826716 -0.01236772 0.9828966 -0.01444876 0.9827842 -0.01444876 0.9827842 -0.01236772 0.9828966 -0.01236772 0.9830091 -0.01236772 0.9828966 -0.01028668 0.9833466 -0.01236772 0.9830091 -0.01236772 0.9830091 -0.01028668 0.9833466 -0.01034289 0.9834591 -0.01028668 0.9833466 -0.008318126 0.9840216 -0.01034289 0.9834591 -0.01034289 0.9834591 -0.008318126 0.9840216 -0.008374333 0.984134 -0.008318126 0.9840216 -0.006462037 0.9849777 -0.008374333 0.984134 -0.008374333 0.984134 -0.006462037 0.9849777 -0.006518304 0.9850901 -0.006462037 0.9849777 -0.004718482 0.9861588 -0.006518304 0.9850901 -0.006518304 0.9850901 -0.004718482 0.9861588 -0.004774689 0.9862151 -0.004718482 0.9861588 -0.003087341 0.9875087 -0.004774689 0.9862151 -0.004774689 0.9862151 -0.003087341 0.9875087 -0.003199875 0.9875649 -0.003087341 0.9875087 -0.001681268 0.9890273 -0.003199875 0.9875649 -0.003199875 0.9875649 -0.001681268 0.9890273 -0.001793742 0.9890835 -0.001681268 0.9890273 -4.43898e-4 0.9907146 -0.001793742 0.9890835 -0.001793742 0.9890835 -4.43898e-4 0.9907146 -5.56387e-4 0.9907709 -4.43898e-4 0.9907146 5.68502e-4 0.9925707 -5.56387e-4 0.9907709 -5.56387e-4 0.9907709 5.68502e-4 0.9925707 4.56013e-4 0.9926269 5.68502e-4 0.9925707 0.001299679 0.994483 4.56013e-4 0.9926269 4.56013e-4 0.9926269 0.001299679 0.994483 0.001243412 0.9945393 0.001299679 0.994483 0.001862108 0.9965078 0.001243412 0.9945393 0.001243412 0.9945393 0.001862108 0.9965078 0.001749634 0.996564 0.001862108 0.9965078 0.002143323 0.9985889 0.001749634 0.996564 0.001749634 0.996564 0.002143323 0.9985889 0.002087056 0.9985889 0.002143323 0.9985889 0.00219959 1.000726 0.002087056 0.9985889 0.002087056 0.9985889 0.00219959 1.000726 0.002087056 1.00067 0.00219959 1.000726 0.001974582 1.002807 0.002087056 1.00067 0.002087056 1.00067 0.001974582 1.002807 0.001918315 1.002751 0.001974582 1.002807 0.001524627 1.004832 0.001918315 1.002751 0.001918315 1.002751 0.001524627 1.004832 0.001412153 1.004776 0.001524627 1.004832 8.49724e-4 1.006801 0.001412153 1.004776 0.001412153 1.004776 8.49724e-4 1.006801 7.37235e-4 1.006744 8.49724e-4 1.006801 -1.06432e-4 1.008657 7.37235e-4 1.006744 7.37235e-4 1.006744 -1.06432e-4 1.008657 -2.1892e-4 1.0086 -0.001343786 1.010344 -2.1892e-4 1.0086 -0.001287519 1.0104 -2.1892e-4 1.0086 -1.06432e-4 1.008657 -0.001287519 1.0104 -0.001287519 1.0104 -1.06432e-4 1.008657 -0.001175045 1.010456 -1.06432e-4 1.008657 6.05732e-6 1.008713 -0.001175045 1.010456 -0.001175045 1.010456 6.05732e-6 1.008713 -0.001118779 1.010513 6.05732e-6 1.008713 6.23018e-5 1.008769 -0.001118779 1.010513 -0.001118779 1.010513 6.23018e-5 1.008769 0.001637101 1.009669 6.23018e-5 1.008769 0.002705752 1.007588 0.001637101 1.009669 0.001637101 1.009669 0.002705752 1.007588 0.002762019 1.007644 0.002705752 1.007588 0.003549456 1.005394 0.002762019 1.007644 0.002762019 1.007644 0.003549456 1.005394 0.00366193 1.005451 0.00366193 1.005451 0.003549456 1.005394 0.004168152 1.003145 0.003549456 1.005394 0.004055619 1.003145 0.004168152 1.003145 0.004055619 1.003145 0.0043931 1.000782 0.004168152 1.003145 0.004168152 1.003145 0.0043931 1.000782 0.004505574 1.000782 0.0043931 1.000782 0.004449367 0.9984201 0.004505574 1.000782 0.004505574 1.000782 0.004449367 0.9984201 0.01609194 0.9985889 0.01609194 0.9985889 0.004449367 0.9984201 0.01558578 0.994483 0.004449367 0.9984201 0.004111886 0.9960579 0.01558578 0.994483 0.004111886 0.9960579 0.01457333 0.9904334 0.01558578 0.994483 0.01558578 0.994483 0.01457333 0.9904334 0.01575452 0.9944267 0.01457333 0.9904334 0.01468586 0.9903771 0.01575452 0.9944267 0.01575452 0.9944267 0.01468586 0.9903771 0.01586699 0.9944267 0.01586699 0.9944267 0.01468586 0.9903771 0.01479834 0.9903209 0.01468586 0.9903771 0.01316726 0.9864963 0.01479834 0.9903209 0.01479834 0.9903209 0.01316726 0.9864963 0.01327973 0.98644 0.01316726 0.9864963 0.01108622 0.9828404 0.01327973 0.98644 0.01108622 0.9828404 0.01119869 0.9827842 0.01327973 0.98644 0.01327973 0.98644 0.01119869 0.9827842 0.013336 0.9863838 0.01119869 0.9827842 0.01131117 0.9827279 0.013336 0.9863838 -0.02924108 0.9863838 0.013336 0.9863838 -0.02924108 0.9846402 0.013336 0.9863838 0.01131117 0.9827279 -0.02924108 0.9846402 -0.02924108 0.9846402 0.01131117 0.9827279 -0.02924108 0.9826716 0.01131117 0.9827279 -0.02924108 0.9799157 -0.02924108 0.9826716 -0.02924108 0.9826716 -0.02924108 0.9799157 -0.02569764 0.9784533 -0.02924108 0.9799157 -0.02924108 0.979297 -0.02569764 0.9784533 -0.02924108 0.979297 -0.02569764 1.006801 -0.02569764 0.9784533 0.01102995 0.9784533 0.006811618 0.9741225 0.01671063 0.9681606 0.006811618 0.9741225 0.01131117 0.9636048 0.01671063 0.9681606 -0.02569764 1.0113 -0.02558517 1.016137 -0.02569764 1.0167 -0.02558517 1.016137 -0.02558517 1.0167 -0.02569764 1.0167 -0.02569764 1.0167 -0.02558517 1.0167 -0.02558517 0.9699041 0.01665443 0.9682168 0.01839798 0.9697917 0.01834172 0.9699041 0.01839798 0.9697917 0.02042281 0.9722102 0.01834172 0.9699041 0.01834172 0.9699041 0.02042281 0.9722102 0.02031028 0.9723227 0.02031028 0.9723227 0.02042281 0.9722102 0.02126646 0.97356 0.02126646 0.97356 0.02042281 0.9722102 0.02227884 0.9747974 0.02042281 0.9722102 0.02683466 0.9622549 0.02227884 0.9747974 0.02396619 0.9774409 0.02227884 0.9747974 0.0316717 0.9684418 0.02227884 0.9747974 0.02683466 0.9622549 0.0316717 0.9684418 0.02683466 0.9622549 0.04865753 0.9455503 0.0316717 0.9684418 0.04865753 0.9455503 0.05270713 0.9507247 0.0316717 0.9684418 0.05270713 0.9507247 0.05636304 0.9561805 0.0316717 0.9684418 0.0316717 0.9684418 0.05636304 0.9561805 0.03560882 0.9752474 0.05636304 0.9561805 0.059569 0.9619174 0.03560882 0.9752474 0.03560882 0.9752474 0.059569 0.9619174 0.06232494 0.9679356 0.059569 0.9619174 0.06418102 0.9671482 0.06232494 0.9679356 0.06418102 0.9671482 0.06648707 0.9735038 0.06232494 0.9679356 0.06232494 0.9679356 0.06648707 0.9735038 0.06463098 0.9740663 0.06648707 0.9735038 0.06828689 0.9799719 0.06463098 0.9740663 0.06463098 0.9740663 0.06828689 0.9799719 0.0664308 0.9804219 0.06828689 0.9799719 0.06963676 0.9865525 0.0664308 0.9804219 0.0664308 0.9804219 0.06963676 0.9865525 0.06772446 0.98689 0.06963676 0.9865525 0.07042419 0.9932456 0.06772446 0.98689 0.06772446 0.98689 0.07042419 0.9932456 0.06845563 0.9934144 0.07042419 0.9932456 0.07070541 0.999995 0.06845563 0.9934144 0.06845563 0.9934144 0.07070541 0.999995 0.06873685 0.999995 0.07070541 0.999995 0.07042419 1.006744 0.06873685 0.999995 0.06873685 0.999995 0.07042419 1.006744 0.06845563 1.006576 0.06845563 1.006576 0.07042419 1.006744 0.06963676 1.013437 0.07042419 1.006744 0.07149285 1.013719 0.06963676 1.013437 0.07149285 1.013719 0.07014298 1.020468 0.06963676 1.013437 0.06963676 1.013437 0.07014298 1.020468 0.06828689 1.020018 0.06828689 1.020018 0.07014298 1.020468 0.06828689 1.027105 0.07014298 1.020468 0.06991797 1.027611 0.06828689 1.027105 0.06991797 1.027611 0.06749945 1.034192 0.06828689 1.027105 0.06828689 1.027105 0.06749945 1.034192 0.06586837 1.033573 0.06586837 1.033573 0.06749945 1.034192 0.06451851 1.040603 0.06749945 1.034192 0.06586837 1.041278 0.06451851 1.040603 0.06451851 1.040603 0.06586837 1.041278 0.06553089 1.041897 0.06586837 1.041278 0.07363015 1.046115 0.06553089 1.041897 0.06553089 1.041897 0.07363015 1.046115 0.0623812 1.047522 0.07363015 1.046115 0.07183033 1.04949 0.0623812 1.047522 0.0623812 1.047522 0.07183033 1.04949 0.06058138 1.050221 0.07183033 1.04949 0.06823062 1.055283 0.06058138 1.050221 0.06058138 1.050221 0.06823062 1.055283 0.05844408 1.053427 0.06823062 1.055283 0.06794941 1.05579 0.05844408 1.053427 0.06794941 1.05579 0.0636186 1.061751 0.05844408 1.053427 0.05844408 1.053427 0.0636186 1.061751 0.05484443 1.057983 0.0636186 1.061751 0.06187498 1.063832 0.05484443 1.057983 0.05484443 1.057983 0.06187498 1.063832 0.05400079 1.059052 0.06187498 1.063832 0.05883783 1.067432 0.05400079 1.059052 0.05400079 1.059052 0.05883783 1.067432 0.04916375 1.064282 0.04916375 1.064282 0.05883783 1.067432 0.05467569 1.07165 0.05883783 1.067432 -0.005393385 1.068276 0.05467569 1.07165 -0.005393385 1.068276 -0.005393385 0.945494 0.05467569 1.07165 0.05467569 1.07165 -0.005393385 0.945494 0.05366331 1.072719 0.04663276 1.078681 0.0480951 1.077556 -0.005393385 0.9511185 0.0480951 1.077556 0.05366331 1.072719 -0.005393385 0.9511185 0.05366331 1.072719 -0.005393385 0.945494 -0.005393385 0.9511185 -0.005393385 0.945494 -0.003706037 0.950556 -0.005393385 0.9511185 -0.003706037 0.950556 -0.003706037 0.9565742 -0.005393385 0.9511185 -0.005393385 0.9511185 -0.003706037 0.9565742 -0.005393385 0.9570804 -0.005393385 0.9570804 -0.003706037 0.9565742 -0.003706037 0.9629299 -0.003706037 0.9565742 -0.001793742 0.9626486 -0.003706037 0.9629299 -0.003706037 0.9629299 -0.001793742 0.9626486 -0.001793742 0.9692854 -0.001793742 0.9626486 1.18546e-4 0.963661 -0.001793742 0.9692854 1.18546e-4 0.963661 1.18546e-4 0.9692292 -0.001793742 0.9692854 -0.001793742 0.9692854 1.18546e-4 0.9692292 -0.001793742 0.9762035 1.18546e-4 0.9692292 1.18546e-4 0.9732788 -0.001793742 0.9762035 1.18546e-4 0.9732788 1.18546e-4 0.9761473 -0.001793742 0.9762035 1.18546e-4 0.9761473 1.18546e-4 0.9832903 -0.001793742 0.9762035 -0.001793742 0.9762035 1.18546e-4 0.9832903 -0.001793742 0.9833466 1.18546e-4 0.9832903 1.18546e-4 0.9906021 -0.001793742 0.9833466 -0.001793742 0.9833466 1.18546e-4 0.9906021 -0.001793742 0.9906584 -0.001793742 0.9906584 1.18546e-4 0.9906021 1.18546e-4 0.9936956 1.18546e-4 0.9906021 0.01282978 0.9936956 1.18546e-4 0.9936956 1.18546e-4 0.9936956 0.01282978 0.9936956 1.18546e-4 0.9980826 0.01282978 0.9936956 0.01282978 0.9943143 1.18546e-4 0.9980826 0.01282978 0.9943143 0.01282978 1.001851 1.18546e-4 0.9980826 1.18546e-4 0.9980826 0.01282978 1.001851 1.18546e-4 1.004382 0.01282978 1.001851 0.01282978 1.004382 1.18546e-4 1.004382 1.18546e-4 1.004382 0.01282978 1.004382 1.18546e-4 1.005619 0.01282978 1.004382 0.01282978 1.009444 1.18546e-4 1.005619 1.18546e-4 1.005619 0.01282978 1.009444 1.18546e-4 1.013212 0.01282978 1.009444 0.01282978 1.015125 1.18546e-4 1.013212 1.18546e-4 1.013212 0.01282978 1.015125 1.18546e-4 1.015125 0.01282978 1.015125 0.01282978 1.017037 1.18546e-4 1.015125 1.18546e-4 1.015125 0.01282978 1.017037 1.18546e-4 1.020805 0.01282978 1.017037 0.01282978 1.02463 1.18546e-4 1.020805 1.18546e-4 1.020805 0.01282978 1.02463 1.18546e-4 1.025867 0.01282978 1.02463 0.01282978 1.025867 1.18546e-4 1.025867 1.18546e-4 1.025867 0.01282978 1.025867 1.18546e-4 1.028398 0.01282978 1.025867 0.01282978 1.032167 1.18546e-4 1.028398 1.18546e-4 1.028398 0.01282978 1.032167 1.18546e-4 1.035935 0.01282978 1.032167 0.01282978 1.036498 1.18546e-4 1.035935 1.18546e-4 1.035935 0.01282978 1.036498 1.18546e-4 1.036554 0.01282978 1.036498 0.01282978 1.039647 1.18546e-4 1.036554 1.18546e-4 1.036554 0.01282978 1.039647 1.18546e-4 1.043303 0.01282978 1.039647 0.01282978 1.046959 1.18546e-4 1.043303 1.18546e-4 1.043303 0.01282978 1.046959 1.18546e-4 1.046903 1.18546e-4 1.046903 0.01282978 1.046959 1.18546e-4 1.050559 0.01282978 1.046959 0.01282978 1.054102 1.18546e-4 1.050559 1.18546e-4 1.050559 0.01282978 1.054102 1.18546e-4 1.057027 0.01282978 1.054102 0.01282978 1.056971 1.18546e-4 1.057027 1.18546e-4 1.057027 0.01282978 1.056971 1.18546e-4 1.057589 0.01282978 1.056971 0.01282978 1.06102 1.18546e-4 1.057589 1.18546e-4 1.057589 0.01282978 1.06102 1.18546e-4 1.064395 0.01282978 1.06102 0.01282978 1.066588 1.18546e-4 1.064395 1.18546e-4 1.064395 0.01282978 1.066588 1.18546e-4 1.066588 0.01282978 1.066588 0.01282978 1.067713 1.18546e-4 1.066588 1.18546e-4 1.066588 0.01282978 1.067713 1.18546e-4 1.070976 0.01282978 1.067713 0.01282978 1.074125 1.18546e-4 1.070976 1.18546e-4 1.070976 0.01282978 1.074125 1.18546e-4 1.075644 0.01282978 1.074125 0.01282978 1.075644 1.18546e-4 1.075644 1.18546e-4 1.075644 0.01282978 1.075644 1.18546e-4 1.077219 0.01282978 1.075644 0.01282978 1.0802 1.18546e-4 1.077219 1.18546e-4 1.077219 0.01282978 1.0802 1.18546e-4 1.083068 1.18546e-4 1.083068 0.01282978 1.0802 1.18546e-4 1.084024 0.01282978 1.0802 0.01282978 1.084024 1.18546e-4 1.084024 0.01282978 1.084024 0.01282978 1.085937 1.18546e-4 1.084024 1.18546e-4 1.084024 0.01282978 1.085937 -1.62676e-4 1.072157 0.01282978 1.085937 -0.01287388 1.069401 -1.62676e-4 1.072157 -1.62676e-4 1.072157 -0.01287388 1.069401 -1.62676e-4 1.068894 -0.01287388 1.069401 -0.01287388 1.068894 -1.62676e-4 1.068894 -1.62676e-4 1.068894 -0.01287388 1.068894 -1.62676e-4 1.066532 -0.01287388 1.068894 -0.01287388 1.063608 -1.62676e-4 1.066532 -1.62676e-4 1.066532 -0.01287388 1.063608 -1.62676e-4 1.060514 -0.01287388 1.063608 -0.01287388 1.060514 -1.62676e-4 1.060514 -0.01287388 1.060514 -0.01287388 1.057421 -1.62676e-4 1.060514 -0.01287388 1.057421 -1.62676e-4 1.054215 -1.62676e-4 1.060514 -1.62676e-4 1.060514 -1.62676e-4 1.054215 0.001805841 1.060402 -1.62676e-4 1.054215 0.001805841 1.054102 0.001805841 1.060402 0.001805841 1.060402 0.001805841 1.054102 0.00366193 1.06012 0.00366193 1.06012 0.001805841 1.054102 0.00366193 1.053821 0.001805841 1.054102 0.001805841 1.047522 0.00366193 1.053821 0.00366193 1.053821 0.001805841 1.047522 0.00366193 1.04724 0.001805841 1.047522 0.001805841 1.04066 0.00366193 1.04724 0.00366193 1.04724 0.001805841 1.04066 0.00366193 1.040435 0.001805841 1.04066 0.001805841 1.033573 0.00366193 1.040435 0.001805841 1.033573 0.00366193 1.033404 0.00366193 1.040435 0.00366193 1.040435 0.00366193 1.033404 0.005405485 1.040041 0.005405485 1.040041 0.00366193 1.033404 0.005405485 1.033067 0.00366193 1.033404 0.00366193 1.026149 0.005405485 1.033067 0.00366193 1.026149 0.005405485 1.025924 0.005405485 1.033067 0.005405485 1.033067 0.005405485 1.025924 -0.1118643 1.025586 -0.1118643 1.025586 0.005405485 1.025924 -0.1128767 1.021143 0.005405485 1.025924 0.005405485 1.018612 -0.1128767 1.021143 0.005405485 1.018612 -0.1134954 1.018387 -0.1128767 1.021143 -0.1128767 1.021143 -0.1134954 1.018387 -0.1049462 1.014225 -0.1134954 1.018387 -0.114564 1.011075 -0.1049462 1.014225 -0.1049462 1.014225 -0.114564 1.011075 -0.1054524 1.009669 -0.114564 1.011075 -0.1146203 1.010625 -0.1054524 1.009669 -0.1054524 1.009669 -0.1146203 1.010625 -0.1057899 1.007138 -0.1146203 1.010625 -0.1151265 1.003707 -0.1057899 1.007138 -0.1057899 1.007138 -0.1151265 1.003707 0.01609194 0.999995 -0.1151265 1.003707 0.006924092 0.999995 0.01609194 0.999995 0.006924092 0.999995 -0.1151265 0.9962828 0.01609194 0.999995 0.01609194 0.999995 -0.1151265 0.9962828 -0.1057899 0.9928519 -0.1151265 0.9962828 -0.1146203 0.9893648 -0.1057899 0.9928519 -0.1146203 0.9893648 -0.1054524 0.9903209 -0.1057899 0.9928519 0.01609194 0.999995 -0.1057899 0.9928519 -0.1045525 0.999995 -0.1045525 0.999995 -0.1057899 0.9928519 -0.1042713 0.9929644 -0.1057899 0.9928519 -0.1054524 0.9903209 -0.1042713 0.9929644 -0.1042713 0.9929644 -0.1054524 0.9903209 -0.1034276 0.9859901 -0.1054524 0.9903209 -0.1049462 0.9857651 -0.1034276 0.9859901 -0.1034276 0.9859901 -0.1049462 0.9857651 -0.1020777 0.9791283 -0.1049462 0.9857651 -0.1039338 0.9808156 -0.1020777 0.9791283 -0.1039338 0.9808156 -0.1035401 0.9787908 -0.1020777 0.9791283 -0.1035401 0.9787908 -0.1016278 0.971929 -0.1020777 0.9791283 -0.1020777 0.9791283 -0.1016278 0.971929 -0.1001654 0.9723789 -0.1016278 0.971929 -0.101459 0.9714227 -0.1001654 0.9723789 -0.1001654 0.9723789 -0.101459 0.9714227 -0.0977469 0.9657983 -0.101459 0.9714227 -0.09915304 0.9651796 -0.0977469 0.9657983 -0.09915304 0.9651796 -0.09785938 0.9624798 -0.0977469 0.9657983 -0.0977469 0.9657983 -0.09785938 0.9624798 -0.09476596 0.9593864 -0.09785938 0.9624798 -0.09611582 0.9587115 -0.09476596 0.9593864 -0.09476596 0.9593864 -0.09611582 0.9587115 -0.09133505 0.9532558 -0.09611582 0.9587115 -0.09341609 0.9538745 -0.09133505 0.9532558 -0.09341609 0.9538745 -0.09262865 0.9524683 -0.09133505 0.9532558 -0.09262865 0.9524683 -0.08869153 0.9465627 -0.09133505 0.9532558 -0.09133505 0.9532558 -0.08869153 0.9465627 -0.08745414 0.9474626 -0.08869153 0.9465627 -0.08807283 0.9457752 -0.08745414 0.9474626 -0.08807283 0.9457752 -0.08312332 0.9419506 -0.08745414 0.9474626 -0.08745414 0.9474626 -0.08312332 0.9419506 -0.08604806 0.948475 -0.08604806 0.948475 -0.08312332 0.9419506 -0.08177345 0.9430755 -0.08312332 0.9419506 -0.07834255 0.9367761 -0.08177345 0.9430755 -0.07834255 0.9367761 -0.07710516 0.9380135 -0.08177345 0.9430755 -0.08177345 0.9430755 -0.07710516 0.9380135 -0.08036738 0.9442567 -0.07710516 0.9380135 -0.07581156 0.9393071 -0.08036738 0.9442567 -0.08036738 0.9442567 -0.07581156 0.9393071 -0.07890498 0.9455503 -0.07890498 0.9455503 -0.07581156 0.9393071 -0.07440543 0.9407132 -0.07581156 0.9393071 -0.07086205 0.9347513 -0.07440543 0.9407132 -0.07086205 0.9347513 -0.06956839 0.9362137 -0.07440543 0.9407132 -0.07440543 0.9407132 -0.06956839 0.9362137 -0.05140143 0.9567429 -0.06956839 0.9362137 -0.06439393 0.9321641 -0.05140143 0.9567429 -0.06439393 0.9321641 -0.04504579 0.9521309 -0.05140143 0.9567429 -0.05140143 0.9567429 -0.04504579 0.9521309 -0.04161489 0.9634923 -0.04161489 0.9634923 -0.04504579 0.9521309 -0.03902763 0.9617487 -0.03902763 0.9617487 -0.04504579 0.9521309 -0.03632789 0.9601739 -0.04504579 0.9521309 -0.03807145 0.9484187 -0.03632789 0.9601739 -0.03807145 0.9484187 -0.03345942 0.9587677 -0.03632789 0.9601739 -0.03632789 0.9601739 -0.03345942 0.9587677 -0.03554046 0.9599488 -0.03554046 0.9599488 -0.03345942 0.9587677 -0.03340315 0.9588802 -0.03345942 0.9587677 -0.03053468 0.9575866 -0.03340315 0.9588802 -0.03053468 0.9575866 -0.03053468 0.9576991 -0.03340315 0.9588802 -0.02558517 0.9665857 -0.02558517 0.9695104 -0.02569764 0.9709728 -0.02558517 0.9695104 -0.02558517 0.9709728 -0.02569764 0.9709728 -0.02558517 0.9709728 -0.02558517 0.9724914 -0.02569764 0.9709728 -0.02558517 0.9724914 -0.02569764 0.9778346 -0.02569764 0.9709728 -0.02901607 0.9571929 -0.02215427 0.9555618 -0.02164804 0.9667544 -0.02215427 0.9555618 -0.01562988 0.9661357 -0.02164804 0.9667544 -0.02569764 0.984359 -0.02924108 0.9823904 -0.02569764 0.9783408 -0.02924108 0.9823904 -0.02924108 0.9787908 -0.02569764 0.9783408 -0.02569764 0.9783408 -0.02924108 0.9787908 -0.02924108 0.9782283 -0.02924108 0.9787908 -0.02176052 0.9691167 -0.02924108 0.9782283 -0.02924108 0.9741787 -0.02924108 0.9782283 -0.02581018 0.9702978 -0.02924108 0.9782283 -0.02176052 0.9691167 -0.02581018 0.9702978 -0.02176052 0.9691167 -0.02575391 0.9704104 -0.02581018 0.9702978 -0.02575391 0.9704104 -0.02963477 0.9720977 -0.02581018 0.9702978 -0.02581018 0.9702978 -0.02963477 0.9720977 -0.02969104 0.9719852 -0.02969104 0.9719852 -0.02963477 0.9720977 -0.03323441 0.9742349 -0.02963477 0.9720977 -0.03317821 0.9743475 -0.03323441 0.9742349 -0.03323441 0.9742349 -0.03317821 0.9743475 -0.0363841 0.9769909 -0.03317821 0.9743475 -0.03632789 0.9771034 -0.0363841 0.9769909 -0.0363841 0.9769909 -0.03632789 0.9771034 -0.03919637 0.9800844 -0.03632789 0.9771034 -0.02929729 0.9863838 -0.03919637 0.9800844 -0.02929729 0.9863838 -0.03081589 0.9881836 -0.03919637 0.9800844 -0.03919637 0.9800844 -0.03081589 0.9881836 -0.04161489 0.9835153 -0.04161489 0.9835153 -0.03081589 0.9881836 -0.03216576 0.9901522 -0.03081589 0.9881836 -0.03075969 0.9882399 -0.03216576 0.9901522 -0.03075969 0.9882399 -0.03205329 0.9902084 -0.03216576 0.9901522 -0.03216576 0.9901522 -0.03205329 0.9902084 -0.03323441 0.9922895 -0.03323441 0.9922895 -0.03205329 0.9902084 -0.03312194 0.9923457 -0.03205329 0.9902084 -0.03199708 0.9902647 -0.03312194 0.9923457 -0.03199708 0.9902647 -0.03300946 0.9923457 -0.03312194 0.9923457 -0.03312194 0.9923457 -0.03300946 0.9923457 -0.03390938 0.9945393 -0.03390938 0.9945393 -0.03300946 0.9923457 -0.0337969 0.9945955 -0.03300946 0.9923457 -0.0329532 0.992402 -0.0337969 0.9945955 -0.0337969 0.9945955 -0.0329532 0.992402 -0.03374063 0.9945955 -0.0329532 0.992402 -0.03126585 0.9931331 -0.03374063 0.9945955 -0.03374063 0.9945955 -0.03126585 0.9931331 -0.03194081 0.9951017 -0.03126585 0.9931331 -0.03188455 0.995158 -0.03194081 0.9951017 -0.03188455 0.995158 -0.0323345 0.9971827 -0.03194081 0.9951017 -0.03194081 0.9951017 -0.0323345 0.9971827 -0.03244704 0.9971827 -0.0323345 0.9971827 -0.03255951 0.99932 -0.03244704 0.9971827 -0.03244704 0.9971827 -0.03255951 0.99932 -0.03261572 0.99932 -0.03261572 0.99932 -0.03255951 0.99932 -0.03250324 1.001401 -0.03255951 0.99932 -0.03239077 1.001401 -0.03250324 1.001401 -0.03250324 1.001401 -0.03239077 1.001401 -0.03210955 1.003482 -0.03239077 1.001401 -0.03199708 1.003426 -0.03210955 1.003482 -0.03199708 1.003426 -0.03149086 1.005451 -0.03210955 1.003482 -0.03210955 1.003482 -0.03149086 1.005451 -0.03154706 1.005507 -0.03154706 1.005507 -0.03149086 1.005451 -0.03070342 1.007363 -0.02153557 1.003707 -0.03070342 1.007363 -0.02226674 1.001907 -0.03070342 1.007363 -0.03149086 1.005451 -0.02226674 1.001907 -0.03149086 1.005451 -0.03199708 1.003426 -0.02226674 1.001907 -0.03199708 1.003426 -0.0323345 1.001401 -0.02226674 1.001907 -0.02226674 1.001907 -0.0323345 1.001401 -0.02254796 0.999995 -0.0323345 1.001401 -0.0323345 0.99932 -0.02254796 0.999995 -0.0323345 0.99932 -0.03216576 0.997239 -0.02254796 0.999995 -0.02254796 0.999995 -0.03216576 0.997239 -0.02226674 0.9980826 -0.03216576 0.997239 -0.0316596 0.9952142 -0.02226674 0.9980826 -0.0316596 0.9952142 -0.03098464 0.9932456 -0.02226674 0.9980826 -0.02226674 0.9980826 -0.03098464 0.9932456 -0.02153557 0.9962828 -0.03098464 0.9932456 -0.03002852 0.9913896 -0.02153557 0.9962828 -0.03002852 0.9913896 -0.0289036 0.989646 -0.02153557 0.9962828 -0.02153557 0.9962828 -0.0289036 0.989646 -0.02035444 0.9947642 -0.0289036 0.989646 -0.02755373 0.9880712 -0.02035444 0.9947642 -0.02755373 0.9880712 -0.02603513 0.986665 -0.02035444 0.9947642 -0.02035444 0.9947642 -0.02603513 0.986665 -0.01883584 0.9935831 -0.02603513 0.986665 -0.02434778 0.9854276 -0.01883584 0.9935831 -0.02434778 0.9854276 -0.02249175 0.9844152 -0.01883584 0.9935831 -0.02249175 0.9844152 -0.02057939 0.9836278 -0.01883584 0.9935831 -0.01883584 0.9935831 -0.02057939 0.9836278 -0.01703602 0.9928519 -0.02057939 0.9836278 -0.01855462 0.9831216 -0.01703602 0.9928519 -0.01855462 0.9831216 -0.01652979 0.9828404 -0.01703602 0.9928519 -0.01703602 0.9928519 -0.01652979 0.9828404 -0.01512372 0.9926269 -0.01652979 0.9828404 -0.01444876 0.9827842 -0.01512372 0.9926269 -0.01444876 0.9827842 -0.01236772 0.9830091 -0.01512372 0.9926269 -0.01512372 0.9926269 -0.01236772 0.9830091 -0.01321136 0.9928519 -0.01236772 0.9830091 -0.01034289 0.9834591 -0.01321136 0.9928519 -0.01034289 0.9834591 -0.008374333 0.984134 -0.01321136 0.9928519 -0.01321136 0.9928519 -0.008374333 0.984134 -0.01141154 0.9935831 -0.008374333 0.984134 -0.006518304 0.9850901 -0.01141154 0.9935831 -0.006518304 0.9850901 -0.004774689 0.9862151 -0.01141154 0.9935831 -0.01141154 0.9935831 -0.004774689 0.9862151 -0.00989294 0.9947642 -0.004774689 0.9862151 -0.003199875 0.9875649 -0.00989294 0.9947642 -0.003199875 0.9875649 -0.001793742 0.9890835 -0.00989294 0.9947642 -0.00989294 0.9947642 -0.001793742 0.9890835 -0.008711814 0.9962828 -0.001793742 0.9890835 -5.56387e-4 0.9907709 -0.008711814 0.9962828 -5.56387e-4 0.9907709 4.56013e-4 0.9926269 -0.008711814 0.9962828 -0.008711814 0.9962828 4.56013e-4 0.9926269 -0.007980644 0.9980826 4.56013e-4 0.9926269 0.001243412 0.9945393 -0.007980644 0.9980826 0.001243412 0.9945393 0.001749634 0.996564 -0.007980644 0.9980826 -0.007980644 0.9980826 0.001749634 0.996564 -0.007699429 0.999995 0.001749634 0.996564 0.002087056 0.9985889 -0.007699429 0.999995 0.002087056 0.9985889 0.002087056 1.00067 -0.007699429 0.999995 0.002087056 1.00067 0.001918315 1.002751 -0.007699429 0.999995 -0.007699429 0.999995 0.001918315 1.002751 -0.007980644 1.001907 0.001918315 1.002751 0.001412153 1.004776 -0.007980644 1.001907 0.001412153 1.004776 7.37235e-4 1.006744 -0.007980644 1.001907 -0.007980644 1.001907 7.37235e-4 1.006744 -0.008711814 1.003707 7.37235e-4 1.006744 -2.1892e-4 1.0086 -0.008711814 1.003707 -2.1892e-4 1.0086 -0.001343786 1.010344 -0.008711814 1.003707 -0.008711814 1.003707 -0.001343786 1.010344 -0.00989294 1.005226 -0.00989294 1.005226 -0.001343786 1.010344 -0.002693653 1.011919 -0.002693653 1.011919 -0.001343786 1.010344 -0.002637386 1.012031 -0.001343786 1.010344 -0.001287519 1.0104 -0.002637386 1.012031 -0.002637386 1.012031 -0.001287519 1.0104 -0.002524912 1.012088 -0.001287519 1.0104 -0.001175045 1.010456 -0.002524912 1.012088 -0.002524912 1.012088 -0.001175045 1.010456 -0.002468705 1.012144 -0.001175045 1.010456 -0.001118779 1.010513 -0.002468705 1.012144 -0.002468705 1.012144 -0.001118779 1.010513 3.43524e-4 1.011638 -0.001118779 1.010513 0.001637101 1.009669 3.43524e-4 1.011638 3.43524e-4 1.011638 0.001637101 1.009669 0.001749634 1.009725 0.001637101 1.009669 0.002762019 1.007644 0.001749634 1.009725 0.001749634 1.009725 0.002762019 1.007644 0.002874493 1.007644 0.002762019 1.007644 0.00366193 1.005451 0.002874493 1.007644 0.002874493 1.007644 0.00366193 1.005451 0.003774404 1.005451 0.003774404 1.005451 0.00366193 1.005451 0.004280626 1.003145 0.00366193 1.005451 0.004168152 1.003145 0.004280626 1.003145 0.004168152 1.003145 0.004505574 1.000782 0.004280626 1.003145 0.004280626 1.003145 0.004505574 1.000782 0.01597946 1.002751 0.004505574 1.000782 0.01609194 0.9985889 0.01597946 1.002751 0.01597946 1.002751 0.01609194 0.9985889 0.01609194 1.002807 0.01609194 1.002807 0.01609194 0.9985889 0.01620447 0.9985889 0.01609194 0.9985889 0.01558578 0.994483 0.01620447 0.9985889 0.01558578 0.994483 0.01575452 0.9944267 0.01620447 0.9985889 0.01620447 0.9985889 0.01575452 0.9944267 0.01631695 0.9985889 0.01575452 0.9944267 0.01586699 0.9944267 0.01631695 0.9985889 0.01631695 0.9985889 0.01586699 0.9944267 0.01642942 0.9985889 0.01642942 0.9985889 0.01586699 0.9944267 0.0159232 0.9944267 0.01586699 0.9944267 0.01479834 0.9903209 0.0159232 0.9944267 0.0159232 0.9944267 0.01479834 0.9903209 0.01491081 0.9903209 0.01479834 0.9903209 0.01327973 0.98644 0.01491081 0.9903209 0.01327973 0.98644 0.013336 0.9863838 0.01491081 0.9903209 -0.02924108 0.9902647 0.01491081 0.9903209 -0.02924108 0.9897584 0.01491081 0.9903209 0.013336 0.9863838 -0.02924108 0.9897584 0.013336 0.9863838 -0.02924108 0.9863838 -0.02924108 0.9897584 -0.02924108 0.9897584 -0.02924108 0.9863838 -0.02569764 0.9835153 -0.02924108 0.9863838 -0.02924108 0.9846402 -0.02569764 0.9835153 -0.02924108 0.9846402 -0.02924108 0.9826716 -0.02569764 0.9835153 -0.02924108 0.9826716 -0.02569764 0.9784533 -0.02569764 0.9835153 0.01446086 0.9835153 0.01102995 0.9784533 0.02126646 0.97356 0.01102995 0.9784533 0.01671063 0.9681606 0.02126646 0.97356 -0.02569764 1.0167 -0.02558517 0.9699041 -0.02569764 0.97356 -0.02558517 0.9699041 -0.02558517 0.9723227 -0.02569764 0.97356 -0.02558517 0.9723227 -0.02558517 0.97356 -0.02569764 0.97356 -0.02569764 0.97356 -0.02558517 0.97356 -0.02558517 0.9748536 0.02126646 0.97356 0.02227884 0.9747974 0.02216637 0.9748536 0.02227884 0.9747974 0.02396619 0.9774409 0.02216637 0.9748536 0.02216637 0.9748536 0.02396619 0.9774409 0.02385371 0.9774972 0.02385371 0.9774972 0.02396619 0.9774409 0.02497857 0.9795782 0.02497857 0.9795782 0.02396619 0.9774409 0.02542853 0.9802531 0.02396619 0.9774409 0.0316717 0.9684418 0.02542853 0.9802531 0.0316717 0.9684418 0.03560882 0.9752474 0.02542853 0.9802531 0.02542853 0.9802531 0.03560882 0.9752474 0.02672219 0.9831216 0.02672219 0.9831216 0.03560882 0.9752474 0.02779084 0.9860463 0.02863448 0.9890835 0.02779084 0.9860463 0.0385335 0.9825592 0.02779084 0.9860463 0.03560882 0.9752474 0.0385335 0.9825592 0.03560882 0.9752474 0.06232494 0.9679356 0.0385335 0.9825592 0.06232494 0.9679356 0.06463098 0.9740663 0.0385335 0.9825592 0.06463098 0.9740663 0.0664308 0.9804219 0.0385335 0.9825592 0.0385335 0.9825592 0.0664308 0.9804219 0.04044586 0.9902084 0.0664308 0.9804219 0.06772446 0.98689 0.04044586 0.9902084 0.06772446 0.98689 0.06845563 0.9934144 0.04044586 0.9902084 0.04044586 0.9902084 0.06845563 0.9934144 0.0412895 0.9980264 0.06845563 0.9934144 0.06873685 0.999995 0.0412895 0.9980264 0.0412895 0.9980264 0.06873685 0.999995 0.04100829 1.005901 0.06873685 0.999995 0.06845563 1.006576 0.04100829 1.005901 0.04100829 1.005901 0.06845563 1.006576 0.06772446 1.0131 0.06845563 1.006576 0.06963676 1.013437 0.06772446 1.0131 0.06963676 1.013437 0.06828689 1.020018 0.06772446 1.0131 0.06772446 1.0131 0.06828689 1.020018 0.0664308 1.019568 0.0664308 1.019568 0.06828689 1.020018 0.06648707 1.026542 0.06828689 1.020018 0.06828689 1.027105 0.06648707 1.026542 0.06828689 1.027105 0.06586837 1.033573 0.06648707 1.026542 0.06648707 1.026542 0.06586837 1.033573 0.06418102 1.032842 0.06418102 1.032842 0.06586837 1.033573 0.0629999 1.039816 0.06586837 1.033573 0.06451851 1.040603 0.0629999 1.039816 0.0629999 1.039816 0.06451851 1.040603 0.0610876 1.046734 0.06451851 1.040603 0.06553089 1.041897 0.0610876 1.046734 0.06553089 1.041897 0.0623812 1.047522 0.0610876 1.046734 0.0623812 1.047522 0.06058138 1.050221 0.0610876 1.046734 0.0610876 1.046734 0.06058138 1.050221 0.05720669 1.052584 0.06058138 1.050221 0.05844408 1.053427 0.05720669 1.052584 0.05720669 1.052584 0.05844408 1.053427 0.05287587 1.058096 0.05844408 1.053427 0.05484443 1.057983 0.05287587 1.058096 0.05484443 1.057983 0.05400079 1.059052 0.05287587 1.058096 0.05400079 1.059052 0.04916375 1.064282 0.05287587 1.058096 0.05287587 1.058096 0.04916375 1.064282 0.0480951 1.063214 0.0480951 1.063214 0.04916375 1.064282 0.04826384 1.065126 0.04916375 1.064282 0.05467569 1.07165 0.04826384 1.065126 0.05467569 1.07165 0.05366331 1.072719 0.04826384 1.065126 0.04826384 1.065126 0.05366331 1.072719 0.04393303 1.069119 0.05366331 1.072719 0.0480951 1.077556 0.04393303 1.069119 0.04393303 1.069119 0.0480951 1.077556 0.04100829 1.071482 0.0480951 1.077556 0.04663276 1.078681 0.04100829 1.071482 0.04100829 1.071482 0.04663276 1.078681 0.03830856 1.073563 0.03830856 1.073563 0.04663276 1.078681 0.04218941 1.082056 0.04663276 1.078681 -0.005393385 0.9511185 0.04218941 1.082056 -0.005393385 0.9511185 -0.005393385 0.9570804 0.04218941 1.082056 0.04218941 1.082056 -0.005393385 0.9570804 0.03791481 1.084812 0.03600251 1.086049 0.03791481 1.084812 -0.005393385 0.9633798 0.03791481 1.084812 -0.005393385 0.9570804 -0.005393385 0.9633798 -0.005393385 0.9570804 -0.003706037 0.9629299 -0.005393385 0.9633798 -0.005393385 0.9633798 -0.003706037 0.9629299 -0.003706037 0.9695667 -0.003706037 0.9629299 -0.001793742 0.9692854 -0.003706037 0.9695667 -0.001793742 0.9692854 -0.001793742 0.9762035 -0.003706037 0.9695667 -0.003706037 0.9695667 -0.001793742 0.9762035 -0.003706037 0.9764285 -0.001793742 0.9762035 -0.001793742 0.9833466 -0.003706037 0.9764285 -0.003706037 0.9764285 -0.001793742 0.9833466 -0.003706037 0.9835153 -0.001793742 0.9833466 -0.001793742 0.9906584 -0.003706037 0.9835153 -0.003706037 0.9835153 -0.001793742 0.9906584 -0.003706037 0.9907709 -0.003706037 0.9907709 -0.001793742 0.9906584 -0.001793742 0.9980826 -0.001793742 0.9906584 1.18546e-4 0.9936956 -0.001793742 0.9980826 1.18546e-4 0.9936956 1.18546e-4 0.9980826 -0.001793742 0.9980826 -0.001793742 0.9980826 1.18546e-4 0.9980826 -0.001793742 1.005619 1.18546e-4 0.9980826 1.18546e-4 1.004382 -0.001793742 1.005619 1.18546e-4 1.004382 1.18546e-4 1.005619 -0.001793742 1.005619 1.18546e-4 1.005619 1.18546e-4 1.013212 -0.001793742 1.005619 -0.001793742 1.005619 1.18546e-4 1.013212 -0.001793742 1.013212 1.18546e-4 1.013212 1.18546e-4 1.015125 -0.001793742 1.013212 -0.001793742 1.013212 1.18546e-4 1.015125 -0.001793742 1.020805 1.18546e-4 1.015125 1.18546e-4 1.020805 -0.001793742 1.020805 -0.001793742 1.020805 1.18546e-4 1.020805 -0.001793742 1.028398 1.18546e-4 1.020805 1.18546e-4 1.025867 -0.001793742 1.028398 1.18546e-4 1.025867 1.18546e-4 1.028398 -0.001793742 1.028398 1.18546e-4 1.028398 1.18546e-4 1.035935 -0.001793742 1.028398 -0.001793742 1.028398 1.18546e-4 1.035935 -0.001793742 1.035879 1.18546e-4 1.035935 1.18546e-4 1.036554 -0.001793742 1.035879 -0.001793742 1.035879 1.18546e-4 1.036554 -0.001793742 1.043247 1.18546e-4 1.036554 1.18546e-4 1.043303 -0.001793742 1.043247 1.18546e-4 1.043303 1.18546e-4 1.046903 -0.001793742 1.043247 -0.001793742 1.043247 1.18546e-4 1.046903 -0.001793742 1.050503 1.18546e-4 1.046903 1.18546e-4 1.050559 -0.001793742 1.050503 1.18546e-4 1.050559 1.18546e-4 1.057027 -0.001793742 1.050503 -0.001793742 1.050503 1.18546e-4 1.057027 -0.001793742 1.057533 1.18546e-4 1.057027 1.18546e-4 1.057589 -0.001793742 1.057533 1.18546e-4 1.057589 1.18546e-4 1.064395 -0.001793742 1.057533 -0.001793742 1.057533 1.18546e-4 1.064395 -0.001793742 1.064339 1.18546e-4 1.064395 1.18546e-4 1.066588 -0.001793742 1.064339 -0.001793742 1.064339 1.18546e-4 1.066588 -0.001793742 1.070863 1.18546e-4 1.066588 1.18546e-4 1.070976 -0.001793742 1.070863 -0.001793742 1.070863 1.18546e-4 1.070976 -0.001793742 1.077106 1.18546e-4 1.070976 1.18546e-4 1.075644 -0.001793742 1.077106 1.18546e-4 1.075644 1.18546e-4 1.077219 -0.001793742 1.077106 1.18546e-4 1.077219 1.18546e-4 1.083068 -0.001793742 1.077106 -0.001793742 1.077106 1.18546e-4 1.083068 -0.001793742 1.082956 1.18546e-4 1.083068 1.18546e-4 1.084024 -0.001793742 1.082956 -0.001793742 1.082956 1.18546e-4 1.084024 0.001805841 1.072044 1.18546e-4 1.084024 -1.62676e-4 1.072157 0.001805841 1.072044 0.001805841 1.072044 -1.62676e-4 1.072157 0.001805841 1.06642 -1.62676e-4 1.072157 -1.62676e-4 1.068894 0.001805841 1.06642 -1.62676e-4 1.068894 -1.62676e-4 1.066532 0.001805841 1.06642 -1.62676e-4 1.066532 -1.62676e-4 1.060514 0.001805841 1.06642 -1.62676e-4 1.060514 0.001805841 1.060402 0.001805841 1.06642 0.001805841 1.06642 0.001805841 1.060402 0.00366193 1.066026 0.001805841 1.060402 0.00366193 1.06012 0.00366193 1.066026 0.00366193 1.066026 0.00366193 1.06012 0.005405485 1.065464 0.005405485 1.065464 0.00366193 1.06012 0.005405485 1.059558 0.00366193 1.06012 0.00366193 1.053821 0.005405485 1.059558 0.005405485 1.059558 0.00366193 1.053821 0.005405485 1.053315 0.00366193 1.053821 0.00366193 1.04724 0.005405485 1.053315 0.005405485 1.053315 0.00366193 1.04724 0.005405485 1.046847 0.00366193 1.04724 0.00366193 1.040435 0.005405485 1.046847 0.00366193 1.040435 0.005405485 1.040041 0.005405485 1.046847 0.005405485 1.046847 0.005405485 1.040041 -0.1061836 1.041335 -0.1061836 1.041335 0.005405485 1.040041 -0.1070272 1.039591 0.005405485 1.040041 0.005405485 1.033067 -0.1070272 1.039591 -0.1070272 1.039591 0.005405485 1.033067 -0.109727 1.032673 -0.109727 1.032673 0.005405485 1.033067 -0.1101207 1.031436 0.005405485 1.033067 -0.1118643 1.025586 -0.1101207 1.031436 -0.1101207 1.031436 -0.1118643 1.025586 -0.1016278 1.028117 -0.1016278 1.028117 -0.1118643 1.025586 -0.1035401 1.021199 -0.1118643 1.025586 -0.1128767 1.021143 -0.1035401 1.021199 -0.1035401 1.021199 -0.1128767 1.021143 -0.1039338 1.019231 -0.1128767 1.021143 -0.1049462 1.014225 -0.1039338 1.019231 -0.1039338 1.019231 -0.1049462 1.014225 -0.1034276 1.014 -0.1034276 1.014 -0.1049462 1.014225 -0.1042713 1.007025 -0.1049462 1.014225 -0.1054524 1.009669 -0.1042713 1.007025 -0.1054524 1.009669 -0.1057899 1.007138 -0.1042713 1.007025 -0.1057899 1.007138 0.01609194 0.999995 -0.1042713 1.007025 0.01609194 0.999995 -0.1045525 0.999995 -0.1042713 1.007025 -0.1042713 1.007025 -0.1045525 0.999995 -0.1025277 1.006857 -0.1025277 1.006857 -0.1045525 0.999995 -0.1028089 0.999995 -0.1045525 0.999995 -0.1042713 0.9929644 -0.1028089 0.999995 -0.1028089 0.999995 -0.1042713 0.9929644 -0.1025277 0.9931331 -0.1042713 0.9929644 -0.1034276 0.9859901 -0.1025277 0.9931331 -0.1025277 0.9931331 -0.1034276 0.9859901 -0.1017403 0.9862713 -0.1034276 0.9859901 -0.1020777 0.9791283 -0.1017403 0.9862713 -0.1017403 0.9862713 -0.1020777 0.9791283 -0.1003904 0.9795219 -0.1020777 0.9791283 -0.1001654 0.9723789 -0.1003904 0.9795219 -0.1003904 0.9795219 -0.1001654 0.9723789 -0.09853434 0.9728851 -0.1001654 0.9723789 -0.0977469 0.9657983 -0.09853434 0.9728851 -0.09853434 0.9728851 -0.0977469 0.9657983 -0.09611582 0.966417 -0.0977469 0.9657983 -0.09476596 0.9593864 -0.09611582 0.966417 -0.09611582 0.966417 -0.09476596 0.9593864 -0.09324735 0.9601739 -0.09476596 0.9593864 -0.09133505 0.9532558 -0.09324735 0.9601739 -0.09324735 0.9601739 -0.09133505 0.9532558 -0.08987265 0.9542119 -0.09133505 0.9532558 -0.08745414 0.9474626 -0.08987265 0.9542119 -0.08745414 0.9474626 -0.08604806 0.948475 -0.08987265 0.9542119 -0.08987265 0.9542119 -0.08604806 0.948475 -0.08829784 0.9551681 -0.08829784 0.9551681 -0.08604806 0.948475 -0.08452945 0.9495436 -0.08604806 0.948475 -0.08177345 0.9430755 -0.08452945 0.9495436 -0.08177345 0.9430755 -0.08036738 0.9442567 -0.08452945 0.9495436 -0.08452945 0.9495436 -0.08036738 0.9442567 -0.08295458 0.9507247 -0.08036738 0.9442567 -0.07890498 0.9455503 -0.08295458 0.9507247 -0.08295458 0.9507247 -0.07890498 0.9455503 -0.05708211 0.9622549 -0.07890498 0.9455503 -0.07440543 0.9407132 -0.05708211 0.9622549 -0.07440543 0.9407132 -0.05140143 0.9567429 -0.05708211 0.9622549 -0.05708211 0.9622549 -0.05140143 0.9567429 -0.04645192 0.9675419 -0.04645192 0.9675419 -0.05140143 0.9567429 -0.04414588 0.9654608 -0.05140143 0.9567429 -0.04161489 0.9634923 -0.04414588 0.9654608 -0.04414588 0.9654608 -0.04161489 0.9634923 -0.0440334 0.9655171 -0.0440334 0.9655171 -0.04161489 0.9634923 -0.04155862 0.9636048 -0.04161489 0.9634923 -0.03902763 0.9617487 -0.04155862 0.9636048 -0.04155862 0.9636048 -0.03902763 0.9617487 -0.03897136 0.9618611 -0.03902763 0.9617487 -0.03632789 0.9601739 -0.03897136 0.9618611 -0.03897136 0.9618611 -0.03632789 0.9601739 -0.03627163 0.9602863 -0.03632789 0.9601739 -0.03554046 0.9599488 -0.03627163 0.9602863 -0.02558517 0.9637735 -0.02558517 0.9644485 -0.02569764 0.9644485 -0.02558517 0.9644485 -0.02558517 0.9665857 -0.02569764 0.9644485 -0.02558517 0.9665857 -0.02569764 0.9709728 -0.02569764 0.9644485 -0.03554046 0.9598926 -0.02901607 0.9571929 -0.02749747 0.9684418 -0.02901607 0.9571929 -0.02164804 0.9667544 -0.02749747 0.9684418 -0.02569764 0.9783408 -0.02924108 0.9782283 -0.02569764 0.9724914 -0.02924108 0.9782283 -0.02924108 0.9741787 -0.02569764 0.9724914 -0.02569764 0.9724914 -0.02924108 0.9741787 -0.02924108 0.973335 -0.02924108 0.9741787 -0.02581018 0.9702978 -0.02924108 0.973335 -0.02581018 0.9702978 -0.02969104 0.9719852 -0.02924108 0.973335 -0.02924108 0.973335 -0.02969104 0.9719852 -0.02924108 0.9702978 -0.02924108 0.9702978 -0.02969104 0.9719852 -0.02924108 0.9682731 -0.02924108 0.9682731 -0.02969104 0.9719852 -0.03329068 0.9741787 -0.02969104 0.9719852 -0.03323441 0.9742349 -0.03329068 0.9741787 -0.03329068 0.9741787 -0.03323441 0.9742349 -0.03649663 0.9768785 -0.03323441 0.9742349 -0.0363841 0.9769909 -0.03649663 0.9768785 -0.03649663 0.9768785 -0.0363841 0.9769909 -0.03930884 0.9800282 -0.0363841 0.9769909 -0.03919637 0.9800844 -0.03930884 0.9800282 -0.03919637 0.9800844 -0.04161489 0.9835153 -0.03930884 0.9800282 -0.03930884 0.9800282 -0.04161489 0.9835153 -0.04172736 0.9834029 -0.04172736 0.9834029 -0.04161489 0.9835153 -0.04358345 0.9871712 -0.04161489 0.9835153 -0.03216576 0.9901522 -0.04358345 0.9871712 -0.03216576 0.9901522 -0.03323441 0.9922895 -0.04358345 0.9871712 -0.04358345 0.9871712 -0.03323441 0.9922895 -0.04504579 0.9911083 -0.04504579 0.9911083 -0.03323441 0.9922895 -0.03402185 0.9945393 -0.03323441 0.9922895 -0.03312194 0.9923457 -0.03402185 0.9945393 -0.03312194 0.9923457 -0.03390938 0.9945393 -0.03402185 0.9945393 -0.03402185 0.9945393 -0.03390938 0.9945393 -0.03452807 0.9968453 -0.03452807 0.9968453 -0.03390938 0.9945393 -0.03441554 0.9968453 -0.03390938 0.9945393 -0.0337969 0.9945955 -0.03441554 0.9968453 -0.03441554 0.9968453 -0.0337969 0.9945955 -0.03430306 0.9969015 -0.0337969 0.9945955 -0.03374063 0.9945955 -0.03430306 0.9969015 -0.03430306 0.9969015 -0.03374063 0.9945955 -0.03424686 0.9969015 -0.03374063 0.9945955 -0.03194081 0.9951017 -0.03424686 0.9969015 -0.03194081 0.9951017 -0.03244704 0.9971827 -0.03424686 0.9969015 -0.03424686 0.9969015 -0.03244704 0.9971827 -0.0344718 0.9992076 -0.03244704 0.9971827 -0.03261572 0.99932 -0.0344718 0.9992076 -0.0344718 0.9992076 -0.03261572 0.99932 -0.03441554 1.00157 -0.03441554 1.00157 -0.03261572 0.99932 -0.03261572 1.001401 -0.03261572 0.99932 -0.03250324 1.001401 -0.03261572 1.001401 -0.03261572 1.001401 -0.03250324 1.001401 -0.03222203 1.003482 -0.03250324 1.001401 -0.03210955 1.003482 -0.03222203 1.003482 -0.03210955 1.003482 -0.03154706 1.005507 -0.03222203 1.003482 -0.03222203 1.003482 -0.03154706 1.005507 -0.0316596 1.005507 -0.0316596 1.005507 -0.03154706 1.005507 -0.03081589 1.007419 -0.03154706 1.005507 -0.03070342 1.007363 -0.03081589 1.007419 -0.03081589 1.007419 -0.03070342 1.007363 -0.02969104 1.009219 -0.03070342 1.007363 -0.02153557 1.003707 -0.02969104 1.009219 -0.02969104 1.009219 -0.02153557 1.003707 -0.02845364 1.010906 -0.02153557 1.003707 -0.02035444 1.005226 -0.02845364 1.010906 -0.02845364 1.010906 -0.02035444 1.005226 -0.02704751 1.012425 -0.02704751 1.012425 -0.02035444 1.005226 -0.0254727 1.013775 -0.02035444 1.005226 -0.01883584 1.006407 -0.0254727 1.013775 -0.0254727 1.013775 -0.01883584 1.006407 -0.02372908 1.014956 -0.02372908 1.014956 -0.01883584 1.006407 -0.02187305 1.015856 -0.01883584 1.006407 -0.01703602 1.007138 -0.02187305 1.015856 -0.02187305 1.015856 -0.01703602 1.007138 -0.01990449 1.016587 -0.01990449 1.016587 -0.01703602 1.007138 -0.01787966 1.017037 -0.01703602 1.007138 -0.01512372 1.007419 -0.01787966 1.017037 -0.01787966 1.017037 -0.01512372 1.007419 -0.01579862 1.017206 -0.01579862 1.017206 -0.01512372 1.007419 -0.01371759 1.017206 -0.01512372 1.007419 -0.01321136 1.007138 -0.01371759 1.017206 -0.01371759 1.017206 -0.01321136 1.007138 -0.01169276 1.016868 -0.01169276 1.016868 -0.01321136 1.007138 -0.009667992 1.016362 -0.01321136 1.007138 -0.01141154 1.006407 -0.009667992 1.016362 -0.009667992 1.016362 -0.01141154 1.006407 -0.007755637 1.015575 -0.007755637 1.015575 -0.01141154 1.006407 -0.005899608 1.014562 -0.005899608 1.014562 -0.01141154 1.006407 -0.00421226 1.013381 -0.01141154 1.006407 -0.00989294 1.005226 -0.00421226 1.013381 -0.00989294 1.005226 -0.002693653 1.011919 -0.00421226 1.013381 -0.00421226 1.013381 -0.002693653 1.011919 -0.004155993 1.013437 -0.002693653 1.011919 -0.002637386 1.012031 -0.004155993 1.013437 -0.004155993 1.013437 -0.002637386 1.012031 -0.004099786 1.013494 -0.002637386 1.012031 -0.002524912 1.012088 -0.004099786 1.013494 -0.004099786 1.013494 -0.002524912 1.012088 -0.004043519 1.013606 -0.002524912 1.012088 -0.002468705 1.012144 -0.004043519 1.013606 -0.004043519 1.013606 -0.002468705 1.012144 -0.001175045 1.013437 -0.002468705 1.012144 3.43524e-4 1.011638 -0.001175045 1.013437 -0.001175045 1.013437 3.43524e-4 1.011638 4.56013e-4 1.011694 3.43524e-4 1.011638 0.001749634 1.009725 4.56013e-4 1.011694 4.56013e-4 1.011694 0.001749634 1.009725 0.001805841 1.009781 0.001749634 1.009725 0.002874493 1.007644 0.001805841 1.009781 0.001805841 1.009781 0.002874493 1.007644 0.002986967 1.0077 0.002874493 1.007644 0.003774404 1.005451 0.002986967 1.0077 0.002986967 1.0077 0.003774404 1.005451 0.01530456 1.006913 0.003774404 1.005451 0.004280626 1.003145 0.01530456 1.006913 0.004280626 1.003145 0.01597946 1.002751 0.01530456 1.006913 0.01530456 1.006913 0.01597946 1.002751 0.01547324 1.006913 0.01597946 1.002751 0.01609194 1.002807 0.01547324 1.006913 0.01547324 1.006913 0.01609194 1.002807 0.01558578 1.006969 0.01558578 1.006969 0.01609194 1.002807 0.01620447 1.002807 0.01609194 1.002807 0.01620447 0.9985889 0.01620447 1.002807 0.01620447 0.9985889 0.01631695 0.9985889 0.01620447 1.002807 0.01620447 1.002807 0.01631695 0.9985889 0.01631695 1.002807 0.01631695 0.9985889 0.01642942 0.9985889 0.01631695 1.002807 -0.02924108 1.002807 0.01631695 1.002807 -0.02924108 1.000951 0.01631695 1.002807 0.01642942 0.9985889 -0.02924108 1.000951 -0.02924108 1.000951 0.01642942 0.9985889 -0.02924108 0.9985889 -0.02924108 0.9985889 0.01642942 0.9985889 -0.02924108 0.9952704 0.01642942 0.9985889 0.0159232 0.9944267 -0.02924108 0.9952704 -0.02924108 0.9952704 0.0159232 0.9944267 -0.02924108 0.9943705 0.0159232 0.9944267 0.01491081 0.9903209 -0.02924108 0.9943705 0.01491081 0.9903209 -0.02924108 0.9902647 -0.02924108 0.9943705 -0.02924108 0.9943705 -0.02924108 0.9902647 -0.02569764 0.9890273 -0.02924108 0.9902647 -0.02924108 0.9897584 -0.02569764 0.9890273 -0.02924108 0.9897584 -0.02569764 0.9835153 -0.02569764 0.9890273 0.01693564 0.9890273 0.01446086 0.9835153 0.02497857 0.9795782 0.01446086 0.9835153 0.02126646 0.97356 0.02497857 0.9795782 -0.02569764 0.97356 -0.02558517 0.9748536 -0.02569764 0.9795782 -0.02558517 0.9748536 -0.02558517 0.9774972 -0.02569764 0.9795782 -0.02558517 0.9774972 -0.02558517 0.9795782 -0.02569764 0.9795782 -0.02569764 0.9795782 -0.02558517 0.9795782 -0.02558517 0.9802531 0.02497857 0.9795782 0.02542853 0.9802531 0.02531605 0.9802531 0.02542853 0.9802531 0.02672219 0.9831216 0.02531605 0.9802531 0.02531605 0.9802531 0.02672219 0.9831216 0.02660971 0.9831216 0.02672219 0.9831216 0.02779084 0.9860463 0.02660971 0.9831216 0.02660971 0.9831216 0.02779084 0.9860463 0.02767831 0.9861026 0.02779084 0.9860463 0.02863448 0.9890835 0.02767831 0.9861026 0.02767831 0.9861026 0.02863448 0.9890835 0.02852201 0.9891398 0.02852201 0.9891398 0.02863448 0.9890835 0.02930945 0.992177 0.02863448 0.9890835 0.0385335 0.9825592 0.02930945 0.992177 0.0385335 0.9825592 0.04044586 0.9902084 0.02930945 0.992177 0.02930945 0.992177 0.04044586 0.9902084 0.0297594 0.9952704 0.0297594 0.9952704 0.04044586 0.9902084 0.02998435 0.9984201 0.04044586 0.9902084 0.0412895 0.9980264 0.02998435 0.9984201 0.02998435 0.9984201 0.0412895 0.9980264 0.02998435 1.00157 0.02998435 1.00157 0.0412895 0.9980264 0.0297594 1.004719 0.0412895 0.9980264 0.04100829 1.005901 0.0297594 1.004719 0.0297594 1.004719 0.04100829 1.005901 0.02930945 1.007813 0.02930945 1.007813 0.04100829 1.005901 0.02863448 1.010906 0.02672219 1.016925 0.02779084 1.013944 0.03965842 1.013662 0.02779084 1.013944 0.02863448 1.010906 0.03965842 1.013662 0.02863448 1.010906 0.04100829 1.005901 0.03965842 1.013662 0.04100829 1.005901 0.06772446 1.0131 0.03965842 1.013662 0.06772446 1.0131 0.0664308 1.019568 0.03965842 1.013662 0.03965842 1.013662 0.0664308 1.019568 0.06463098 1.025924 0.0664308 1.019568 0.06648707 1.026542 0.06463098 1.025924 0.06648707 1.026542 0.06418102 1.032842 0.06463098 1.025924 0.06463098 1.025924 0.06418102 1.032842 0.06232494 1.032111 0.06232494 1.032111 0.06418102 1.032842 0.06131255 1.038972 0.06418102 1.032842 0.0629999 1.039816 0.06131255 1.038972 0.06131255 1.038972 0.0629999 1.039816 0.0596252 1.045834 0.0629999 1.039816 0.0610876 1.046734 0.0596252 1.045834 0.0610876 1.046734 0.05720669 1.052584 0.0596252 1.045834 0.0596252 1.045834 0.05720669 1.052584 0.05580061 1.051515 0.05720669 1.052584 0.05287587 1.058096 0.05580061 1.051515 0.05580061 1.051515 0.05287587 1.058096 0.05152601 1.056971 0.05287587 1.058096 0.0480951 1.063214 0.05152601 1.056971 0.05152601 1.056971 0.0480951 1.063214 0.04685771 1.061976 0.04685771 1.061976 0.0480951 1.063214 0.04292058 1.067995 0.0480951 1.063214 0.04826384 1.065126 0.04292058 1.067995 0.04826384 1.065126 0.04393303 1.069119 0.04292058 1.067995 0.04292058 1.067995 0.04393303 1.069119 0.03740864 1.072325 0.04393303 1.069119 0.04100829 1.071482 0.03740864 1.072325 0.04100829 1.071482 0.03830856 1.073563 0.03740864 1.072325 0.03740864 1.072325 0.03830856 1.073563 0.03307783 1.07705 0.03830856 1.073563 0.04218941 1.082056 0.03307783 1.07705 0.04218941 1.082056 0.03791481 1.084812 0.03307783 1.07705 0.03307783 1.07705 0.03791481 1.084812 0.03240287 1.077556 0.03791481 1.084812 0.03600251 1.086049 0.03240287 1.077556 0.03240287 1.077556 0.03600251 1.086049 0.02615976 1.081043 0.02615976 1.081043 0.03600251 1.086049 0.02947813 1.089592 0.02947813 1.089592 0.03600251 1.086049 -0.005393385 0.9699604 0.03600251 1.086049 -0.005393385 0.9633798 -0.005393385 0.9699604 -0.005393385 0.9633798 -0.003706037 0.9695667 -0.005393385 0.9699604 -0.003706037 0.9695667 -0.003706037 0.9764285 -0.005393385 0.9699604 -0.005393385 0.9699604 -0.003706037 0.9764285 -0.005393385 0.976766 -0.003706037 0.9764285 -0.003706037 0.9835153 -0.005393385 0.976766 -0.005393385 0.976766 -0.003706037 0.9835153 -0.005393385 0.9837965 -0.003706037 0.9835153 -0.003706037 0.9907709 -0.005393385 0.9837965 -0.005393385 0.9837965 -0.003706037 0.9907709 -0.005393385 0.9909958 -0.005393385 0.9909958 -0.003706037 0.9907709 -0.003706037 0.9981951 -0.003706037 0.9907709 -0.001793742 0.9980826 -0.003706037 0.9981951 -0.001793742 0.9980826 -0.001793742 1.005619 -0.003706037 0.9981951 -0.003706037 0.9981951 -0.001793742 1.005619 -0.003706037 1.005676 -0.001793742 1.005619 -0.001793742 1.013212 -0.003706037 1.005676 -0.003706037 1.005676 -0.001793742 1.013212 -0.003706037 1.013212 -0.001793742 1.013212 -0.001793742 1.020805 -0.003706037 1.013212 -0.003706037 1.013212 -0.001793742 1.020805 -0.003706037 1.020805 -0.001793742 1.020805 -0.001793742 1.028398 -0.003706037 1.020805 -0.003706037 1.020805 -0.001793742 1.028398 -0.003706037 1.028286 -0.001793742 1.028398 -0.001793742 1.035879 -0.003706037 1.028286 -0.003706037 1.028286 -0.001793742 1.035879 -0.003706037 1.035766 -0.001793742 1.035879 -0.001793742 1.043247 -0.003706037 1.035766 -0.003706037 1.035766 -0.001793742 1.043247 -0.003706037 1.043078 -0.001793742 1.043247 -0.001793742 1.050503 -0.003706037 1.043078 -0.003706037 1.043078 -0.001793742 1.050503 -0.003706037 1.050278 -0.001793742 1.050503 -0.001793742 1.057533 -0.003706037 1.050278 -0.003706037 1.050278 -0.001793742 1.057533 -0.003706037 1.057308 -0.001793742 1.057533 -0.001793742 1.064339 -0.003706037 1.057308 -0.003706037 1.057308 -0.001793742 1.064339 -0.003706037 1.064057 -0.001793742 1.064339 -0.001793742 1.070863 -0.003706037 1.064057 -0.003706037 1.064057 -0.001793742 1.070863 -0.003706037 1.070526 -0.001793742 1.070863 -0.001793742 1.077106 -0.003706037 1.070526 -0.003706037 1.070526 -0.001793742 1.077106 -0.003706037 1.076712 -0.001793742 1.077106 -0.001793742 1.082956 -0.003706037 1.076712 -0.003706037 1.076712 -0.001793742 1.082956 -0.003706037 1.082618 -0.001793742 1.082956 0.001805841 1.072044 -0.003706037 1.082618 -0.003706037 1.082618 0.001805841 1.072044 0.00366193 1.07165 0.001805841 1.072044 0.001805841 1.06642 0.00366193 1.07165 0.001805841 1.06642 0.00366193 1.066026 0.00366193 1.07165 0.00366193 1.07165 0.00366193 1.066026 0.005405485 1.070976 0.00366193 1.066026 0.005405485 1.065464 0.005405485 1.070976 -0.08857905 1.067826 0.005405485 1.070976 -0.09150379 1.06462 0.005405485 1.070976 0.005405485 1.065464 -0.09150379 1.06462 -0.09150379 1.06462 0.005405485 1.065464 -0.09544086 1.05967 0.005405485 1.065464 0.005405485 1.059558 -0.09544086 1.05967 -0.09544086 1.05967 0.005405485 1.059558 -0.09605956 1.058827 0.005405485 1.059558 0.005405485 1.053315 -0.09605956 1.058827 -0.09605956 1.058827 0.005405485 1.053315 -0.1002216 1.052696 -0.1002216 1.052696 0.005405485 1.053315 -0.1012903 1.050784 -0.1012903 1.050784 0.005405485 1.053315 -0.1038776 1.046228 0.005405485 1.053315 0.005405485 1.046847 -0.1038776 1.046228 0.005405485 1.046847 -0.1061836 1.041335 -0.1038776 1.046228 -0.1038776 1.046228 -0.1061836 1.041335 -0.09785938 1.037566 -0.09785938 1.037566 -0.1061836 1.041335 -0.09915304 1.03481 -0.1061836 1.041335 -0.1070272 1.039591 -0.09915304 1.03481 -0.1070272 1.039591 -0.109727 1.032673 -0.09915304 1.03481 -0.09915304 1.03481 -0.109727 1.032673 -0.101459 1.028567 -0.109727 1.032673 -0.1101207 1.031436 -0.101459 1.028567 -0.1101207 1.031436 -0.1016278 1.028117 -0.101459 1.028567 -0.101459 1.028567 -0.1016278 1.028117 -0.1001654 1.027611 -0.1016278 1.028117 -0.1035401 1.021199 -0.1001654 1.027611 -0.1001654 1.027611 -0.1035401 1.021199 -0.1020777 1.020862 -0.1035401 1.021199 -0.1039338 1.019231 -0.1020777 1.020862 -0.1039338 1.019231 -0.1034276 1.014 -0.1020777 1.020862 -0.1020777 1.020862 -0.1034276 1.014 -0.1003904 1.020468 -0.1003904 1.020468 -0.1034276 1.014 -0.1017403 1.013719 -0.1034276 1.014 -0.1042713 1.007025 -0.1017403 1.013719 -0.1042713 1.007025 -0.1025277 1.006857 -0.1017403 1.013719 -0.1017403 1.013719 -0.1025277 1.006857 -0.09988421 1.013437 -0.09988421 1.013437 -0.1025277 1.006857 -0.1006717 1.006744 -0.1025277 1.006857 -0.1028089 0.999995 -0.1006717 1.006744 -0.1006717 1.006744 -0.1028089 0.999995 -0.1009529 0.999995 -0.1028089 0.999995 -0.1025277 0.9931331 -0.1009529 0.999995 -0.1009529 0.999995 -0.1025277 0.9931331 -0.1006717 0.9932456 -0.1025277 0.9931331 -0.1017403 0.9862713 -0.1006717 0.9932456 -0.1006717 0.9932456 -0.1017403 0.9862713 -0.09988421 0.9865525 -0.1017403 0.9862713 -0.1003904 0.9795219 -0.09988421 0.9865525 -0.09988421 0.9865525 -0.1003904 0.9795219 -0.09853434 0.9799719 -0.1003904 0.9795219 -0.09853434 0.9728851 -0.09853434 0.9799719 -0.09853434 0.9799719 -0.09853434 0.9728851 -0.09673452 0.9735038 -0.09853434 0.9728851 -0.09611582 0.966417 -0.09673452 0.9735038 -0.09673452 0.9735038 -0.09611582 0.966417 -0.09442847 0.9671482 -0.09611582 0.966417 -0.09324735 0.9601739 -0.09442847 0.9671482 -0.09442847 0.9671482 -0.09324735 0.9601739 -0.09156 0.9610175 -0.09324735 0.9601739 -0.08987265 0.9542119 -0.09156 0.9610175 -0.08987265 0.9542119 -0.08829784 0.9551681 -0.09156 0.9610175 -0.09156 0.9610175 -0.08829784 0.9551681 -0.08981645 0.9619174 -0.08981645 0.9619174 -0.08829784 0.9551681 -0.08661049 0.9561805 -0.08829784 0.9551681 -0.08452945 0.9495436 -0.08661049 0.9561805 -0.08452945 0.9495436 -0.08295458 0.9507247 -0.08661049 0.9561805 -0.08661049 0.9561805 -0.08295458 0.9507247 -0.06191915 0.9684418 -0.08295458 0.9507247 -0.05708211 0.9622549 -0.06191915 0.9684418 -0.06191915 0.9684418 -0.05708211 0.9622549 -0.05067026 0.9722102 -0.05067026 0.9722102 -0.05708211 0.9622549 -0.04864543 0.9697917 -0.05708211 0.9622549 -0.04645192 0.9675419 -0.04864543 0.9697917 -0.04858916 0.9699041 -0.04864543 0.9697917 -0.04690188 0.9682168 -0.04864543 0.9697917 -0.04645192 0.9675419 -0.04690188 0.9682168 -0.04690188 0.9682168 -0.04645192 0.9675419 -0.04639565 0.9676544 -0.04645192 0.9675419 -0.04414588 0.9654608 -0.04639565 0.9676544 -0.04414588 0.9654608 -0.0440334 0.9655171 -0.04639565 0.9676544 -0.02558517 0.9535933 -0.02558517 0.9559555 -0.02569764 0.9584302 -0.02558517 0.9559555 -0.02558517 0.9584302 -0.02569764 0.9584302 -0.02558517 0.9584302 -0.02558517 0.9610175 -0.02569764 0.9584302 -0.02558517 0.9610175 -0.02558517 0.9637735 -0.02569764 0.9584302 -0.02558517 0.9637735 -0.02569764 0.9644485 -0.02569764 0.9584302 -0.04155862 0.9636048 -0.03554046 0.9598926 -0.0329532 0.9711977 -0.03554046 0.9598926 -0.02749747 0.9684418 -0.0329532 0.9711977 -0.02569764 0.9724914 -0.02924108 0.973335 -0.02569764 0.9670357 -0.02924108 0.973335 -0.02924108 0.9702978 -0.02569764 0.9670357 -0.02924108 0.9702978 -0.02924108 0.9682731 -0.02569764 0.9670357 -0.02569764 0.9670357 -0.02924108 0.9682731 -0.02924108 0.9666982 -0.02924108 0.9682731 -0.03329068 0.9741787 -0.02924108 0.9666982 -0.02924108 0.9666982 -0.03329068 0.9741787 -0.02924108 0.9637172 -0.02924108 0.9637172 -0.03329068 0.9741787 -0.03655284 0.9768222 -0.03329068 0.9741787 -0.03649663 0.9768785 -0.03655284 0.9768222 -0.03655284 0.9768222 -0.03649663 0.9768785 -0.03936511 0.9799719 -0.03649663 0.9768785 -0.03930884 0.9800282 -0.03936511 0.9799719 -0.03930884 0.9800282 -0.04172736 0.9834029 -0.03936511 0.9799719 -0.03936511 0.9799719 -0.04172736 0.9834029 -0.04183983 0.9833466 -0.04183983 0.9833466 -0.04172736 0.9834029 -0.04369592 0.987115 -0.04172736 0.9834029 -0.04358345 0.9871712 -0.04369592 0.987115 -0.04358345 0.9871712 -0.04504579 0.9911083 -0.04369592 0.987115 -0.04369592 0.987115 -0.04504579 0.9911083 -0.04515826 0.9910521 -0.04515826 0.9910521 -0.04504579 0.9911083 -0.0459457 0.995158 -0.04504579 0.9911083 -0.03402185 0.9945393 -0.0459457 0.995158 -0.03402185 0.9945393 -0.03452807 0.9968453 -0.0459457 0.995158 -0.0459457 0.995158 -0.03452807 0.9968453 -0.04633939 0.99932 -0.04633939 0.99932 -0.03452807 0.9968453 -0.03475302 0.9992076 -0.03452807 0.9968453 -0.03441554 0.9968453 -0.03475302 0.9992076 -0.03475302 0.9992076 -0.03441554 0.9968453 -0.03464055 0.9992076 -0.03441554 0.9968453 -0.03430306 0.9969015 -0.03464055 0.9992076 -0.03464055 0.9992076 -0.03430306 0.9969015 -0.03458428 0.9992076 -0.03430306 0.9969015 -0.03424686 0.9969015 -0.03458428 0.9992076 -0.03424686 0.9969015 -0.0344718 0.9992076 -0.03458428 0.9992076 -0.03458428 0.9992076 -0.0344718 0.9992076 -0.03452807 1.00157 -0.0344718 0.9992076 -0.03441554 1.00157 -0.03452807 1.00157 -0.03452807 1.00157 -0.03441554 1.00157 -0.03419059 1.003876 -0.03419059 1.003876 -0.03441554 1.00157 -0.03407812 1.003876 -0.03441554 1.00157 -0.03261572 1.001401 -0.03407812 1.003876 -0.03407812 1.003876 -0.03261572 1.001401 -0.03227829 1.003482 -0.03261572 1.001401 -0.03222203 1.003482 -0.03227829 1.003482 -0.03222203 1.003482 -0.0316596 1.005507 -0.03227829 1.003482 -0.03227829 1.003482 -0.0316596 1.005507 -0.03177207 1.005563 -0.03177207 1.005563 -0.0316596 1.005507 -0.03087216 1.007475 -0.0316596 1.005507 -0.03081589 1.007419 -0.03087216 1.007475 -0.03087216 1.007475 -0.03081589 1.007419 -0.02980351 1.009275 -0.03081589 1.007419 -0.02969104 1.009219 -0.02980351 1.009275 -0.02969104 1.009219 -0.02845364 1.010906 -0.02980351 1.009275 -0.02980351 1.009275 -0.02845364 1.010906 -0.02856612 1.010963 -0.02845364 1.010906 -0.02704751 1.012425 -0.02856612 1.010963 -0.02856612 1.010963 -0.02704751 1.012425 -0.02716004 1.012481 -0.02704751 1.012425 -0.0254727 1.013775 -0.02716004 1.012481 -0.02716004 1.012481 -0.0254727 1.013775 -0.0255289 1.013887 -0.0254727 1.013775 -0.02372908 1.014956 -0.0255289 1.013887 -0.0255289 1.013887 -0.02372908 1.014956 -0.02378535 1.015012 -0.02372908 1.014956 -0.02187305 1.015856 -0.02378535 1.015012 -0.02378535 1.015012 -0.02187305 1.015856 -0.02192926 1.015968 -0.02187305 1.015856 -0.01990449 1.016587 -0.02192926 1.015968 -0.02192926 1.015968 -0.01990449 1.016587 -0.0199607 1.016643 -0.01990449 1.016587 -0.01787966 1.017037 -0.0199607 1.016643 -0.0199607 1.016643 -0.01787966 1.017037 -0.01787966 1.017093 -0.01787966 1.017037 -0.01579862 1.017206 -0.01787966 1.017093 -0.01787966 1.017093 -0.01579862 1.017206 -0.01579862 1.017318 -0.01579862 1.017206 -0.01371759 1.017206 -0.01579862 1.017318 -0.01579862 1.017318 -0.01371759 1.017206 -0.01371759 1.017262 -0.01371759 1.017206 -0.01169276 1.016868 -0.01371759 1.017262 -0.01371759 1.017262 -0.01169276 1.016868 -0.01163655 1.016981 -0.01169276 1.016868 -0.009667992 1.016362 -0.01163655 1.016981 -0.01163655 1.016981 -0.009667992 1.016362 -0.009611725 1.016475 -0.009667992 1.016362 -0.007755637 1.015575 -0.009611725 1.016475 -0.009611725 1.016475 -0.007755637 1.015575 -0.007699429 1.015687 -0.007755637 1.015575 -0.005899608 1.014562 -0.007699429 1.015687 -0.007699429 1.015687 -0.005899608 1.014562 -0.005843341 1.014675 -0.005899608 1.014562 -0.00421226 1.013381 -0.005843341 1.014675 -0.00421226 1.013381 -0.004155993 1.013437 -0.005843341 1.014675 -0.005843341 1.014675 -0.004155993 1.013437 -0.005787074 1.014731 -0.004155993 1.013437 -0.004099786 1.013494 -0.005787074 1.014731 -0.005787074 1.014731 -0.004099786 1.013494 -0.005730867 1.014843 -0.004099786 1.013494 -0.004043519 1.013606 -0.005730867 1.014843 -0.005730867 1.014843 -0.004043519 1.013606 -0.002862393 1.015012 -0.004043519 1.013606 -0.001175045 1.013437 -0.002862393 1.015012 -0.002862393 1.015012 -0.001175045 1.013437 -0.001062572 1.013494 -0.001175045 1.013437 4.56013e-4 1.011694 -0.001062572 1.013494 -0.001062572 1.013494 4.56013e-4 1.011694 5.12257e-4 1.01175 4.56013e-4 1.011694 0.001805841 1.009781 5.12257e-4 1.01175 5.12257e-4 1.01175 0.001805841 1.009781 0.001918315 1.009838 0.001805841 1.009781 0.002986967 1.0077 0.001918315 1.009838 0.001918315 1.009838 0.002986967 1.0077 0.01412338 1.010906 0.002986967 1.0077 0.01530456 1.006913 0.01412338 1.010906 0.01412338 1.010906 0.01530456 1.006913 0.01423591 1.010963 0.01530456 1.006913 0.01547324 1.006913 0.01423591 1.010963 0.01423591 1.010963 0.01547324 1.006913 0.01434838 1.010963 0.01547324 1.006913 0.01558578 1.006969 0.01434838 1.010963 0.01434838 1.010963 0.01558578 1.006969 0.01446086 1.011019 0.01446086 1.011019 0.01558578 1.006969 0.01564198 1.006969 0.01558578 1.006969 0.01620447 1.002807 0.01564198 1.006969 0.01620447 1.002807 0.01631695 1.002807 0.01564198 1.006969 -0.02924108 1.006969 0.01564198 1.006969 -0.02924108 1.006576 0.01564198 1.006969 0.01631695 1.002807 -0.02924108 1.006576 0.01631695 1.002807 -0.02924108 1.002807 -0.02924108 1.006576 -0.02924108 1.006576 -0.02924108 1.002807 -0.02569764 1.001007 -0.02924108 1.002807 -0.02924108 1.000951 -0.02569764 1.001007 -0.02924108 1.000951 -0.02924108 0.9985889 -0.02569764 1.001007 -0.02569764 1.001007 -0.02924108 0.9985889 -0.02569764 0.994933 -0.02924108 0.9985889 -0.02924108 0.9952704 -0.02569764 0.994933 -0.02924108 0.9952704 -0.02924108 0.9943705 -0.02569764 0.994933 -0.02924108 0.9943705 -0.02569764 0.9890273 -0.02569764 0.994933 0.01839798 0.994933 0.01693564 0.9890273 0.02767831 0.9861026 0.01693564 0.9890273 0.02497857 0.9795782 0.02767831 0.9861026 -0.02569764 0.9795782 -0.02558517 0.9802531 -0.02569764 0.9861026 -0.02558517 0.9802531 -0.02558517 0.9831216 -0.02569764 0.9861026 -0.02558517 0.9831216 -0.02558517 0.9861026 -0.02569764 0.9861026 -0.02558517 0.9861026 -0.02558517 0.9891398 -0.02569764 0.9861026 -0.02569764 0.9861026 -0.02558517 0.9891398 -0.02558517 0.992177 0.02852201 0.9891398 0.02930945 0.992177 0.02919691 0.992177 0.02919691 0.992177 0.02930945 0.992177 0.02930945 0.9929644 0.02930945 0.992177 0.0297594 0.9952704 0.02930945 0.9929644 0.02930945 0.9929644 0.0297594 0.9952704 0.02964687 0.9952704 0.0297594 0.9952704 0.02998435 0.9984201 0.02964687 0.9952704 0.02964687 0.9952704 0.02998435 0.9984201 0.02987188 0.9984201 0.02987188 0.9984201 0.02998435 0.9984201 0.02987188 0.999995 0.02998435 0.9984201 0.02998435 1.00157 0.02987188 0.999995 0.02987188 0.999995 0.02998435 1.00157 0.02987188 1.00157 0.02998435 1.00157 0.0297594 1.004719 0.02987188 1.00157 0.02987188 1.00157 0.0297594 1.004719 0.02964687 1.004719 0.02964687 1.004719 0.0297594 1.004719 0.02930945 1.007025 0.0297594 1.004719 0.02930945 1.007813 0.02930945 1.007025 0.02930945 1.007025 0.02930945 1.007813 0.02919691 1.007813 0.02930945 1.007813 0.02863448 1.010906 0.02919691 1.007813 0.02919691 1.007813 0.02863448 1.010906 0.02852201 1.010906 0.02863448 1.010906 0.02779084 1.013944 0.02852201 1.010906 0.02852201 1.010906 0.02779084 1.013944 0.02767831 1.013887 0.02779084 1.013944 0.02672219 1.016925 0.02767831 1.013887 0.02767831 1.013887 0.02672219 1.016925 0.02660971 1.016868 0.02660971 1.016868 0.02672219 1.016925 0.02542853 1.019793 0.02542853 1.019793 0.02672219 1.016925 0.03718364 1.021143 0.02672219 1.016925 0.03965842 1.013662 0.03718364 1.021143 0.03965842 1.013662 0.06463098 1.025924 0.03718364 1.021143 0.06463098 1.025924 0.06232494 1.032111 0.03718364 1.021143 0.03718364 1.021143 0.06232494 1.032111 0.059569 1.038072 0.06232494 1.032111 0.06131255 1.038972 0.059569 1.038072 0.059569 1.038072 0.06131255 1.038972 0.05805039 1.044822 0.06131255 1.038972 0.0596252 1.045834 0.05805039 1.044822 0.0596252 1.045834 0.05580061 1.051515 0.05805039 1.044822 0.05805039 1.044822 0.05580061 1.051515 0.054282 1.050446 0.05580061 1.051515 0.05152601 1.056971 0.054282 1.050446 0.054282 1.050446 0.05152601 1.056971 0.05011987 1.055733 0.05152601 1.056971 0.04685771 1.061976 0.05011987 1.055733 0.05011987 1.055733 0.04685771 1.061976 0.04556411 1.060683 0.04556411 1.060683 0.04685771 1.061976 0.04179573 1.066701 0.04685771 1.061976 0.04292058 1.067995 0.04179573 1.066701 0.04292058 1.067995 0.03740864 1.072325 0.04179573 1.066701 0.04179573 1.066701 0.03740864 1.072325 0.03639626 1.070919 0.03639626 1.070919 0.03740864 1.072325 0.03161543 1.076263 0.03740864 1.072325 0.03307783 1.07705 0.03161543 1.076263 0.03307783 1.07705 0.03240287 1.077556 0.03161543 1.076263 0.03240287 1.077556 0.02615976 1.081043 0.03161543 1.076263 0.03161543 1.076263 0.02615976 1.081043 0.0254848 1.079693 0.0254848 1.079693 0.02615976 1.081043 0.02464115 1.081718 0.02615976 1.081043 0.02947813 1.089592 0.02464115 1.081718 0.02464115 1.081718 0.02947813 1.089592 0.02863448 1.089986 0.02947813 1.089592 -0.005393385 0.9699604 0.02863448 1.089986 -0.005393385 0.9699604 -0.005393385 0.976766 0.02863448 1.089986 0.02863448 1.089986 -0.005393385 0.976766 0.0227288 1.09263 0.0227288 1.09263 -0.005393385 0.976766 0.01879167 1.094092 -0.005393385 0.976766 -0.005393385 0.9837965 0.01879167 1.094092 0.01879167 1.094092 -0.005393385 0.9837965 0.01581072 1.095161 -0.005393385 0.9837965 -0.005393385 0.9909958 0.01581072 1.095161 0.01581072 1.095161 -0.005393385 0.9909958 0.008667707 1.097185 0.008667707 1.097185 -0.005393385 0.9909958 0.00861144 1.097185 0.00146836 1.098704 0.00861144 1.097185 -0.005393385 0.9983639 0.00861144 1.097185 -0.005393385 0.9909958 -0.005393385 0.9983639 -0.005393385 0.9909958 -0.003706037 0.9981951 -0.005393385 0.9983639 -0.003706037 0.9981951 -0.003706037 1.005676 -0.005393385 0.9983639 -0.005393385 0.9983639 -0.003706037 1.005676 -0.005393385 1.005788 -0.003706037 1.005676 -0.003706037 1.013212 -0.005393385 1.005788 -0.005393385 1.005788 -0.003706037 1.013212 -0.005393385 1.013269 -0.003706037 1.013212 -0.003706037 1.020805 -0.005393385 1.013269 -0.005393385 1.013269 -0.003706037 1.020805 -0.005393385 1.020749 -0.003706037 1.020805 -0.003706037 1.028286 -0.005393385 1.020749 -0.005393385 1.020749 -0.003706037 1.028286 -0.005393385 1.028173 -0.003706037 1.028286 -0.003706037 1.035766 -0.005393385 1.028173 -0.005393385 1.028173 -0.003706037 1.035766 -0.005393385 1.035598 -0.003706037 1.035766 -0.003706037 1.043078 -0.005393385 1.035598 -0.005393385 1.035598 -0.003706037 1.043078 -0.005393385 1.042853 -0.003706037 1.043078 -0.003706037 1.050278 -0.005393385 1.042853 -0.005393385 1.042853 -0.003706037 1.050278 -0.005393385 1.049996 -0.003706037 1.050278 -0.003706037 1.057308 -0.005393385 1.049996 -0.005393385 1.049996 -0.003706037 1.057308 -0.005393385 1.056914 -0.003706037 1.057308 -0.003706037 1.064057 -0.005393385 1.056914 -0.005393385 1.056914 -0.003706037 1.064057 -0.005393385 1.063608 -0.003706037 1.064057 -0.003706037 1.070526 -0.005393385 1.063608 -0.005393385 1.063608 -0.003706037 1.070526 -0.005393385 1.070019 -0.003706037 1.070526 -0.003706037 1.076712 -0.005393385 1.070019 -0.005393385 1.070019 -0.003706037 1.076712 -0.005393385 1.076206 -0.003706037 1.076712 -0.003706037 1.082618 -0.005393385 1.076206 -0.005393385 1.076206 -0.003706037 1.082618 -0.005393385 1.082 -0.003706037 1.082618 0.00366193 1.07165 -0.005393385 1.082 0.00366193 1.07165 0.005405485 1.070976 -0.005393385 1.082 -0.005393385 1.082 0.005405485 1.070976 -0.08115476 1.075194 -0.08115476 1.075194 0.005405485 1.070976 -0.08655422 1.070132 0.005405485 1.070976 -0.08857905 1.067826 -0.08655422 1.070132 -0.08655422 1.070132 -0.08857905 1.067826 -0.08188593 1.061639 -0.08188593 1.061639 -0.08857905 1.067826 -0.08424824 1.059052 -0.08857905 1.067826 -0.09150379 1.06462 -0.08424824 1.059052 -0.08424824 1.059052 -0.09150379 1.06462 -0.08807283 1.054215 -0.09150379 1.06462 -0.09544086 1.05967 -0.08807283 1.054215 -0.08807283 1.054215 -0.09544086 1.05967 -0.08869153 1.053427 -0.09544086 1.05967 -0.09605956 1.058827 -0.08869153 1.053427 -0.08869153 1.053427 -0.09605956 1.058827 -0.09262865 1.047522 -0.09605956 1.058827 -0.1002216 1.052696 -0.09262865 1.047522 -0.09262865 1.047522 -0.1002216 1.052696 -0.09341609 1.046115 -0.1002216 1.052696 -0.1012903 1.050784 -0.09341609 1.046115 -0.09341609 1.046115 -0.1012903 1.050784 -0.09611582 1.041278 -0.1012903 1.050784 -0.1038776 1.046228 -0.09611582 1.041278 -0.1038776 1.046228 -0.09785938 1.037566 -0.09611582 1.041278 -0.09611582 1.041278 -0.09785938 1.037566 -0.0977469 1.034192 -0.09785938 1.037566 -0.09915304 1.03481 -0.0977469 1.034192 -0.09915304 1.03481 -0.101459 1.028567 -0.0977469 1.034192 -0.101459 1.028567 -0.1001654 1.027611 -0.0977469 1.034192 -0.0977469 1.034192 -0.1001654 1.027611 -0.09611582 1.033573 -0.09611582 1.033573 -0.1001654 1.027611 -0.09853434 1.027105 -0.1001654 1.027611 -0.1020777 1.020862 -0.09853434 1.027105 -0.1020777 1.020862 -0.1003904 1.020468 -0.09853434 1.027105 -0.09853434 1.027105 -0.1003904 1.020468 -0.09673452 1.026542 -0.09673452 1.026542 -0.1003904 1.020468 -0.09853434 1.020018 -0.1003904 1.020468 -0.1017403 1.013719 -0.09853434 1.020018 -0.1017403 1.013719 -0.09988421 1.013437 -0.09853434 1.020018 -0.09853434 1.020018 -0.09988421 1.013437 -0.09667825 1.019568 -0.09667825 1.019568 -0.09988421 1.013437 -0.09797191 1.0131 -0.09988421 1.013437 -0.1006717 1.006744 -0.09797191 1.0131 -0.09797191 1.0131 -0.1006717 1.006744 -0.09870308 1.006576 -0.1006717 1.006744 -0.1009529 0.999995 -0.09870308 1.006576 -0.09870308 1.006576 -0.1009529 0.999995 -0.0989843 0.999995 -0.1009529 0.999995 -0.1006717 0.9932456 -0.0989843 0.999995 -0.0989843 0.999995 -0.1006717 0.9932456 -0.09870308 0.9934144 -0.1006717 0.9932456 -0.09988421 0.9865525 -0.09870308 0.9934144 -0.09870308 0.9934144 -0.09988421 0.9865525 -0.09797191 0.98689 -0.09988421 0.9865525 -0.09853434 0.9799719 -0.09797191 0.98689 -0.09797191 0.98689 -0.09853434 0.9799719 -0.09667825 0.9804219 -0.09853434 0.9799719 -0.09673452 0.9735038 -0.09667825 0.9804219 -0.09667825 0.9804219 -0.09673452 0.9735038 -0.09487843 0.9740663 -0.09673452 0.9735038 -0.09442847 0.9671482 -0.09487843 0.9740663 -0.09487843 0.9740663 -0.09442847 0.9671482 -0.09257245 0.9679356 -0.09442847 0.9671482 -0.09156 0.9610175 -0.09257245 0.9679356 -0.09156 0.9610175 -0.08981645 0.9619174 -0.09257245 0.9679356 -0.09257245 0.9679356 -0.08981645 0.9619174 -0.06585627 0.9752474 -0.08981645 0.9619174 -0.08661049 0.9561805 -0.06585627 0.9752474 -0.08661049 0.9561805 -0.06191915 0.9684418 -0.06585627 0.9752474 -0.06585627 0.9752474 -0.06191915 0.9684418 -0.05421364 0.9774409 -0.05421364 0.9774409 -0.06191915 0.9684418 -0.05252629 0.9747974 -0.06191915 0.9684418 -0.05067026 0.9722102 -0.05252629 0.9747974 -0.05241382 0.9748536 -0.05252629 0.9747974 -0.05151391 0.97356 -0.05252629 0.9747974 -0.05067026 0.9722102 -0.05151391 0.97356 -0.05151391 0.97356 -0.05067026 0.9722102 -0.05055773 0.9723227 -0.05067026 0.9722102 -0.04864543 0.9697917 -0.05055773 0.9723227 -0.04864543 0.9697917 -0.04858916 0.9699041 -0.05055773 0.9723227 0.02559727 0.9723227 0.02559727 0.9699041 -0.02569764 0.9530308 0.02559727 0.9699041 -0.02558517 0.953087 -0.02569764 0.9530308 -0.02558517 0.953087 -0.02558517 0.9535933 -0.02569764 0.9530308 -0.02558517 0.9535933 -0.02569764 0.9584302 -0.02569764 0.9530308 -0.04155862 0.9636048 -0.0329532 0.9711977 -0.04695808 0.9681606 -0.04695808 0.9681606 -0.0329532 0.9711977 -0.03779023 0.9747974 -0.02569764 0.9670357 -0.02924108 0.9666982 -0.02569764 0.9621986 -0.02924108 0.9666982 -0.02924108 0.9637172 -0.02569764 0.9621986 -0.02569764 0.9621986 -0.02924108 0.9637172 -0.02924108 0.9633798 -0.02924108 0.9637172 -0.03655284 0.9768222 -0.02924108 0.9633798 0.02925318 0.9798594 -0.02924108 0.9633798 -0.03947758 0.9799157 -0.02924108 0.9633798 -0.03655284 0.9768222 -0.03947758 0.9799157 -0.03655284 0.9768222 -0.03936511 0.9799719 -0.03947758 0.9799157 -0.03936511 0.9799719 -0.04183983 0.9833466 -0.03947758 0.9799157 -0.03947758 0.9799157 -0.04183983 0.9833466 -0.0418961 0.9832903 -0.0418961 0.9832903 -0.04183983 0.9833466 -0.0438084 0.9870587 -0.04183983 0.9833466 -0.04369592 0.987115 -0.0438084 0.9870587 -0.04369592 0.987115 -0.04515826 0.9910521 -0.0438084 0.9870587 -0.0438084 0.9870587 -0.04515826 0.9910521 -0.04527074 0.9909958 -0.04527074 0.9909958 -0.04515826 0.9910521 -0.04611444 0.995158 -0.04515826 0.9910521 -0.0459457 0.995158 -0.04611444 0.995158 -0.0459457 0.995158 -0.04633939 0.99932 -0.04611444 0.995158 -0.04611444 0.995158 -0.04633939 0.99932 -0.04645192 0.99932 -0.04645192 0.99932 -0.04633939 0.99932 -0.04617065 1.003482 -0.04633939 0.99932 -0.03475302 0.9992076 -0.04617065 1.003482 -0.04617065 1.003482 -0.03475302 0.9992076 -0.03469681 1.00157 -0.03475302 0.9992076 -0.03464055 0.9992076 -0.03469681 1.00157 -0.03469681 1.00157 -0.03464055 0.9992076 -0.03464055 1.00157 -0.03464055 0.9992076 -0.03458428 0.9992076 -0.03464055 1.00157 -0.03458428 0.9992076 -0.03452807 1.00157 -0.03464055 1.00157 -0.03464055 1.00157 -0.03452807 1.00157 -0.03430306 1.003932 -0.03452807 1.00157 -0.03419059 1.003876 -0.03430306 1.003932 -0.03430306 1.003932 -0.03419059 1.003876 -0.03368437 1.006182 -0.03368437 1.006182 -0.03419059 1.003876 -0.03357189 1.006182 -0.03419059 1.003876 -0.03407812 1.003876 -0.03357189 1.006182 -0.03357189 1.006182 -0.03407812 1.003876 -0.03351563 1.006126 -0.03407812 1.003876 -0.03227829 1.003482 -0.03351563 1.006126 -0.03227829 1.003482 -0.03177207 1.005563 -0.03351563 1.006126 -0.03351563 1.006126 -0.03177207 1.005563 -0.03261572 1.008319 -0.03261572 1.008319 -0.03177207 1.005563 -0.03098464 1.007532 -0.03177207 1.005563 -0.03087216 1.007475 -0.03098464 1.007532 -0.03098464 1.007532 -0.03087216 1.007475 -0.02985978 1.009332 -0.03087216 1.007475 -0.02980351 1.009275 -0.02985978 1.009332 -0.02980351 1.009275 -0.02856612 1.010963 -0.02985978 1.009332 -0.02985978 1.009332 -0.02856612 1.010963 -0.02862238 1.011019 -0.02856612 1.010963 -0.02716004 1.012481 -0.02862238 1.011019 -0.02862238 1.011019 -0.02716004 1.012481 -0.02721625 1.012594 -0.02716004 1.012481 -0.0255289 1.013887 -0.02721625 1.012594 -0.02721625 1.012594 -0.0255289 1.013887 -0.02558517 1.013944 -0.0255289 1.013887 -0.02378535 1.015012 -0.02558517 1.013944 -0.02558517 1.013944 -0.02378535 1.015012 -0.02384161 1.015125 -0.02378535 1.015012 -0.02192926 1.015968 -0.02384161 1.015125 -0.02384161 1.015125 -0.02192926 1.015968 -0.02198553 1.016025 -0.02192926 1.015968 -0.0199607 1.016643 -0.02198553 1.016025 -0.02198553 1.016025 -0.0199607 1.016643 -0.0199607 1.016756 -0.0199607 1.016643 -0.01787966 1.017093 -0.0199607 1.016756 -0.0199607 1.016756 -0.01787966 1.017093 -0.01793593 1.017206 -0.01787966 1.017093 -0.01579862 1.017318 -0.01793593 1.017206 -0.01793593 1.017206 -0.01579862 1.017318 -0.01579862 1.017431 -0.01579862 1.017318 -0.01371759 1.017262 -0.01579862 1.017431 -0.01579862 1.017431 -0.01371759 1.017262 -0.01371759 1.017374 -0.01371759 1.017262 -0.01163655 1.016981 -0.01371759 1.017374 -0.01371759 1.017374 -0.01163655 1.016981 -0.01163655 1.017093 -0.01163655 1.016981 -0.009611725 1.016475 -0.01163655 1.017093 -0.01163655 1.017093 -0.009611725 1.016475 -0.009611725 1.016531 -0.009611725 1.016475 -0.007699429 1.015687 -0.009611725 1.016531 -0.009611725 1.016531 -0.007699429 1.015687 -0.007643163 1.015743 -0.007699429 1.015687 -0.005843341 1.014675 -0.007643163 1.015743 -0.005843341 1.014675 -0.005787074 1.014731 -0.007643163 1.015743 -0.007643163 1.015743 -0.005787074 1.014731 -0.007586956 1.015856 -0.005787074 1.014731 -0.005730867 1.014843 -0.007586956 1.015856 -0.007586956 1.015856 -0.005730867 1.014843 -0.004774689 1.016362 -0.005730867 1.014843 -0.002862393 1.015012 -0.004774689 1.016362 -0.004774689 1.016362 -0.002862393 1.015012 -0.002806127 1.015069 -0.002862393 1.015012 -0.001062572 1.013494 -0.002806127 1.015069 -0.002806127 1.015069 -0.001062572 1.013494 -0.001006305 1.01355 -0.001062572 1.013494 5.12257e-4 1.01175 -0.001006305 1.01355 -0.001006305 1.01355 5.12257e-4 1.01175 5.68502e-4 1.011806 5.12257e-4 1.01175 0.001918315 1.009838 5.68502e-4 1.011806 5.68502e-4 1.011806 0.001918315 1.009838 0.01243609 1.014675 0.001918315 1.009838 0.01412338 1.010906 0.01243609 1.014675 0.01243609 1.014675 0.01412338 1.010906 0.01254856 1.014731 0.01412338 1.010906 0.01423591 1.010963 0.01254856 1.014731 0.01254856 1.014731 0.01423591 1.010963 0.01266103 1.014787 0.01423591 1.010963 0.01434838 1.010963 0.01266103 1.014787 0.01266103 1.014787 0.01434838 1.010963 0.0127173 1.014843 0.01434838 1.010963 0.01446086 1.011019 0.0127173 1.014843 0.0127173 1.014843 0.01446086 1.011019 -0.02924108 1.011975 -0.02924108 1.011975 0.01446086 1.011019 -0.02924108 1.011019 0.01446086 1.011019 0.01564198 1.006969 -0.02924108 1.011019 0.01564198 1.006969 -0.02924108 1.006969 -0.02924108 1.011019 -0.02924108 1.011019 -0.02924108 1.006969 -0.02569764 1.007025 -0.02924108 1.006969 -0.02924108 1.006576 -0.02569764 1.007025 -0.02924108 1.006576 -0.02569764 1.001007 -0.02569764 1.007025 0.02930945 1.007025 0.01800429 1.007025 0.02987188 0.999995 0.01800429 1.007025 0.01873546 1.001007 0.02987188 0.999995 0.02987188 0.999995 0.01873546 1.001007 0.02930945 0.9929644 0.01873546 1.001007 0.01839798 0.994933 0.02930945 0.9929644 0.01839798 0.994933 0.02767831 0.9861026 0.02930945 0.9929644 -0.02569764 0.9861026 -0.02558517 0.992177 -0.02569764 0.9929644 -0.02558517 0.992177 -0.02558517 0.9929644 -0.02569764 0.9929644 -0.02558517 0.9929644 -0.02558517 0.9952704 -0.02569764 0.9929644 -0.02569764 0.9929644 -0.02558517 0.9952704 -0.02569764 0.999995 -0.02558517 0.9952704 -0.02558517 0.9984201 -0.02569764 0.999995 -0.02558517 0.9984201 -0.02558517 0.999995 -0.02569764 0.999995 -0.02558517 0.999995 -0.02558517 1.00157 -0.02569764 0.999995 -0.02569764 0.999995 -0.02558517 1.00157 -0.02569764 1.007025 -0.02558517 1.00157 -0.02558517 1.004719 -0.02569764 1.007025 -0.02558517 1.004719 -0.02558517 1.007025 -0.02569764 1.007025 -0.02558517 1.007025 -0.02558517 1.007813 -0.02569764 1.007025 -0.02569764 1.007025 -0.02558517 1.007813 -0.02569764 1.013887 -0.02558517 1.007813 -0.02558517 1.010906 -0.02569764 1.013887 -0.02558517 1.010906 -0.02558517 1.013887 -0.02569764 1.013887 -0.02558517 1.013887 -0.02558517 1.016868 -0.02569764 1.013887 -0.02569764 1.013887 -0.02558517 1.016868 -0.02558517 1.019737 0.02660971 1.016868 0.02542853 1.019793 0.02531605 1.019737 0.02531605 1.019737 0.02542853 1.019793 0.02497857 1.020412 0.02497857 1.020412 0.02542853 1.019793 0.02396619 1.022549 0.02542853 1.019793 0.03718364 1.021143 0.02396619 1.022549 0.02227884 1.025249 0.02396619 1.022549 0.03375273 1.02823 0.02396619 1.022549 0.03718364 1.021143 0.03375273 1.02823 0.03718364 1.021143 0.059569 1.038072 0.03375273 1.02823 0.03375273 1.02823 0.059569 1.038072 0.05636304 1.043809 0.059569 1.038072 0.05805039 1.044822 0.05636304 1.043809 0.05805039 1.044822 0.054282 1.050446 0.05636304 1.043809 0.05636304 1.043809 0.054282 1.050446 0.05270713 1.049265 0.054282 1.050446 0.05011987 1.055733 0.05270713 1.049265 0.05270713 1.049265 0.05011987 1.055733 0.04865753 1.05444 0.05011987 1.055733 0.04556411 1.060683 0.04865753 1.05444 0.04865753 1.05444 0.04556411 1.060683 0.04415798 1.059277 0.04415798 1.059277 0.04556411 1.060683 0.0406146 1.065239 0.04556411 1.060683 0.04179573 1.066701 0.0406146 1.065239 0.04179573 1.066701 0.03639626 1.070919 0.0406146 1.065239 0.0406146 1.065239 0.03639626 1.070919 0.03532761 1.069401 0.03532761 1.069401 0.03639626 1.070919 0.03071552 1.074744 0.03639626 1.070919 0.03161543 1.076263 0.03071552 1.074744 0.03161543 1.076263 0.0254848 1.079693 0.03071552 1.074744 0.03071552 1.074744 0.0254848 1.079693 0.02469736 1.078119 0.02469736 1.078119 0.0254848 1.079693 0.01907294 1.082618 0.0254848 1.079693 0.02464115 1.081718 0.01907294 1.082618 0.01907294 1.082618 0.02464115 1.081718 0.01969158 1.084024 0.02464115 1.081718 0.02863448 1.089986 0.01969158 1.084024 0.02863448 1.089986 0.0227288 1.09263 0.01969158 1.084024 0.01969158 1.084024 0.0227288 1.09263 0.01569825 1.085487 0.0227288 1.09263 0.01879167 1.094092 0.01569825 1.085487 0.01569825 1.085487 0.01879167 1.094092 0.01299852 1.086499 0.01879167 1.094092 0.01581072 1.095161 0.01299852 1.086499 0.01581072 1.095161 0.008667707 1.097185 0.01299852 1.086499 0.01299852 1.086499 0.008667707 1.097185 0.006474137 1.088299 0.008667707 1.097185 0.00861144 1.097185 0.006474137 1.088299 0.006474137 1.088299 0.00861144 1.097185 0.006080448 1.088411 0.006080448 1.088411 0.00861144 1.097185 -8.93854e-4 1.089818 0.00861144 1.097185 0.00146836 1.098704 -8.93854e-4 1.089818 -8.93854e-4 1.089818 0.00146836 1.098704 -0.003087341 1.090042 -0.003087341 1.090042 0.00146836 1.098704 -0.001850008 1.099098 0.00146836 1.098704 -0.005393385 0.9983639 -0.001850008 1.099098 -0.001850008 1.099098 -0.005393385 0.9983639 -0.005899608 1.09966 -0.005393385 0.9983639 -0.005393385 1.005788 -0.005899608 1.09966 -0.005899608 1.09966 -0.005393385 1.005788 -0.01248019 1.099998 -0.005393385 1.005788 -0.005393385 1.013269 -0.01248019 1.099998 -0.01248019 1.099998 -0.005393385 1.013269 -0.01326763 1.100054 -0.005393385 1.013269 -0.005393385 1.020749 -0.01326763 1.100054 -0.01326763 1.100054 -0.005393385 1.020749 -0.02069193 1.099941 -0.02069193 1.099941 -0.005393385 1.020749 -0.02311038 1.099717 -0.02311038 1.099717 -0.005393385 1.020749 -0.02805995 1.09921 -0.005393385 1.020749 -0.005393385 1.028173 -0.02805995 1.09921 -0.02805995 1.09921 -0.005393385 1.028173 -0.03368437 1.09831 -0.005393385 1.028173 -0.005393385 1.035598 -0.03368437 1.09831 -0.03368437 1.09831 -0.005393385 1.035598 -0.03531545 1.098029 -0.005393385 1.035598 -0.005393385 1.042853 -0.03531545 1.098029 -0.03531545 1.098029 -0.005393385 1.042853 -0.0425148 1.096229 -0.0425148 1.096229 -0.005393385 1.042853 -0.04397714 1.095779 -0.04397714 1.095779 -0.005393385 1.042853 -0.04954534 1.09398 -0.005393385 1.042853 -0.005393385 1.049996 -0.04954534 1.09398 -0.04954534 1.09398 -0.005393385 1.049996 -0.05398869 1.092123 -0.005393385 1.049996 -0.005393385 1.056914 -0.05398869 1.092123 -0.05398869 1.092123 -0.005393385 1.056914 -0.05640715 1.091167 -0.005393385 1.056914 -0.005393385 1.063608 -0.05640715 1.091167 -0.05640715 1.091167 -0.005393385 1.063608 -0.0629878 1.087849 -0.0629878 1.087849 -0.005393385 1.063608 -0.0636065 1.087511 -0.005393385 1.063608 -0.005393385 1.070019 -0.0636065 1.087511 -0.0636065 1.087511 -0.005393385 1.070019 -0.06934344 1.084081 -0.06934344 1.084081 -0.005393385 1.070019 -0.0726056 1.081831 -0.005393385 1.070019 -0.005393385 1.076206 -0.0726056 1.081831 -0.0726056 1.081831 -0.005393385 1.076206 -0.07541781 1.079862 -0.07541781 1.079862 -0.005393385 1.076206 -0.08104228 1.075306 -0.005393385 1.076206 -0.005393385 1.082 -0.08104228 1.075306 -0.005393385 1.082 -0.08115476 1.075194 -0.08104228 1.075306 -0.08104228 1.075306 -0.08115476 1.075194 -0.07496786 1.068388 -0.07496786 1.068388 -0.08115476 1.075194 -0.0794112 1.064282 -0.08115476 1.075194 -0.08655422 1.070132 -0.0794112 1.064282 -0.08655422 1.070132 -0.08188593 1.061639 -0.0794112 1.064282 -0.0794112 1.064282 -0.08188593 1.061639 -0.08312332 1.058096 -0.08188593 1.061639 -0.08424824 1.059052 -0.08312332 1.058096 -0.08424824 1.059052 -0.08807283 1.054215 -0.08312332 1.058096 -0.08312332 1.058096 -0.08807283 1.054215 -0.08745414 1.052584 -0.08807283 1.054215 -0.08869153 1.053427 -0.08745414 1.052584 -0.08869153 1.053427 -0.09262865 1.047522 -0.08745414 1.052584 -0.08745414 1.052584 -0.09262865 1.047522 -0.09133505 1.046734 -0.09262865 1.047522 -0.09341609 1.046115 -0.09133505 1.046734 -0.09133505 1.046734 -0.09341609 1.046115 -0.09476596 1.040603 -0.09341609 1.046115 -0.09611582 1.041278 -0.09476596 1.040603 -0.09611582 1.041278 -0.0977469 1.034192 -0.09476596 1.040603 -0.09476596 1.040603 -0.0977469 1.034192 -0.09324735 1.039816 -0.0977469 1.034192 -0.09611582 1.033573 -0.09324735 1.039816 -0.09324735 1.039816 -0.09611582 1.033573 -0.09156 1.038972 -0.09156 1.038972 -0.09611582 1.033573 -0.09442847 1.032842 -0.09611582 1.033573 -0.09853434 1.027105 -0.09442847 1.032842 -0.09853434 1.027105 -0.09673452 1.026542 -0.09442847 1.032842 -0.09442847 1.032842 -0.09673452 1.026542 -0.09257245 1.032111 -0.09257245 1.032111 -0.09673452 1.026542 -0.09487843 1.025924 -0.09673452 1.026542 -0.09853434 1.020018 -0.09487843 1.025924 -0.09853434 1.020018 -0.09667825 1.019568 -0.09487843 1.025924 -0.09487843 1.025924 -0.09667825 1.019568 -0.06990587 1.013662 -0.09667825 1.019568 -0.09797191 1.0131 -0.06990587 1.013662 -0.06990587 1.013662 -0.09797191 1.0131 -0.07125574 1.005901 -0.09797191 1.0131 -0.09870308 1.006576 -0.07125574 1.005901 -0.07125574 1.005901 -0.09870308 1.006576 -0.07159322 0.999995 -0.09870308 1.006576 -0.0989843 0.999995 -0.07159322 0.999995 -0.07159322 0.999995 -0.0989843 0.999995 -0.07153695 0.9980264 -0.0989843 0.999995 -0.09870308 0.9934144 -0.07153695 0.9980264 -0.07153695 0.9980264 -0.09870308 0.9934144 -0.07069331 0.9902084 -0.09870308 0.9934144 -0.09797191 0.98689 -0.07069331 0.9902084 -0.09797191 0.98689 -0.09667825 0.9804219 -0.07069331 0.9902084 -0.07069331 0.9902084 -0.09667825 0.9804219 -0.06878095 0.9825592 -0.09667825 0.9804219 -0.09487843 0.9740663 -0.06878095 0.9825592 -0.09487843 0.9740663 -0.09257245 0.9679356 -0.06878095 0.9825592 -0.09257245 0.9679356 -0.06585627 0.9752474 -0.06878095 0.9825592 -0.05803829 0.9860463 -0.06878095 0.9825592 -0.05696964 0.9831216 -0.06878095 0.9825592 -0.06585627 0.9752474 -0.05696964 0.9831216 -0.05696964 0.9831216 -0.06585627 0.9752474 -0.05567598 0.9802531 -0.06585627 0.9752474 -0.05421364 0.9774409 -0.05567598 0.9802531 -0.05567598 0.9802531 -0.05421364 0.9774409 -0.05522602 0.9795782 -0.05522602 0.9795782 -0.05421364 0.9774409 -0.05410116 0.9774972 -0.05421364 0.9774409 -0.05252629 0.9747974 -0.05410116 0.9774972 -0.05252629 0.9747974 -0.05241382 0.9748536 -0.05410116 0.9774972 0.02559727 0.9774972 0.02559727 0.9748536 0.02565354 0.97356 0.02559727 0.9748536 0.02559727 0.97356 0.02565354 0.97356 0.02559727 0.97356 0.02559727 0.9723227 0.02565354 0.97356 0.02559727 0.9723227 -0.02569764 0.9530308 0.02565354 0.97356 -0.04695808 0.9681606 -0.03779023 0.9747974 -0.05151391 0.97356 -0.05151391 0.97356 -0.03779023 0.9747974 -0.04195231 0.979297 -0.02569764 0.9621986 -0.02924108 0.9633798 0.02565354 0.979297 -0.02924108 0.9633798 0.02925318 0.9798594 0.02565354 0.979297 0.02565354 0.979297 0.02925318 0.9798594 0.02925318 0.9806469 0.02925318 0.9798594 -0.03947758 0.9799157 0.02925318 0.9806469 -0.03947758 0.9799157 -0.0418961 0.9832903 0.02925318 0.9806469 0.02925318 0.9806469 -0.0418961 0.9832903 0.02925318 0.9832903 0.02925318 0.9832903 -0.0418961 0.9832903 0.02925318 0.9854276 0.02925318 0.9854276 -0.0418961 0.9832903 -0.04392087 0.9870587 -0.0418961 0.9832903 -0.0438084 0.9870587 -0.04392087 0.9870587 -0.0438084 0.9870587 -0.04527074 0.9909958 -0.04392087 0.9870587 -0.04392087 0.9870587 -0.04527074 0.9909958 -0.04538327 0.9909958 -0.04538327 0.9909958 -0.04527074 0.9909958 -0.04622691 0.9951017 -0.04527074 0.9909958 -0.04611444 0.995158 -0.04622691 0.9951017 -0.04611444 0.995158 -0.04645192 0.99932 -0.04622691 0.9951017 -0.04622691 0.9951017 -0.04645192 0.99932 -0.0465644 0.99932 -0.0465644 0.99932 -0.04645192 0.99932 -0.04628318 1.003482 -0.04645192 0.99932 -0.04617065 1.003482 -0.04628318 1.003482 -0.04628318 1.003482 -0.04617065 1.003482 -0.04543948 1.007588 -0.04617065 1.003482 -0.03469681 1.00157 -0.04543948 1.007588 -0.04543948 1.007588 -0.03469681 1.00157 -0.03435933 1.003932 -0.03469681 1.00157 -0.03464055 1.00157 -0.03435933 1.003932 -0.03464055 1.00157 -0.03430306 1.003932 -0.03435933 1.003932 -0.03435933 1.003932 -0.03430306 1.003932 -0.0337969 1.006238 -0.03430306 1.003932 -0.03368437 1.006182 -0.0337969 1.006238 -0.0337969 1.006238 -0.03368437 1.006182 -0.03289699 1.008432 -0.03289699 1.008432 -0.03368437 1.006182 -0.03278446 1.008375 -0.03368437 1.006182 -0.03357189 1.006182 -0.03278446 1.008375 -0.03278446 1.008375 -0.03357189 1.006182 -0.03272825 1.008319 -0.03357189 1.006182 -0.03351563 1.006126 -0.03272825 1.008319 -0.03351563 1.006126 -0.03261572 1.008319 -0.03272825 1.008319 -0.03272825 1.008319 -0.03261572 1.008319 -0.03154706 1.0104 -0.03154706 1.0104 -0.03261572 1.008319 -0.03149086 1.010344 -0.03261572 1.008319 -0.03098464 1.007532 -0.03149086 1.010344 -0.03149086 1.010344 -0.03098464 1.007532 -0.02991598 1.009388 -0.03098464 1.007532 -0.02985978 1.009332 -0.02991598 1.009388 -0.02985978 1.009332 -0.02862238 1.011019 -0.02991598 1.009388 -0.02991598 1.009388 -0.02862238 1.011019 -0.02867865 1.011075 -0.02862238 1.011019 -0.02721625 1.012594 -0.02867865 1.011075 -0.02867865 1.011075 -0.02721625 1.012594 -0.02727252 1.01265 -0.02721625 1.012594 -0.02558517 1.013944 -0.02727252 1.01265 -0.02727252 1.01265 -0.02558517 1.013944 -0.02564144 1.014 -0.02558517 1.013944 -0.02384161 1.015125 -0.02564144 1.014 -0.02564144 1.014 -0.02384161 1.015125 -0.02389782 1.015181 -0.02384161 1.015125 -0.02198553 1.016025 -0.02389782 1.015181 -0.02389782 1.015181 -0.02198553 1.016025 -0.02198553 1.016137 -0.02198553 1.016025 -0.0199607 1.016756 -0.02198553 1.016137 -0.02198553 1.016137 -0.0199607 1.016756 -0.02001696 1.016812 -0.0199607 1.016756 -0.01793593 1.017206 -0.02001696 1.016812 -0.02001696 1.016812 -0.01793593 1.017206 -0.01793593 1.017318 -0.01793593 1.017206 -0.01579862 1.017431 -0.01793593 1.017318 -0.01793593 1.017318 -0.01579862 1.017431 -0.01585489 1.017543 -0.01579862 1.017431 -0.01371759 1.017374 -0.01585489 1.017543 -0.01585489 1.017543 -0.01371759 1.017374 -0.01371759 1.017487 -0.01371759 1.017374 -0.01163655 1.017093 -0.01371759 1.017487 -0.01371759 1.017487 -0.01163655 1.017093 -0.01163655 1.01715 -0.01163655 1.017093 -0.009611725 1.016531 -0.01163655 1.01715 -0.01163655 1.01715 -0.009611725 1.016531 -0.009555459 1.016643 -0.009611725 1.016531 -0.007643163 1.015743 -0.009555459 1.016643 -0.007643163 1.015743 -0.007586956 1.015856 -0.009555459 1.016643 -0.009555459 1.016643 -0.007586956 1.015856 -0.006799519 1.017487 -0.007586956 1.015856 -0.004774689 1.016362 -0.006799519 1.017487 -0.006799519 1.017487 -0.004774689 1.016362 -0.004718482 1.016475 -0.004774689 1.016362 -0.002806127 1.015069 -0.004718482 1.016475 -0.004718482 1.016475 -0.002806127 1.015069 -0.002749919 1.015125 -0.002806127 1.015069 -0.001006305 1.01355 -0.002749919 1.015125 -0.002749919 1.015125 -0.001006305 1.01355 -9.50098e-4 1.013606 -0.001006305 1.01355 5.68502e-4 1.011806 -9.50098e-4 1.013606 -9.50098e-4 1.013606 5.68502e-4 1.011806 0.01024252 1.018218 5.68502e-4 1.011806 0.01243609 1.014675 0.01024252 1.018218 0.01024252 1.018218 0.01243609 1.014675 0.01029878 1.018331 0.01243609 1.014675 0.01254856 1.014731 0.01029878 1.018331 0.01029878 1.018331 0.01254856 1.014731 0.01041126 1.018387 0.01254856 1.014731 0.01266103 1.014787 0.01041126 1.018387 0.01041126 1.018387 0.01266103 1.014787 0.01052373 1.018443 0.01266103 1.014787 0.0127173 1.014843 0.01052373 1.018443 -0.02924108 1.018499 0.01052373 1.018443 -0.02924108 1.016981 0.01052373 1.018443 0.0127173 1.014843 -0.02924108 1.016981 -0.02924108 1.016981 0.0127173 1.014843 -0.02924108 1.0149 0.0127173 1.014843 -0.02924108 1.011975 -0.02924108 1.0149 -0.02924108 1.0149 -0.02924108 1.011975 -0.02569764 1.012875 -0.02924108 1.011975 -0.02924108 1.011019 -0.02569764 1.012875 -0.02924108 1.011019 -0.02569764 1.007025 -0.02569764 1.012875 0.01800429 1.007025 0.02930945 1.007025 0.01626068 1.012875 0.02930945 1.007025 0.02767831 1.013887 0.01626068 1.012875 0.01626068 1.012875 0.02767831 1.013887 0.02497857 1.020412 -0.02569764 1.013887 -0.02558517 1.019737 -0.02569764 1.020412 -0.02558517 1.019737 -0.02558517 1.020412 -0.02569764 1.020412 -0.02569764 1.020412 -0.02558517 1.020412 -0.02558517 1.022493 0.02497857 1.020412 0.02396619 1.022549 0.02385371 1.022493 0.02396619 1.022549 0.02227884 1.025249 0.02385371 1.022493 0.02385371 1.022493 0.02227884 1.025249 0.02216637 1.025136 0.02216637 1.025136 0.02227884 1.025249 0.02126646 1.02643 0.02126646 1.02643 0.02227884 1.025249 0.02042281 1.02778 0.02227884 1.025249 0.03375273 1.02823 0.02042281 1.02778 0.01839798 1.030198 0.02042281 1.02778 0.02936565 1.034754 0.02042281 1.02778 0.03375273 1.02823 0.02936565 1.034754 0.03375273 1.02823 0.05636304 1.043809 0.02936565 1.034754 0.05636304 1.043809 0.05270713 1.049265 0.02936565 1.034754 0.05270713 1.049265 0.04865753 1.05444 0.02936565 1.034754 0.02936565 1.034754 0.04865753 1.05444 0.02407866 1.040603 0.04865753 1.05444 0.04415798 1.059277 0.02407866 1.040603 0.02407866 1.040603 0.04415798 1.059277 0.03932094 1.063776 0.04415798 1.059277 0.0406146 1.065239 0.03932094 1.063776 0.0406146 1.065239 0.03532761 1.069401 0.03932094 1.063776 0.03932094 1.063776 0.03532761 1.069401 0.03414642 1.067826 0.03414642 1.067826 0.03532761 1.069401 0.02970314 1.073169 0.03532761 1.069401 0.03071552 1.074744 0.02970314 1.073169 0.03071552 1.074744 0.02469736 1.078119 0.02970314 1.073169 0.02970314 1.073169 0.02469736 1.078119 0.02385371 1.076431 0.02385371 1.076431 0.02469736 1.078119 0.01845425 1.080987 0.02469736 1.078119 0.01907294 1.082618 0.01845425 1.080987 0.01845425 1.080987 0.01907294 1.082618 0.01249229 1.085037 0.01907294 1.082618 0.01969158 1.084024 0.01249229 1.085037 0.01969158 1.084024 0.01569825 1.085487 0.01249229 1.085037 0.01569825 1.085487 0.01299852 1.086499 0.01249229 1.085037 0.01299852 1.086499 0.006474137 1.088299 0.01249229 1.085037 0.01249229 1.085037 0.006474137 1.088299 0.005742967 1.086949 0.006474137 1.088299 0.006080448 1.088411 0.005742967 1.086949 0.006080448 1.088411 -8.93854e-4 1.089818 0.005742967 1.086949 0.005742967 1.086949 -8.93854e-4 1.089818 -0.001118779 1.088299 -8.93854e-4 1.089818 -0.003087341 1.090042 -0.001118779 1.088299 -0.001118779 1.088299 -0.003087341 1.090042 -0.008093118 1.089143 -0.008093118 1.089143 -0.003087341 1.090042 -0.007980644 1.090661 -0.003087341 1.090042 -0.001850008 1.099098 -0.007980644 1.090661 -0.001850008 1.099098 -0.005899608 1.09966 -0.007980644 1.090661 -0.007980644 1.090661 -0.005899608 1.09966 -0.0127052 1.09083 -0.005899608 1.09966 -0.01248019 1.099998 -0.0127052 1.09083 -0.0127052 1.09083 -0.01248019 1.099998 -0.01512372 1.090942 -0.01248019 1.099998 -0.01326763 1.100054 -0.01512372 1.090942 -0.01326763 1.100054 -0.02069193 1.099941 -0.01512372 1.090942 -0.01512372 1.090942 -0.02069193 1.099941 -0.02226674 1.090661 -0.02069193 1.099941 -0.02311038 1.099717 -0.02226674 1.090661 -0.02226674 1.090661 -0.02311038 1.099717 -0.02237921 1.090661 -0.02237921 1.090661 -0.02311038 1.099717 -0.02935355 1.089818 -0.02311038 1.099717 -0.02805995 1.09921 -0.02935355 1.089818 -0.02935355 1.089818 -0.02805995 1.09921 -0.03194081 1.089311 -0.02805995 1.09921 -0.03368437 1.09831 -0.03194081 1.089311 -0.03194081 1.089311 -0.03368437 1.09831 -0.03632789 1.088411 -0.03368437 1.09831 -0.03531545 1.098029 -0.03632789 1.088411 -0.03531545 1.098029 -0.0425148 1.096229 -0.03632789 1.088411 -0.03632789 1.088411 -0.0425148 1.096229 -0.04133367 1.087005 -0.0425148 1.096229 -0.04397714 1.095779 -0.04133367 1.087005 -0.04133367 1.087005 -0.04397714 1.095779 -0.04324597 1.086499 -0.04397714 1.095779 -0.04954534 1.09398 -0.04324597 1.086499 -0.04324597 1.086499 -0.04954534 1.09398 -0.04993903 1.084024 -0.04954534 1.09398 -0.05398869 1.092123 -0.04993903 1.084024 -0.04993903 1.084024 -0.05398869 1.092123 -0.05044525 1.083743 -0.05398869 1.092123 -0.05640715 1.091167 -0.05044525 1.083743 -0.05044525 1.083743 -0.05640715 1.091167 -0.05640715 1.081043 -0.05640715 1.091167 -0.0629878 1.087849 -0.05640715 1.081043 -0.05640715 1.081043 -0.0629878 1.087849 -0.05916315 1.079468 -0.0629878 1.087849 -0.0636065 1.087511 -0.05916315 1.079468 -0.05916315 1.079468 -0.0636065 1.087511 -0.06265032 1.077556 -0.0636065 1.087511 -0.06934344 1.084081 -0.06265032 1.077556 -0.06265032 1.077556 -0.06934344 1.084081 -0.06737488 1.07435 -0.06934344 1.084081 -0.0726056 1.081831 -0.06737488 1.07435 -0.06737488 1.07435 -0.0726056 1.081831 -0.06855601 1.073563 -0.0726056 1.081831 -0.07541781 1.079862 -0.06855601 1.073563 -0.06855601 1.073563 -0.07541781 1.079862 -0.07418048 1.069119 -0.07541781 1.079862 -0.08104228 1.075306 -0.07418048 1.069119 -0.08104228 1.075306 -0.07496786 1.068388 -0.07418048 1.069119 -0.07418048 1.069119 -0.07496786 1.068388 -0.07316803 1.067995 -0.07316803 1.067995 -0.07496786 1.068388 -0.07834255 1.063214 -0.07496786 1.068388 -0.0794112 1.064282 -0.07834255 1.063214 -0.0794112 1.064282 -0.08312332 1.058096 -0.07834255 1.063214 -0.07834255 1.063214 -0.08312332 1.058096 -0.07710516 1.061976 -0.07710516 1.061976 -0.08312332 1.058096 -0.08177345 1.056971 -0.08312332 1.058096 -0.08745414 1.052584 -0.08177345 1.056971 -0.08177345 1.056971 -0.08745414 1.052584 -0.08604806 1.051515 -0.08745414 1.052584 -0.09133505 1.046734 -0.08604806 1.051515 -0.08604806 1.051515 -0.09133505 1.046734 -0.08987265 1.045834 -0.09133505 1.046734 -0.09476596 1.040603 -0.08987265 1.045834 -0.09476596 1.040603 -0.09324735 1.039816 -0.08987265 1.045834 -0.08987265 1.045834 -0.09324735 1.039816 -0.08829784 1.044822 -0.09324735 1.039816 -0.09156 1.038972 -0.08829784 1.044822 -0.08829784 1.044822 -0.09156 1.038972 -0.08661049 1.043809 -0.08661049 1.043809 -0.09156 1.038972 -0.08981645 1.038072 -0.09156 1.038972 -0.09442847 1.032842 -0.08981645 1.038072 -0.09442847 1.032842 -0.09257245 1.032111 -0.08981645 1.038072 -0.08981645 1.038072 -0.09257245 1.032111 -0.06743109 1.021143 -0.09257245 1.032111 -0.09487843 1.025924 -0.06743109 1.021143 -0.09487843 1.025924 -0.06990587 1.013662 -0.06743109 1.021143 -0.05803829 1.013944 -0.06743109 1.021143 -0.05888193 1.010906 -0.06743109 1.021143 -0.06990587 1.013662 -0.05888193 1.010906 -0.05888193 1.010906 -0.06990587 1.013662 -0.0595569 1.007813 -0.0595569 1.007813 -0.06990587 1.013662 -0.06000685 1.004719 -0.06990587 1.013662 -0.07125574 1.005901 -0.06000685 1.004719 -0.06000685 1.004719 -0.07125574 1.005901 -0.0602318 1.00157 -0.07125574 1.005901 -0.07159322 0.999995 -0.0602318 1.00157 -0.0602318 1.00157 -0.07159322 0.999995 -0.0602318 0.9984201 -0.07159322 0.999995 -0.07153695 0.9980264 -0.0602318 0.9984201 -0.0602318 0.9984201 -0.07153695 0.9980264 -0.06000685 0.9952704 -0.06000685 0.9952704 -0.07153695 0.9980264 -0.0595569 0.992177 -0.07153695 0.9980264 -0.07069331 0.9902084 -0.0595569 0.992177 -0.0595569 0.992177 -0.07069331 0.9902084 -0.05888193 0.9890835 -0.07069331 0.9902084 -0.06878095 0.9825592 -0.05888193 0.9890835 -0.06878095 0.9825592 -0.05803829 0.9860463 -0.05888193 0.9890835 -0.05888193 0.9890835 -0.05803829 0.9860463 -0.05876946 0.9891398 -0.05876946 0.9891398 -0.05803829 0.9860463 -0.05792576 0.9861026 -0.05803829 0.9860463 -0.05696964 0.9831216 -0.05792576 0.9861026 -0.05792576 0.9861026 -0.05696964 0.9831216 -0.05685716 0.9831216 -0.05696964 0.9831216 -0.05567598 0.9802531 -0.05685716 0.9831216 -0.05685716 0.9831216 -0.05567598 0.9802531 -0.0555635 0.9802531 -0.05567598 0.9802531 -0.05522602 0.9795782 -0.0555635 0.9802531 0.02559727 0.9802531 0.02559727 0.9795782 0.02565354 0.9795782 0.02559727 0.9795782 0.02559727 0.9774972 0.02565354 0.9795782 0.02559727 0.9774972 0.02565354 0.97356 0.02565354 0.9795782 -0.05151391 0.97356 -0.04195231 0.979297 -0.05522602 0.9795782 -0.05522602 0.9795782 -0.04195231 0.979297 -0.04521453 0.9844152 0.02565354 0.979297 0.02925318 0.9806469 0.02565354 0.9844152 0.02925318 0.9806469 0.02925318 0.9832903 0.02565354 0.9844152 0.02925318 0.9832903 0.02925318 0.9854276 0.02565354 0.9844152 0.02565354 0.9844152 0.02925318 0.9854276 0.02925318 0.9870025 0.02925318 0.9854276 -0.04392087 0.9870587 0.02925318 0.9870025 0.02925318 0.9870025 -0.04392087 0.9870587 0.02925318 0.9906584 -0.04392087 0.9870587 -0.04538327 0.9909958 0.02925318 0.9906584 0.02925318 0.9906584 -0.04538327 0.9909958 0.02925318 0.9909396 0.02925318 0.9951017 0.02925318 0.9909396 -0.04628318 0.9951017 0.02925318 0.9909396 -0.04538327 0.9909958 -0.04628318 0.9951017 -0.04538327 0.9909958 -0.04622691 0.9951017 -0.04628318 0.9951017 -0.04622691 0.9951017 -0.0465644 0.99932 -0.04628318 0.9951017 -0.04628318 0.9951017 -0.0465644 0.99932 -0.04667687 0.99932 -0.04667687 0.99932 -0.0465644 0.99932 -0.04639565 1.003482 -0.0465644 0.99932 -0.04628318 1.003482 -0.04639565 1.003482 -0.04639565 1.003482 -0.04628318 1.003482 -0.04555201 1.007588 -0.04628318 1.003482 -0.04543948 1.007588 -0.04555201 1.007588 -0.04555201 1.007588 -0.04543948 1.007588 -0.04414588 1.011525 -0.04543948 1.007588 -0.03435933 1.003932 -0.04414588 1.011525 -0.03435933 1.003932 -0.0337969 1.006238 -0.04414588 1.011525 -0.0337969 1.006238 -0.03289699 1.008432 -0.04414588 1.011525 -0.04414588 1.011525 -0.03289699 1.008432 -0.04234606 1.015293 -0.04234606 1.015293 -0.03289699 1.008432 -0.03171581 1.010513 -0.03289699 1.008432 -0.03278446 1.008375 -0.03171581 1.010513 -0.03171581 1.010513 -0.03278446 1.008375 -0.0316596 1.010456 -0.03278446 1.008375 -0.03272825 1.008319 -0.0316596 1.010456 -0.03272825 1.008319 -0.03154706 1.0104 -0.0316596 1.010456 -0.0316596 1.010456 -0.03154706 1.0104 -0.03025346 1.012369 -0.03025346 1.012369 -0.03154706 1.0104 -0.0301972 1.012313 -0.03154706 1.0104 -0.03149086 1.010344 -0.0301972 1.012313 -0.0301972 1.012313 -0.03149086 1.010344 -0.03014099 1.012256 -0.03149086 1.010344 -0.02991598 1.009388 -0.03014099 1.012256 -0.02991598 1.009388 -0.02867865 1.011075 -0.03014099 1.012256 -0.03014099 1.012256 -0.02867865 1.011075 -0.02856612 1.013944 -0.02867865 1.011075 -0.02727252 1.01265 -0.02856612 1.013944 -0.02856612 1.013944 -0.02727252 1.01265 -0.0267663 1.015462 -0.02727252 1.01265 -0.02564144 1.014 -0.0267663 1.015462 -0.0267663 1.015462 -0.02564144 1.014 -0.02479773 1.016756 -0.02564144 1.014 -0.02389782 1.015181 -0.02479773 1.016756 -0.02479773 1.016756 -0.02389782 1.015181 -0.0227167 1.017825 -0.02389782 1.015181 -0.02198553 1.016137 -0.0227167 1.017825 -0.0227167 1.017825 -0.02198553 1.016137 -0.02052319 1.018612 -0.02198553 1.016137 -0.02001696 1.016812 -0.02052319 1.018612 -0.02052319 1.018612 -0.02001696 1.016812 -0.01821714 1.019118 -0.02001696 1.016812 -0.01793593 1.017318 -0.01821714 1.019118 -0.01821714 1.019118 -0.01793593 1.017318 -0.0159111 1.019343 -0.01793593 1.017318 -0.01585489 1.017543 -0.0159111 1.019343 -0.0159111 1.019343 -0.01585489 1.017543 -0.01354885 1.019287 -0.01585489 1.017543 -0.01371759 1.017487 -0.01354885 1.019287 -0.01354885 1.019287 -0.01371759 1.017487 -0.0112428 1.019006 -0.01371759 1.017487 -0.01163655 1.01715 -0.0112428 1.019006 -0.0112428 1.019006 -0.01163655 1.01715 -0.008993029 1.018387 -0.01163655 1.01715 -0.009555459 1.016643 -0.008993029 1.018387 -0.009555459 1.016643 -0.006799519 1.017487 -0.008993029 1.018387 -0.008993029 1.018387 -0.006799519 1.017487 -0.006799519 1.017599 -0.006799519 1.017487 -0.004718482 1.016475 -0.006799519 1.017599 -0.006799519 1.017599 -0.004718482 1.016475 -0.004662215 1.016531 -0.004718482 1.016475 -0.002749919 1.015125 -0.004662215 1.016531 -0.004662215 1.016531 -0.002749919 1.015125 -0.002693653 1.015237 -0.002749919 1.015125 -9.50098e-4 1.013606 -0.002693653 1.015237 -0.002693653 1.015237 -9.50098e-4 1.013606 0.007542788 1.02148 -9.50098e-4 1.013606 0.01024252 1.018218 0.007542788 1.02148 0.007542788 1.02148 0.01024252 1.018218 0.007655262 1.021537 0.01024252 1.018218 0.01029878 1.018331 0.007655262 1.021537 0.007655262 1.021537 0.01029878 1.018331 0.007711529 1.021649 0.01029878 1.018331 0.01041126 1.018387 0.007711529 1.021649 0.007711529 1.021649 0.01041126 1.018387 0.007824003 1.021705 0.01041126 1.018387 0.01052373 1.018443 0.007824003 1.021705 0.01052373 1.018443 -0.02924108 1.018499 0.007824003 1.021705 -0.02924108 1.021762 0.007824003 1.021705 -0.02924108 1.021537 0.007824003 1.021705 -0.02924108 1.018499 -0.02924108 1.021537 -0.02924108 1.021537 -0.02924108 1.018499 -0.02569764 1.018218 -0.02924108 1.018499 -0.02924108 1.016981 -0.02569764 1.018218 -0.02924108 1.016981 -0.02924108 1.0149 -0.02569764 1.018218 -0.02924108 1.0149 -0.02569764 1.012875 -0.02569764 1.018218 0.01626068 1.012875 0.02497857 1.020412 0.01344847 1.018218 0.01344847 1.018218 0.02497857 1.020412 0.02126646 1.02643 -0.02569764 1.020412 -0.02558517 1.022493 -0.02569764 1.02643 -0.02558517 1.022493 -0.02558517 1.025136 -0.02569764 1.02643 -0.02558517 1.025136 -0.02558517 1.02643 -0.02569764 1.02643 -0.02569764 1.02643 -0.02558517 1.02643 -0.02558517 1.027724 0.02126646 1.02643 0.02042281 1.02778 0.02031028 1.027724 0.02042281 1.02778 0.01839798 1.030198 0.02031028 1.027724 0.02031028 1.027724 0.01839798 1.030198 0.01834172 1.030086 0.01834172 1.030086 0.01839798 1.030198 0.01665443 1.031829 0.01665443 1.031829 0.01839798 1.030198 0.01620447 1.032448 0.01839798 1.030198 0.02936565 1.034754 0.01620447 1.032448 0.02936565 1.034754 0.02407866 1.040603 0.01620447 1.032448 0.01620447 1.032448 0.02407866 1.040603 0.01389843 1.034529 0.01389843 1.034529 0.02407866 1.040603 0.01136744 1.036498 0.008780181 1.038241 0.01136744 1.036498 0.0180605 1.045665 0.01136744 1.036498 0.02407866 1.040603 0.0180605 1.045665 0.02407866 1.040603 0.03932094 1.063776 0.0180605 1.045665 0.03932094 1.063776 0.03414642 1.067826 0.0180605 1.045665 0.0180605 1.045665 0.03414642 1.067826 0.02869075 1.071482 0.03414642 1.067826 0.02970314 1.073169 0.02869075 1.071482 0.02970314 1.073169 0.02385371 1.076431 0.02869075 1.071482 0.02869075 1.071482 0.02385371 1.076431 0.0229538 1.074744 0.0229538 1.074744 0.02385371 1.076431 0.01772308 1.0793 0.02385371 1.076431 0.01845425 1.080987 0.01772308 1.0793 0.01772308 1.0793 0.01845425 1.080987 0.01198613 1.083406 0.01845425 1.080987 0.01249229 1.085037 0.01198613 1.083406 0.01249229 1.085037 0.005742967 1.086949 0.01198613 1.083406 0.01198613 1.083406 0.005742967 1.086949 0.005349278 1.085262 0.005742967 1.086949 -0.001118779 1.088299 0.005349278 1.085262 0.005349278 1.085262 -0.001118779 1.088299 -0.001400053 1.086611 -0.001118779 1.088299 -0.008093118 1.089143 -0.001400053 1.086611 -0.001400053 1.086611 -0.008093118 1.089143 -0.008261859 1.087399 -0.008261859 1.087399 -0.008093118 1.089143 -0.01512372 1.089424 -0.008093118 1.089143 -0.007980644 1.090661 -0.01512372 1.089424 -0.007980644 1.090661 -0.0127052 1.09083 -0.01512372 1.089424 -0.0127052 1.09083 -0.01512372 1.090942 -0.01512372 1.089424 -0.01512372 1.090942 -0.02226674 1.090661 -0.01512372 1.089424 -0.01512372 1.089424 -0.02226674 1.090661 -0.02215427 1.089143 -0.02226674 1.090661 -0.02237921 1.090661 -0.02215427 1.089143 -0.02215427 1.089143 -0.02237921 1.090661 -0.02912861 1.088299 -0.02237921 1.090661 -0.02935355 1.089818 -0.02912861 1.088299 -0.02935355 1.089818 -0.03194081 1.089311 -0.02912861 1.088299 -0.02912861 1.088299 -0.03194081 1.089311 -0.03599041 1.086949 -0.03194081 1.089311 -0.03632789 1.088411 -0.03599041 1.086949 -0.03599041 1.086949 -0.03632789 1.088411 -0.04273974 1.085037 -0.03632789 1.088411 -0.04133367 1.087005 -0.04273974 1.085037 -0.04133367 1.087005 -0.04324597 1.086499 -0.04273974 1.085037 -0.04324597 1.086499 -0.04993903 1.084024 -0.04273974 1.085037 -0.04273974 1.085037 -0.04993903 1.084024 -0.04932039 1.082618 -0.04993903 1.084024 -0.05044525 1.083743 -0.04932039 1.082618 -0.04932039 1.082618 -0.05044525 1.083743 -0.05573225 1.079693 -0.05044525 1.083743 -0.05640715 1.081043 -0.05573225 1.079693 -0.05640715 1.081043 -0.05916315 1.079468 -0.05573225 1.079693 -0.05573225 1.079693 -0.05916315 1.079468 -0.06186288 1.076263 -0.05916315 1.079468 -0.06265032 1.077556 -0.06186288 1.076263 -0.06186288 1.076263 -0.06265032 1.077556 -0.06765609 1.072325 -0.06265032 1.077556 -0.06737488 1.07435 -0.06765609 1.072325 -0.06737488 1.07435 -0.06855601 1.073563 -0.06765609 1.072325 -0.06855601 1.073563 -0.07418048 1.069119 -0.06765609 1.072325 -0.07418048 1.069119 -0.07316803 1.067995 -0.06765609 1.072325 -0.06765609 1.072325 -0.07316803 1.067995 -0.06664371 1.070919 -0.06664371 1.070919 -0.07316803 1.067995 -0.07204318 1.066701 -0.07316803 1.067995 -0.07834255 1.063214 -0.07204318 1.066701 -0.07834255 1.063214 -0.07710516 1.061976 -0.07204318 1.066701 -0.07204318 1.066701 -0.07710516 1.061976 -0.07086205 1.065239 -0.07086205 1.065239 -0.07710516 1.061976 -0.07581156 1.060683 -0.07710516 1.061976 -0.08177345 1.056971 -0.07581156 1.060683 -0.07581156 1.060683 -0.08177345 1.056971 -0.08036738 1.055733 -0.08177345 1.056971 -0.08604806 1.051515 -0.08036738 1.055733 -0.08036738 1.055733 -0.08604806 1.051515 -0.08452945 1.050446 -0.08604806 1.051515 -0.08987265 1.045834 -0.08452945 1.050446 -0.08987265 1.045834 -0.08829784 1.044822 -0.08452945 1.050446 -0.08452945 1.050446 -0.08829784 1.044822 -0.08295458 1.049265 -0.08829784 1.044822 -0.08661049 1.043809 -0.08295458 1.049265 -0.08295458 1.049265 -0.08661049 1.043809 -0.06400018 1.02823 -0.08661049 1.043809 -0.08981645 1.038072 -0.06400018 1.02823 -0.08981645 1.038072 -0.06743109 1.021143 -0.06400018 1.02823 -0.06400018 1.02823 -0.06743109 1.021143 -0.05567598 1.019793 -0.05567598 1.019793 -0.06743109 1.021143 -0.05696964 1.016925 -0.06743109 1.021143 -0.05803829 1.013944 -0.05696964 1.016925 -0.05696964 1.016925 -0.05803829 1.013944 -0.05685716 1.016868 -0.05685716 1.016868 -0.05803829 1.013944 -0.05792576 1.013887 -0.05803829 1.013944 -0.05888193 1.010906 -0.05792576 1.013887 -0.05792576 1.013887 -0.05888193 1.010906 -0.05876946 1.010906 -0.05888193 1.010906 -0.0595569 1.007813 -0.05876946 1.010906 -0.05876946 1.010906 -0.0595569 1.007813 -0.05944436 1.007813 -0.05944436 1.007813 -0.0595569 1.007813 -0.0595569 1.007025 -0.0595569 1.007813 -0.06000685 1.004719 -0.0595569 1.007025 -0.0595569 1.007025 -0.06000685 1.004719 -0.05989432 1.004719 -0.06000685 1.004719 -0.0602318 1.00157 -0.05989432 1.004719 -0.05989432 1.004719 -0.0602318 1.00157 -0.06011933 1.00157 -0.06011933 1.00157 -0.0602318 1.00157 -0.06011933 0.999995 -0.0602318 1.00157 -0.0602318 0.9984201 -0.06011933 0.999995 -0.06011933 0.999995 -0.0602318 0.9984201 -0.06011933 0.9984201 -0.0602318 0.9984201 -0.06000685 0.9952704 -0.06011933 0.9984201 -0.06011933 0.9984201 -0.06000685 0.9952704 -0.05989432 0.9952704 -0.05989432 0.9952704 -0.06000685 0.9952704 -0.0595569 0.9929644 -0.06000685 0.9952704 -0.0595569 0.992177 -0.0595569 0.9929644 -0.0595569 0.9929644 -0.0595569 0.992177 -0.05944436 0.992177 -0.0595569 0.992177 -0.05888193 0.9890835 -0.05944436 0.992177 -0.05888193 0.9890835 -0.05876946 0.9891398 -0.05944436 0.992177 0.02559727 0.992177 0.02559727 0.9891398 0.02565354 0.9861026 0.02559727 0.9891398 0.02559727 0.9861026 0.02565354 0.9861026 0.02559727 0.9861026 0.02559727 0.9831216 0.02565354 0.9861026 0.02559727 0.9831216 0.02559727 0.9802531 0.02565354 0.9861026 0.02559727 0.9802531 0.02565354 0.9795782 0.02565354 0.9861026 -0.05522602 0.9795782 -0.04521453 0.9844152 -0.05792576 0.9861026 -0.05792576 0.9861026 -0.04521453 0.9844152 -0.04752051 0.9899834 0.02565354 0.9844152 0.02925318 0.9870025 0.02565354 0.9899834 0.02925318 0.9870025 0.02925318 0.9906584 0.02565354 0.9899834 0.02925318 0.9906584 0.02925318 0.9909396 0.02565354 0.9899834 0.02565354 0.9899834 0.02925318 0.9909396 0.02565354 0.9959453 0.02925318 0.9909396 0.02925318 0.9951017 0.02565354 0.9959453 0.02565354 0.9959453 0.02925318 0.9951017 0.02925318 0.9962266 0.02925318 0.9951017 -0.04628318 0.9951017 0.02925318 0.9962266 -0.04628318 0.9951017 -0.04667687 0.99932 0.02925318 0.9962266 0.02925318 0.9962266 -0.04667687 0.99932 0.02925318 0.99932 0.02925318 0.99932 -0.04667687 0.99932 0.02925318 1.001907 0.02925318 1.001907 -0.04667687 0.99932 -0.04650813 1.003482 -0.04667687 0.99932 -0.04639565 1.003482 -0.04650813 1.003482 -0.04650813 1.003482 -0.04639565 1.003482 -0.04566448 1.007644 -0.04639565 1.003482 -0.04555201 1.007588 -0.04566448 1.007644 -0.04566448 1.007644 -0.04555201 1.007588 -0.04425835 1.011581 -0.04555201 1.007588 -0.04414588 1.011525 -0.04425835 1.011581 -0.04414588 1.011525 -0.04234606 1.015293 -0.04425835 1.011581 -0.04425835 1.011581 -0.04234606 1.015293 -0.04245853 1.01535 -0.04245853 1.01535 -0.04234606 1.015293 -0.04004001 1.018781 -0.04234606 1.015293 -0.03171581 1.010513 -0.04004001 1.018781 -0.04004001 1.018781 -0.03171581 1.010513 -0.03036594 1.012425 -0.03171581 1.010513 -0.0316596 1.010456 -0.03036594 1.012425 -0.0316596 1.010456 -0.03025346 1.012369 -0.03036594 1.012425 -0.03036594 1.012425 -0.03025346 1.012369 -0.02873486 1.014169 -0.02873486 1.014169 -0.03025346 1.012369 -0.02867865 1.014112 -0.03025346 1.012369 -0.0301972 1.012313 -0.02867865 1.014112 -0.02867865 1.014112 -0.0301972 1.012313 -0.02862238 1.014056 -0.0301972 1.012313 -0.03014099 1.012256 -0.02862238 1.014056 -0.03014099 1.012256 -0.02856612 1.013944 -0.02862238 1.014056 -0.02862238 1.014056 -0.02856612 1.013944 -0.02682256 1.015575 -0.02856612 1.013944 -0.0267663 1.015462 -0.02682256 1.015575 -0.02682256 1.015575 -0.0267663 1.015462 -0.024854 1.016868 -0.0267663 1.015462 -0.02479773 1.016756 -0.024854 1.016868 -0.024854 1.016868 -0.02479773 1.016756 -0.02277296 1.017881 -0.02479773 1.016756 -0.0227167 1.017825 -0.02277296 1.017881 -0.02277296 1.017881 -0.0227167 1.017825 -0.02052319 1.018668 -0.0227167 1.017825 -0.02052319 1.018612 -0.02052319 1.018668 -0.02052319 1.018668 -0.02052319 1.018612 -0.01821714 1.019231 -0.02052319 1.018612 -0.01821714 1.019118 -0.01821714 1.019231 -0.01821714 1.019231 -0.01821714 1.019118 -0.0159111 1.019456 -0.01821714 1.019118 -0.0159111 1.019343 -0.0159111 1.019456 -0.0159111 1.019456 -0.0159111 1.019343 -0.01354885 1.019399 -0.0159111 1.019343 -0.01354885 1.019287 -0.01354885 1.019399 -0.01354885 1.019399 -0.01354885 1.019287 -0.0112428 1.019062 -0.01354885 1.019287 -0.0112428 1.019006 -0.0112428 1.019062 -0.0112428 1.019062 -0.0112428 1.019006 -0.008936822 1.018443 -0.0112428 1.019006 -0.008993029 1.018387 -0.008936822 1.018443 -0.008993029 1.018387 -0.006799519 1.017599 -0.008936822 1.018443 -0.008936822 1.018443 -0.006799519 1.017599 -0.006743252 1.017656 -0.006799519 1.017599 -0.004662215 1.016531 -0.006743252 1.017656 -0.006743252 1.017656 -0.004662215 1.016531 -0.004605948 1.016643 -0.004662215 1.016531 -0.002693653 1.015237 -0.004605948 1.016643 -0.004605948 1.016643 -0.002693653 1.015237 0.004505574 1.024293 -0.002693653 1.015237 0.007542788 1.02148 0.004505574 1.024293 0.004505574 1.024293 0.007542788 1.02148 0.004561841 1.024405 0.007542788 1.02148 0.007655262 1.021537 0.004561841 1.024405 0.004561841 1.024405 0.007655262 1.021537 0.004674315 1.024461 0.007655262 1.021537 0.007711529 1.021649 0.004674315 1.024461 0.004674315 1.024461 0.007711529 1.021649 0.004730582 1.024574 0.007711529 1.021649 0.007824003 1.021705 0.004730582 1.024574 -0.02924108 0.9961704 0.004730582 1.024574 -0.02924108 0.9952142 0.004730582 1.024574 0.007824003 1.021705 -0.02924108 0.9952142 0.007824003 1.021705 -0.02924108 1.021762 -0.02924108 0.9952142 -0.02924108 0.9952142 -0.02924108 1.021762 -0.02569764 1.023055 -0.02924108 1.021762 -0.02924108 1.021537 -0.02569764 1.023055 -0.02924108 1.021537 -0.02569764 1.018218 -0.02569764 1.023055 0.01344847 1.018218 0.02126646 1.02643 0.009736359 1.023055 0.009736359 1.023055 0.02126646 1.02643 0.01671063 1.031829 -0.02569764 1.02643 -0.02558517 1.027724 -0.02569764 1.031829 -0.02558517 1.027724 -0.02558517 1.030086 -0.02569764 1.031829 -0.02558517 1.030086 -0.02558517 0.9833466 -0.02569764 1.031829 -0.02569764 1.031829 -0.02558517 0.9833466 -0.02558517 0.9838528 0.01665443 1.031829 0.01620447 1.032448 0.0161482 1.032392 0.01620447 1.032448 0.01389843 1.034529 0.0161482 1.032392 0.0161482 1.032392 0.01389843 1.034529 0.01378595 1.034473 0.01389843 1.034529 0.01136744 1.036498 0.01378595 1.034473 0.01378595 1.034473 0.01136744 1.036498 0.01131117 1.036385 0.01136744 1.036498 0.008780181 1.038241 0.01131117 1.036385 0.01131117 1.036385 0.008780181 1.038241 0.008723914 1.038185 0.008723914 1.038185 0.008780181 1.038241 0.006080448 1.039816 0.008780181 1.038241 0.0180605 1.045665 0.006080448 1.039816 0.006080448 1.039816 0.0180605 1.045665 0.01136744 1.049828 0.0180605 1.045665 0.02869075 1.071482 0.01136744 1.049828 0.02869075 1.071482 0.0229538 1.074744 0.01136744 1.049828 0.01136744 1.049828 0.0229538 1.074744 0.01699185 1.0775 0.0229538 1.074744 0.01772308 1.0793 0.01699185 1.0775 0.01699185 1.0775 0.01772308 1.0793 0.01136744 1.081606 0.01772308 1.0793 0.01198613 1.083406 0.01136744 1.081606 0.01198613 1.083406 0.005349278 1.085262 0.01136744 1.081606 0.01136744 1.081606 0.005349278 1.085262 0.004899322 1.083462 0.005349278 1.085262 -0.001400053 1.086611 0.004899322 1.083462 0.004899322 1.083462 -0.001400053 1.086611 -0.001681268 1.084755 -0.001400053 1.086611 -0.008261859 1.087399 -0.001681268 1.084755 -0.001681268 1.084755 -0.008261859 1.087399 -0.008374333 1.085543 -0.008374333 1.085543 -0.008261859 1.087399 -0.01512372 1.08768 -0.008261859 1.087399 -0.01512372 1.089424 -0.01512372 1.08768 -0.01512372 1.089424 -0.02215427 1.089143 -0.01512372 1.08768 -0.01512372 1.08768 -0.02215427 1.089143 -0.02198553 1.087399 -0.02215427 1.089143 -0.02912861 1.088299 -0.02198553 1.087399 -0.02198553 1.087399 -0.02912861 1.088299 -0.02884733 1.086611 -0.02912861 1.088299 -0.03599041 1.086949 -0.02884733 1.086611 -0.02884733 1.086611 -0.03599041 1.086949 -0.03559672 1.085262 -0.03599041 1.086949 -0.04273974 1.085037 -0.03559672 1.085262 -0.03559672 1.085262 -0.04273974 1.085037 -0.04223358 1.083406 -0.04273974 1.085037 -0.04932039 1.082618 -0.04223358 1.083406 -0.04223358 1.083406 -0.04932039 1.082618 -0.0487017 1.080987 -0.04932039 1.082618 -0.05573225 1.079693 -0.0487017 1.080987 -0.0487017 1.080987 -0.05573225 1.079693 -0.05494481 1.078119 -0.05573225 1.079693 -0.06186288 1.076263 -0.05494481 1.078119 -0.05494481 1.078119 -0.06186288 1.076263 -0.06096297 1.074744 -0.06186288 1.076263 -0.06765609 1.072325 -0.06096297 1.074744 -0.06765609 1.072325 -0.06664371 1.070919 -0.06096297 1.074744 -0.06096297 1.074744 -0.06664371 1.070919 -0.05995059 1.073169 -0.05995059 1.073169 -0.06664371 1.070919 -0.06557506 1.069401 -0.06664371 1.070919 -0.07204318 1.066701 -0.06557506 1.069401 -0.07204318 1.066701 -0.07086205 1.065239 -0.06557506 1.069401 -0.06557506 1.069401 -0.07086205 1.065239 -0.06439393 1.067826 -0.06439393 1.067826 -0.07086205 1.065239 -0.06956839 1.063776 -0.07086205 1.065239 -0.07581156 1.060683 -0.06956839 1.063776 -0.06956839 1.063776 -0.07581156 1.060683 -0.07440543 1.059277 -0.07581156 1.060683 -0.08036738 1.055733 -0.07440543 1.059277 -0.07440543 1.059277 -0.08036738 1.055733 -0.07890498 1.05444 -0.08036738 1.055733 -0.08452945 1.050446 -0.07890498 1.05444 -0.08452945 1.050446 -0.08295458 1.049265 -0.07890498 1.05444 -0.07890498 1.05444 -0.08295458 1.049265 -0.0596131 1.034754 -0.08295458 1.049265 -0.06400018 1.02823 -0.0596131 1.034754 -0.05252629 1.025249 -0.0596131 1.034754 -0.05421364 1.022549 -0.0596131 1.034754 -0.06400018 1.02823 -0.05421364 1.022549 -0.06400018 1.02823 -0.05567598 1.019793 -0.05421364 1.022549 -0.05410116 1.022493 -0.05421364 1.022549 -0.05522602 1.020412 -0.05421364 1.022549 -0.05567598 1.019793 -0.05522602 1.020412 -0.05522602 1.020412 -0.05567598 1.019793 -0.0555635 1.019737 -0.05567598 1.019793 -0.05696964 1.016925 -0.0555635 1.019737 -0.05696964 1.016925 -0.05685716 1.016868 -0.0555635 1.019737 0.02559727 1.019737 0.02559727 1.016868 0.02565354 1.013887 0.02559727 1.016868 0.02559727 1.013887 0.02565354 1.013887 0.02559727 1.013887 0.02559727 1.010906 0.02565354 1.013887 0.02559727 1.010906 0.02559727 1.007813 0.02565354 1.013887 0.02565354 1.013887 0.02559727 1.007813 0.02565354 1.007025 0.02559727 1.007813 0.02559727 1.007025 0.02565354 1.007025 0.02559727 1.007025 0.02559727 1.004719 0.02565354 1.007025 0.02565354 1.007025 0.02559727 1.004719 0.02565354 0.999995 0.02559727 1.004719 0.02559727 1.00157 0.02565354 0.999995 0.02559727 1.00157 0.02559727 0.999995 0.02565354 0.999995 0.02559727 0.999995 0.02559727 0.9984201 0.02565354 0.999995 0.02565354 0.999995 0.02559727 0.9984201 0.02565354 0.9929644 0.02559727 0.9984201 0.02559727 0.9952704 0.02565354 0.9929644 0.02559727 0.9952704 0.02559727 0.9929644 0.02565354 0.9929644 0.02559727 0.9929644 0.02559727 0.992177 0.02565354 0.9929644 0.02559727 0.992177 0.02565354 0.9861026 0.02565354 0.9929644 -0.05792576 0.9861026 -0.04752051 0.9899834 -0.0595569 0.9929644 -0.04752051 0.9899834 -0.04875791 0.9959453 -0.0595569 0.9929644 -0.0595569 0.9929644 -0.04875791 0.9959453 -0.06011933 0.999995 -0.0595569 1.007025 -0.06011933 0.999995 -0.04892665 1.00202 -0.06011933 0.999995 -0.04875791 0.9959453 -0.04892665 1.00202 0.02565354 0.9959453 0.02925318 0.9962266 0.02565354 1.00202 0.02925318 0.9962266 0.02925318 0.99932 0.02565354 1.00202 0.02925318 0.99932 0.02925318 1.001907 0.02565354 1.00202 0.02565354 1.00202 0.02925318 1.001907 0.02925318 1.003538 0.02925318 1.001907 -0.04650813 1.003482 0.02925318 1.003538 0.02925318 1.003538 -0.04650813 1.003482 0.02925318 1.007475 0.02925318 1.007475 -0.04650813 1.003482 -0.04572069 1.007644 -0.04650813 1.003482 -0.04566448 1.007644 -0.04572069 1.007644 -0.04572069 1.007644 -0.04566448 1.007644 -0.04437083 1.011638 -0.04566448 1.007644 -0.04425835 1.011581 -0.04437083 1.011638 -0.04425835 1.011581 -0.04245853 1.01535 -0.04437083 1.011638 -0.04437083 1.011638 -0.04245853 1.01535 -0.042571 1.015406 -0.042571 1.015406 -0.04245853 1.01535 -0.04015249 1.018893 -0.04245853 1.01535 -0.04004001 1.018781 -0.04015249 1.018893 -0.04015249 1.018893 -0.04004001 1.018781 -0.03734028 1.02193 -0.04004001 1.018781 -0.03036594 1.012425 -0.03734028 1.02193 -0.03036594 1.012425 -0.02873486 1.014169 -0.03734028 1.02193 -0.03734028 1.02193 -0.02873486 1.014169 -0.03419059 1.024743 -0.03419059 1.024743 -0.02873486 1.014169 -0.02693504 1.015743 -0.02873486 1.014169 -0.02867865 1.014112 -0.02693504 1.015743 -0.02693504 1.015743 -0.02867865 1.014112 -0.02687877 1.015631 -0.02867865 1.014112 -0.02862238 1.014056 -0.02687877 1.015631 -0.02862238 1.014056 -0.02682256 1.015575 -0.02687877 1.015631 -0.02687877 1.015631 -0.02682256 1.015575 -0.02491027 1.016925 -0.02682256 1.015575 -0.024854 1.016868 -0.02491027 1.016925 -0.02491027 1.016925 -0.024854 1.016868 -0.02277296 1.017993 -0.024854 1.016868 -0.02277296 1.017881 -0.02277296 1.017993 -0.02277296 1.017993 -0.02277296 1.017881 -0.02057939 1.018781 -0.02277296 1.017881 -0.02052319 1.018668 -0.02057939 1.018781 -0.02057939 1.018781 -0.02052319 1.018668 -0.01827341 1.019287 -0.02052319 1.018668 -0.01821714 1.019231 -0.01827341 1.019287 -0.01827341 1.019287 -0.01821714 1.019231 -0.0159111 1.019568 -0.01821714 1.019231 -0.0159111 1.019456 -0.0159111 1.019568 -0.0159111 1.019568 -0.0159111 1.019456 -0.01354885 1.019512 -0.0159111 1.019456 -0.01354885 1.019399 -0.01354885 1.019512 -0.01354885 1.019512 -0.01354885 1.019399 -0.01118659 1.019174 -0.01354885 1.019399 -0.0112428 1.019062 -0.01118659 1.019174 -0.01118659 1.019174 -0.0112428 1.019062 -0.008936822 1.018556 -0.0112428 1.019062 -0.008936822 1.018443 -0.008936822 1.018556 -0.008936822 1.018443 -0.006743252 1.017656 -0.008936822 1.018556 -0.008936822 1.018556 -0.006743252 1.017656 -0.006687045 1.017768 -0.006743252 1.017656 -0.004605948 1.016643 -0.006687045 1.017768 -0.006687045 1.017768 -0.004605948 1.016643 0.001074671 1.026711 -0.004605948 1.016643 0.004505574 1.024293 0.001074671 1.026711 0.001074671 1.026711 0.004505574 1.024293 0.001130938 1.026767 0.004505574 1.024293 0.004561841 1.024405 0.001130938 1.026767 0.001130938 1.026767 0.004561841 1.024405 0.001187145 1.02688 0.004561841 1.024405 0.004674315 1.024461 0.001187145 1.02688 0.001187145 1.02688 0.004674315 1.024461 0.001243412 1.026992 0.004674315 1.024461 0.004730582 1.024574 0.001243412 1.026992 0.004730582 1.024574 -0.02924108 0.9961704 0.001243412 1.026992 -0.02924108 1.001007 0.001243412 1.026992 -0.02924108 0.9987013 0.001243412 1.026992 -0.02924108 0.9961704 -0.02924108 0.9987013 -0.02924108 0.9987013 -0.02924108 0.9961704 -0.02569764 0.9948205 -0.02924108 0.9961704 -0.02924108 0.9952142 -0.02569764 0.9948205 -0.02924108 0.9952142 -0.02569764 1.023055 -0.02569764 0.9948205 0.009736359 1.023055 0.01671063 1.031829 0.005180537 1.027105 0.005180537 1.027105 0.01671063 1.031829 0.01131117 1.036385 -0.02569764 1.031829 -0.02558517 0.9838528 -0.02569764 0.9886898 -0.02558517 0.9838528 -0.02558517 0.9862151 -0.02569764 0.9886898 -0.02558517 0.9862151 -0.02558517 0.9886898 -0.02569764 0.9886898 -0.02558517 0.9886898 -0.02558517 0.991277 -0.02569764 0.9886898 -0.02569764 0.9886898 -0.02558517 0.991277 -0.02558517 0.9939768 0.008723914 1.038185 0.006080448 1.039816 0.006024181 1.03976 0.006024181 1.03976 0.006080448 1.039816 0.005293011 1.040097 0.005293011 1.040097 0.006080448 1.039816 0.003211975 1.041222 0.006080448 1.039816 0.01136744 1.049828 0.003211975 1.041222 0.003211975 1.041222 0.01136744 1.049828 2.87279e-4 1.042403 2.87279e-4 1.042403 0.01136744 1.049828 0.004168152 1.053034 0.01136744 1.049828 0.01699185 1.0775 0.004168152 1.053034 0.004168152 1.053034 0.01699185 1.0775 0.01080495 1.07975 0.01699185 1.0775 0.01136744 1.081606 0.01080495 1.07975 0.01136744 1.081606 0.004899322 1.083462 0.01080495 1.07975 0.01080495 1.07975 0.004899322 1.083462 0.004449367 1.08155 0.004899322 1.083462 -0.001681268 1.084755 0.004449367 1.08155 0.004449367 1.08155 -0.001681268 1.084755 -0.00201869 1.082843 -0.001681268 1.084755 -0.008374333 1.085543 -0.00201869 1.082843 -0.00201869 1.082843 -0.008374333 1.085543 -0.008543074 1.083574 -0.008543074 1.083574 -0.008374333 1.085543 -0.01512372 1.085824 -0.008374333 1.085543 -0.01512372 1.08768 -0.01512372 1.085824 -0.01512372 1.08768 -0.02198553 1.087399 -0.01512372 1.085824 -0.01512372 1.085824 -0.02198553 1.087399 -0.02187305 1.085543 -0.02198553 1.087399 -0.02884733 1.086611 -0.02187305 1.085543 -0.02187305 1.085543 -0.02884733 1.086611 -0.02856612 1.084755 -0.02884733 1.086611 -0.03559672 1.085262 -0.02856612 1.084755 -0.02856612 1.084755 -0.03559672 1.085262 -0.03514677 1.083462 -0.03559672 1.085262 -0.04223358 1.083406 -0.03514677 1.083462 -0.03514677 1.083462 -0.04223358 1.083406 -0.04161489 1.081606 -0.04223358 1.083406 -0.0487017 1.080987 -0.04161489 1.081606 -0.04161489 1.081606 -0.0487017 1.080987 -0.04797047 1.0793 -0.0487017 1.080987 -0.05494481 1.078119 -0.04797047 1.0793 -0.04797047 1.0793 -0.05494481 1.078119 -0.05410116 1.076431 -0.05494481 1.078119 -0.06096297 1.074744 -0.05410116 1.076431 -0.06096297 1.074744 -0.05995059 1.073169 -0.05410116 1.076431 -0.05410116 1.076431 -0.05995059 1.073169 -0.05320125 1.074744 -0.05320125 1.074744 -0.05995059 1.073169 -0.0589382 1.071482 -0.05995059 1.073169 -0.06557506 1.069401 -0.0589382 1.071482 -0.06557506 1.069401 -0.06439393 1.067826 -0.0589382 1.071482 -0.0589382 1.071482 -0.06439393 1.067826 -0.04830795 1.045665 -0.06439393 1.067826 -0.06956839 1.063776 -0.04830795 1.045665 -0.04830795 1.045665 -0.06956839 1.063776 -0.05432611 1.040603 -0.06956839 1.063776 -0.07440543 1.059277 -0.05432611 1.040603 -0.07440543 1.059277 -0.07890498 1.05444 -0.05432611 1.040603 -0.07890498 1.05444 -0.0596131 1.034754 -0.05432611 1.040603 -0.04864543 1.030198 -0.05432611 1.040603 -0.05067026 1.02778 -0.05432611 1.040603 -0.0596131 1.034754 -0.05067026 1.02778 -0.0596131 1.034754 -0.05252629 1.025249 -0.05067026 1.02778 -0.05055773 1.027724 -0.05067026 1.02778 -0.05151391 1.02643 -0.05067026 1.02778 -0.05252629 1.025249 -0.05151391 1.02643 -0.05151391 1.02643 -0.05252629 1.025249 -0.05241382 1.025136 -0.05252629 1.025249 -0.05421364 1.022549 -0.05241382 1.025136 -0.05421364 1.022549 -0.05410116 1.022493 -0.05241382 1.025136 0.02559727 1.025136 0.02559727 1.022493 0.02565354 1.020412 0.02559727 1.022493 0.02559727 1.020412 0.02565354 1.020412 0.02559727 1.020412 0.02559727 1.019737 0.02565354 1.020412 0.02559727 1.019737 0.02565354 1.013887 0.02565354 1.020412 -0.05522602 1.020412 -0.05792576 1.013887 -0.04802674 1.008038 -0.05792576 1.013887 -0.0595569 1.007025 -0.04802674 1.008038 -0.0595569 1.007025 -0.04892665 1.00202 -0.04802674 1.008038 0.02565354 1.00202 0.02925318 1.003538 0.02565354 1.008038 0.02925318 1.003538 0.02925318 1.007475 0.02565354 1.008038 0.02565354 1.008038 0.02925318 1.007475 0.02925318 1.0077 0.02925318 1.007475 -0.04572069 1.007644 0.02925318 1.0077 0.02925318 1.011694 0.02925318 1.0077 -0.04442709 1.011694 0.02925318 1.0077 -0.04572069 1.007644 -0.04442709 1.011694 -0.04572069 1.007644 -0.04437083 1.011638 -0.04442709 1.011694 -0.04437083 1.011638 -0.042571 1.015406 -0.04442709 1.011694 -0.04442709 1.011694 -0.042571 1.015406 -0.04262727 1.015462 -0.04262727 1.015462 -0.042571 1.015406 -0.04026502 1.018949 -0.042571 1.015406 -0.04015249 1.018893 -0.04026502 1.018949 -0.04026502 1.018949 -0.04015249 1.018893 -0.03739655 1.022043 -0.04015249 1.018893 -0.03734028 1.02193 -0.03739655 1.022043 -0.03734028 1.02193 -0.03419059 1.024743 -0.03739655 1.022043 -0.03739655 1.022043 -0.03419059 1.024743 -0.03430306 1.024799 -0.03430306 1.024799 -0.03419059 1.024743 -0.03075969 1.027049 -0.03419059 1.024743 -0.02693504 1.015743 -0.03075969 1.027049 -0.03075969 1.027049 -0.02693504 1.015743 -0.02496647 1.017037 -0.02693504 1.015743 -0.02687877 1.015631 -0.02496647 1.017037 -0.02687877 1.015631 -0.02491027 1.016925 -0.02496647 1.017037 -0.02496647 1.017037 -0.02491027 1.016925 -0.02282917 1.018106 -0.02491027 1.016925 -0.02277296 1.017993 -0.02282917 1.018106 -0.02282917 1.018106 -0.02277296 1.017993 -0.02057939 1.018893 -0.02277296 1.017993 -0.02057939 1.018781 -0.02057939 1.018893 -0.02057939 1.018893 -0.02057939 1.018781 -0.01827341 1.019399 -0.02057939 1.018781 -0.01827341 1.019287 -0.01827341 1.019399 -0.01827341 1.019399 -0.01827341 1.019287 -0.0159111 1.019624 -0.01827341 1.019287 -0.0159111 1.019568 -0.0159111 1.019624 -0.0159111 1.019624 -0.0159111 1.019568 -0.01354885 1.019624 -0.0159111 1.019568 -0.01354885 1.019512 -0.01354885 1.019624 -0.01354885 1.019624 -0.01354885 1.019512 -0.01118659 1.019287 -0.01354885 1.019512 -0.01118659 1.019174 -0.01118659 1.019287 -0.01118659 1.019287 -0.01118659 1.019174 -0.008880555 1.018668 -0.01118659 1.019174 -0.008936822 1.018556 -0.008880555 1.018668 -0.008936822 1.018556 -0.006687045 1.017768 -0.008880555 1.018668 -0.008880555 1.018668 -0.006687045 1.017768 -0.002637386 1.028623 -0.006687045 1.017768 0.001074671 1.026711 -0.002637386 1.028623 -0.002637386 1.028623 0.001074671 1.026711 -0.002581179 1.028736 0.001074671 1.026711 0.001130938 1.026767 -0.002581179 1.028736 -0.002581179 1.028736 0.001130938 1.026767 -0.002524912 1.028848 0.001130938 1.026767 0.001187145 1.02688 -0.002524912 1.028848 -0.002524912 1.028848 0.001187145 1.02688 -0.002468705 1.028905 0.001187145 1.02688 0.001243412 1.026992 -0.002468705 1.028905 0.001243412 1.026992 -0.02924108 1.001007 -0.002468705 1.028905 -0.002468705 1.028905 -0.02924108 1.001007 -0.02924108 1.00247 -0.02924108 1.006238 -0.02924108 1.00247 -0.02569764 0.9999387 -0.02924108 1.00247 -0.02924108 1.001007 -0.02569764 0.9999387 -0.02924108 1.001007 -0.02924108 0.9987013 -0.02569764 0.9999387 -0.02924108 0.9987013 -0.02569764 0.9948205 -0.02569764 0.9999387 0.005180537 1.027105 0.01131117 1.036385 6.23018e-5 1.030311 6.23018e-5 1.030311 0.01131117 1.036385 0.005293011 1.040097 -0.02569764 0.9886898 -0.02558517 0.9939768 -0.02569764 0.994708 -0.02558517 0.9939768 -0.02558517 0.994708 -0.02569764 0.994708 -0.02569764 0.994708 -0.02558517 0.994708 -0.02558517 0.9968453 0.005293011 1.040097 0.003211975 1.041222 0.003155708 1.04111 0.003211975 1.041222 2.87279e-4 1.042403 0.003155708 1.04111 0.003155708 1.04111 2.87279e-4 1.042403 2.87279e-4 1.042291 2.87279e-4 1.042291 2.87279e-4 1.042403 -0.001231312 1.042797 -0.001231312 1.042797 2.87279e-4 1.042403 -0.002693653 1.043359 2.87279e-4 1.042403 0.004168152 1.053034 -0.002693653 1.043359 -0.002693653 1.043359 0.004168152 1.053034 -0.005730867 1.044147 -0.005730867 1.044147 0.004168152 1.053034 -0.003368616 1.055227 0.004168152 1.053034 0.01080495 1.07975 -0.003368616 1.055227 0.01080495 1.07975 0.004449367 1.08155 -0.003368616 1.055227 0.004449367 1.08155 -0.00201869 1.082843 -0.003368616 1.055227 -0.003368616 1.055227 -0.00201869 1.082843 -0.01118659 1.056296 -0.00201869 1.082843 -0.008543074 1.083574 -0.01118659 1.056296 -0.01118659 1.056296 -0.008543074 1.083574 -0.01512372 1.083855 -0.008543074 1.083574 -0.01512372 1.085824 -0.01512372 1.083855 -0.01512372 1.085824 -0.02187305 1.085543 -0.01512372 1.083855 -0.01512372 1.083855 -0.02187305 1.085543 -0.02170431 1.083574 -0.02187305 1.085543 -0.02856612 1.084755 -0.02170431 1.083574 -0.02170431 1.083574 -0.02856612 1.084755 -0.0282287 1.082843 -0.02856612 1.084755 -0.03514677 1.083462 -0.0282287 1.082843 -0.0282287 1.082843 -0.03514677 1.083462 -0.03469681 1.08155 -0.03514677 1.083462 -0.04161489 1.081606 -0.03469681 1.08155 -0.03469681 1.08155 -0.04161489 1.081606 -0.0410524 1.07975 -0.04161489 1.081606 -0.04797047 1.0793 -0.0410524 1.07975 -0.0410524 1.07975 -0.04797047 1.0793 -0.0472393 1.0775 -0.04797047 1.0793 -0.05410116 1.076431 -0.0472393 1.0775 -0.05410116 1.076431 -0.05320125 1.074744 -0.0472393 1.0775 -0.0472393 1.0775 -0.05320125 1.074744 -0.04161489 1.049828 -0.05320125 1.074744 -0.0589382 1.071482 -0.04161489 1.049828 -0.0589382 1.071482 -0.04830795 1.045665 -0.04161489 1.049828 -0.04161489 1.049828 -0.04830795 1.045665 -0.04161489 1.036498 -0.04161489 1.036498 -0.04830795 1.045665 -0.04414588 1.034529 -0.04414588 1.034529 -0.04830795 1.045665 -0.04645192 1.032448 -0.04830795 1.045665 -0.05432611 1.040603 -0.04645192 1.032448 -0.05432611 1.040603 -0.04864543 1.030198 -0.04645192 1.032448 -0.04645192 1.032448 -0.04864543 1.030198 -0.04690188 1.031829 -0.04690188 1.031829 -0.04864543 1.030198 -0.04858916 1.030086 -0.04864543 1.030198 -0.05067026 1.02778 -0.04858916 1.030086 -0.05067026 1.02778 -0.05055773 1.027724 -0.04858916 1.030086 0.02559727 1.030086 0.02559727 1.027724 0.02565354 1.02643 0.02559727 1.027724 0.02559727 1.02643 0.02565354 1.02643 0.02559727 1.02643 0.02559727 1.025136 0.02565354 1.02643 0.02559727 1.025136 0.02565354 1.020412 0.02565354 1.02643 -0.05151391 1.02643 -0.05522602 1.020412 -0.04605817 1.013775 -0.05522602 1.020412 -0.04802674 1.008038 -0.04605817 1.013775 0.02565354 1.008038 0.02925318 1.0077 0.02565354 1.013775 0.02925318 1.0077 0.02925318 1.011694 0.02565354 1.013775 0.02565354 1.013775 0.02925318 1.011694 0.02925318 1.012819 0.02925318 1.011694 -0.04442709 1.011694 0.02925318 1.012819 -0.04442709 1.011694 -0.04262727 1.015462 0.02925318 1.012819 0.02925318 1.012819 -0.04262727 1.015462 0.02925318 1.015518 0.02925318 1.015518 -0.04262727 1.015462 0.02925318 1.017768 0.02925318 1.017768 -0.04262727 1.015462 -0.04032123 1.019006 -0.04262727 1.015462 -0.04026502 1.018949 -0.04032123 1.019006 -0.04032123 1.019006 -0.04026502 1.018949 -0.03750902 1.022099 -0.04026502 1.018949 -0.03739655 1.022043 -0.03750902 1.022099 -0.03739655 1.022043 -0.03430306 1.024799 -0.03750902 1.022099 -0.03750902 1.022099 -0.03430306 1.024799 -0.03435933 1.024911 -0.03435933 1.024911 -0.03430306 1.024799 -0.03081589 1.027161 -0.03430306 1.024799 -0.03075969 1.027049 -0.03081589 1.027161 -0.03081589 1.027161 -0.03075969 1.027049 -0.0269913 1.028905 -0.03075969 1.027049 -0.02496647 1.017037 -0.0269913 1.028905 -0.02496647 1.017037 -0.02282917 1.018106 -0.0269913 1.028905 -0.0269913 1.028905 -0.02282917 1.018106 -0.02305418 1.030198 -0.02282917 1.018106 -0.02057939 1.018893 -0.02305418 1.030198 -0.02305418 1.030198 -0.02057939 1.018893 -0.01894831 1.030986 -0.02057939 1.018893 -0.01827341 1.019399 -0.01894831 1.030986 -0.01894831 1.030986 -0.01827341 1.019399 -0.01478624 1.031211 -0.01827341 1.019399 -0.0159111 1.019624 -0.01478624 1.031211 -0.01478624 1.031211 -0.0159111 1.019624 -0.01062411 1.030873 -0.0159111 1.019624 -0.01354885 1.019624 -0.01062411 1.030873 -0.01354885 1.019624 -0.01118659 1.019287 -0.01062411 1.030873 -0.01062411 1.030873 -0.01118659 1.019287 -0.006518304 1.03003 -0.01118659 1.019287 -0.008880555 1.018668 -0.006518304 1.03003 -0.008880555 1.018668 -0.002637386 1.028623 -0.006518304 1.03003 -0.006518304 1.03003 -0.002637386 1.028623 -0.006518304 1.030142 -0.002637386 1.028623 -0.002581179 1.028736 -0.006518304 1.030142 -0.006518304 1.030142 -0.002581179 1.028736 -0.006462037 1.030254 -0.002581179 1.028736 -0.002524912 1.028848 -0.006462037 1.030254 -0.006462037 1.030254 -0.002524912 1.028848 -0.006462037 1.030367 -0.002524912 1.028848 -0.002468705 1.028905 -0.006462037 1.030367 -0.002468705 1.028905 -0.02924108 1.00247 -0.006462037 1.030367 -0.02924108 1.00247 -0.02924108 1.006238 -0.006462037 1.030367 -0.02924108 1.006238 -0.02924108 1.006407 -0.006462037 1.030367 -0.006462037 1.030367 -0.02924108 1.006407 -0.02924108 1.010569 -0.02924108 1.010569 -0.02924108 1.006407 -0.02569764 1.005619 -0.02924108 1.006407 -0.02924108 1.006238 -0.02569764 1.005619 -0.02924108 1.006238 -0.02569764 0.9999387 -0.02569764 1.005619 6.23018e-5 1.030311 0.005293011 1.040097 -0.005618393 1.032504 -0.005618393 1.032504 0.005293011 1.040097 -0.001231312 1.042797 -0.02569764 0.994708 -0.02558517 0.9968453 -0.02569764 1.001232 -0.02558517 0.9968453 -0.02558517 0.9997137 -0.02569764 1.001232 -0.02558517 0.9997137 -0.02558517 1.001232 -0.02569764 1.001232 -0.02569764 1.001232 -0.02558517 1.001232 -0.02558517 1.002695 -0.001231312 1.042797 -0.002693653 1.043359 -0.002693653 1.043247 -0.002693653 1.043359 -0.005730867 1.044147 -0.002693653 1.043247 -0.002693653 1.043247 -0.005730867 1.044147 -0.005787074 1.044034 -0.005787074 1.044034 -0.005730867 1.044147 -0.008093118 1.044428 -0.008093118 1.044428 -0.005730867 1.044147 -0.008824288 1.044653 -0.005730867 1.044147 -0.003368616 1.055227 -0.008824288 1.044653 -0.008824288 1.044653 -0.003368616 1.055227 -0.01197397 1.044991 -0.003368616 1.055227 -0.01118659 1.056296 -0.01197397 1.044991 -0.01197397 1.044991 -0.01118659 1.056296 -0.01512372 1.045103 -0.01827341 1.044991 -0.01512372 1.045103 -0.01906079 1.056296 -0.01512372 1.045103 -0.01118659 1.056296 -0.01906079 1.056296 -0.01118659 1.056296 -0.01512372 1.083855 -0.01906079 1.056296 -0.01512372 1.083855 -0.02170431 1.083574 -0.01906079 1.056296 -0.02170431 1.083574 -0.0282287 1.082843 -0.01906079 1.056296 -0.01906079 1.056296 -0.0282287 1.082843 -0.02687877 1.055227 -0.0282287 1.082843 -0.03469681 1.08155 -0.02687877 1.055227 -0.02687877 1.055227 -0.03469681 1.08155 -0.03441554 1.053034 -0.03469681 1.08155 -0.0410524 1.07975 -0.03441554 1.053034 -0.0410524 1.07975 -0.0472393 1.0775 -0.03441554 1.053034 -0.0472393 1.0775 -0.04161489 1.049828 -0.03441554 1.053034 -0.03441554 1.053034 -0.04161489 1.049828 -0.03632789 1.039816 -0.03632789 1.039816 -0.04161489 1.049828 -0.03902763 1.038241 -0.04161489 1.049828 -0.04161489 1.036498 -0.03902763 1.038241 -0.03902763 1.038241 -0.04161489 1.036498 -0.03897136 1.038185 -0.03897136 1.038185 -0.04161489 1.036498 -0.04155862 1.036385 -0.04161489 1.036498 -0.04414588 1.034529 -0.04155862 1.036385 -0.04155862 1.036385 -0.04414588 1.034529 -0.0440334 1.034473 -0.04414588 1.034529 -0.04645192 1.032448 -0.0440334 1.034473 -0.0440334 1.034473 -0.04645192 1.032448 -0.04639565 1.032392 -0.04645192 1.032448 -0.04690188 1.031829 -0.04639565 1.032392 -0.02558517 1.046397 -0.02558517 1.046903 0.02565354 1.031829 -0.02558517 1.046903 0.02559727 1.030086 0.02565354 1.031829 0.02559727 1.030086 0.02565354 1.02643 0.02565354 1.031829 -0.04695808 1.031829 -0.05151391 1.02643 -0.04313349 1.019118 -0.05151391 1.02643 -0.04605817 1.013775 -0.04313349 1.019118 0.02565354 1.013775 0.02925318 1.012819 0.02565354 1.019118 0.02925318 1.012819 0.02925318 1.015518 0.02565354 1.019118 0.02925318 1.015518 0.02925318 1.017768 0.02565354 1.019118 0.02565354 1.019118 0.02925318 1.017768 0.02925318 1.019062 0.02925318 1.017768 -0.04032123 1.019006 0.02925318 1.019062 0.02925318 1.019062 -0.04032123 1.019006 0.02925318 1.022212 0.02925318 1.022212 -0.04032123 1.019006 -0.03756529 1.022212 -0.04032123 1.019006 -0.03750902 1.022099 -0.03756529 1.022212 -0.03750902 1.022099 -0.03435933 1.024911 -0.03756529 1.022212 -0.03756529 1.022212 -0.03435933 1.024911 -0.03441554 1.024968 -0.03441554 1.024968 -0.03435933 1.024911 -0.03087216 1.027274 -0.03435933 1.024911 -0.03081589 1.027161 -0.03087216 1.027274 -0.03087216 1.027274 -0.03081589 1.027161 -0.02704751 1.029017 -0.03081589 1.027161 -0.0269913 1.028905 -0.02704751 1.029017 -0.0269913 1.028905 -0.02305418 1.030198 -0.02704751 1.029017 -0.02704751 1.029017 -0.02305418 1.030198 -0.02305418 1.030311 -0.02305418 1.030198 -0.01894831 1.030986 -0.02305418 1.030311 -0.02305418 1.030311 -0.01894831 1.030986 -0.01894831 1.031098 -0.01894831 1.030986 -0.01478624 1.031211 -0.01894831 1.031098 -0.01894831 1.031098 -0.01478624 1.031211 -0.01478624 1.031323 -0.01478624 1.031211 -0.01062411 1.030873 -0.01478624 1.031323 -0.01478624 1.031323 -0.01062411 1.030873 -0.01062411 1.031042 -0.01062411 1.030873 -0.006518304 1.03003 -0.01062411 1.031042 -0.006518304 1.03003 -0.006518304 1.030142 -0.01062411 1.031042 -0.01062411 1.031042 -0.006518304 1.030142 -0.0105679 1.031154 -0.006518304 1.030142 -0.006462037 1.030254 -0.0105679 1.031154 -0.0105679 1.031154 -0.006462037 1.030254 -0.0105679 1.031211 -0.006462037 1.030254 -0.006462037 1.030367 -0.0105679 1.031211 -0.006462037 1.030367 -0.02924108 1.010569 -0.0105679 1.031211 -0.0105679 1.031211 -0.02924108 1.010569 -0.02924108 1.011806 -0.02924108 1.014787 -0.02924108 1.011806 -0.02569764 1.011581 -0.02924108 1.011806 -0.02924108 1.010569 -0.02569764 1.011581 -0.02924108 1.010569 -0.02569764 1.005619 -0.02569764 1.011581 -0.005618393 1.032504 -0.001231312 1.042797 -0.01158028 1.033685 -0.01158028 1.033685 -0.001231312 1.042797 -0.008093118 1.044428 -0.02569764 1.001232 -0.02558517 1.002695 -0.02569764 1.008094 -0.02558517 1.002695 -0.02558517 1.005788 -0.02569764 1.008094 -0.02558517 1.005788 -0.02558517 1.008094 -0.02569764 1.008094 -0.02569764 1.008094 -0.02558517 1.008094 -0.02558517 1.008882 -0.008093118 1.044428 -0.008824288 1.044653 -0.008880555 1.044541 -0.008824288 1.044653 -0.01197397 1.044991 -0.008880555 1.044541 -0.008880555 1.044541 -0.01197397 1.044991 -0.01197397 1.044878 -0.01197397 1.044991 -0.01512372 1.045103 -0.01197397 1.044878 -0.01197397 1.044878 -0.01512372 1.045103 -0.01512372 1.044991 -0.01512372 1.045103 -0.01827341 1.044991 -0.01512372 1.044991 -0.01512372 1.044991 -0.01827341 1.044991 -0.01827341 1.044878 -0.01827341 1.044878 -0.01827341 1.044991 -0.0214231 1.044653 -0.01827341 1.044991 -0.01906079 1.056296 -0.0214231 1.044653 -0.0214231 1.044653 -0.01906079 1.056296 -0.02451652 1.044147 -0.01906079 1.056296 -0.02687877 1.055227 -0.02451652 1.044147 -0.02451652 1.044147 -0.02687877 1.055227 -0.02755373 1.043359 -0.02755373 1.043359 -0.02687877 1.055227 -0.03053468 1.042403 -0.02687877 1.055227 -0.03441554 1.053034 -0.03053468 1.042403 -0.03053468 1.042403 -0.03441554 1.053034 -0.03345942 1.041222 -0.03441554 1.053034 -0.03632789 1.039816 -0.03345942 1.041222 -0.03340315 1.04111 -0.03345942 1.041222 -0.03554046 1.040097 -0.03345942 1.041222 -0.03632789 1.039816 -0.03554046 1.040097 -0.03554046 1.040097 -0.03632789 1.039816 -0.03627163 1.03976 -0.03632789 1.039816 -0.03902763 1.038241 -0.03627163 1.03976 -0.03902763 1.038241 -0.03897136 1.038185 -0.03627163 1.03976 -0.02558517 1.036273 -0.02558517 1.038972 -0.02569764 1.04156 -0.02558517 1.038972 -0.02558517 1.04156 -0.02569764 1.04156 -0.02558517 1.04156 -0.02558517 1.044034 -0.02569764 1.04156 -0.02558517 1.044034 -0.02558517 1.046397 -0.02569764 1.04156 -0.02558517 1.046397 0.02565354 1.031829 -0.02569764 1.04156 -0.04155862 1.036385 -0.04695808 1.031829 -0.03925257 1.023786 -0.04695808 1.031829 -0.04313349 1.019118 -0.03925257 1.023786 0.02565354 1.019118 0.02925318 1.019062 0.02565354 1.023786 0.02925318 1.019062 0.02925318 1.022212 0.02565354 1.023786 0.02565354 1.023786 0.02925318 1.022212 0.02925318 1.022268 0.02925318 1.022212 -0.03756529 1.022212 0.02925318 1.022268 -0.03756529 1.022212 -0.03441554 1.024968 0.02925318 1.022268 0.02925318 1.022268 -0.03441554 1.024968 -0.02924108 1.034473 -0.02924108 1.034473 -0.03441554 1.024968 -0.02924108 1.033292 -0.02924108 1.033292 -0.03441554 1.024968 -0.03092843 1.02733 -0.03441554 1.024968 -0.03087216 1.027274 -0.03092843 1.02733 -0.03092843 1.02733 -0.03087216 1.027274 -0.02710378 1.02913 -0.03087216 1.027274 -0.02704751 1.029017 -0.02710378 1.02913 -0.02704751 1.029017 -0.02305418 1.030311 -0.02710378 1.02913 -0.02710378 1.02913 -0.02305418 1.030311 -0.02311038 1.030423 -0.02305418 1.030311 -0.01894831 1.031098 -0.02311038 1.030423 -0.02311038 1.030423 -0.01894831 1.031098 -0.01894831 1.031211 -0.01894831 1.031098 -0.01478624 1.031323 -0.01894831 1.031211 -0.01894831 1.031211 -0.01478624 1.031323 -0.01478624 1.031436 -0.01478624 1.031323 -0.01062411 1.031042 -0.01478624 1.031436 -0.01062411 1.031042 -0.0105679 1.031154 -0.01478624 1.031436 -0.01478624 1.031436 -0.0105679 1.031154 -0.01478624 1.031548 -0.0105679 1.031154 -0.0105679 1.031211 -0.01478624 1.031548 -0.0105679 1.031211 -0.02924108 1.011806 -0.01478624 1.031548 -0.02924108 1.011806 -0.02924108 1.014787 -0.01478624 1.031548 -0.01478624 1.031548 -0.02924108 1.014787 -0.02924108 1.017487 -0.02924108 1.017487 -0.02924108 1.014787 -0.02569764 1.015125 -0.02924108 1.014787 -0.02569764 1.011581 -0.02569764 1.015125 -0.01158028 1.033685 -0.008093118 1.044428 -0.01512372 1.03391 -0.01512372 1.03391 -0.008093118 1.044428 -0.01512372 1.044991 -0.02569764 1.008094 -0.02558517 1.008882 -0.02569764 1.015125 -0.02558517 1.008882 -0.02558517 1.011975 -0.02569764 1.015125 -0.02558517 1.011975 -0.02558517 1.015125 -0.02569764 1.015125 -0.02558517 1.015125 -0.02558517 1.018274 -0.02569764 1.015125 -0.02569764 1.015125 -0.02558517 1.018274 -0.02558517 1.021368 -0.01827341 1.044878 -0.0214231 1.044653 -0.02136683 1.044541 -0.02136683 1.044541 -0.0214231 1.044653 -0.02215427 1.044428 -0.0214231 1.044653 -0.02451652 1.044147 -0.02215427 1.044428 -0.02215427 1.044428 -0.02451652 1.044147 -0.02446031 1.044034 -0.02451652 1.044147 -0.02755373 1.043359 -0.02446031 1.044034 -0.02446031 1.044034 -0.02755373 1.043359 -0.02755373 1.043247 -0.02755373 1.043247 -0.02755373 1.043359 -0.02901607 1.042797 -0.02755373 1.043359 -0.03053468 1.042403 -0.02901607 1.042797 -0.02901607 1.042797 -0.03053468 1.042403 -0.03053468 1.042291 -0.03053468 1.042403 -0.03345942 1.041222 -0.03053468 1.042291 -0.03345942 1.041222 -0.03340315 1.04111 -0.03053468 1.042291 -0.02558517 1.030536 -0.02558517 1.033404 -0.02569764 1.035542 -0.02558517 1.033404 -0.02558517 1.035542 -0.02569764 1.035542 -0.02558517 1.035542 -0.02558517 1.036273 -0.02569764 1.035542 -0.02558517 1.036273 -0.02569764 1.04156 -0.02569764 1.035542 -0.03554046 1.040097 -0.04155862 1.036385 -0.03464055 1.027724 -0.04155862 1.036385 -0.03925257 1.023786 -0.03464055 1.027724 0.02565354 1.023786 0.02925318 1.022268 -0.02569764 1.034642 0.02925318 1.022268 -0.02924108 1.034473 -0.02569764 1.034642 -0.02924108 1.034473 -0.02924108 1.033292 -0.02569764 1.034642 -0.02569764 1.034642 -0.02924108 1.033292 -0.02924108 1.030929 -0.02924108 1.033292 -0.03092843 1.02733 -0.02924108 1.030929 -0.02924108 1.030929 -0.03092843 1.02733 -0.02924108 1.028398 -0.02924108 1.028398 -0.03092843 1.02733 -0.02710378 1.029186 -0.03092843 1.02733 -0.02710378 1.02913 -0.02710378 1.029186 -0.02710378 1.02913 -0.02311038 1.030423 -0.02710378 1.029186 -0.02710378 1.029186 -0.02311038 1.030423 -0.02311038 1.030536 -0.02311038 1.030423 -0.01894831 1.031211 -0.02311038 1.030536 -0.02311038 1.030536 -0.01894831 1.031211 -0.01900458 1.031323 -0.01894831 1.031211 -0.01478624 1.031436 -0.01900458 1.031323 -0.01478624 1.031436 -0.01478624 1.031548 -0.01900458 1.031323 -0.01478624 1.031548 -0.02924108 1.017487 -0.01900458 1.031323 -0.01900458 1.031323 -0.02924108 1.017487 -0.02924108 1.019006 -0.02924108 1.019006 -0.02924108 1.017487 -0.02569764 1.017656 -0.02924108 1.017487 -0.02569764 1.015125 -0.02569764 1.017656 -0.01512372 1.03391 -0.01512372 1.044991 -0.01765471 1.033798 -0.01765471 1.033798 -0.01512372 1.044991 -0.02215427 1.044428 -0.02569764 1.015125 -0.02558517 1.021368 -0.02569764 1.022155 -0.02558517 1.021368 -0.02558517 1.022155 -0.02569764 1.022155 -0.02558517 1.022155 -0.02558517 1.024461 -0.02569764 1.022155 -0.02569764 1.022155 -0.02558517 1.024461 -0.02569764 1.029017 -0.02558517 1.024461 -0.02558517 1.027555 -0.02569764 1.029017 -0.02558517 1.027555 -0.02558517 1.029017 -0.02569764 1.029017 -0.02558517 1.029017 -0.02558517 1.030536 -0.02569764 1.029017 -0.02558517 1.030536 -0.02569764 1.035542 -0.02569764 1.029017 -0.02901607 1.042797 -0.03554046 1.040097 -0.02935355 1.030761 -0.03554046 1.040097 -0.03464055 1.027724 -0.02935355 1.030761 -0.02569764 1.034642 -0.02924108 1.030929 -0.02569764 1.029355 -0.02924108 1.030929 -0.02924108 1.028398 -0.02569764 1.029355 -0.02569764 1.029355 -0.02924108 1.028398 -0.02924108 1.027161 -0.02924108 1.028398 -0.02710378 1.029186 -0.02924108 1.027161 -0.02710378 1.029186 -0.02311038 1.030536 -0.02924108 1.027161 -0.02924108 1.027161 -0.02311038 1.030536 -0.02924108 1.023168 -0.02924108 1.023168 -0.02311038 1.030536 -0.02924108 1.023111 -0.02311038 1.030536 -0.01900458 1.031323 -0.02924108 1.023111 -0.01900458 1.031323 -0.02924108 1.019006 -0.02924108 1.023111 -0.02924108 1.019006 -0.02569764 1.017656 -0.02924108 1.023111 -0.02924108 1.023111 -0.02569764 1.017656 -0.02569764 1.023674 -0.01765471 1.033798 -0.02215427 1.044428 -0.02367287 1.032786 -0.02215427 1.044428 -0.02901607 1.042797 -0.02367287 1.032786 -0.02901607 1.042797 -0.02935355 1.030761 -0.02367287 1.032786 -0.02569764 1.029355 -0.02924108 1.027161 -0.02569764 1.023674 -0.02924108 1.027161 -0.02924108 1.023168 -0.02569764 1.023674 -0.02924108 1.023111 -0.02569764 1.023674 -0.02924108 1.023168 19.31379 -0.5433235 18.90119 0.9994507 18.90119 -0.5971413 18.90119 -0.5971413 18.90119 0.9994507 18.48859 -0.5433235 18.48859 -0.5433235 18.90119 0.9994507 18.10289 -0.3818703 18.10289 -0.3818703 18.90119 0.9994507 17.77102 -0.1307201 17.77102 -0.1307201 18.90119 0.9994507 17.51987 0.2011547 17.51987 0.2011547 18.90119 0.9994507 17.35841 0.5868492 17.35841 0.5868492 18.90119 0.9994507 17.3046 0.9994507 17.3046 0.9994507 18.90119 0.9994507 17.35841 1.412054 17.35841 1.412054 18.90119 0.9994507 17.51987 1.797747 17.51987 1.797747 18.90119 0.9994507 17.77102 2.129623 17.77102 2.129623 18.90119 0.9994507 18.10289 2.380772 18.10289 2.380772 18.90119 0.9994507 18.48859 2.542225 18.48859 2.542225 18.90119 0.9994507 18.90119 2.596043 18.90119 2.596043 18.90119 0.9994507 19.31379 2.542225 19.31379 2.542225 18.90119 0.9994507 19.69948 2.380772 19.69948 2.380772 18.90119 0.9994507 20.03136 2.129623 20.03136 2.129623 18.90119 0.9994507 20.28251 1.797747 20.28251 1.797747 18.90119 0.9994507 20.44396 1.412054 20.44396 1.412054 18.90119 0.9994507 20.49778 0.9994507 20.49778 0.9994507 18.90119 0.9994507 20.44396 0.5868492 20.44396 0.5868492 18.90119 0.9994507 20.28251 0.2011547 20.28251 0.2011547 18.90119 0.9994507 20.03136 -0.1307201 20.03136 -0.1307201 18.90119 0.9994507 19.69948 -0.3818703 18.90119 0.9994507 19.31379 -0.5433235 19.69948 -0.3818703 -5.406476 19.1988 -5.406476 18.81311 -5.191205 19.1988 -5.191205 19.1988 -5.406476 18.81311 -5.191205 18.81311 -5.406476 18.81311 -5.406476 18.40051 -5.191205 18.81311 -5.191205 18.81311 -5.406476 18.40051 -5.191205 18.40051 -5.406476 18.40051 -5.406476 17.98791 -5.191205 18.40051 -5.191205 18.40051 -5.406476 17.98791 -5.191205 17.98791 -5.406476 17.98791 -5.406476 17.60221 -5.191205 17.98791 -5.191205 17.98791 -5.406476 17.60221 -5.191205 17.60221 -5.406476 17.60221 -5.406476 17.27034 -5.191205 17.60221 -5.191205 17.60221 -5.406476 17.27034 -5.191205 17.27034 -5.406476 17.27034 8.406735 0.2011547 -5.191205 17.27034 -5.191205 17.27034 8.406735 0.2011547 8.191464 0.2011547 8.406735 0.2011547 8.406735 0.5868492 8.191464 0.2011547 8.191464 0.2011547 8.406735 0.5868492 8.191464 0.5868492 8.406735 0.5868492 8.406735 0.9994507 8.191464 0.5868492 8.191464 0.5868492 8.406735 0.9994507 8.191464 0.9994507 8.406735 0.9994507 8.406735 1.412054 8.191464 0.9994507 8.191464 0.9994507 8.406735 1.412054 8.191464 1.412054 8.406735 1.412054 8.406735 1.797747 8.191464 1.412054 8.191464 1.412054 8.406735 1.797747 8.191464 1.797747 8.406735 1.797747 8.406735 2.129623 8.191464 1.797747 8.191464 1.797747 8.406735 2.129623 8.191464 2.129623 8.406735 2.129623 -5.406476 -15.60331 8.191464 2.129623 8.191464 2.129623 -5.406476 -15.60331 -5.191205 -15.60331 -5.406476 -15.60331 -5.406476 -15.989 -5.191205 -15.60331 -5.191205 -15.60331 -5.406476 -15.989 -5.191205 -15.989 -5.406476 -15.989 -5.406476 -16.40161 -5.191205 -15.989 -5.191205 -15.989 -5.406476 -16.40161 -5.191205 -16.40161 -5.406476 -16.40161 -5.406476 -16.81421 -5.191205 -16.40161 -5.191205 -16.40161 -5.406476 -16.81421 -5.191205 -16.81421 -5.406476 -16.81421 -5.406476 -17.1999 -5.191205 -16.81421 -5.191205 -16.81421 -5.406476 -17.1999 -5.191205 -17.1999 -5.406476 -17.1999 -5.406476 2.129623 -5.191205 -17.1999 -5.191205 -17.1999 -5.406476 2.129623 -5.191205 2.129623 -5.406476 2.129623 -5.406476 1.797747 -5.191205 2.129623 -5.191205 2.129623 -5.406476 1.797747 -5.191205 1.797747 -5.406476 1.797747 -5.406476 1.412054 -5.191205 1.797747 -5.191205 1.797747 -5.406476 1.412054 -5.191205 1.412054 -5.406476 1.412054 -5.406476 0.9994507 -5.191205 1.412054 -5.191205 1.412054 -5.406476 0.9994507 -5.191205 0.9994507 -5.406476 0.9994507 -5.406476 0.5868492 -5.191205 0.9994507 -5.191205 0.9994507 -5.406476 0.5868492 -5.191205 0.5868492 -5.406476 0.5868492 -5.406476 0.2011547 -5.191205 0.5868492 -5.191205 0.5868492 -5.406476 0.2011547 -5.191205 0.2011547 -5.406476 0.2011547 -5.406476 19.53068 -5.191205 0.2011547 -5.191205 0.2011547 -5.406476 19.53068 -5.191205 19.53068 -5.406476 19.53068 -5.406476 19.1988 -5.191205 19.53068 -5.406476 19.1988 -5.191205 19.1988 -5.191205 19.53068</float_array>
          <technique_common>
            <accessor source="#Mesh_0_003-mesh-map-0-array" count="18360" stride="2">
              <param name="S" type="float"/>
              <param name="T" type="float"/>
            </accessor>
          </technique_common>
        </source>
        <vertices id="Mesh_0_003-mesh-vertices">
          <input semantic="POSITION" source="#Mesh_0_003-mesh-positions"/>
        </vertices>
        <triangles material="color_003-material" count="6048">
          <input semantic="VERTEX" source="#Mesh_0_003-mesh-vertices" offset="0"/>
          <input semantic="NORMAL" source="#Mesh_0_003-mesh-normals" offset="1"/>
          <input semantic="TEXCOORD" source="#Mesh_0_003-mesh-map-0" offset="2" set="0"/>
          <p>1 0 0 3 1 1 5 2 2 3 1 3 6 3 4 5 2 5 6 3 6 7 4 7 5 2 8 5 2 9 7 4 10 9 5 11 7 4 12 11 6 13 9 5 14 9 5 15 11 6 16 12 7 17 14 8 18 16 9 19 18 10 20 18 10 21 16 9 22 19 11 23 16 9 24 21 12 25 19 11 26 19 11 27 21 12 28 22 13 29 21 12 30 24 14 31 22 13 32 22 13 33 24 14 34 26 15 35 24 14 36 27 16 37 26 15 38 26 15 39 27 16 40 28 17 41 27 16 42 12 7 43 28 17 44 12 7 45 11 6 46 28 17 47 29 18 48 10 19 49 30 20 50 10 19 51 7 4 52 30 20 53 7 4 54 6 3 55 30 20 56 30 20 57 6 3 58 31 21 59 6 3 60 2 22 61 31 21 62 31 21 63 2 22 64 32 23 65 32 23 66 2 22 67 33 24 68 3 1 69 1 0 70 34 25 71 1 0 72 36 26 73 34 25 74 34 25 75 36 26 76 38 27 77 36 26 78 40 28 79 38 27 80 40 28 81 41 29 82 38 27 83 38 27 84 41 29 85 43 30 86 41 29 87 44 31 88 43 30 89 43 30 90 44 31 91 46 32 92 44 31 93 48 33 94 46 32 95 46 32 96 48 33 97 49 34 98 48 33 99 51 35 100 49 34 101 49 34 102 51 35 103 52 36 104 52 36 105 51 35 106 54 37 107 51 35 108 56 38 109 54 37 110 54 37 111 56 38 112 58 39 113 56 38 114 60 40 115 58 39 116 58 39 117 60 40 118 62 41 119 60 40 120 64 42 121 62 41 122 62 41 123 64 42 124 65 43 125 65 43 126 64 42 127 66 44 128 68 45 129 69 46 130 70 47 131 69 46 132 71 48 133 70 47 134 70 47 135 71 48 136 72 49 137 71 48 138 74 50 139 72 49 140 72 49 141 74 50 142 75 51 143 74 50 144 77 52 145 75 51 146 77 52 147 79 53 148 75 51 149 75 51 150 79 53 151 80 54 152 79 53 153 82 55 154 80 54 155 80 54 156 82 55 157 83 56 158 82 55 159 85 57 160 83 56 161 85 57 162 86 58 163 83 56 164 86 58 165 66 44 166 83 56 167 83 56 168 66 44 169 87 59 170 66 44 171 63 60 172 87 59 173 87 59 174 63 60 175 88 61 176 63 60 177 59 62 178 88 61 179 59 62 180 55 63 181 88 61 182 88 61 183 55 63 184 89 64 185 55 63 186 50 65 187 89 64 188 50 65 189 47 66 190 89 64 191 89 64 192 47 66 193 90 67 194 47 66 195 44 31 196 90 67 197 44 31 198 41 29 199 90 67 200 90 67 201 41 29 202 91 68 203 41 29 204 39 69 205 91 68 206 91 68 207 39 69 208 92 70 209 39 69 210 35 71 211 92 70 212 92 70 213 35 71 214 93 72 215 35 71 216 0 73 217 93 72 218 0 73 219 4 74 220 93 72 221 4 74 222 8 75 223 93 72 224 93 72 225 8 75 226 94 76 227 8 75 228 12 7 229 94 76 230 12 7 231 27 16 232 94 76 233 94 76 234 27 16 235 95 77 236 27 16 237 23 78 238 95 77 239 95 77 240 23 78 241 96 79 242 23 78 243 20 80 244 96 79 245 96 79 246 20 80 247 97 81 248 20 80 249 15 82 250 97 81 251 15 82 252 13 83 253 97 81 254 13 83 255 99 84 256 97 81 257 97 81 258 99 84 259 100 85 260 99 84 261 102 86 262 100 85 263 102 86 264 104 87 265 100 85 266 100 85 267 104 87 268 105 88 269 106 89 270 107 90 271 109 91 272 109 91 273 107 90 274 110 92 275 107 90 276 105 88 277 110 92 278 105 88 279 104 87 280 110 92 281 111 93 282 103 94 283 112 95 284 112 95 285 103 94 286 113 96 287 103 94 288 101 97 289 113 96 290 113 96 291 101 97 292 115 98 293 101 97 294 98 99 295 115 98 296 115 98 297 98 99 298 116 100 299 98 99 300 14 8 301 116 100 302 14 8 303 18 10 304 116 100 305 117 101 306 17 102 307 118 103 308 17 102 309 19 11 310 118 103 311 19 11 312 22 13 313 118 103 314 118 103 315 22 13 316 119 104 317 22 13 318 25 105 319 119 104 320 119 104 321 25 105 322 120 106 323 25 105 324 29 18 325 120 106 326 29 18 327 30 20 328 120 106 329 120 106 330 30 20 331 121 107 332 121 107 333 30 20 334 122 108 335 30 20 336 31 21 337 122 108 338 123 109 339 122 108 340 124 110 341 122 108 342 31 21 343 124 110 344 31 21 345 32 23 346 124 110 347 124 110 348 32 23 349 125 111 350 125 111 351 32 23 352 126 112 353 32 23 354 33 24 355 126 112 356 33 24 357 37 113 358 126 112 359 37 113 360 42 114 361 126 112 362 42 114 363 45 115 364 126 112 365 126 112 366 45 115 367 127 116 368 45 115 369 49 34 370 127 116 371 49 34 372 52 36 373 127 116 374 127 116 375 52 36 376 128 117 377 52 36 378 53 118 379 128 117 380 128 117 381 53 118 382 129 119 383 53 118 384 57 120 385 129 119 386 57 120 387 61 121 388 129 119 389 129 119 390 61 121 391 130 122 392 61 121 393 65 43 394 130 122 395 130 122 396 65 43 397 131 123 398 65 43 399 66 44 400 131 123 401 66 44 402 86 58 403 131 123 404 131 123 405 86 58 406 133 124 407 86 58 408 84 125 409 133 124 410 133 124 411 84 125 412 135 126 413 84 125 414 81 127 415 135 126 416 135 126 417 81 127 418 137 128 419 81 127 420 78 129 421 137 128 422 137 128 423 78 129 424 138 130 425 78 129 426 76 131 427 138 130 428 138 130 429 76 131 430 139 132 431 76 131 432 73 133 433 139 132 434 139 132 435 73 133 436 141 134 437 73 133 438 71 48 439 141 134 440 141 134 441 71 48 442 143 135 443 71 48 444 69 46 445 143 135 446 143 135 447 69 46 448 145 136 449 69 46 450 67 137 451 145 136 452 145 136 453 67 137 454 146 138 455 146 138 456 67 137 457 147 139 458 68 45 459 70 47 460 148 140 461 70 47 462 149 141 463 148 140 464 148 140 465 149 141 466 151 142 467 151 142 468 149 141 469 152 143 470 153 144 471 154 145 472 155 146 473 154 145 474 152 143 475 155 146 476 155 146 477 152 143 478 156 147 479 152 143 480 149 141 481 156 147 482 156 147 483 149 141 484 157 148 485 149 141 486 70 47 487 157 148 488 157 148 489 70 47 490 158 149 491 70 47 492 72 49 493 158 149 494 158 149 495 72 49 496 159 150 497 72 49 498 75 51 499 159 150 500 159 150 501 75 51 502 160 151 503 75 51 504 80 54 505 160 151 506 160 151 507 80 54 508 161 152 509 80 54 510 83 56 511 161 152 512 161 152 513 83 56 514 162 153 515 83 56 516 87 59 517 162 153 518 162 153 519 87 59 520 163 154 521 87 59 522 88 61 523 163 154 524 163 154 525 88 61 526 164 155 527 88 61 528 89 64 529 164 155 530 164 155 531 89 64 532 165 156 533 89 64 534 90 67 535 165 156 536 165 156 537 90 67 538 166 157 539 90 67 540 91 68 541 166 157 542 166 157 543 91 68 544 167 158 545 91 68 546 92 70 547 167 158 548 167 158 549 92 70 550 168 159 551 92 70 552 93 72 553 168 159 554 168 159 555 93 72 556 169 160 557 93 72 558 94 76 559 169 160 560 169 160 561 94 76 562 170 161 563 94 76 564 95 77 565 170 161 566 170 161 567 95 77 568 171 162 569 95 77 570 96 79 571 171 162 572 171 162 573 96 79 574 172 163 575 96 79 576 97 81 577 172 163 578 172 163 579 97 81 580 173 164 581 97 81 582 100 85 583 173 164 584 173 164 585 100 85 586 174 165 587 100 85 588 105 88 589 174 165 590 174 165 591 105 88 592 175 166 593 105 88 594 107 90 595 175 166 596 175 166 597 107 90 598 176 167 599 107 90 600 106 89 601 176 167 602 176 167 603 106 89 604 177 168 605 178 169 606 179 170 607 180 171 608 180 171 609 179 170 610 181 172 611 179 170 612 182 173 613 181 172 614 181 172 615 182 173 616 183 174 617 182 173 618 177 168 619 183 174 620 177 168 621 106 89 622 183 174 623 183 174 624 106 89 625 184 175 626 184 175 627 106 89 628 185 176 629 185 176 630 106 89 631 186 177 632 106 89 633 109 91 634 186 177 635 187 178 636 108 179 637 189 180 638 189 180 639 108 179 640 190 181 641 108 179 642 111 93 643 190 181 644 111 93 645 112 95 646 190 181 647 191 182 648 112 95 649 192 183 650 112 95 651 113 96 652 192 183 653 192 183 654 113 96 655 193 184 656 113 96 657 114 185 658 193 184 659 193 184 660 114 185 661 194 186 662 114 185 663 117 101 664 194 186 665 117 101 666 118 103 667 194 186 668 194 186 669 118 103 670 195 187 671 195 187 672 118 103 673 196 188 674 118 103 675 119 104 676 196 188 677 196 188 678 119 104 679 197 189 680 119 104 681 120 106 682 197 189 683 120 106 684 121 107 685 197 189 686 197 189 687 121 107 688 198 190 689 198 190 690 121 107 691 199 191 692 121 107 693 122 108 694 199 191 695 122 108 696 123 109 697 199 191 698 199 191 699 123 109 700 201 192 701 201 192 702 123 109 703 203 193 704 205 194 705 207 195 706 208 196 707 207 195 708 203 193 709 208 196 710 203 193 711 123 109 712 208 196 713 123 109 714 124 110 715 208 196 716 124 110 717 125 111 718 208 196 719 208 196 720 125 111 721 209 197 722 209 197 723 125 111 724 210 198 725 125 111 726 126 112 727 210 198 728 126 112 729 127 116 730 210 198 731 210 198 732 127 116 733 211 199 734 127 116 735 128 117 736 211 199 737 211 199 738 128 117 739 212 200 740 128 117 741 129 119 742 212 200 743 212 200 744 129 119 745 213 201 746 129 119 747 130 122 748 213 201 749 213 201 750 130 122 751 214 202 752 214 202 753 130 122 754 215 203 755 130 122 756 131 123 757 215 203 758 131 123 759 132 204 760 215 203 761 215 203 762 132 204 763 216 205 764 132 204 765 134 206 766 216 205 767 216 205 768 134 206 769 217 207 770 134 206 771 136 208 772 217 207 773 136 208 774 138 130 775 217 207 776 138 130 777 139 132 778 217 207 779 217 207 780 139 132 781 218 209 782 139 132 783 140 210 784 218 209 785 218 209 786 140 210 787 219 211 788 140 210 789 142 212 790 219 211 791 219 211 792 142 212 793 220 213 794 142 212 795 144 214 796 220 213 797 144 214 798 146 138 799 220 213 800 220 213 801 146 138 802 221 215 803 146 138 804 147 139 805 221 215 806 147 139 807 150 216 808 221 215 809 221 215 810 150 216 811 223 217 812 223 217 813 150 216 814 225 218 815 151 142 816 152 143 817 224 219 818 152 143 819 154 145 820 224 219 821 224 219 822 154 145 823 226 220 824 228 221 825 230 222 826 231 223 827 230 222 828 226 220 829 231 223 830 226 220 831 154 145 832 231 223 833 154 145 834 153 144 835 231 223 836 153 144 837 232 224 838 231 223 839 231 223 840 232 224 841 233 225 842 233 225 843 232 224 844 234 226 845 235 227 846 236 228 847 237 229 848 236 228 849 238 230 850 237 229 851 237 229 852 238 230 853 239 231 854 238 230 855 240 232 856 239 231 857 239 231 858 240 232 859 241 233 860 240 232 861 234 226 862 241 233 863 241 233 864 234 226 865 242 234 866 234 226 867 232 224 868 242 234 869 242 234 870 232 224 871 243 235 872 232 224 873 153 144 874 243 235 875 243 235 876 153 144 877 244 236 878 153 144 879 155 146 880 244 236 881 244 236 882 155 146 883 245 237 884 155 146 885 156 147 886 245 237 887 245 237 888 156 147 889 246 238 890 156 147 891 157 148 892 246 238 893 246 238 894 157 148 895 247 239 896 157 148 897 158 149 898 247 239 899 247 239 900 158 149 901 248 240 902 158 149 903 159 150 904 248 240 905 248 240 906 159 150 907 249 241 908 159 150 909 160 151 910 249 241 911 249 241 912 160 151 913 250 242 914 160 151 915 161 152 916 250 242 917 250 242 918 161 152 919 251 243 920 161 152 921 162 153 922 251 243 923 251 243 924 162 153 925 252 244 926 162 153 927 163 154 928 252 244 929 252 244 930 163 154 931 253 245 932 163 154 933 164 155 934 253 245 935 253 245 936 164 155 937 254 246 938 164 155 939 165 156 940 254 246 941 254 246 942 165 156 943 255 247 944 165 156 945 166 157 946 255 247 947 255 247 948 166 157 949 256 248 950 166 157 951 167 158 952 256 248 953 256 248 954 167 158 955 257 249 956 167 158 957 168 159 958 257 249 959 257 249 960 168 159 961 258 250 962 168 159 963 169 160 964 258 250 965 258 250 966 169 160 967 259 251 968 169 160 969 170 161 970 259 251 971 259 251 972 170 161 973 260 252 974 170 161 975 171 162 976 260 252 977 260 252 978 171 162 979 261 253 980 171 162 981 172 163 982 261 253 983 261 253 984 172 163 985 262 254 986 172 163 987 173 164 988 262 254 989 262 254 990 173 164 991 263 255 992 173 164 993 174 165 994 263 255 995 263 255 996 174 165 997 264 256 998 174 165 999 175 166 1000 264 256 1001 264 256 1002 175 166 1003 265 257 1004 175 166 1005 176 167 1006 265 257 1007 265 257 1008 176 167 1009 266 258 1010 176 167 1011 177 168 1012 266 258 1013 266 258 1014 177 168 1015 267 259 1016 177 168 1017 182 173 1018 267 259 1019 267 259 1020 182 173 1021 268 260 1022 182 173 1023 179 170 1024 268 260 1025 268 260 1026 179 170 1027 269 261 1028 179 170 1029 178 169 1030 269 261 1031 269 261 1032 178 169 1033 270 262 1034 178 169 1035 271 263 1036 270 262 1037 270 262 1038 271 263 1039 272 264 1040 271 263 1041 273 265 1042 272 264 1043 272 264 1044 273 265 1045 274 266 1046 273 265 1047 275 267 1048 274 266 1049 274 266 1050 275 267 1051 276 268 1052 275 267 1053 277 269 1054 276 268 1055 276 268 1056 277 269 1057 278 270 1058 277 269 1059 279 271 1060 278 270 1061 278 270 1062 279 271 1063 280 272 1064 279 271 1065 281 273 1066 280 272 1067 280 272 1068 281 273 1069 282 274 1070 283 275 1071 284 276 1072 285 277 1073 285 277 1074 284 276 1075 286 278 1076 284 276 1077 287 279 1078 286 278 1079 286 278 1080 287 279 1081 288 280 1082 287 279 1083 289 281 1084 288 280 1085 288 280 1086 289 281 1087 290 282 1088 289 281 1089 282 274 1090 290 282 1091 282 274 1092 281 273 1093 290 282 1094 290 282 1095 281 273 1096 291 283 1097 291 283 1098 281 273 1099 292 284 1100 281 273 1101 279 271 1102 292 284 1103 292 284 1104 279 271 1105 293 285 1106 279 271 1107 277 269 1108 293 285 1109 293 285 1110 277 269 1111 294 286 1112 277 269 1113 275 267 1114 294 286 1115 294 286 1116 275 267 1117 295 287 1118 275 267 1119 273 265 1120 295 287 1121 295 287 1122 273 265 1123 296 288 1124 273 265 1125 271 263 1126 296 288 1127 296 288 1128 271 263 1129 297 289 1130 271 263 1131 178 169 1132 297 289 1133 178 169 1134 180 171 1135 297 289 1136 297 289 1137 180 171 1138 299 290 1139 299 290 1140 180 171 1141 301 291 1142 180 171 1143 181 172 1144 301 291 1145 301 291 1146 181 172 1147 303 292 1148 303 292 1149 181 172 1150 304 293 1151 181 172 1152 183 174 1153 304 293 1154 183 174 1155 184 175 1156 304 293 1157 305 294 1158 184 175 1159 307 295 1160 307 295 1161 184 175 1162 309 296 1163 184 175 1164 185 176 1165 309 296 1166 309 296 1167 185 176 1168 310 297 1169 185 176 1170 187 178 1171 310 297 1172 187 178 1173 189 180 1174 310 297 1175 311 298 1176 188 299 1177 312 300 1178 188 299 1179 191 182 1180 312 300 1181 191 182 1182 192 183 1183 312 300 1184 312 300 1185 192 183 1186 313 301 1187 313 301 1188 192 183 1189 314 302 1190 192 183 1191 193 184 1192 314 302 1193 314 302 1194 193 184 1195 315 303 1196 193 184 1197 194 186 1198 315 303 1199 194 186 1200 195 187 1201 315 303 1202 315 303 1203 195 187 1204 316 304 1205 316 304 1206 195 187 1207 317 305 1208 195 187 1209 196 188 1210 317 305 1211 317 305 1212 196 188 1213 318 306 1214 196 188 1215 197 189 1216 318 306 1217 197 189 1218 198 190 1219 318 306 1220 320 307 1221 318 306 1222 322 308 1223 318 306 1224 198 190 1225 322 308 1226 322 308 1227 198 190 1228 324 309 1229 324 309 1230 198 190 1231 326 310 1232 198 190 1233 199 191 1234 326 310 1235 326 310 1236 199 191 1237 327 311 1238 199 191 1239 201 192 1240 327 311 1241 328 312 1242 200 313 1243 330 314 1244 330 314 1245 200 313 1246 331 315 1247 200 313 1248 202 316 1249 331 315 1250 333 317 1251 332 318 1252 334 319 1253 331 315 1254 202 316 1255 335 320 1256 202 316 1257 206 321 1258 335 320 1259 335 320 1260 206 321 1261 338 322 1262 206 321 1263 204 323 1264 338 322 1265 338 322 1266 204 323 1267 340 324 1268 340 324 1269 204 323 1270 341 325 1271 205 194 1272 208 196 1273 342 326 1274 208 196 1275 209 197 1276 342 326 1277 342 326 1278 209 197 1279 344 327 1280 344 327 1281 209 197 1282 345 328 1283 209 197 1284 210 198 1285 345 328 1286 210 198 1287 211 199 1288 345 328 1289 345 328 1290 211 199 1291 346 329 1292 211 199 1293 212 200 1294 346 329 1295 346 329 1296 212 200 1297 347 330 1298 212 200 1299 213 201 1300 347 330 1301 347 330 1302 213 201 1303 348 331 1304 213 201 1305 214 202 1306 348 331 1307 348 331 1308 214 202 1309 349 332 1310 349 332 1311 214 202 1312 350 333 1313 214 202 1314 215 203 1315 350 333 1316 215 203 1317 216 205 1318 350 333 1319 350 333 1320 216 205 1321 351 334 1322 216 205 1323 217 207 1324 351 334 1325 351 334 1326 217 207 1327 352 335 1328 217 207 1329 218 209 1330 352 335 1331 352 335 1332 218 209 1333 353 336 1334 218 209 1335 219 211 1336 353 336 1337 353 336 1338 219 211 1339 354 337 1340 219 211 1341 220 213 1342 354 337 1343 354 337 1344 220 213 1345 355 338 1346 355 338 1347 220 213 1348 356 339 1349 220 213 1350 221 215 1351 356 339 1352 221 215 1353 222 340 1354 356 339 1355 356 339 1356 222 340 1357 357 341 1358 357 341 1359 222 340 1360 358 342 1361 223 217 1362 225 218 1363 359 343 1364 225 218 1365 360 344 1366 359 343 1367 359 343 1368 360 344 1369 362 345 1370 362 345 1371 360 344 1372 364 346 1373 360 344 1374 229 347 1375 364 346 1376 364 346 1377 229 347 1378 366 348 1379 229 347 1380 227 349 1381 366 348 1382 366 348 1383 227 349 1384 367 350 1385 368 351 1386 367 350 1387 369 352 1388 367 350 1389 227 349 1390 369 352 1391 228 221 1392 231 223 1393 370 353 1394 231 223 1395 233 225 1396 370 353 1397 370 353 1398 233 225 1399 372 354 1400 372 354 1401 233 225 1402 373 355 1403 233 225 1404 234 226 1405 373 355 1406 234 226 1407 240 232 1408 373 355 1409 373 355 1410 240 232 1411 374 356 1412 240 232 1413 238 230 1414 374 356 1415 374 356 1416 238 230 1417 375 357 1418 238 230 1419 236 228 1420 375 357 1421 375 357 1422 236 228 1423 376 358 1424 376 358 1425 236 228 1426 377 359 1427 236 228 1428 235 227 1429 377 359 1430 377 359 1431 235 227 1432 378 360 1433 380 361 1434 378 360 1435 382 362 1436 378 360 1437 235 227 1438 382 362 1439 382 362 1440 235 227 1441 384 363 1442 235 227 1443 237 229 1444 384 363 1445 384 363 1446 237 229 1447 386 364 1448 237 229 1449 239 231 1450 386 364 1451 386 364 1452 239 231 1453 388 365 1454 239 231 1455 241 233 1456 388 365 1457 388 365 1458 241 233 1459 390 366 1460 241 233 1461 242 234 1462 390 366 1463 390 366 1464 242 234 1465 392 367 1466 242 234 1467 243 235 1468 392 367 1469 392 367 1470 243 235 1471 394 368 1472 243 235 1473 244 236 1474 394 368 1475 394 368 1476 244 236 1477 395 369 1478 244 236 1479 245 237 1480 395 369 1481 395 369 1482 245 237 1483 397 370 1484 245 237 1485 246 238 1486 397 370 1487 397 370 1488 246 238 1489 399 371 1490 246 238 1491 247 239 1492 399 371 1493 399 371 1494 247 239 1495 401 372 1496 247 239 1497 248 240 1498 401 372 1499 401 372 1500 248 240 1501 403 373 1502 248 240 1503 249 241 1504 403 373 1505 403 373 1506 249 241 1507 405 374 1508 249 241 1509 250 242 1510 405 374 1511 405 374 1512 250 242 1513 407 375 1514 250 242 1515 251 243 1516 407 375 1517 407 375 1518 251 243 1519 409 376 1520 251 243 1521 252 244 1522 409 376 1523 409 376 1524 252 244 1525 411 377 1526 252 244 1527 253 245 1528 411 377 1529 411 377 1530 253 245 1531 413 378 1532 253 245 1533 254 246 1534 413 378 1535 413 378 1536 254 246 1537 415 379 1538 254 246 1539 255 247 1540 415 379 1541 415 379 1542 255 247 1543 417 380 1544 255 247 1545 256 248 1546 417 380 1547 417 380 1548 256 248 1549 419 381 1550 256 248 1551 257 249 1552 419 381 1553 419 381 1554 257 249 1555 421 382 1556 257 249 1557 258 250 1558 421 382 1559 421 382 1560 258 250 1561 423 383 1562 258 250 1563 259 251 1564 423 383 1565 423 383 1566 259 251 1567 425 384 1568 259 251 1569 260 252 1570 425 384 1571 425 384 1572 260 252 1573 427 385 1574 260 252 1575 261 253 1576 427 385 1577 427 385 1578 261 253 1579 429 386 1580 261 253 1581 262 254 1582 429 386 1583 429 386 1584 262 254 1585 431 387 1586 262 254 1587 263 255 1588 431 387 1589 431 387 1590 263 255 1591 433 388 1592 263 255 1593 264 256 1594 433 388 1595 433 388 1596 264 256 1597 435 389 1598 264 256 1599 265 257 1600 435 389 1601 435 389 1602 265 257 1603 437 390 1604 265 257 1605 266 258 1606 437 390 1607 437 390 1608 266 258 1609 439 391 1610 266 258 1611 267 259 1612 439 391 1613 439 391 1614 267 259 1615 441 392 1616 267 259 1617 268 260 1618 441 392 1619 441 392 1620 268 260 1621 443 393 1622 268 260 1623 269 261 1624 443 393 1625 443 393 1626 269 261 1627 445 394 1628 269 261 1629 270 262 1630 445 394 1631 445 394 1632 270 262 1633 447 395 1634 270 262 1635 272 264 1636 447 395 1637 447 395 1638 272 264 1639 449 396 1640 272 264 1641 274 266 1642 449 396 1643 449 396 1644 274 266 1645 451 397 1646 274 266 1647 276 268 1648 451 397 1649 451 397 1650 276 268 1651 453 398 1652 276 268 1653 278 270 1654 453 398 1655 453 398 1656 278 270 1657 455 399 1658 278 270 1659 280 272 1660 455 399 1661 455 399 1662 280 272 1663 457 400 1664 280 272 1665 282 274 1666 457 400 1667 457 400 1668 282 274 1669 459 401 1670 282 274 1671 289 281 1672 459 401 1673 459 401 1674 289 281 1675 461 402 1676 289 281 1677 287 279 1678 461 402 1679 461 402 1680 287 279 1681 463 403 1682 287 279 1683 284 276 1684 463 403 1685 463 403 1686 284 276 1687 465 404 1688 284 276 1689 283 275 1690 465 404 1691 465 404 1692 283 275 1693 467 405 1694 469 406 1695 467 405 1696 470 407 1697 467 405 1698 283 275 1699 470 407 1700 470 407 1701 283 275 1702 471 408 1703 283 275 1704 285 277 1705 471 408 1706 471 408 1707 285 277 1708 472 409 1709 472 409 1710 285 277 1711 473 410 1712 285 277 1713 286 278 1714 473 410 1715 473 410 1716 286 278 1717 474 411 1718 286 278 1719 288 280 1720 474 411 1721 474 411 1722 288 280 1723 475 412 1724 288 280 1725 290 282 1726 475 412 1727 290 282 1728 291 283 1729 475 412 1730 477 413 1731 475 412 1732 479 414 1733 479 414 1734 475 412 1735 481 415 1736 475 412 1737 291 283 1738 481 415 1739 481 415 1740 291 283 1741 483 416 1742 291 283 1743 292 284 1744 483 416 1745 483 416 1746 292 284 1747 484 417 1748 292 284 1749 293 285 1750 484 417 1751 484 417 1752 293 285 1753 485 418 1754 485 418 1755 293 285 1756 487 419 1757 487 419 1758 293 285 1759 489 420 1760 293 285 1761 294 286 1762 489 420 1763 489 420 1764 294 286 1765 491 421 1766 294 286 1767 295 287 1768 491 421 1769 491 421 1770 295 287 1771 493 422 1772 493 422 1773 295 287 1774 495 423 1775 295 287 1776 296 288 1777 495 423 1778 495 423 1779 296 288 1780 496 424 1781 296 288 1782 297 289 1783 496 424 1784 496 424 1785 297 289 1786 497 425 1787 497 425 1788 297 289 1789 498 426 1790 297 289 1791 299 290 1792 498 426 1793 499 427 1794 298 428 1795 501 429 1796 501 429 1797 298 428 1798 503 430 1799 298 428 1800 300 431 1801 503 430 1802 503 430 1803 300 431 1804 504 432 1805 300 431 1806 302 433 1807 504 432 1808 504 432 1809 302 433 1810 505 434 1811 302 433 1812 305 294 1813 505 434 1814 305 294 1815 307 295 1816 505 434 1817 505 434 1818 306 435 1819 506 436 1820 506 436 1821 306 435 1822 507 437 1823 306 435 1824 308 438 1825 507 437 1826 308 438 1827 311 298 1828 507 437 1829 311 298 1830 312 300 1831 507 437 1832 507 437 1833 312 300 1834 508 439 1835 312 300 1836 313 301 1837 508 439 1838 508 439 1839 313 301 1840 509 440 1841 509 440 1842 313 301 1843 510 441 1844 313 301 1845 314 302 1846 510 441 1847 510 441 1848 314 302 1849 511 442 1850 314 302 1851 315 303 1852 511 442 1853 315 303 1854 316 304 1855 511 442 1856 513 443 1857 511 442 1858 515 444 1859 515 444 1860 511 442 1861 517 445 1862 511 442 1863 316 304 1864 517 445 1865 517 445 1866 316 304 1867 519 446 1868 316 304 1869 317 305 1870 519 446 1871 519 446 1872 317 305 1873 520 447 1874 317 305 1875 318 306 1876 520 447 1877 318 306 1878 320 307 1879 520 447 1880 521 448 1881 319 449 1882 523 450 1883 523 450 1884 319 449 1885 525 451 1886 319 449 1887 321 452 1888 525 451 1889 525 451 1890 321 452 1891 527 453 1892 321 452 1893 323 454 1894 527 453 1895 527 453 1896 323 454 1897 528 455 1898 323 454 1899 325 456 1900 528 455 1901 325 456 1902 328 312 1903 528 455 1904 328 312 1905 330 314 1906 528 455 1907 529 457 1908 329 458 1909 530 459 1910 530 459 1911 329 458 1912 531 460 1913 329 458 1914 332 318 1915 531 460 1916 332 318 1917 333 317 1918 531 460 1919 531 460 1920 333 317 1921 532 461 1922 532 461 1923 333 317 1924 533 462 1925 533 462 1926 333 317 1927 534 463 1928 333 317 1929 334 319 1930 534 463 1931 334 319 1932 336 464 1933 534 463 1934 337 465 1935 339 466 1936 534 463 1937 534 463 1938 339 466 1939 535 467 1940 340 324 1941 341 325 1942 536 468 1943 341 325 1944 343 469 1945 536 468 1946 536 468 1947 343 469 1948 538 470 1949 538 470 1950 343 469 1951 539 471 1952 344 327 1953 345 328 1954 540 472 1955 345 328 1956 346 329 1957 540 472 1958 540 472 1959 346 329 1960 542 473 1961 542 473 1962 346 329 1963 544 474 1964 544 474 1965 346 329 1966 546 475 1967 346 329 1968 347 330 1969 546 475 1970 546 475 1971 347 330 1972 548 476 1973 347 330 1974 348 331 1975 548 476 1976 548 476 1977 348 331 1978 550 477 1979 348 331 1980 349 332 1981 550 477 1982 550 477 1983 349 332 1984 552 478 1985 554 479 1986 556 480 1987 557 481 1988 556 480 1989 552 478 1990 557 481 1991 552 478 1992 349 332 1993 557 481 1994 349 332 1995 350 333 1996 557 481 1997 350 333 1998 351 334 1999 557 481 2000 557 481 2001 351 334 2002 558 482 2003 351 334 2004 352 335 2005 558 482 2006 558 482 2007 352 335 2008 559 483 2009 352 335 2010 353 336 2011 559 483 2012 559 483 2013 353 336 2014 560 484 2015 353 336 2016 354 337 2017 560 484 2018 560 484 2019 354 337 2020 561 485 2021 354 337 2022 355 338 2023 561 485 2024 561 485 2025 355 338 2026 562 486 2027 562 486 2028 355 338 2029 563 487 2030 355 338 2031 356 339 2032 563 487 2033 356 339 2034 357 341 2035 563 487 2036 563 487 2037 357 341 2038 564 488 2039 564 488 2040 357 341 2041 565 489 2042 357 341 2043 358 342 2044 565 489 2045 358 342 2046 361 490 2047 565 489 2048 361 490 2049 363 491 2050 565 489 2051 363 491 2052 365 492 2053 565 489 2054 565 489 2055 365 492 2056 566 493 2057 365 492 2058 367 350 2059 566 493 2060 367 350 2061 368 351 2062 566 493 2063 566 493 2064 368 351 2065 567 494 2066 567 494 2067 368 351 2068 568 495 2069 368 351 2070 369 352 2071 569 496 2072 369 352 2073 371 497 2074 569 496 2075 569 496 2076 371 497 2077 570 498 2078 372 354 2079 373 355 2080 570 498 2081 373 355 2082 374 356 2083 570 498 2084 570 498 2085 374 356 2086 571 499 2087 571 499 2088 374 356 2089 573 500 2090 374 356 2091 375 357 2092 573 500 2093 573 500 2094 375 357 2095 575 501 2096 575 501 2097 375 357 2098 577 502 2099 577 502 2100 375 357 2101 579 503 2102 375 357 2103 376 358 2104 579 503 2105 579 503 2106 376 358 2107 581 504 2108 582 505 2109 581 504 2110 583 506 2111 581 504 2112 376 358 2113 583 506 2114 376 358 2115 377 359 2116 583 506 2117 583 506 2118 377 359 2119 584 507 2120 377 359 2121 378 360 2122 584 507 2123 584 507 2124 378 360 2125 585 508 2126 378 360 2127 380 361 2128 585 508 2129 585 508 2130 380 361 2131 586 509 2132 589 510 2133 591 510 2134 592 510 2135 591 510 2136 594 510 2137 592 510 2138 594 510 2139 596 510 2140 592 510 2141 596 511 2142 587 511 2143 592 511 2144 587 512 2145 379 512 2146 592 512 2147 379 510 2148 381 510 2149 592 510 2150 381 510 2151 383 510 2152 592 510 2153 383 510 2154 385 510 2155 592 510 2156 385 510 2157 387 510 2158 592 510 2159 387 510 2160 389 510 2161 592 510 2162 389 510 2163 391 510 2164 592 510 2165 391 510 2166 393 510 2167 592 510 2168 393 510 2169 396 510 2170 592 510 2171 396 510 2172 597 510 2173 592 510 2174 597 510 2175 398 510 2176 592 510 2177 398 510 2178 400 510 2179 592 510 2180 400 510 2181 402 510 2182 592 510 2183 402 510 2184 404 510 2185 592 510 2186 404 510 2187 406 510 2188 592 510 2189 406 510 2190 408 510 2191 592 510 2192 408 510 2193 410 510 2194 592 510 2195 410 510 2196 412 510 2197 592 510 2198 412 510 2199 414 510 2200 592 510 2201 414 513 2202 416 513 2203 592 513 2204 416 514 2205 418 514 2206 592 514 2207 418 510 2208 420 510 2209 592 510 2210 420 510 2211 422 510 2212 592 510 2213 422 510 2214 424 510 2215 592 510 2216 424 515 2217 426 515 2218 592 515 2219 426 516 2220 428 516 2221 592 516 2222 428 510 2223 430 510 2224 592 510 2225 430 517 2226 432 517 2227 592 517 2228 432 510 2229 434 510 2230 592 510 2231 434 510 2232 436 510 2233 592 510 2234 436 510 2235 438 510 2236 592 510 2237 438 510 2238 440 510 2239 592 510 2240 440 510 2241 442 510 2242 592 510 2243 442 510 2244 444 510 2245 592 510 2246 444 510 2247 446 510 2248 592 510 2249 446 510 2250 448 510 2251 592 510 2252 448 518 2253 450 518 2254 592 518 2255 450 510 2256 452 510 2257 592 510 2258 452 519 2259 454 519 2260 592 519 2261 454 510 2262 456 510 2263 592 510 2264 456 510 2265 458 510 2266 592 510 2267 458 510 2268 460 510 2269 592 510 2270 460 510 2271 462 510 2272 592 510 2273 462 510 2274 464 510 2275 592 510 2276 464 520 2277 466 520 2278 592 520 2279 466 510 2280 468 510 2281 592 510 2282 468 521 2283 599 521 2284 592 521 2285 599 510 2286 601 510 2287 592 510 2288 605 510 2289 592 510 2290 602 510 2291 602 510 2292 592 510 2293 604 510 2294 592 522 2295 601 522 2296 604 522 2297 606 523 2298 607 524 2299 608 525 2300 608 525 2301 607 524 2302 609 526 2303 607 524 2304 603 527 2305 609 526 2306 609 526 2307 603 527 2308 610 528 2309 603 527 2310 600 529 2311 610 528 2312 610 528 2313 600 529 2314 611 530 2315 600 529 2316 598 531 2317 611 530 2318 611 530 2319 598 531 2320 612 532 2321 598 531 2322 469 406 2323 612 532 2324 469 406 2325 470 407 2326 612 532 2327 612 532 2328 470 407 2329 613 533 2330 470 407 2331 471 408 2332 613 533 2333 613 533 2334 471 408 2335 614 534 2336 471 408 2337 472 409 2338 614 534 2339 616 535 2340 614 534 2341 618 536 2342 614 534 2343 472 409 2344 618 536 2345 618 536 2346 472 409 2347 620 537 2348 472 409 2349 473 410 2350 620 537 2351 620 537 2352 473 410 2353 621 538 2354 473 410 2355 474 411 2356 621 538 2357 621 538 2358 474 411 2359 622 539 2360 622 539 2361 474 411 2362 623 540 2363 474 411 2364 475 412 2365 623 540 2366 475 412 2367 477 413 2368 623 540 2369 624 541 2370 476 542 2371 626 543 2372 626 543 2373 476 542 2374 628 544 2375 476 542 2376 478 545 2377 628 544 2378 628 544 2379 478 545 2380 629 546 2381 478 545 2382 480 547 2383 629 546 2384 629 546 2385 480 547 2386 630 548 2387 480 547 2388 482 549 2389 630 548 2390 630 548 2391 482 549 2392 632 550 2393 482 549 2394 484 417 2395 632 550 2396 632 550 2397 484 417 2398 634 551 2399 484 417 2400 485 418 2401 634 551 2402 634 551 2403 485 418 2404 636 552 2405 485 418 2406 486 553 2407 636 552 2408 636 552 2409 486 553 2410 637 554 2411 486 553 2412 488 555 2413 637 554 2414 637 554 2415 488 555 2416 638 556 2417 638 556 2418 488 555 2419 640 557 2420 488 555 2421 490 558 2422 640 557 2423 640 557 2424 490 558 2425 642 559 2426 490 558 2427 492 560 2428 642 559 2429 642 559 2430 492 560 2431 644 561 2432 492 560 2433 494 562 2434 644 561 2435 494 562 2436 496 424 2437 644 561 2438 644 561 2439 496 424 2440 645 563 2441 496 424 2442 497 425 2443 645 563 2444 645 563 2445 497 425 2446 646 564 2447 646 564 2448 497 425 2449 647 565 2450 497 425 2451 499 427 2452 647 565 2453 499 427 2454 501 429 2455 647 565 2456 648 566 2457 500 567 2458 649 568 2459 649 568 2460 500 567 2461 650 569 2462 500 567 2463 502 570 2464 650 569 2465 502 570 2466 504 432 2467 650 569 2468 504 432 2469 505 434 2470 650 569 2471 505 434 2472 506 436 2473 650 569 2474 650 569 2475 506 436 2476 651 571 2477 651 571 2478 506 436 2479 652 572 2480 506 436 2481 507 437 2482 652 572 2483 507 437 2484 508 439 2485 652 572 2486 652 572 2487 508 439 2488 653 573 2489 508 439 2490 509 440 2491 653 573 2492 655 574 2493 653 573 2494 657 575 2495 657 575 2496 653 573 2497 659 576 2498 653 573 2499 509 440 2500 659 576 2501 659 576 2502 509 440 2503 661 577 2504 509 440 2505 510 441 2506 661 577 2507 661 577 2508 510 441 2509 662 578 2510 510 441 2511 511 442 2512 662 578 2513 511 442 2514 513 443 2515 662 578 2516 663 579 2517 512 580 2518 665 581 2519 665 581 2520 512 580 2521 667 582 2522 512 580 2523 514 583 2524 667 582 2525 667 582 2526 514 583 2527 669 584 2528 514 583 2529 516 585 2530 669 584 2531 669 584 2532 516 585 2533 671 586 2534 671 586 2535 516 585 2536 672 587 2537 516 585 2538 518 588 2539 672 587 2540 518 588 2541 521 448 2542 672 587 2543 521 448 2544 523 450 2545 672 587 2546 673 589 2547 522 590 2548 674 591 2549 674 591 2550 522 590 2551 675 592 2552 522 590 2553 524 593 2554 675 592 2555 524 593 2556 526 594 2557 675 592 2558 526 594 2559 529 457 2560 675 592 2561 529 457 2562 530 459 2563 675 592 2564 675 592 2565 530 459 2566 676 595 2567 676 595 2568 530 459 2569 677 596 2570 530 459 2571 531 460 2572 677 596 2573 531 460 2574 532 461 2575 677 596 2576 677 596 2577 532 461 2578 678 597 2579 678 597 2580 532 461 2581 679 598 2582 532 461 2583 533 462 2584 679 598 2585 679 598 2586 533 462 2587 680 599 2588 680 599 2589 533 462 2590 681 600 2591 533 462 2592 534 463 2593 681 600 2594 681 600 2595 534 463 2596 682 601 2597 534 463 2598 535 467 2599 682 601 2600 535 467 2601 537 602 2602 682 601 2603 682 601 2604 537 602 2605 683 603 2606 683 603 2607 537 602 2608 684 604 2609 538 470 2610 539 471 2611 685 605 2612 539 471 2613 541 606 2614 685 605 2615 685 605 2616 541 606 2617 687 607 2618 541 606 2619 543 608 2620 687 607 2621 687 607 2622 543 608 2623 689 609 2624 543 608 2625 545 610 2626 689 609 2627 689 609 2628 545 610 2629 691 611 2630 691 611 2631 545 610 2632 693 612 2633 545 610 2634 547 613 2635 693 612 2636 547 613 2637 549 614 2638 693 612 2639 693 612 2640 549 614 2641 695 615 2642 549 614 2643 551 616 2644 695 615 2645 695 615 2646 551 616 2647 697 617 2648 697 617 2649 551 616 2650 699 618 2651 551 616 2652 555 619 2653 699 618 2654 699 618 2655 555 619 2656 701 620 2657 555 619 2658 553 621 2659 701 620 2660 701 620 2661 553 621 2662 703 622 2663 703 622 2664 553 621 2665 704 623 2666 554 479 2667 557 481 2668 705 624 2669 557 481 2670 558 482 2671 705 624 2672 705 624 2673 558 482 2674 707 625 2675 558 482 2676 559 483 2677 707 625 2678 707 625 2679 559 483 2680 709 626 2681 559 483 2682 560 484 2683 709 626 2684 709 626 2685 560 484 2686 711 627 2687 711 627 2688 560 484 2689 713 628 2690 713 628 2691 560 484 2692 715 629 2693 560 484 2694 561 485 2695 715 629 2696 715 629 2697 561 485 2698 717 630 2699 561 485 2700 562 486 2701 717 630 2702 717 630 2703 562 486 2704 719 631 2705 721 632 2706 719 631 2707 722 633 2708 719 631 2709 562 486 2710 722 633 2711 562 486 2712 563 487 2713 722 633 2714 563 487 2715 564 488 2716 722 633 2717 722 633 2718 564 488 2719 723 634 2720 723 634 2721 564 488 2722 724 635 2723 564 488 2724 565 489 2725 724 635 2726 565 489 2727 566 493 2728 724 635 2729 724 635 2730 566 493 2731 725 636 2732 566 493 2733 567 494 2734 725 636 2735 725 636 2736 567 494 2737 726 637 2738 726 637 2739 567 494 2740 727 638 2741 567 494 2742 568 495 2743 727 638 2744 727 638 2745 568 495 2746 728 639 2747 569 496 2748 570 498 2749 729 640 2750 570 498 2751 571 499 2752 729 640 2753 729 640 2754 571 499 2755 731 641 2756 571 499 2757 572 642 2758 731 641 2759 731 641 2760 572 642 2761 732 643 2762 572 642 2763 574 644 2764 732 643 2765 732 643 2766 574 644 2767 733 645 2768 733 645 2769 574 644 2770 735 646 2771 574 644 2772 576 647 2773 735 646 2774 735 646 2775 576 647 2776 737 648 2777 576 647 2778 578 649 2779 737 648 2780 737 648 2781 578 649 2782 739 650 2783 578 649 2784 580 651 2785 739 650 2786 739 650 2787 580 651 2788 740 652 2789 580 651 2790 582 505 2791 740 652 2792 740 652 2793 582 505 2794 741 653 2795 741 653 2796 582 505 2797 742 654 2798 742 654 2799 582 505 2800 743 655 2801 582 505 2802 583 506 2803 743 655 2804 583 506 2805 584 507 2806 743 655 2807 743 655 2808 584 507 2809 744 656 2810 584 507 2811 585 508 2812 744 656 2813 744 656 2814 585 508 2815 745 657 2816 585 508 2817 586 509 2818 745 657 2819 586 509 2820 595 658 2821 745 657 2822 745 657 2823 595 658 2824 746 659 2825 595 658 2826 593 660 2827 746 659 2828 746 659 2829 593 660 2830 747 661 2831 593 660 2832 590 662 2833 747 661 2834 747 661 2835 590 662 2836 748 663 2837 590 662 2838 588 664 2839 748 663 2840 748 663 2841 588 664 2842 749 665 2843 749 665 2844 588 664 2845 750 666 2846 589 667 2847 592 667 2848 751 667 2849 751 668 2850 592 668 2851 753 668 2852 753 510 2853 592 510 2854 755 510 2855 755 669 2856 592 669 2857 757 669 2858 757 510 2859 592 510 2860 759 510 2861 759 510 2862 592 510 2863 761 510 2864 761 510 2865 592 510 2866 763 510 2867 763 510 2868 592 510 2869 765 510 2870 765 510 2871 592 510 2872 767 510 2873 767 510 2874 592 510 2875 769 510 2876 769 510 2877 592 510 2878 771 510 2879 771 510 2880 592 510 2881 773 510 2882 773 670 2883 592 670 2884 775 670 2885 775 510 2886 592 510 2887 777 510 2888 777 671 2889 592 671 2890 779 671 2891 779 510 2892 592 510 2893 781 510 2894 781 510 2895 592 510 2896 783 510 2897 783 510 2898 592 510 2899 785 510 2900 785 510 2901 592 510 2902 787 510 2903 787 510 2904 592 510 2905 789 510 2906 789 672 2907 592 672 2908 791 672 2909 791 510 2910 592 510 2911 793 510 2912 793 673 2913 592 673 2914 795 673 2915 795 510 2916 592 510 2917 796 510 2918 592 674 2919 605 674 2920 796 674 2921 797 675 2922 606 523 2923 798 676 2924 606 523 2925 608 525 2926 798 676 2927 798 676 2928 608 525 2929 799 677 2930 799 677 2931 608 525 2932 800 678 2933 608 525 2934 609 526 2935 800 678 2936 800 678 2937 609 526 2938 801 679 2939 609 526 2940 610 528 2941 801 679 2942 801 679 2943 610 528 2944 802 680 2945 610 528 2946 611 530 2947 802 680 2948 802 680 2949 611 530 2950 803 681 2951 611 530 2952 612 532 2953 803 681 2954 612 532 2955 613 533 2956 803 681 2957 803 681 2958 613 533 2959 804 682 2960 613 533 2961 614 534 2962 804 682 2963 805 683 2964 804 682 2965 807 684 2966 804 682 2967 614 534 2968 807 684 2969 807 684 2970 614 534 2971 808 685 2972 614 534 2973 616 535 2974 808 685 2975 809 686 2976 615 687 2977 811 688 2978 811 688 2979 615 687 2980 812 689 2981 615 687 2982 617 690 2983 812 689 2984 812 689 2985 617 690 2986 813 691 2987 617 690 2988 619 692 2989 813 691 2990 813 691 2991 619 692 2992 815 693 2993 619 692 2994 621 538 2995 815 693 2996 815 693 2997 621 538 2998 817 694 2999 621 538 3000 622 539 3001 817 694 3002 817 694 3003 622 539 3004 818 695 3005 622 539 3006 624 541 3007 818 695 3008 624 541 3009 626 543 3010 818 695 3011 819 696 3012 625 697 3013 820 698 3014 625 697 3015 627 699 3016 820 698 3017 820 698 3018 627 699 3019 821 700 3020 627 699 3021 629 546 3022 821 700 3023 629 546 3024 630 548 3025 821 700 3026 821 700 3027 630 548 3028 822 701 3029 630 548 3030 631 702 3031 822 701 3032 822 701 3033 631 702 3034 823 703 3035 631 702 3036 633 704 3037 823 703 3038 823 703 3039 633 704 3040 824 705 3041 633 704 3042 635 706 3043 824 705 3044 635 706 3045 637 554 3046 824 705 3047 637 554 3048 638 556 3049 824 705 3050 824 705 3051 638 556 3052 825 707 3053 638 556 3054 639 708 3055 825 707 3056 825 707 3057 639 708 3058 826 709 3059 639 708 3060 641 710 3061 826 709 3062 826 709 3063 641 710 3064 827 711 3065 641 710 3066 643 712 3067 827 711 3068 643 712 3069 645 563 3070 827 711 3071 645 563 3072 646 564 3073 827 711 3074 827 711 3075 646 564 3076 828 713 3077 646 564 3078 648 566 3079 828 713 3080 648 566 3081 649 568 3082 828 713 3083 828 713 3084 649 568 3085 829 714 3086 829 714 3087 649 568 3088 830 715 3089 649 568 3090 650 569 3091 830 715 3092 650 569 3093 651 571 3094 830 715 3095 830 715 3096 651 571 3097 831 716 3098 831 716 3099 651 571 3100 832 717 3101 651 571 3102 652 572 3103 832 717 3104 652 572 3105 653 573 3106 832 717 3107 832 717 3108 653 573 3109 833 718 3110 653 573 3111 655 574 3112 833 718 3113 834 719 3114 654 720 3115 836 721 3116 836 721 3117 654 720 3118 838 722 3119 654 720 3120 656 723 3121 838 722 3122 838 722 3123 656 723 3124 840 724 3125 656 723 3126 658 725 3127 840 724 3128 840 724 3129 658 725 3130 842 726 3131 658 725 3132 660 727 3133 842 726 3134 842 726 3135 660 727 3136 843 728 3137 660 727 3138 663 579 3139 843 728 3140 663 579 3141 665 581 3142 843 728 3143 844 729 3144 664 730 3145 845 731 3146 845 731 3147 664 730 3148 846 732 3149 664 730 3150 666 733 3151 846 732 3152 666 733 3153 668 734 3154 846 732 3155 668 734 3156 670 735 3157 846 732 3158 846 732 3159 670 735 3160 847 736 3161 670 735 3162 673 589 3163 847 736 3164 673 589 3165 674 591 3166 847 736 3167 847 736 3168 674 591 3169 848 737 3170 848 737 3171 674 591 3172 849 738 3173 674 591 3174 675 592 3175 849 738 3176 675 592 3177 676 595 3178 849 738 3179 849 738 3180 676 595 3181 850 739 3182 850 739 3183 676 595 3184 851 740 3185 676 595 3186 677 596 3187 851 740 3188 677 596 3189 678 597 3190 851 740 3191 851 740 3192 678 597 3193 852 741 3194 852 741 3195 678 597 3196 853 742 3197 853 742 3198 678 597 3199 855 743 3200 855 743 3201 678 597 3202 857 744 3203 678 597 3204 679 598 3205 857 744 3206 857 744 3207 679 598 3208 859 745 3209 679 598 3210 680 599 3211 859 745 3212 859 745 3213 680 599 3214 860 746 3215 861 747 3216 860 746 3217 862 748 3218 860 746 3219 680 599 3220 862 748 3221 680 599 3222 681 600 3223 862 748 3224 862 748 3225 681 600 3226 863 749 3227 681 600 3228 682 601 3229 863 749 3230 682 601 3231 683 603 3232 863 749 3233 863 749 3234 683 603 3235 864 750 3236 864 750 3237 683 603 3238 865 751 3239 683 603 3240 684 604 3241 865 751 3242 684 604 3243 686 752 3244 865 751 3245 686 752 3246 688 753 3247 865 751 3248 688 753 3249 690 754 3250 865 751 3251 865 751 3252 690 754 3253 866 755 3254 690 754 3255 692 756 3256 866 755 3257 866 755 3258 692 756 3259 867 757 3260 692 756 3261 694 758 3262 867 757 3263 694 758 3264 696 759 3265 867 757 3266 867 757 3267 696 759 3268 868 760 3269 696 759 3270 698 761 3271 868 760 3272 698 761 3273 700 762 3274 868 760 3275 868 760 3276 700 762 3277 869 763 3278 700 762 3279 702 764 3280 869 763 3281 869 763 3282 702 764 3283 870 765 3284 703 622 3285 704 623 3286 871 766 3287 704 623 3288 706 767 3289 871 766 3290 871 766 3291 706 767 3292 873 768 3293 706 767 3294 708 769 3295 873 768 3296 873 768 3297 708 769 3298 875 770 3299 708 769 3300 710 771 3301 875 770 3302 875 770 3303 710 771 3304 877 772 3305 710 771 3306 712 773 3307 877 772 3308 877 772 3309 712 773 3310 879 774 3311 712 773 3312 714 775 3313 879 774 3314 879 774 3315 714 775 3316 881 776 3317 881 776 3318 714 775 3319 883 777 3320 714 775 3321 716 778 3322 883 777 3323 716 778 3324 718 779 3325 883 777 3326 883 777 3327 718 779 3328 885 780 3329 718 779 3330 720 781 3331 885 780 3332 885 780 3333 720 781 3334 888 782 3335 888 782 3336 720 781 3337 889 783 3338 721 632 3339 722 633 3340 890 784 3341 722 633 3342 723 634 3343 890 784 3344 890 784 3345 723 634 3346 892 785 3347 892 785 3348 723 634 3349 894 786 3350 896 787 3351 894 786 3352 897 788 3353 894 786 3354 723 634 3355 897 788 3356 723 634 3357 724 635 3358 897 788 3359 724 635 3360 725 636 3361 897 788 3362 897 788 3363 725 636 3364 898 789 3365 725 636 3366 726 637 3367 898 789 3368 898 789 3369 726 637 3370 899 790 3371 899 790 3372 726 637 3373 900 791 3374 726 637 3375 727 638 3376 900 791 3377 900 791 3378 727 638 3379 901 792 3380 727 638 3381 728 639 3382 901 792 3383 728 639 3384 730 793 3385 901 792 3386 730 793 3387 732 643 3388 901 792 3389 732 643 3390 733 645 3391 901 792 3392 901 792 3393 733 645 3394 902 794 3395 733 645 3396 734 795 3397 902 794 3398 902 794 3399 734 795 3400 903 796 3401 734 795 3402 736 797 3403 903 796 3404 903 796 3405 736 797 3406 904 798 3407 736 797 3408 738 799 3409 904 798 3410 738 799 3411 740 652 3412 904 798 3413 740 652 3414 741 653 3415 904 798 3416 904 798 3417 741 653 3418 905 800 3419 905 800 3420 741 653 3421 906 801 3422 741 653 3423 742 654 3424 907 802 3425 907 802 3426 742 654 3427 908 803 3428 742 654 3429 743 655 3430 909 804 3431 911 805 3432 913 806 3433 914 807 3434 913 806 3435 909 804 3436 914 807 3437 909 804 3438 743 655 3439 914 807 3440 743 655 3441 744 656 3442 914 807 3443 914 807 3444 744 656 3445 915 808 3446 744 656 3447 745 657 3448 915 808 3449 745 657 3450 746 659 3451 915 808 3452 915 808 3453 746 659 3454 916 809 3455 746 659 3456 747 661 3457 916 809 3458 916 809 3459 747 661 3460 917 810 3461 747 661 3462 748 663 3463 917 810 3464 917 810 3465 748 663 3466 918 811 3467 748 663 3468 749 665 3469 918 811 3470 918 811 3471 749 665 3472 919 812 3473 919 812 3474 749 665 3475 920 813 3476 749 665 3477 750 666 3478 920 813 3479 750 666 3480 752 814 3481 920 813 3482 920 813 3483 752 814 3484 921 815 3485 752 814 3486 754 816 3487 921 815 3488 921 815 3489 754 816 3490 922 817 3491 754 816 3492 756 818 3493 922 817 3494 922 817 3495 756 818 3496 923 819 3497 756 818 3498 758 820 3499 923 819 3500 923 819 3501 758 820 3502 924 821 3503 758 820 3504 760 822 3505 924 821 3506 924 821 3507 760 822 3508 925 823 3509 760 822 3510 762 824 3511 925 823 3512 925 823 3513 762 824 3514 926 825 3515 762 824 3516 764 826 3517 926 825 3518 926 825 3519 764 826 3520 927 827 3521 764 826 3522 766 828 3523 927 827 3524 927 827 3525 766 828 3526 928 829 3527 766 828 3528 768 830 3529 928 829 3530 928 829 3531 768 830 3532 929 831 3533 768 830 3534 770 832 3535 929 831 3536 929 831 3537 770 832 3538 930 833 3539 770 832 3540 772 834 3541 930 833 3542 930 833 3543 772 834 3544 931 835 3545 772 834 3546 774 836 3547 931 835 3548 931 835 3549 774 836 3550 932 837 3551 774 836 3552 776 838 3553 932 837 3554 932 837 3555 776 838 3556 933 839 3557 776 838 3558 778 840 3559 933 839 3560 933 839 3561 778 840 3562 934 841 3563 778 840 3564 780 842 3565 934 841 3566 934 841 3567 780 842 3568 935 843 3569 780 842 3570 782 844 3571 935 843 3572 935 843 3573 782 844 3574 936 845 3575 782 844 3576 784 846 3577 936 845 3578 936 845 3579 784 846 3580 937 847 3581 784 846 3582 786 848 3583 937 847 3584 937 847 3585 786 848 3586 938 849 3587 786 848 3588 788 850 3589 938 849 3590 938 849 3591 788 850 3592 939 851 3593 788 850 3594 790 852 3595 939 851 3596 939 851 3597 790 852 3598 940 853 3599 790 852 3600 792 854 3601 940 853 3602 940 853 3603 792 854 3604 941 855 3605 792 854 3606 794 856 3607 941 855 3608 941 855 3609 794 856 3610 942 857 3611 794 856 3612 797 675 3613 942 857 3614 797 675 3615 798 676 3616 942 857 3617 942 857 3618 798 676 3619 943 858 3620 798 676 3621 799 677 3622 943 858 3623 943 858 3624 799 677 3625 944 859 3626 944 859 3627 799 677 3628 945 860 3629 799 677 3630 800 678 3631 945 860 3632 945 860 3633 800 678 3634 946 861 3635 800 678 3636 801 679 3637 946 861 3638 946 861 3639 801 679 3640 947 862 3641 801 679 3642 802 680 3643 947 862 3644 947 862 3645 802 680 3646 948 863 3647 802 680 3648 803 681 3649 948 863 3650 803 681 3651 804 682 3652 948 863 3653 948 863 3654 804 682 3655 949 864 3656 804 682 3657 805 683 3658 949 864 3659 949 864 3660 805 683 3661 950 865 3662 950 865 3663 805 683 3664 952 866 3665 805 683 3666 806 867 3667 952 866 3668 952 866 3669 806 867 3670 953 868 3671 806 867 3672 809 686 3673 953 868 3674 809 686 3675 811 688 3676 953 868 3677 954 869 3678 810 870 3679 955 871 3680 810 870 3681 812 689 3682 955 871 3683 812 689 3684 813 691 3685 955 871 3686 955 871 3687 813 691 3688 956 872 3689 813 691 3690 814 873 3691 956 872 3692 956 872 3693 814 873 3694 957 874 3695 814 873 3696 816 875 3697 957 874 3698 816 875 3699 819 696 3700 957 874 3701 819 696 3702 820 698 3703 957 874 3704 957 874 3705 820 698 3706 958 876 3707 958 876 3708 820 698 3709 959 877 3710 820 698 3711 821 700 3712 959 877 3713 959 877 3714 821 700 3715 960 878 3716 821 700 3717 822 701 3718 960 878 3719 960 878 3720 822 701 3721 961 879 3722 822 701 3723 823 703 3724 961 879 3725 961 879 3726 823 703 3727 962 880 3728 823 703 3729 824 705 3730 962 880 3731 962 880 3732 824 705 3733 963 881 3734 824 705 3735 825 707 3736 963 881 3737 963 881 3738 825 707 3739 964 882 3740 825 707 3741 826 709 3742 964 882 3743 964 882 3744 826 709 3745 965 883 3746 826 709 3747 827 711 3748 965 883 3749 965 883 3750 827 711 3751 966 884 3752 827 711 3753 828 713 3754 966 884 3755 828 713 3756 829 714 3757 966 884 3758 966 884 3759 829 714 3760 967 885 3761 967 885 3762 829 714 3763 968 886 3764 829 714 3765 830 715 3766 968 886 3767 830 715 3768 831 716 3769 968 886 3770 968 886 3771 831 716 3772 970 887 3773 970 887 3774 831 716 3775 971 888 3776 831 716 3777 832 717 3778 971 888 3779 832 717 3780 833 718 3781 971 888 3782 972 889 3783 834 719 3784 974 890 3785 974 890 3786 834 719 3787 975 891 3788 834 719 3789 836 721 3790 975 891 3791 976 892 3792 835 893 3793 977 894 3794 835 893 3795 837 895 3796 977 894 3797 977 894 3798 837 895 3799 978 896 3800 837 895 3801 839 897 3802 978 896 3803 839 897 3804 841 898 3805 978 896 3806 978 896 3807 841 898 3808 979 899 3809 841 898 3810 844 729 3811 979 899 3812 844 729 3813 845 731 3814 979 899 3815 979 899 3816 845 731 3817 980 900 3818 980 900 3819 845 731 3820 981 901 3821 845 731 3822 846 732 3823 981 901 3824 981 901 3825 846 732 3826 982 902 3827 846 732 3828 847 736 3829 982 902 3830 847 736 3831 848 737 3832 982 902 3833 982 902 3834 848 737 3835 983 903 3836 983 903 3837 848 737 3838 984 904 3839 848 737 3840 849 738 3841 984 904 3842 849 738 3843 850 739 3844 984 904 3845 986 905 3846 984 904 3847 988 906 3848 984 904 3849 850 739 3850 988 906 3851 988 906 3852 850 739 3853 990 907 3854 990 907 3855 850 739 3856 991 908 3857 850 739 3858 851 740 3859 991 908 3860 851 740 3861 852 741 3862 991 908 3863 992 909 3864 852 741 3865 994 910 3866 994 910 3867 852 741 3868 996 911 3869 852 741 3870 853 742 3871 996 911 3872 996 911 3873 853 742 3874 997 912 3875 853 742 3876 854 913 3877 997 912 3878 999 914 3879 998 915 3880 1000 916 3881 997 912 3882 854 913 3883 1001 917 3884 854 913 3885 856 918 3886 1001 917 3887 1001 917 3888 856 918 3889 1003 919 3890 856 918 3891 858 920 3892 1003 919 3893 1003 919 3894 858 920 3895 1004 921 3896 858 920 3897 860 746 3898 1004 921 3899 860 746 3900 861 747 3901 1004 921 3902 1004 921 3903 861 747 3904 1005 922 3905 1005 922 3906 861 747 3907 1006 923 3908 861 747 3909 862 748 3910 1007 924 3911 1007 924 3912 862 748 3913 1009 925 3914 1009 925 3915 862 748 3916 1010 926 3917 862 748 3918 863 749 3919 1010 926 3920 863 749 3921 864 750 3922 1010 926 3923 1010 926 3924 864 750 3925 1011 927 3926 1011 927 3927 864 750 3928 1012 928 3929 864 750 3930 865 751 3931 1012 928 3932 865 751 3933 866 755 3934 1012 928 3935 1012 928 3936 866 755 3937 1013 929 3938 866 755 3939 867 757 3940 1013 929 3941 1013 929 3942 867 757 3943 1014 930 3944 867 757 3945 868 760 3946 1014 930 3947 1014 930 3948 868 760 3949 1015 931 3950 868 760 3951 869 763 3952 1015 931 3953 1015 931 3954 869 763 3955 1016 932 3956 1016 932 3957 869 763 3958 1017 933 3959 869 763 3960 870 765 3961 1017 933 3962 870 765 3963 872 934 3964 1017 933 3965 1017 933 3966 872 934 3967 1018 935 3968 872 934 3969 874 936 3970 1018 935 3971 1018 935 3972 874 936 3973 1019 937 3974 874 936 3975 876 938 3976 1019 937 3977 876 938 3978 878 939 3979 1019 937 3980 878 939 3981 880 940 3982 1019 937 3983 1019 937 3984 880 940 3985 1020 941 3986 880 940 3987 882 942 3988 1020 941 3989 1020 941 3990 882 942 3991 1021 943 3992 882 942 3993 884 944 3994 1021 943 3995 1021 943 3996 884 944 3997 1022 945 3998 884 944 3999 886 946 4000 1022 945 4001 1028 947 4002 1023 948 4003 1024 949 4004 1023 948 4005 1022 945 4006 1024 949 4007 1024 949 4008 1022 945 4009 1026 950 4010 1022 945 4011 887 951 4012 1026 950 4013 888 782 4014 889 783 4015 1025 952 4016 889 783 4017 891 953 4018 1025 952 4019 1025 952 4020 891 953 4021 1027 954 4022 891 953 4023 893 955 4024 1027 954 4025 893 955 4026 895 956 4027 1027 954 4028 1027 954 4029 895 956 4030 1029 957 4031 1029 957 4032 895 956 4033 1030 958 4034 896 787 4035 897 788 4036 1031 959 4037 897 788 4038 898 789 4039 1031 959 4040 1031 959 4041 898 789 4042 1033 960 4043 898 789 4044 899 790 4045 1033 960 4046 1033 960 4047 899 790 4048 1035 961 4049 1035 961 4050 899 790 4051 1037 962 4052 1037 962 4053 899 790 4054 1039 963 4055 1039 963 4056 899 790 4057 1040 964 4058 899 790 4059 900 791 4060 1040 964 4061 1040 964 4062 900 791 4063 1041 965 4064 900 791 4065 901 792 4066 1041 965 4067 901 792 4068 902 794 4069 1041 965 4070 1041 965 4071 902 794 4072 1042 966 4073 902 794 4074 903 796 4075 1042 966 4076 1042 966 4077 903 796 4078 1043 967 4079 903 796 4080 904 798 4081 1043 967 4082 1043 967 4083 904 798 4084 1044 968 4085 904 798 4086 905 800 4087 1044 968 4088 1044 968 4089 905 800 4090 1045 969 4091 1045 969 4092 905 800 4093 1046 970 4094 905 800 4095 906 801 4096 1046 970 4097 1046 970 4098 906 801 4099 1047 971 4100 907 802 4101 908 803 4102 1048 972 4103 908 803 4104 912 973 4105 1048 972 4106 1048 972 4107 912 973 4108 1050 974 4109 912 973 4110 910 975 4111 1050 974 4112 1050 974 4113 910 975 4114 1051 976 4115 1051 976 4116 910 975 4117 1052 977 4118 911 805 4119 914 807 4120 1053 978 4121 1053 978 4122 914 807 4123 1054 979 4124 914 807 4125 915 808 4126 1054 979 4127 915 808 4128 916 809 4129 1054 979 4130 1054 979 4131 916 809 4132 1055 980 4133 916 809 4134 917 810 4135 1055 980 4136 1055 980 4137 917 810 4138 1056 981 4139 917 810 4140 918 811 4141 1056 981 4142 1056 981 4143 918 811 4144 1057 982 4145 918 811 4146 919 812 4147 1057 982 4148 1057 982 4149 919 812 4150 1058 983 4151 1058 983 4152 919 812 4153 1059 984 4154 919 812 4155 920 813 4156 1059 984 4157 920 813 4158 921 815 4159 1059 984 4160 1059 984 4161 921 815 4162 1060 985 4163 921 815 4164 922 817 4165 1060 985 4166 1060 985 4167 922 817 4168 1061 986 4169 922 817 4170 923 819 4171 1061 986 4172 1061 986 4173 923 819 4174 1062 987 4175 923 819 4176 924 821 4177 1062 987 4178 1062 987 4179 924 821 4180 1063 988 4181 924 821 4182 925 823 4183 1063 988 4184 1063 988 4185 925 823 4186 1064 989 4187 925 823 4188 926 825 4189 1064 989 4190 1064 989 4191 926 825 4192 1065 990 4193 926 825 4194 927 827 4195 1065 990 4196 1065 990 4197 927 827 4198 1066 991 4199 927 827 4200 928 829 4201 1066 991 4202 1066 991 4203 928 829 4204 1067 992 4205 928 829 4206 929 831 4207 1067 992 4208 1067 992 4209 929 831 4210 1068 993 4211 929 831 4212 930 833 4213 1068 993 4214 1068 993 4215 930 833 4216 1069 994 4217 930 833 4218 931 835 4219 1069 994 4220 1069 994 4221 931 835 4222 1070 995 4223 931 835 4224 932 837 4225 1070 995 4226 1070 995 4227 932 837 4228 1071 996 4229 932 837 4230 933 839 4231 1071 996 4232 1071 996 4233 933 839 4234 1072 997 4235 933 839 4236 934 841 4237 1072 997 4238 1072 997 4239 934 841 4240 1073 998 4241 934 841 4242 935 843 4243 1073 998 4244 1073 998 4245 935 843 4246 1074 999 4247 935 843 4248 936 845 4249 1074 999 4250 1074 999 4251 936 845 4252 1075 1000 4253 936 845 4254 937 847 4255 1075 1000 4256 1075 1000 4257 937 847 4258 1076 1001 4259 937 847 4260 938 849 4261 1076 1001 4262 1076 1001 4263 938 849 4264 1077 1002 4265 938 849 4266 939 851 4267 1077 1002 4268 1077 1002 4269 939 851 4270 1078 1003 4271 939 851 4272 940 853 4273 1078 1003 4274 1078 1003 4275 940 853 4276 1079 1004 4277 940 853 4278 941 855 4279 1079 1004 4280 1079 1004 4281 941 855 4282 1080 1005 4283 941 855 4284 942 857 4285 1080 1005 4286 942 857 4287 943 858 4288 1080 1005 4289 1080 1005 4290 943 858 4291 1081 1006 4292 943 858 4293 944 859 4294 1081 1006 4295 1081 1006 4296 944 859 4297 1083 1007 4298 1083 1007 4299 944 859 4300 1085 1008 4301 1085 1008 4302 944 859 4303 1087 1009 4304 944 859 4305 945 860 4306 1087 1009 4307 1087 1009 4308 945 860 4309 1088 1010 4310 945 860 4311 946 861 4312 1088 1010 4313 1088 1010 4314 946 861 4315 1089 1011 4316 1089 1011 4317 946 861 4318 1090 1012 4319 1090 1012 4320 946 861 4321 1092 1013 4322 946 861 4323 947 862 4324 1092 1013 4325 1092 1013 4326 947 862 4327 1094 1014 4328 947 862 4329 948 863 4330 1094 1014 4331 948 863 4332 949 864 4333 1094 1014 4334 1093 1015 4335 949 864 4336 1095 1016 4337 949 864 4338 950 865 4339 1095 1016 4340 1095 1016 4341 950 865 4342 1096 1017 4343 1096 1017 4344 950 865 4345 1097 1018 4346 950 865 4347 951 1019 4348 1097 1018 4349 1097 1018 4350 951 1019 4351 1098 1020 4352 951 1019 4353 954 869 4354 1098 1020 4355 954 869 4356 955 871 4357 1098 1020 4358 1098 1020 4359 955 871 4360 1099 1021 4361 1099 1021 4362 955 871 4363 1100 1022 4364 955 871 4365 956 872 4366 1100 1022 4367 1100 1022 4368 956 872 4369 1101 1023 4370 956 872 4371 957 874 4372 1101 1023 4373 957 874 4374 958 876 4375 1101 1023 4376 1101 1023 4377 958 876 4378 1102 1024 4379 1102 1024 4380 958 876 4381 1103 1025 4382 958 876 4383 959 877 4384 1103 1025 4385 1103 1025 4386 959 877 4387 1104 1026 4388 959 877 4389 960 878 4390 1104 1026 4391 1104 1026 4392 960 878 4393 1105 1027 4394 960 878 4395 961 879 4396 1105 1027 4397 1105 1027 4398 961 879 4399 1106 1028 4400 961 879 4401 962 880 4402 1106 1028 4403 1106 1028 4404 962 880 4405 1107 1029 4406 962 880 4407 963 881 4408 1107 1029 4409 1107 1029 4410 963 881 4411 1108 1030 4412 963 881 4413 964 882 4414 1108 1030 4415 1108 1030 4416 964 882 4417 1109 1031 4418 964 882 4419 965 883 4420 1109 1031 4421 1109 1031 4422 965 883 4423 1110 1032 4424 965 883 4425 966 884 4426 1110 1032 4427 966 884 4428 967 885 4429 1110 1032 4430 1110 1032 4431 967 885 4432 1112 1033 4433 1112 1033 4434 967 885 4435 1114 1034 4436 1114 1034 4437 967 885 4438 1116 1035 4439 1116 1035 4440 967 885 4441 1117 1036 4442 967 885 4443 968 886 4444 1117 1036 4445 968 886 4446 970 887 4447 1117 1036 4448 1118 1037 4449 969 1038 4450 1119 1039 4451 969 1038 4452 972 889 4453 1119 1039 4454 972 889 4455 974 890 4456 1119 1039 4457 1120 1040 4458 973 1041 4459 1121 1042 4460 973 1041 4461 976 892 4462 1121 1042 4463 976 892 4464 977 894 4465 1121 1042 4466 1121 1042 4467 977 894 4468 1122 1043 4469 1122 1043 4470 977 894 4471 1123 1044 4472 977 894 4473 978 896 4474 1123 1044 4475 1123 1044 4476 978 896 4477 1124 1045 4478 978 896 4479 979 899 4480 1124 1045 4481 979 899 4482 980 900 4483 1124 1045 4484 1124 1045 4485 980 900 4486 1125 1046 4487 1125 1046 4488 980 900 4489 1126 1047 4490 980 900 4491 981 901 4492 1126 1047 4493 1126 1047 4494 981 901 4495 1127 1048 4496 981 901 4497 982 902 4498 1127 1048 4499 982 902 4500 983 903 4501 1127 1048 4502 1127 1048 4503 983 903 4504 1128 1049 4505 1128 1049 4506 983 903 4507 1129 1050 4508 1129 1050 4509 983 903 4510 1130 1051 4511 983 903 4512 984 904 4513 1130 1051 4514 984 904 4515 986 905 4516 1130 1051 4517 1131 1052 4518 985 1053 4519 1133 1054 4520 1133 1054 4521 985 1053 4522 1135 1055 4523 985 1053 4524 987 1056 4525 1135 1055 4526 1135 1055 4527 987 1056 4528 1136 1057 4529 987 1056 4530 989 1058 4531 1136 1057 4532 1136 1057 4533 989 1058 4534 1137 1059 4535 989 1058 4536 992 909 4537 1137 1059 4538 992 909 4539 994 910 4540 1137 1059 4541 1137 1059 4542 993 1060 4543 1138 1061 4544 1138 1061 4545 993 1060 4546 1139 1062 4547 993 1060 4548 995 1063 4549 1139 1062 4550 995 1063 4551 998 915 4552 1139 1062 4553 998 915 4554 999 914 4555 1139 1062 4556 1139 1062 4557 999 914 4558 1140 1064 4559 1140 1064 4560 999 914 4561 1141 1065 4562 1141 1065 4563 999 914 4564 1142 1066 4565 999 914 4566 1000 916 4567 1142 1066 4568 1000 916 4569 1002 1067 4570 1142 1066 4571 1002 1067 4572 1004 921 4573 1142 1066 4574 1004 921 4575 1005 922 4576 1142 1066 4577 1142 1066 4578 1005 922 4579 1143 1068 4580 1143 1068 4581 1005 922 4582 1144 1069 4583 1005 922 4584 1006 923 4585 1145 1070 4586 1145 1070 4587 1006 923 4588 1147 1071 4589 1006 923 4590 1008 1072 4591 1147 1071 4592 1147 1071 4593 1008 1072 4594 1149 1073 4595 1149 1073 4596 1008 1072 4597 1150 1074 4598 1009 925 4599 1010 926 4600 1151 1075 4601 1010 926 4602 1011 927 4603 1151 1075 4604 1151 1075 4605 1011 927 4606 1152 1076 4607 1154 1077 4608 1155 1078 4609 1156 1079 4610 1155 1078 4611 1152 1076 4612 1156 1079 4613 1152 1076 4614 1011 927 4615 1156 1079 4616 1011 927 4617 1012 928 4618 1156 1079 4619 1012 928 4620 1013 929 4621 1156 1079 4622 1156 1079 4623 1013 929 4624 1157 1080 4625 1013 929 4626 1014 930 4627 1157 1080 4628 1157 1080 4629 1014 930 4630 1158 1081 4631 1014 930 4632 1015 931 4633 1158 1081 4634 1158 1081 4635 1015 931 4636 1159 1082 4637 1015 931 4638 1016 932 4639 1159 1082 4640 1159 1082 4641 1016 932 4642 1160 1083 4643 1160 1083 4644 1016 932 4645 1161 1084 4646 1016 932 4647 1017 933 4648 1161 1084 4649 1017 933 4650 1018 935 4651 1161 1084 4652 1161 1084 4653 1018 935 4654 1162 1085 4655 1018 935 4656 1019 937 4657 1162 1085 4658 1162 1085 4659 1019 937 4660 1163 1086 4661 1019 937 4662 1020 941 4663 1163 1086 4664 1163 1086 4665 1020 941 4666 1164 1087 4667 1020 941 4668 1021 943 4669 1164 1087 4670 1164 1087 4671 1021 943 4672 1165 1088 4673 1021 943 4674 1022 945 4675 1165 1088 4676 1165 1088 4677 1022 945 4678 1166 1089 4679 1022 945 4680 1023 948 4681 1166 1089 4682 1166 1089 4683 1023 948 4684 1167 1090 4685 1167 1090 4686 1023 948 4687 1168 1091 4688 1023 948 4689 1028 947 4690 1168 1091 4691 1168 1091 4692 1028 947 4693 1169 1092 4694 1029 957 4695 1030 958 4696 1170 1093 4697 1030 958 4698 1032 1094 4699 1170 1093 4700 1170 1093 4701 1032 1094 4702 1172 1095 4703 1032 1094 4704 1034 1096 4705 1172 1095 4706 1172 1095 4707 1034 1096 4708 1174 1097 4709 1034 1096 4710 1036 1098 4711 1174 1097 4712 1174 1097 4713 1036 1098 4714 1176 1099 4715 1036 1098 4716 1038 1100 4717 1176 1099 4718 1176 1099 4719 1038 1100 4720 1178 1101 4721 1178 1101 4722 1038 1100 4723 1179 1102 4724 1039 963 4725 1040 964 4726 1180 1103 4727 1180 1103 4728 1040 964 4729 1181 1104 4730 1040 964 4731 1041 965 4732 1181 1104 4733 1041 965 4734 1042 966 4735 1181 1104 4736 1181 1104 4737 1042 966 4738 1182 1105 4739 1042 966 4740 1043 967 4741 1182 1105 4742 1182 1105 4743 1043 967 4744 1183 1106 4745 1043 967 4746 1044 968 4747 1183 1106 4748 1183 1106 4749 1044 968 4750 1184 1107 4751 1044 968 4752 1045 969 4753 1184 1107 4754 1184 1107 4755 1045 969 4756 1185 1108 4757 1185 1108 4758 1045 969 4759 1186 1109 4760 1045 969 4761 1046 970 4762 1186 1109 4763 1186 1109 4764 1046 970 4765 1187 1110 4766 1046 970 4767 1047 971 4768 1187 1110 4769 1047 971 4770 1049 1111 4771 1187 1110 4772 1049 1111 4773 1051 976 4774 1187 1110 4775 1187 1110 4776 1051 976 4777 1188 1112 4778 1051 976 4779 1052 977 4780 1188 1112 4781 1188 1112 4782 1052 977 4783 1189 1113 4784 1053 978 4785 1054 979 4786 1190 1114 4787 1054 979 4788 1055 980 4789 1190 1114 4790 1190 1114 4791 1055 980 4792 1191 1115 4793 1055 980 4794 1056 981 4795 1191 1115 4796 1191 1115 4797 1056 981 4798 1192 1116 4799 1192 1116 4800 1056 981 4801 1194 1117 4802 1194 1117 4803 1056 981 4804 1196 1118 4805 1056 981 4806 1057 982 4807 1196 1118 4808 1196 1118 4809 1057 982 4810 1198 1119 4811 1057 982 4812 1058 983 4813 1198 1119 4814 1198 1119 4815 1058 983 4816 1200 1120 4817 1200 1120 4818 1058 983 4819 1202 1121 4820 1202 1121 4821 1058 983 4822 1203 1122 4823 1058 983 4824 1059 984 4825 1203 1122 4826 1059 984 4827 1060 985 4828 1203 1122 4829 1203 1122 4830 1060 985 4831 1204 1123 4832 1060 985 4833 1061 986 4834 1204 1123 4835 1204 1123 4836 1061 986 4837 1205 1124 4838 1061 986 4839 1062 987 4840 1205 1124 4841 1205 1124 4842 1062 987 4843 1206 1125 4844 1062 987 4845 1063 988 4846 1206 1125 4847 1206 1125 4848 1063 988 4849 1207 1126 4850 1063 988 4851 1064 989 4852 1207 1126 4853 1207 1126 4854 1064 989 4855 1208 1127 4856 1064 989 4857 1065 990 4858 1208 1127 4859 1208 1127 4860 1065 990 4861 1209 1128 4862 1065 990 4863 1066 991 4864 1209 1128 4865 1209 1128 4866 1066 991 4867 1210 1129 4868 1066 991 4869 1067 992 4870 1210 1129 4871 1210 1129 4872 1067 992 4873 1211 1130 4874 1067 992 4875 1068 993 4876 1211 1130 4877 1211 1130 4878 1068 993 4879 1212 1131 4880 1068 993 4881 1069 994 4882 1212 1131 4883 1212 1131 4884 1069 994 4885 1213 1132 4886 1069 994 4887 1070 995 4888 1213 1132 4889 1213 1132 4890 1070 995 4891 1214 1133 4892 1070 995 4893 1071 996 4894 1214 1133 4895 1214 1133 4896 1071 996 4897 1215 1134 4898 1071 996 4899 1072 997 4900 1215 1134 4901 1215 1134 4902 1072 997 4903 1216 1135 4904 1072 997 4905 1073 998 4906 1216 1135 4907 1216 1135 4908 1073 998 4909 1217 1136 4910 1073 998 4911 1074 999 4912 1217 1136 4913 1217 1136 4914 1074 999 4915 1218 1137 4916 1074 999 4917 1075 1000 4918 1218 1137 4919 1218 1137 4920 1075 1000 4921 1219 1138 4922 1075 1000 4923 1076 1001 4924 1219 1138 4925 1219 1138 4926 1076 1001 4927 1220 1139 4928 1076 1001 4929 1077 1002 4930 1220 1139 4931 1220 1139 4932 1077 1002 4933 1221 1140 4934 1077 1002 4935 1078 1003 4936 1221 1140 4937 1221 1140 4938 1078 1003 4939 1222 1141 4940 1078 1003 4941 1079 1004 4942 1222 1141 4943 1222 1141 4944 1079 1004 4945 1223 1142 4946 1079 1004 4947 1080 1005 4948 1223 1142 4949 1080 1005 4950 1081 1006 4951 1223 1142 4952 1223 1142 4953 1081 1006 4954 1224 1143 4955 1081 1006 4956 1083 1007 4957 1224 1143 4958 1225 1144 4959 1082 1145 4960 1227 1146 4961 1227 1146 4962 1082 1145 4963 1229 1147 4964 1082 1145 4965 1084 1148 4966 1229 1147 4967 1229 1147 4968 1084 1148 4969 1231 1149 4970 1084 1148 4971 1086 1150 4972 1231 1149 4973 1086 1150 4974 1088 1010 4975 1231 1149 4976 1231 1149 4977 1088 1010 4978 1232 1151 4979 1088 1010 4980 1089 1011 4981 1232 1151 4982 1232 1151 4983 1089 1011 4984 1233 1152 4985 1233 1152 4986 1089 1011 4987 1239 1153 4988 1089 1011 4989 1091 1154 4990 1239 1153 4991 1239 1153 4992 1091 1154 4993 1234 1155 4994 1091 1154 4995 1235 1156 4996 1234 1155 4997 1234 1155 4998 1235 1156 4999 1237 1157 5000 1235 1156 5001 1093 1015 5002 1237 1157 5003 1093 1015 5004 1095 1016 5005 1237 1157 5006 1095 1016 5007 1096 1017 5008 1236 1158 5009 1236 1158 5010 1096 1017 5011 1238 1159 5012 1240 1160 5013 1238 1159 5014 1241 1161 5015 1238 1159 5016 1096 1017 5017 1241 1161 5018 1241 1161 5019 1096 1017 5020 1242 1162 5021 1242 1162 5022 1096 1017 5023 1243 1163 5024 1096 1017 5025 1097 1018 5026 1243 1163 5027 1243 1163 5028 1097 1018 5029 1244 1164 5030 1097 1018 5031 1098 1020 5032 1244 1164 5033 1098 1020 5034 1099 1021 5035 1244 1164 5036 1244 1164 5037 1099 1021 5038 1245 1165 5039 1245 1165 5040 1099 1021 5041 1246 1166 5042 1099 1021 5043 1100 1022 5044 1246 1166 5045 1246 1166 5046 1100 1022 5047 1247 1167 5048 1100 1022 5049 1101 1023 5050 1247 1167 5051 1101 1023 5052 1102 1024 5053 1247 1167 5054 1249 1168 5055 1247 1167 5056 1251 1169 5057 1247 1167 5058 1102 1024 5059 1251 1169 5060 1251 1169 5061 1102 1024 5062 1253 1170 5063 1102 1024 5064 1103 1025 5065 1253 1170 5066 1253 1170 5067 1103 1025 5068 1255 1171 5069 1103 1025 5070 1104 1026 5071 1255 1171 5072 1255 1171 5073 1104 1026 5074 1257 1172 5075 1257 1172 5076 1104 1026 5077 1259 1173 5078 1104 1026 5079 1105 1027 5080 1259 1173 5081 1259 1173 5082 1105 1027 5083 1261 1174 5084 1261 1174 5085 1105 1027 5086 1263 1175 5087 1263 1175 5088 1105 1027 5089 1265 1176 5090 1105 1027 5091 1106 1028 5092 1265 1176 5093 1265 1176 5094 1106 1028 5095 1267 1177 5096 1106 1028 5097 1107 1029 5098 1267 1177 5099 1267 1177 5100 1107 1029 5101 1269 1178 5102 1107 1029 5103 1108 1030 5104 1269 1178 5105 1269 1178 5106 1108 1030 5107 1271 1179 5108 1271 1179 5109 1108 1030 5110 1273 1180 5111 1273 1180 5112 1108 1030 5113 1275 1181 5114 1108 1030 5115 1109 1031 5116 1275 1181 5117 1275 1181 5118 1109 1031 5119 1276 1182 5120 1109 1031 5121 1110 1032 5122 1276 1182 5123 1110 1032 5124 1112 1033 5125 1276 1182 5126 1277 1183 5127 1111 1184 5128 1279 1185 5129 1279 1185 5130 1111 1184 5131 1281 1186 5132 1111 1184 5133 1113 1187 5134 1281 1186 5135 1281 1186 5136 1113 1187 5137 1283 1188 5138 1113 1187 5139 1115 1189 5140 1283 1188 5141 1283 1188 5142 1115 1189 5143 1285 1190 5144 1115 1189 5145 1118 1037 5146 1285 1190 5147 1285 1190 5148 1118 1037 5149 1286 1191 5150 1118 1037 5151 1119 1039 5152 1286 1191 5153 1287 1192 5154 1120 1040 5155 1288 1193 5156 1120 1040 5157 1121 1042 5158 1288 1193 5159 1288 1193 5160 1121 1042 5161 1289 1194 5162 1121 1042 5163 1122 1043 5164 1289 1194 5165 1289 1194 5166 1122 1043 5167 1290 1195 5168 1290 1195 5169 1122 1043 5170 1291 1196 5171 1122 1043 5172 1123 1044 5173 1291 1196 5174 1291 1196 5175 1123 1044 5176 1292 1197 5177 1123 1044 5178 1124 1045 5179 1292 1197 5180 1124 1045 5181 1125 1046 5182 1292 1197 5183 1292 1197 5184 1125 1046 5185 1293 1198 5186 1293 1198 5187 1125 1046 5188 1294 1199 5189 1294 1199 5190 1125 1046 5191 1296 1200 5192 1296 1200 5193 1125 1046 5194 1298 1201 5195 1125 1046 5196 1126 1047 5197 1298 1201 5198 1298 1201 5199 1126 1047 5200 1299 1202 5201 1126 1047 5202 1127 1048 5203 1299 1202 5204 1127 1048 5205 1128 1049 5206 1299 1202 5207 1300 1203 5208 1128 1049 5209 1302 1204 5210 1302 1204 5211 1128 1049 5212 1304 1205 5213 1128 1049 5214 1129 1050 5215 1304 1205 5216 1304 1205 5217 1129 1050 5218 1305 1206 5219 1129 1050 5220 1131 1052 5221 1305 1206 5222 1131 1052 5223 1133 1054 5224 1305 1206 5225 1306 1207 5226 1132 1208 5227 1307 1209 5228 1307 1209 5229 1132 1208 5230 1308 1210 5231 1132 1208 5232 1134 1211 5233 1308 1210 5234 1134 1211 5235 1136 1057 5236 1308 1210 5237 1136 1057 5238 1137 1059 5239 1308 1210 5240 1137 1059 5241 1138 1061 5242 1308 1210 5243 1308 1210 5244 1138 1061 5245 1309 1212 5246 1309 1212 5247 1138 1061 5248 1310 1213 5249 1138 1061 5250 1139 1062 5251 1310 1213 5252 1139 1062 5253 1140 1064 5254 1310 1213 5255 1310 1213 5256 1140 1064 5257 1311 1214 5258 1311 1214 5259 1140 1064 5260 1312 1215 5261 1140 1064 5262 1141 1065 5263 1312 1215 5264 1312 1215 5265 1141 1065 5266 1313 1216 5267 1313 1216 5268 1141 1065 5269 1314 1217 5270 1141 1065 5271 1142 1066 5272 1314 1217 5273 1142 1066 5274 1143 1068 5275 1314 1217 5276 1314 1217 5277 1143 1068 5278 1315 1218 5279 1315 1218 5280 1143 1068 5281 1316 1219 5282 1143 1068 5283 1144 1069 5284 1316 1219 5285 1144 1069 5286 1146 1220 5287 1316 1219 5288 1146 1220 5289 1148 1221 5290 1316 1219 5291 1316 1219 5292 1148 1221 5293 1317 1222 5294 1317 1222 5295 1148 1221 5296 1318 1223 5297 1149 1073 5298 1150 1074 5299 1319 1224 5300 1150 1074 5301 1152 1076 5302 1319 1224 5303 1152 1076 5304 1155 1078 5305 1319 1224 5306 1319 1224 5307 1155 1078 5308 1321 1225 5309 1155 1078 5310 1153 1226 5311 1321 1225 5312 1321 1225 5313 1153 1226 5314 1322 1227 5315 1322 1227 5316 1153 1226 5317 1323 1228 5318 1154 1077 5319 1156 1079 5320 1324 1229 5321 1156 1079 5322 1157 1080 5323 1324 1229 5324 1324 1229 5325 1157 1080 5326 1326 1230 5327 1157 1080 5328 1158 1081 5329 1326 1230 5330 1326 1230 5331 1158 1081 5332 1327 1231 5333 1158 1081 5334 1159 1082 5335 1327 1231 5336 1327 1231 5337 1159 1082 5338 1328 1232 5339 1328 1232 5340 1159 1082 5341 1330 1233 5342 1159 1082 5343 1160 1083 5344 1330 1233 5345 1330 1233 5346 1160 1083 5347 1332 1234 5348 1332 1234 5349 1160 1083 5350 1334 1235 5351 1334 1235 5352 1160 1083 5353 1335 1236 5354 1160 1083 5355 1161 1084 5356 1335 1236 5357 1161 1084 5358 1162 1085 5359 1335 1236 5360 1335 1236 5361 1162 1085 5362 1336 1237 5363 1162 1085 5364 1163 1086 5365 1336 1237 5366 1336 1237 5367 1163 1086 5368 1337 1238 5369 1163 1086 5370 1164 1087 5371 1337 1238 5372 1337 1238 5373 1164 1087 5374 1338 1239 5375 1164 1087 5376 1165 1088 5377 1338 1239 5378 1338 1239 5379 1165 1088 5380 1339 1240 5381 1165 1088 5382 1166 1089 5383 1339 1240 5384 1339 1240 5385 1166 1089 5386 1340 1241 5387 1166 1089 5388 1167 1090 5389 1340 1241 5390 1340 1241 5391 1167 1090 5392 1341 1242 5393 1341 1242 5394 1167 1090 5395 1342 1243 5396 1167 1090 5397 1168 1091 5398 1342 1243 5399 1342 1243 5400 1168 1091 5401 1343 1244 5402 1168 1091 5403 1169 1092 5404 1343 1244 5405 1169 1092 5406 1171 1245 5407 1343 1244 5408 1343 1244 5409 1171 1245 5410 1344 1246 5411 1171 1245 5412 1173 1247 5413 1344 1246 5414 1173 1247 5415 1175 1248 5416 1344 1246 5417 1175 1248 5418 1177 1249 5419 1344 1246 5420 1344 1246 5421 1177 1249 5422 1345 1250 5423 1345 1250 5424 1177 1249 5425 1346 1251 5426 1178 1101 5427 1179 1102 5428 1347 1252 5429 1347 1252 5430 1179 1102 5431 1348 1253 5432 1180 1103 5433 1181 1104 5434 1349 1254 5435 1181 1104 5436 1182 1105 5437 1349 1254 5438 1349 1254 5439 1182 1105 5440 1351 1255 5441 1351 1255 5442 1182 1105 5443 1353 1256 5444 1353 1256 5445 1182 1105 5446 1355 1257 5447 1182 1105 5448 1183 1106 5449 1355 1257 5450 1355 1257 5451 1183 1106 5452 1357 1258 5453 1183 1106 5454 1184 1107 5455 1357 1258 5456 1357 1258 5457 1184 1107 5458 1359 1259 5459 1184 1107 5460 1185 1108 5461 1359 1259 5462 1359 1259 5463 1185 1108 5464 1361 1260 5465 1361 1260 5466 1185 1108 5467 1362 1261 5468 1185 1108 5469 1186 1109 5470 1362 1261 5471 1362 1261 5472 1186 1109 5473 1363 1262 5474 1186 1109 5475 1187 1110 5476 1363 1262 5477 1363 1262 5478 1187 1110 5479 1364 1263 5480 1187 1110 5481 1188 1112 5482 1364 1263 5483 1364 1263 5484 1188 1112 5485 1365 1264 5486 1188 1112 5487 1189 1113 5488 1366 1265 5489 1189 1113 5490 1191 1115 5491 1366 1265 5492 1366 1265 5493 1191 1115 5494 1368 1266 5495 1191 1115 5496 1192 1116 5497 1368 1266 5498 1368 1266 5499 1192 1116 5500 1370 1267 5501 1192 1116 5502 1193 1268 5503 1370 1267 5504 1370 1267 5505 1193 1268 5506 1372 1269 5507 1193 1268 5508 1195 1270 5509 1372 1269 5510 1372 1269 5511 1195 1270 5512 1374 1271 5513 1195 1270 5514 1197 1272 5515 1374 1271 5516 1374 1271 5517 1197 1272 5518 1375 1273 5519 1197 1272 5520 1199 1274 5521 1375 1273 5522 1375 1273 5523 1199 1274 5524 1376 1275 5525 1199 1274 5526 1201 1276 5527 1376 1275 5528 1376 1275 5529 1201 1276 5530 1378 1277 5531 1378 1277 5532 1201 1276 5533 1379 1278 5534 1202 1121 5535 1203 1122 5536 1379 1278 5537 1203 1122 5538 1204 1123 5539 1379 1278 5540 1379 1278 5541 1204 1123 5542 1380 1279 5543 1380 1279 5544 1204 1123 5545 1382 1280 5546 1382 1280 5547 1204 1123 5548 1384 1281 5549 1204 1123 5550 1205 1124 5551 1384 1281 5552 1384 1281 5553 1205 1124 5554 1386 1282 5555 1205 1124 5556 1206 1125 5557 1386 1282 5558 1386 1282 5559 1206 1125 5560 1388 1283 5561 1388 1283 5562 1206 1125 5563 1390 1284 5564 1206 1125 5565 1207 1126 5566 1390 1284 5567 1390 1284 5568 1207 1126 5569 1392 1285 5570 1207 1126 5571 1208 1127 5572 1392 1285 5573 1392 1285 5574 1208 1127 5575 1394 1286 5576 1394 1286 5577 1208 1127 5578 1396 1287 5579 1396 1287 5580 1208 1127 5581 1398 1288 5582 1208 1127 5583 1209 1128 5584 1398 1288 5585 1398 1288 5586 1209 1128 5587 1400 1289 5588 1209 1128 5589 1210 1129 5590 1400 1289 5591 1400 1289 5592 1210 1129 5593 1401 1290 5594 1210 1129 5595 1211 1130 5596 1401 1290 5597 1401 1290 5598 1211 1130 5599 1402 1291 5600 1402 1291 5601 1211 1130 5602 1404 1292 5603 1211 1130 5604 1212 1131 5605 1404 1292 5606 1404 1292 5607 1212 1131 5608 1406 1293 5609 1406 1293 5610 1212 1131 5611 1408 1294 5612 1408 1294 5613 1212 1131 5614 1410 1295 5615 1212 1131 5616 1213 1132 5617 1410 1295 5618 1410 1295 5619 1213 1132 5620 1412 1296 5621 1213 1132 5622 1214 1133 5623 1412 1296 5624 1412 1296 5625 1214 1133 5626 1413 1297 5627 1214 1133 5628 1215 1134 5629 1413 1297 5630 1413 1297 5631 1215 1134 5632 1414 1298 5633 1414 1298 5634 1215 1134 5635 1416 1299 5636 1215 1134 5637 1216 1135 5638 1416 1299 5639 1416 1299 5640 1216 1135 5641 1418 1300 5642 1418 1300 5643 1216 1135 5644 1420 1301 5645 1420 1301 5646 1216 1135 5647 1422 1302 5648 1216 1135 5649 1217 1136 5650 1422 1302 5651 1422 1302 5652 1217 1136 5653 1424 1303 5654 1217 1136 5655 1218 1137 5656 1424 1303 5657 1424 1303 5658 1218 1137 5659 1425 1304 5660 1218 1137 5661 1219 1138 5662 1425 1304 5663 1425 1304 5664 1219 1138 5665 1426 1305 5666 1426 1305 5667 1219 1138 5668 1428 1306 5669 1428 1306 5670 1219 1138 5671 1430 1307 5672 1219 1138 5673 1220 1139 5674 1430 1307 5675 1430 1307 5676 1220 1139 5677 1432 1308 5678 1220 1139 5679 1221 1140 5680 1432 1308 5681 1432 1308 5682 1221 1140 5683 1434 1309 5684 1434 1309 5685 1221 1140 5686 1436 1310 5687 1221 1140 5688 1222 1141 5689 1436 1310 5690 1436 1310 5691 1222 1141 5692 1437 1311 5693 1222 1141 5694 1223 1142 5695 1437 1311 5696 1437 1311 5697 1223 1142 5698 1438 1312 5699 1438 1312 5700 1223 1142 5701 1439 1313 5702 1223 1142 5703 1224 1143 5704 1439 1313 5705 1440 1314 5706 1225 1144 5707 1441 1315 5708 1441 1315 5709 1225 1144 5710 1442 1316 5711 1225 1144 5712 1227 1146 5713 1442 1316 5714 1442 1316 5715 1226 1317 5716 1443 1318 5717 1443 1318 5718 1226 1317 5719 1444 1319 5720 1226 1317 5721 1228 1320 5722 1444 1319 5723 1444 1319 5724 1228 1320 5725 1445 1321 5726 1228 1320 5727 1230 1322 5728 1445 1321 5729 1230 1322 5730 1232 1151 5731 1445 1321 5732 1232 1151 5733 1233 1152 5734 1445 1321 5735 1445 1321 5736 1233 1152 5737 1446 1323 5738 1233 1152 5739 1240 1160 5740 1446 1323 5741 1240 1160 5742 1241 1161 5743 1446 1323 5744 1446 1323 5745 1241 1161 5746 1447 1324 5747 1241 1161 5748 1242 1162 5749 1447 1324 5750 1447 1324 5751 1242 1162 5752 1448 1325 5753 1448 1325 5754 1242 1162 5755 1449 1326 5756 1242 1162 5757 1243 1163 5758 1449 1326 5759 1449 1326 5760 1243 1163 5761 1450 1327 5762 1243 1163 5763 1244 1164 5764 1450 1327 5765 1244 1164 5766 1245 1165 5767 1450 1327 5768 1452 1328 5769 1450 1327 5770 1454 1329 5771 1450 1327 5772 1245 1165 5773 1454 1329 5774 1454 1329 5775 1245 1165 5776 1456 1330 5777 1245 1165 5778 1246 1166 5779 1456 1330 5780 1456 1330 5781 1246 1166 5782 1458 1331 5783 1246 1166 5784 1247 1167 5785 1458 1331 5786 1458 1331 5787 1247 1167 5788 1459 1332 5789 1247 1167 5790 1249 1168 5791 1459 1332 5792 1460 1333 5793 1248 1334 5794 1462 1335 5795 1462 1335 5796 1248 1334 5797 1464 1336 5798 1248 1334 5799 1250 1337 5800 1464 1336 5801 1464 1336 5802 1250 1337 5803 1466 1338 5804 1466 1338 5805 1250 1337 5806 1468 1339 5807 1250 1337 5808 1252 1340 5809 1468 1339 5810 1252 1340 5811 1254 1341 5812 1468 1339 5813 1468 1339 5814 1254 1341 5815 1470 1342 5816 1254 1341 5817 1256 1343 5818 1470 1342 5819 1470 1342 5820 1256 1343 5821 1472 1344 5822 1256 1343 5823 1258 1345 5824 1472 1344 5825 1472 1344 5826 1258 1345 5827 1474 1346 5828 1258 1345 5829 1260 1347 5830 1474 1346 5831 1474 1346 5832 1260 1347 5833 1476 1348 5834 1260 1347 5835 1262 1349 5836 1476 1348 5837 1262 1349 5838 1264 1350 5839 1476 1348 5840 1476 1348 5841 1264 1350 5842 1478 1351 5843 1264 1350 5844 1266 1352 5845 1478 1351 5846 1478 1351 5847 1266 1352 5848 1480 1353 5849 1266 1352 5850 1268 1354 5851 1480 1353 5852 1480 1353 5853 1268 1354 5854 1482 1355 5855 1268 1354 5856 1270 1356 5857 1482 1355 5858 1482 1355 5859 1270 1356 5860 1485 1357 5861 1270 1356 5862 1272 1358 5863 1485 1357 5864 1485 1357 5865 1272 1358 5866 1487 1359 5867 1272 1358 5868 1274 1360 5869 1487 1359 5870 1487 1359 5871 1274 1360 5872 1488 1361 5873 1274 1360 5874 1277 1183 5875 1488 1361 5876 1277 1183 5877 1279 1185 5878 1488 1361 5879 1489 1362 5880 1278 1363 5881 1490 1364 5882 1490 1364 5883 1278 1363 5884 1491 1365 5885 1278 1363 5886 1280 1366 5887 1491 1365 5888 1491 1365 5889 1280 1366 5890 1492 1367 5891 1280 1366 5892 1282 1368 5893 1492 1367 5894 1282 1368 5895 1284 1369 5896 1492 1367 5897 1284 1369 5898 1287 1192 5899 1492 1367 5900 1287 1192 5901 1288 1193 5902 1492 1367 5903 1492 1367 5904 1288 1193 5905 1493 1370 5906 1288 1193 5907 1289 1194 5908 1493 1370 5909 1493 1370 5910 1289 1194 5911 1494 1371 5912 1289 1194 5913 1290 1195 5914 1494 1371 5915 1496 1372 5916 1494 1371 5917 1497 1373 5918 1494 1371 5919 1290 1195 5920 1497 1373 5921 1497 1373 5922 1290 1195 5923 1498 1374 5924 1498 1374 5925 1290 1195 5926 1500 1375 5927 1500 1375 5928 1290 1195 5929 1502 1376 5930 1290 1195 5931 1291 1196 5932 1502 1376 5933 1502 1376 5934 1291 1196 5935 1503 1377 5936 1291 1196 5937 1292 1197 5938 1503 1377 5939 1292 1197 5940 1293 1198 5941 1503 1377 5942 1504 1378 5943 1293 1198 5944 1506 1379 5945 1506 1379 5946 1293 1198 5947 1508 1380 5948 1293 1198 5949 1294 1199 5950 1508 1380 5951 1508 1380 5952 1294 1199 5953 1510 1381 5954 1294 1199 5955 1295 1382 5956 1510 1381 5957 1510 1381 5958 1295 1382 5959 1512 1383 5960 1295 1382 5961 1297 1384 5962 1512 1383 5963 1512 1383 5964 1297 1384 5965 1513 1385 5966 1297 1384 5967 1300 1203 5968 1513 1385 5969 1300 1203 5970 1302 1204 5971 1513 1385 5972 1514 1386 5973 1301 1387 5974 1515 1388 5975 1301 1387 5976 1303 1389 5977 1515 1388 5978 1515 1388 5979 1303 1389 5980 1516 1390 5981 1303 1389 5982 1306 1207 5983 1516 1390 5984 1306 1207 5985 1307 1209 5986 1516 1390 5987 1516 1390 5988 1307 1209 5989 1517 1391 5990 1517 1391 5991 1307 1209 5992 1518 1392 5993 1307 1209 5994 1308 1210 5995 1518 1392 5996 1308 1210 5997 1309 1212 5998 1518 1392 5999 1518 1392 6000 1309 1212 6001 1519 1393 6002 1519 1393 6003 1309 1212 6004 1520 1394 6005 1309 1212 6006 1310 1213 6007 1520 1394 6008 1310 1213 6009 1311 1214 6010 1520 1394 6011 1520 1394 6012 1311 1214 6013 1522 1395 6014 1522 1395 6015 1311 1214 6016 1523 1396 6017 1311 1214 6018 1312 1215 6019 1523 1396 6020 1526 1397 6021 1524 1397 6022 1527 1397 6023 1523 1396 6024 1312 1215 6025 1528 1398 6026 1312 1215 6027 1313 1216 6028 1528 1398 6029 1528 1398 6030 1313 1216 6031 1530 1399 6032 1530 1399 6033 1313 1216 6034 1531 1400 6035 1313 1216 6036 1314 1217 6037 1531 1400 6038 1314 1217 6039 1315 1218 6040 1531 1400 6041 1531 1400 6042 1315 1218 6043 1532 1401 6044 1532 1401 6045 1315 1218 6046 1533 1402 6047 1315 1218 6048 1316 1219 6049 1533 1402 6050 1316 1219 6051 1317 1222 6052 1533 1402 6053 1533 1402 6054 1317 1222 6055 1534 1403 6056 1534 1403 6057 1317 1222 6058 1535 1404 6059 1317 1222 6060 1318 1223 6061 1535 1404 6062 1318 1223 6063 1320 1405 6064 1535 1404 6065 1320 1405 6066 1322 1227 6067 1535 1404 6068 1535 1404 6069 1322 1227 6070 1536 1406 6071 1322 1227 6072 1323 1228 6073 1536 1406 6074 1323 1228 6075 1325 1407 6076 1536 1406 6077 1536 1406 6078 1325 1407 6079 1538 1408 6080 1325 1407 6081 1327 1231 6082 1538 1408 6083 1538 1408 6084 1327 1231 6085 1540 1409 6086 1327 1231 6087 1328 1232 6088 1540 1409 6089 1540 1409 6090 1328 1232 6091 1542 1410 6092 1328 1232 6093 1329 1411 6094 1542 1410 6095 1542 1410 6096 1329 1411 6097 1544 1412 6098 1329 1411 6099 1331 1413 6100 1544 1412 6101 1544 1412 6102 1331 1413 6103 1546 1414 6104 1331 1413 6105 1333 1415 6106 1546 1414 6107 1546 1414 6108 1333 1415 6109 1547 1416 6110 1547 1416 6111 1333 1415 6112 1548 1417 6113 1334 1235 6114 1335 1236 6115 1549 1418 6116 1549 1418 6117 1335 1236 6118 1551 1419 6119 1335 1236 6120 1336 1237 6121 1551 1419 6122 1551 1419 6123 1336 1237 6124 1552 1420 6125 1336 1237 6126 1337 1238 6127 1552 1420 6128 1552 1420 6129 1337 1238 6130 1553 1421 6131 1553 1421 6132 1337 1238 6133 1555 1422 6134 1555 1422 6135 1337 1238 6136 1557 1423 6137 1337 1238 6138 1338 1239 6139 1557 1423 6140 1557 1423 6141 1338 1239 6142 1559 1424 6143 1338 1239 6144 1339 1240 6145 1559 1424 6146 1559 1424 6147 1339 1240 6148 1560 1425 6149 1339 1240 6150 1340 1241 6151 1560 1425 6152 1560 1425 6153 1340 1241 6154 1561 1426 6155 1561 1426 6156 1340 1241 6157 1562 1427 6158 1562 1427 6159 1340 1241 6160 1564 1428 6161 1340 1241 6162 1341 1242 6163 1564 1428 6164 1564 1428 6165 1341 1242 6166 1566 1429 6167 1567 1430 6168 1566 1429 6169 1568 1431 6170 1566 1429 6171 1341 1242 6172 1568 1431 6173 1341 1242 6174 1342 1243 6175 1568 1431 6176 1568 1431 6177 1342 1243 6178 1569 1432 6179 1342 1243 6180 1343 1244 6181 1569 1432 6182 1343 1244 6183 1344 1246 6184 1569 1432 6185 1569 1432 6186 1344 1246 6187 1570 1433 6188 1344 1246 6189 1345 1250 6190 1570 1433 6191 1570 1433 6192 1345 1250 6193 1571 1434 6194 1571 1434 6195 1345 1250 6196 1572 1435 6197 1345 1250 6198 1346 1251 6199 1572 1435 6200 1572 1435 6201 1346 1251 6202 1573 1436 6203 1347 1252 6204 1348 1253 6205 1574 1437 6206 1348 1253 6207 1350 1438 6208 1574 1437 6209 1574 1437 6210 1350 1438 6211 1576 1439 6212 1350 1438 6213 1352 1440 6214 1576 1439 6215 1576 1439 6216 1352 1440 6217 1578 1441 6218 1352 1440 6219 1354 1442 6220 1578 1441 6221 1578 1441 6222 1354 1442 6223 1580 1443 6224 1580 1443 6225 1354 1442 6226 1582 1444 6227 1354 1442 6228 1356 1445 6229 1582 1444 6230 1356 1445 6231 1358 1446 6232 1582 1444 6233 1582 1444 6234 1358 1446 6235 1584 1447 6236 1358 1446 6237 1360 1448 6238 1584 1447 6239 1584 1447 6240 1360 1448 6241 1586 1449 6242 1586 1449 6243 1360 1448 6244 1588 1450 6245 1588 1450 6246 1360 1448 6247 1589 1451 6248 1361 1260 6249 1362 1261 6250 1590 1452 6251 1590 1452 6252 1362 1261 6253 1592 1453 6254 1592 1453 6255 1362 1261 6256 1594 1454 6257 1594 1454 6258 1362 1261 6259 1595 1455 6260 1362 1261 6261 1363 1262 6262 1595 1455 6263 1595 1455 6264 1363 1262 6265 1596 1456 6266 1363 1262 6267 1364 1263 6268 1596 1456 6269 1596 1456 6270 1364 1263 6271 1597 1457 6272 1364 1263 6273 1365 1264 6274 1597 1457 6275 1365 1264 6276 1367 1458 6277 1597 1457 6278 1367 1458 6279 1369 1459 6280 1597 1457 6281 1597 1457 6282 1369 1459 6283 1598 1460 6284 1369 1459 6285 1371 1461 6286 1598 1460 6287 1371 1461 6288 1373 1462 6289 1598 1460 6290 1598 1460 6291 1373 1462 6292 1599 1463 6293 1373 1462 6294 1375 1273 6295 1599 1463 6296 1375 1273 6297 1376 1275 6298 1599 1463 6299 1599 1463 6300 1376 1275 6301 1600 1464 6302 1376 1275 6303 1377 1465 6304 1600 1464 6305 1600 1464 6306 1377 1465 6307 1601 1466 6308 1601 1466 6309 1377 1465 6310 1602 1467 6311 1378 1277 6312 1379 1278 6313 1603 1468 6314 1379 1278 6315 1380 1279 6316 1603 1468 6317 1603 1468 6318 1380 1279 6319 1605 1469 6320 1380 1279 6321 1381 1470 6322 1605 1469 6323 1605 1469 6324 1381 1470 6325 1606 1471 6326 1381 1470 6327 1383 1472 6328 1606 1471 6329 1606 1471 6330 1383 1472 6331 1607 1473 6332 1607 1473 6333 1383 1472 6334 1609 1474 6335 1383 1472 6336 1385 1475 6337 1609 1474 6338 1609 1474 6339 1385 1475 6340 1611 1476 6341 1385 1475 6342 1387 1477 6343 1611 1476 6344 1611 1476 6345 1387 1477 6346 1613 1478 6347 1387 1477 6348 1389 1479 6349 1613 1478 6350 1389 1479 6351 1391 1480 6352 1613 1478 6353 1613 1478 6354 1391 1480 6355 1614 1481 6356 1391 1480 6357 1393 1482 6358 1614 1481 6359 1614 1481 6360 1393 1482 6361 1615 1483 6362 1615 1483 6363 1393 1482 6364 1617 1484 6365 1393 1482 6366 1395 1485 6367 1617 1484 6368 1617 1484 6369 1395 1485 6370 1619 1486 6371 1395 1485 6372 1397 1487 6373 1619 1486 6374 1619 1486 6375 1397 1487 6376 1621 1488 6377 1397 1487 6378 1399 1489 6379 1621 1488 6380 1621 1488 6381 1399 1489 6382 1623 1490 6383 1399 1489 6384 1401 1290 6385 1623 1490 6386 1623 1490 6387 1401 1290 6388 1625 1491 6389 1401 1290 6390 1402 1291 6391 1625 1491 6392 1402 1291 6393 1403 1492 6394 1625 1491 6395 1625 1491 6396 1403 1492 6397 1626 1493 6398 1403 1492 6399 1405 1494 6400 1626 1493 6401 1626 1493 6402 1405 1494 6403 1627 1495 6404 1627 1495 6405 1405 1494 6406 1629 1496 6407 1405 1494 6408 1407 1497 6409 1629 1496 6410 1629 1496 6411 1407 1497 6412 1631 1498 6413 1407 1497 6414 1409 1499 6415 1631 1498 6416 1631 1498 6417 1409 1499 6418 1633 1500 6419 1409 1499 6420 1411 1501 6421 1633 1500 6422 1633 1500 6423 1411 1501 6424 1634 1502 6425 1411 1501 6426 1413 1297 6427 1634 1502 6428 1634 1502 6429 1413 1297 6430 1635 1503 6431 1413 1297 6432 1414 1298 6433 1635 1503 6434 1635 1503 6435 1414 1298 6436 1637 1504 6437 1414 1298 6438 1415 1505 6439 1637 1504 6440 1637 1504 6441 1415 1505 6442 1639 1506 6443 1415 1505 6444 1417 1507 6445 1639 1506 6446 1639 1506 6447 1417 1507 6448 1641 1508 6449 1417 1507 6450 1419 1509 6451 1641 1508 6452 1641 1508 6453 1419 1509 6454 1642 1510 6455 1419 1509 6456 1421 1511 6457 1642 1510 6458 1642 1510 6459 1421 1511 6460 1643 1512 6461 1421 1511 6462 1423 1513 6463 1643 1512 6464 1643 1512 6465 1423 1513 6466 1645 1514 6467 1423 1513 6468 1425 1304 6469 1645 1514 6470 1645 1514 6471 1425 1304 6472 1647 1515 6473 1425 1304 6474 1426 1305 6475 1647 1515 6476 1647 1515 6477 1426 1305 6478 1649 1516 6479 1426 1305 6480 1427 1517 6481 1649 1516 6482 1649 1516 6483 1427 1517 6484 1650 1518 6485 1427 1517 6486 1429 1519 6487 1650 1518 6488 1650 1518 6489 1429 1519 6490 1651 1520 6491 1651 1520 6492 1429 1519 6493 1653 1521 6494 1429 1519 6495 1431 1522 6496 1653 1521 6497 1653 1521 6498 1431 1522 6499 1655 1523 6500 1431 1522 6501 1433 1524 6502 1655 1523 6503 1655 1523 6504 1433 1524 6505 1657 1525 6506 1433 1524 6507 1435 1526 6508 1657 1525 6509 1435 1526 6510 1437 1311 6511 1657 1525 6512 1657 1525 6513 1437 1311 6514 1659 1527 6515 1437 1311 6516 1438 1312 6517 1659 1527 6518 1659 1527 6519 1438 1312 6520 1660 1528 6521 1438 1312 6522 1440 1314 6523 1660 1528 6524 1440 1314 6525 1441 1315 6526 1660 1528 6527 1661 1529 6528 1441 1315 6529 1662 1530 6530 1441 1315 6531 1442 1316 6532 1662 1530 6533 1442 1316 6534 1443 1318 6535 1662 1530 6536 1662 1530 6537 1443 1318 6538 1663 1531 6539 1663 1531 6540 1443 1318 6541 1664 1532 6542 1443 1318 6543 1444 1319 6544 1664 1532 6545 1664 1532 6546 1444 1319 6547 1665 1533 6548 1444 1319 6549 1445 1321 6550 1665 1533 6551 1665 1533 6552 1445 1321 6553 1666 1534 6554 1445 1321 6555 1446 1323 6556 1666 1534 6557 1446 1323 6558 1447 1324 6559 1666 1534 6560 1666 1534 6561 1447 1324 6562 1667 1535 6563 1447 1324 6564 1448 1325 6565 1667 1535 6566 1667 1535 6567 1448 1325 6568 1669 1536 6569 1669 1536 6570 1448 1325 6571 1670 1537 6572 1448 1325 6573 1449 1326 6574 1670 1537 6575 1670 1537 6576 1449 1326 6577 1672 1538 6578 1449 1326 6579 1450 1327 6580 1672 1538 6581 1672 1538 6582 1450 1327 6583 1674 1539 6584 1450 1327 6585 1452 1328 6586 1674 1539 6587 1675 1540 6588 1673 1541 6589 1677 1542 6590 1677 1542 6591 1673 1541 6592 1679 1543 6593 1673 1541 6594 1451 1544 6595 1679 1543 6596 1679 1543 6597 1451 1544 6598 1681 1545 6599 1451 1544 6600 1453 1546 6601 1681 1545 6602 1681 1545 6603 1453 1546 6604 1683 1547 6605 1453 1546 6606 1455 1548 6607 1683 1547 6608 1683 1547 6609 1455 1548 6610 1685 1549 6611 1455 1548 6612 1457 1550 6613 1685 1549 6614 1685 1549 6615 1457 1550 6616 1686 1551 6617 1457 1550 6618 1460 1333 6619 1686 1551 6620 1460 1333 6621 1462 1335 6622 1686 1551 6623 1687 1552 6624 1461 1553 6625 1688 1554 6626 1461 1553 6627 1463 1555 6628 1688 1554 6629 1463 1555 6630 1465 1556 6631 1688 1554 6632 1688 1554 6633 1465 1556 6634 1689 1557 6635 1465 1556 6636 1467 1558 6637 1689 1557 6638 1689 1557 6639 1467 1558 6640 1690 1559 6641 1467 1558 6642 1469 1560 6643 1690 1559 6644 1690 1559 6645 1469 1560 6646 1691 1561 6647 1469 1560 6648 1471 1562 6649 1691 1561 6650 1471 1562 6651 1473 1563 6652 1691 1561 6653 1473 1563 6654 1475 1564 6655 1691 1561 6656 1691 1561 6657 1475 1564 6658 1692 1565 6659 1475 1564 6660 1477 1566 6661 1692 1565 6662 1692 1565 6663 1477 1566 6664 1693 1567 6665 1477 1566 6666 1479 1568 6667 1693 1567 6668 1693 1567 6669 1479 1568 6670 1694 1569 6671 1479 1568 6672 1481 1570 6673 1694 1569 6674 1694 1569 6675 1481 1570 6676 1695 1571 6677 1481 1570 6678 1483 1572 6679 1695 1571 6680 1484 1573 6681 1486 1574 6682 1695 1571 6683 1486 1574 6684 1489 1362 6685 1695 1571 6686 1489 1362 6687 1490 1364 6688 1695 1571 6689 1695 1571 6690 1490 1364 6691 1696 1575 6692 1696 1575 6693 1490 1364 6694 1697 1576 6695 1490 1364 6696 1491 1365 6697 1697 1576 6698 1697 1576 6699 1491 1365 6700 1698 1577 6701 1491 1365 6702 1492 1367 6703 1698 1577 6704 1492 1367 6705 1493 1370 6706 1698 1577 6707 1698 1577 6708 1493 1370 6709 1699 1578 6710 1493 1370 6711 1494 1371 6712 1699 1578 6713 1494 1371 6714 1496 1372 6715 1699 1578 6716 1699 1578 6717 1496 1372 6718 1700 1579 6719 1701 1580 6720 1495 1581 6721 1703 1582 6722 1703 1582 6723 1495 1581 6724 1705 1583 6725 1495 1581 6726 1497 1373 6727 1705 1583 6728 1497 1373 6729 1498 1374 6730 1705 1583 6731 1705 1583 6732 1498 1374 6733 1707 1584 6734 1498 1374 6735 1499 1585 6736 1707 1584 6737 1707 1584 6738 1499 1585 6739 1708 1586 6740 1499 1585 6741 1501 1587 6742 1708 1586 6743 1708 1586 6744 1501 1587 6745 1709 1588 6746 1501 1587 6747 1504 1378 6748 1709 1588 6749 1504 1378 6750 1506 1379 6751 1709 1588 6752 1709 1588 6753 1505 1589 6754 1710 1590 6755 1710 1590 6756 1505 1589 6757 1711 1591 6758 1505 1589 6759 1507 1592 6760 1711 1591 6761 1711 1591 6762 1507 1592 6763 1712 1593 6764 1507 1592 6765 1509 1594 6766 1712 1593 6767 1509 1594 6768 1511 1595 6769 1712 1593 6770 1511 1595 6771 1514 1386 6772 1712 1593 6773 1514 1386 6774 1515 1388 6775 1712 1593 6776 1712 1593 6777 1515 1388 6778 1713 1596 6779 1713 1596 6780 1515 1388 6781 1714 1597 6782 1515 1388 6783 1516 1390 6784 1714 1597 6785 1516 1390 6786 1517 1391 6787 1714 1597 6788 1714 1597 6789 1517 1391 6790 1715 1598 6791 1715 1598 6792 1517 1391 6793 1716 1599 6794 1517 1391 6795 1518 1392 6796 1716 1599 6797 1518 1392 6798 1519 1393 6799 1716 1599 6800 1716 1599 6801 1519 1393 6802 1718 1600 6803 1718 1600 6804 1519 1393 6805 1719 1601 6806 1519 1393 6807 1520 1394 6808 1719 1601 6809 1520 1394 6810 1522 1395 6811 1719 1601 6812 1720 1602 6813 1521 1602 6814 1721 1602 6815 1521 1602 6816 1524 1602 6817 1721 1602 6818 1524 1602 6819 1526 1602 6820 1721 1602 6821 1723 1603 6822 1722 1604 6823 1724 1605 6824 1722 1604 6825 1525 1606 6826 1724 1605 6827 1726 1607 6828 1724 1605 6829 1728 1608 6830 1728 1608 6831 1724 1605 6832 1729 1609 6833 1724 1605 6834 1525 1606 6835 1729 1609 6836 1729 1609 6837 1525 1606 6838 1730 1610 6839 1730 1610 6840 1525 1606 6841 1731 1611 6842 1526 1612 6843 1527 1612 6844 1732 1612 6845 1527 1602 6846 1529 1602 6847 1732 1602 6848 1732 1602 6849 1529 1602 6850 1733 1602 6851 1530 1399 6852 1531 1400 6853 1734 1613 6854 1531 1400 6855 1532 1401 6856 1734 1613 6857 1734 1613 6858 1532 1401 6859 1736 1614 6860 1736 1614 6861 1532 1401 6862 1737 1615 6863 1532 1401 6864 1533 1402 6865 1737 1615 6866 1533 1402 6867 1534 1403 6868 1737 1615 6869 1737 1615 6870 1534 1403 6871 1738 1616 6872 1738 1616 6873 1534 1403 6874 1739 1617 6875 1534 1403 6876 1535 1404 6877 1739 1617 6878 1739 1617 6879 1535 1404 6880 1740 1618 6881 1535 1404 6882 1536 1406 6883 1740 1618 6884 1536 1406 6885 1537 1619 6886 1740 1618 6887 1740 1618 6888 1537 1619 6889 1741 1620 6890 1537 1619 6891 1539 1621 6892 1741 1620 6893 1741 1620 6894 1539 1621 6895 1742 1622 6896 1539 1621 6897 1541 1623 6898 1742 1622 6899 1541 1623 6900 1543 1624 6901 1742 1622 6902 1543 1624 6903 1545 1625 6904 1742 1622 6905 1742 1622 6906 1545 1625 6907 1743 1626 6908 1545 1625 6909 1547 1416 6910 1743 1626 6911 1743 1626 6912 1547 1416 6913 1744 1627 6914 1547 1416 6915 1548 1417 6916 1744 1627 6917 1548 1417 6918 1550 1628 6919 1744 1627 6920 1744 1627 6921 1550 1628 6922 1746 1629 6923 1550 1628 6924 1552 1420 6925 1746 1629 6926 1746 1629 6927 1552 1420 6928 1748 1630 6929 1552 1420 6930 1553 1421 6931 1748 1630 6932 1748 1630 6933 1553 1421 6934 1750 1631 6935 1553 1421 6936 1554 1632 6937 1750 1631 6938 1750 1631 6939 1554 1632 6940 1752 1633 6941 1554 1632 6942 1556 1634 6943 1752 1633 6944 1752 1633 6945 1556 1634 6946 1754 1635 6947 1556 1634 6948 1558 1636 6949 1754 1635 6950 1754 1635 6951 1558 1636 6952 1755 1637 6953 1558 1636 6954 1560 1425 6955 1755 1637 6956 1755 1637 6957 1560 1425 6958 1756 1638 6959 1560 1425 6960 1561 1426 6961 1756 1638 6962 1756 1638 6963 1561 1426 6964 1757 1639 6965 1561 1426 6966 1563 1640 6967 1757 1639 6968 1757 1639 6969 1563 1640 6970 1759 1641 6971 1563 1640 6972 1760 1642 6973 1759 1641 6974 1759 1641 6975 1760 1642 6976 1762 1643 6977 1760 1642 6978 1565 1644 6979 1762 1643 6980 1762 1643 6981 1565 1644 6982 1763 1645 6983 1565 1644 6984 1567 1430 6985 1763 1645 6986 1763 1645 6987 1567 1430 6988 1764 1646 6989 1766 1647 6990 1764 1646 6991 1767 1648 6992 1764 1646 6993 1567 1430 6994 1767 1648 6995 1567 1430 6996 1568 1431 6997 1767 1648 6998 1568 1431 6999 1569 1432 7000 1767 1648 7001 1569 1432 7002 1570 1433 7003 1767 1648 7004 1767 1648 7005 1570 1433 7006 1768 1649 7007 1570 1433 7008 1571 1434 7009 1768 1649 7010 1768 1649 7011 1571 1434 7012 1769 1650 7013 1769 1650 7014 1571 1434 7015 1770 1651 7016 1571 1434 7017 1572 1435 7018 1770 1651 7019 1770 1651 7020 1572 1435 7021 1771 1652 7022 1572 1435 7023 1573 1436 7024 1771 1652 7025 1573 1436 7026 1575 1653 7027 1771 1652 7028 1575 1653 7029 1577 1654 7030 1771 1652 7031 1577 1654 7032 1579 1655 7033 1771 1652 7034 1771 1652 7035 1579 1655 7036 1772 1656 7037 1579 1655 7038 1581 1657 7039 1772 1656 7040 1772 1656 7041 1581 1657 7042 1773 1658 7043 1581 1657 7044 1583 1659 7045 1773 1658 7046 1583 1659 7047 1585 1660 7048 1773 1658 7049 1773 1658 7050 1585 1660 7051 1774 1661 7052 1585 1660 7053 1587 1662 7054 1774 1661 7055 1774 1661 7056 1587 1662 7057 1775 1663 7058 1588 1450 7059 1589 1451 7060 1776 1664 7061 1589 1451 7062 1591 1665 7063 1776 1664 7064 1776 1664 7065 1591 1665 7066 1778 1666 7067 1591 1665 7068 1593 1667 7069 1778 1666 7070 1778 1666 7071 1593 1667 7072 1780 1668 7073 1780 1668 7074 1593 1667 7075 1781 1669 7076 1594 1454 7077 1595 1455 7078 1782 1670 7079 1784 1671 7080 1782 1670 7081 1785 1672 7082 1782 1670 7083 1595 1455 7084 1785 1672 7085 1595 1455 7086 1596 1456 7087 1785 1672 7088 1785 1672 7089 1596 1456 7090 1786 1673 7091 1596 1456 7092 1597 1457 7093 1786 1673 7094 1597 1457 7095 1598 1460 7096 1786 1673 7097 1786 1673 7098 1598 1460 7099 1787 1674 7100 1598 1460 7101 1599 1463 7102 1787 1674 7103 1787 1674 7104 1599 1463 7105 1788 1675 7106 1599 1463 7107 1600 1464 7108 1788 1675 7109 1788 1675 7110 1600 1464 7111 1789 1676 7112 1600 1464 7113 1601 1466 7114 1789 1676 7115 1789 1676 7116 1601 1466 7117 1790 1677 7118 1790 1677 7119 1601 1466 7120 1791 1678 7121 1601 1466 7122 1602 1467 7123 1791 1678 7124 1602 1467 7125 1604 1679 7126 1791 1678 7127 1604 1679 7128 1606 1471 7129 1791 1678 7130 1606 1471 7131 1607 1473 7132 1791 1678 7133 1791 1678 7134 1607 1473 7135 1792 1680 7136 1607 1473 7137 1608 1681 7138 1792 1680 7139 1792 1680 7140 1608 1681 7141 1793 1682 7142 1608 1681 7143 1610 1683 7144 1793 1682 7145 1793 1682 7146 1610 1683 7147 1794 1684 7148 1610 1683 7149 1612 1685 7150 1794 1684 7151 1612 1685 7152 1614 1481 7153 1794 1684 7154 1614 1481 7155 1615 1483 7156 1794 1684 7157 1794 1684 7158 1615 1483 7159 1795 1686 7160 1615 1483 7161 1616 1687 7162 1795 1686 7163 1795 1686 7164 1616 1687 7165 1796 1688 7166 1616 1687 7167 1618 1689 7168 1796 1688 7169 1796 1688 7170 1618 1689 7171 1797 1690 7172 1618 1689 7173 1620 1691 7174 1797 1690 7175 1620 1691 7176 1622 1692 7177 1797 1690 7178 1622 1692 7179 1624 1693 7180 1797 1690 7181 1797 1690 7182 1624 1693 7183 1798 1694 7184 1624 1693 7185 1626 1493 7186 1798 1694 7187 1626 1493 7188 1627 1495 7189 1798 1694 7190 1798 1694 7191 1627 1495 7192 1799 1695 7193 1627 1495 7194 1628 1696 7195 1799 1695 7196 1799 1695 7197 1628 1696 7198 1800 1697 7199 1628 1696 7200 1630 1698 7201 1800 1697 7202 1630 1698 7203 1632 1699 7204 1800 1697 7205 1800 1697 7206 1632 1699 7207 1801 1700 7208 1632 1699 7209 1634 1502 7210 1801 1700 7211 1634 1502 7212 1635 1503 7213 1801 1700 7214 1801 1700 7215 1635 1503 7216 1802 1701 7217 1635 1503 7218 1636 1702 7219 1802 1701 7220 1802 1701 7221 1636 1702 7222 1803 1703 7223 1636 1702 7224 1638 1704 7225 1803 1703 7226 1803 1703 7227 1638 1704 7228 1804 1705 7229 1638 1704 7230 1640 1706 7231 1804 1705 7232 1640 1706 7233 1642 1510 7234 1804 1705 7235 1642 1510 7236 1643 1512 7237 1804 1705 7238 1804 1705 7239 1643 1512 7240 1805 1707 7241 1643 1512 7242 1644 1708 7243 1805 1707 7244 1805 1707 7245 1644 1708 7246 1806 1709 7247 1644 1708 7248 1646 1710 7249 1806 1709 7250 1806 1709 7251 1646 1710 7252 1807 1711 7253 1646 1710 7254 1648 1712 7255 1807 1711 7256 1648 1712 7257 1650 1518 7258 1807 1711 7259 1650 1518 7260 1651 1520 7261 1807 1711 7262 1807 1711 7263 1651 1520 7264 1808 1713 7265 1651 1520 7266 1652 1714 7267 1808 1713 7268 1808 1713 7269 1652 1714 7270 1809 1715 7271 1652 1714 7272 1654 1716 7273 1809 1715 7274 1809 1715 7275 1654 1716 7276 1810 1717 7277 1654 1716 7278 1656 1718 7279 1810 1717 7280 1656 1718 7281 1658 1719 7282 1810 1717 7283 1658 1719 7284 1661 1529 7285 1810 1717 7286 1661 1529 7287 1662 1530 7288 1810 1717 7289 1810 1717 7290 1662 1530 7291 1811 1720 7292 1662 1530 7293 1663 1531 7294 1811 1720 7295 1811 1720 7296 1663 1531 7297 1812 1721 7298 1812 1721 7299 1663 1531 7300 1813 1722 7301 1663 1531 7302 1664 1532 7303 1813 1722 7304 1813 1722 7305 1664 1532 7306 1814 1723 7307 1664 1532 7308 1665 1533 7309 1814 1723 7310 1814 1723 7311 1665 1533 7312 1815 1724 7313 1665 1533 7314 1666 1534 7315 1815 1724 7316 1666 1534 7317 1667 1535 7318 1815 1724 7319 1817 1725 7320 1815 1724 7321 1819 1726 7322 1819 1726 7323 1815 1724 7324 1820 1727 7325 1815 1724 7326 1667 1535 7327 1820 1727 7328 1667 1535 7329 1669 1536 7330 1820 1727 7331 1821 1728 7332 1668 1729 7333 1823 1730 7334 1668 1729 7335 1671 1731 7336 1823 1730 7337 1823 1730 7338 1671 1731 7339 1825 1732 7340 1671 1731 7341 1675 1540 7342 1825 1732 7343 1825 1732 7344 1675 1540 7345 1826 1733 7346 1675 1540 7347 1677 1542 7348 1826 1733 7349 1827 1734 7350 1676 1735 7351 1828 1736 7352 1676 1735 7353 1678 1737 7354 1828 1736 7355 1828 1736 7356 1678 1737 7357 1829 1738 7358 1678 1737 7359 1680 1739 7360 1829 1738 7361 1680 1739 7362 1682 1740 7363 1829 1738 7364 1829 1738 7365 1682 1740 7366 1830 1741 7367 1682 1740 7368 1684 1742 7369 1830 1741 7370 1830 1741 7371 1684 1742 7372 1831 1743 7373 1684 1742 7374 1687 1552 7375 1831 1743 7376 1687 1552 7377 1688 1554 7378 1831 1743 7379 1831 1743 7380 1688 1554 7381 1832 1744 7382 1832 1744 7383 1688 1554 7384 1833 1745 7385 1688 1554 7386 1689 1557 7387 1833 1745 7388 1833 1745 7389 1689 1557 7390 1834 1746 7391 1689 1557 7392 1690 1559 7393 1834 1746 7394 1834 1746 7395 1690 1559 7396 1835 1747 7397 1690 1559 7398 1691 1561 7399 1835 1747 7400 1835 1747 7401 1691 1561 7402 1836 1748 7403 1691 1561 7404 1692 1565 7405 1836 1748 7406 1836 1748 7407 1692 1565 7408 1837 1749 7409 1692 1565 7410 1693 1567 7411 1837 1749 7412 1837 1749 7413 1693 1567 7414 1838 1750 7415 1693 1567 7416 1694 1569 7417 1838 1750 7418 1838 1750 7419 1694 1569 7420 1839 1751 7421 1694 1569 7422 1695 1571 7423 1839 1751 7424 1695 1571 7425 1696 1575 7426 1839 1751 7427 1839 1751 7428 1696 1575 7429 1840 1752 7430 1840 1752 7431 1696 1575 7432 1841 1753 7433 1696 1575 7434 1697 1576 7435 1841 1753 7436 1841 1753 7437 1697 1576 7438 1842 1754 7439 1697 1576 7440 1698 1577 7441 1842 1754 7442 1698 1577 7443 1699 1578 7444 1842 1754 7445 1699 1578 7446 1700 1579 7447 1842 1754 7448 1844 1755 7449 1842 1754 7450 1845 1756 7451 1842 1754 7452 1700 1579 7453 1845 1756 7454 1848 1757 7455 1846 1758 7456 1849 1759 7457 1846 1758 7458 1701 1580 7459 1849 1759 7460 1701 1580 7461 1703 1582 7462 1849 1759 7463 1850 1760 7464 1702 1761 7465 1851 1762 7466 1702 1761 7467 1704 1763 7468 1851 1762 7469 1704 1763 7470 1706 1764 7471 1851 1762 7472 1851 1762 7473 1706 1764 7474 1852 1765 7475 1706 1764 7476 1708 1586 7477 1852 1765 7478 1708 1586 7479 1709 1588 7480 1852 1765 7481 1709 1588 7482 1710 1590 7483 1852 1765 7484 1852 1765 7485 1710 1590 7486 1853 1766 7487 1853 1766 7488 1710 1590 7489 1854 1767 7490 1710 1590 7491 1711 1591 7492 1854 1767 7493 1854 1767 7494 1711 1591 7495 1855 1768 7496 1711 1591 7497 1712 1593 7498 1855 1768 7499 1712 1593 7500 1713 1596 7501 1855 1768 7502 1855 1768 7503 1713 1596 7504 1856 1769 7505 1856 1769 7506 1713 1596 7507 1857 1770 7508 1713 1596 7509 1714 1597 7510 1857 1770 7511 1714 1597 7512 1715 1598 7513 1857 1770 7514 1857 1770 7515 1715 1598 7516 1859 1771 7517 1859 1771 7518 1715 1598 7519 1860 1772 7520 1715 1598 7521 1716 1599 7522 1860 1772 7523 1716 1599 7524 1718 1600 7525 1860 1772 7526 1861 1602 7527 1717 1602 7528 1862 1602 7529 1717 1602 7530 1720 1602 7531 1862 1602 7532 1720 1602 7533 1721 1602 7534 1862 1602 7535 1865 1773 7536 1863 1774 7537 1866 1775 7538 1866 1775 7539 1863 1774 7540 1867 1776 7541 1863 1774 7542 1722 1604 7543 1867 1776 7544 1722 1604 7545 1723 1603 7546 1867 1776 7547 1867 1776 7548 1723 1603 7549 1869 1777 7550 1869 1777 7551 1723 1603 7552 1870 1778 7553 1723 1603 7554 1724 1605 7555 1870 1778 7556 1724 1605 7557 1726 1607 7558 1870 1778 7559 1871 1779 7560 1725 1780 7561 1873 1781 7562 1725 1780 7563 1727 1782 7564 1873 1781 7565 1873 1781 7566 1727 1782 7567 1874 1783 7568 1728 1608 7569 1729 1609 7570 1875 1784 7571 1729 1609 7572 1730 1610 7573 1875 1784 7574 1875 1784 7575 1730 1610 7576 1877 1785 7577 1877 1785 7578 1730 1610 7579 1879 1786 7580 1879 1786 7581 1730 1610 7582 1880 1787 7583 1730 1610 7584 1731 1611 7585 1880 1787 7586 1880 1787 7587 1731 1611 7588 1881 1788 7589 1882 1789 7590 1883 1790 7591 1884 1791 7592 1883 1790 7593 1881 1788 7594 1884 1791 7595 1881 1788 7596 1731 1611 7597 1884 1791 7598 1732 1602 7599 1733 1602 7600 1885 1602 7601 1733 1602 7602 1735 1602 7603 1885 1602 7604 1885 1602 7605 1735 1602 7606 1886 1602 7607 1736 1614 7608 1737 1615 7609 1887 1792 7610 1737 1615 7611 1738 1616 7612 1887 1792 7613 1887 1792 7614 1738 1616 7615 1889 1793 7616 1889 1793 7617 1738 1616 7618 1890 1794 7619 1738 1616 7620 1739 1617 7621 1890 1794 7622 1890 1794 7623 1739 1617 7624 1891 1795 7625 1739 1617 7626 1740 1618 7627 1891 1795 7628 1740 1618 7629 1741 1620 7630 1891 1795 7631 1891 1795 7632 1741 1620 7633 1892 1796 7634 1741 1620 7635 1742 1622 7636 1892 1796 7637 1892 1796 7638 1742 1622 7639 1893 1797 7640 1742 1622 7641 1743 1626 7642 1893 1797 7643 1893 1797 7644 1743 1626 7645 1894 1798 7646 1894 1798 7647 1743 1626 7648 1895 1799 7649 1743 1626 7650 1744 1627 7651 1895 1799 7652 1744 1627 7653 1745 1800 7654 1895 1799 7655 1895 1799 7656 1745 1800 7657 1896 1801 7658 1745 1800 7659 1747 1802 7660 1896 1801 7661 1896 1801 7662 1747 1802 7663 1897 1803 7664 1747 1802 7665 1749 1804 7666 1897 1803 7667 1749 1804 7668 1751 1805 7669 1897 1803 7670 1751 1805 7671 1753 1806 7672 1897 1803 7673 1897 1803 7674 1753 1806 7675 1898 1807 7676 1753 1806 7677 1755 1637 7678 1898 1807 7679 1755 1637 7680 1756 1638 7681 1898 1807 7682 1898 1807 7683 1756 1638 7684 1899 1808 7685 1756 1638 7686 1758 1809 7687 1899 1808 7688 1899 1808 7689 1758 1809 7690 1900 1810 7691 1758 1809 7692 1901 1811 7693 1900 1810 7694 1900 1810 7695 1901 1811 7696 1902 1812 7697 1901 1811 7698 1761 1813 7699 1902 1812 7700 1761 1813 7701 1763 1645 7702 1902 1812 7703 1902 1812 7704 1763 1645 7705 1903 1814 7706 1763 1645 7707 1764 1646 7708 1903 1814 7709 1764 1646 7710 1765 1815 7711 1903 1814 7712 1903 1814 7713 1765 1815 7714 1905 1816 7715 1905 1816 7716 1765 1815 7717 1907 1817 7718 1907 1817 7719 1765 1815 7720 1908 1818 7721 1766 1647 7722 1767 1648 7723 1909 1819 7724 1767 1648 7725 1768 1649 7726 1909 1819 7727 1909 1819 7728 1768 1649 7729 1911 1820 7730 1768 1649 7731 1769 1650 7732 1911 1820 7733 1911 1820 7734 1769 1650 7735 1912 1821 7736 1914 1822 7737 1915 1823 7738 1916 1824 7739 1915 1823 7740 1912 1821 7741 1916 1824 7742 1912 1821 7743 1769 1650 7744 1916 1824 7745 1769 1650 7746 1770 1651 7747 1916 1824 7748 1916 1824 7749 1770 1651 7750 1917 1825 7751 1770 1651 7752 1771 1652 7753 1917 1825 7754 1771 1652 7755 1772 1656 7756 1917 1825 7757 1917 1825 7758 1772 1656 7759 1918 1826 7760 1772 1656 7761 1773 1658 7762 1918 1826 7763 1918 1826 7764 1773 1658 7765 1919 1827 7766 1773 1658 7767 1774 1661 7768 1919 1827 7769 1919 1827 7770 1774 1661 7771 1920 1828 7772 1920 1828 7773 1774 1661 7774 1921 1829 7775 1774 1661 7776 1775 1663 7777 1921 1829 7778 1775 1663 7779 1777 1830 7780 1921 1829 7781 1777 1830 7782 1779 1831 7783 1921 1829 7784 1921 1829 7785 1779 1831 7786 1922 1832 7787 1922 1832 7788 1779 1831 7789 1923 1833 7790 1780 1668 7791 1781 1669 7792 1924 1834 7793 1781 1669 7794 1783 1835 7795 1924 1834 7796 1924 1834 7797 1783 1835 7798 1926 1836 7799 1783 1835 7800 1928 1837 7801 1926 1836 7802 1926 1836 7803 1928 1837 7804 1930 1838 7805 1932 1839 7806 1930 1838 7807 1933 1840 7808 1930 1838 7809 1928 1837 7810 1933 1840 7811 1934 1841 7812 1927 1842 7813 1935 1843 7814 1927 1842 7815 1784 1671 7816 1935 1843 7817 1784 1671 7818 1785 1672 7819 1935 1843 7820 1785 1672 7821 1786 1673 7822 1935 1843 7823 1786 1673 7824 1787 1674 7825 1935 1843 7826 1935 1843 7827 1787 1674 7828 1936 1844 7829 1787 1674 7830 1788 1675 7831 1936 1844 7832 1936 1844 7833 1788 1675 7834 1937 1845 7835 1788 1675 7836 1789 1676 7837 1937 1845 7838 1937 1845 7839 1789 1676 7840 1938 1846 7841 1789 1676 7842 1790 1677 7843 1938 1846 7844 1938 1846 7845 1790 1677 7846 1939 1847 7847 1939 1847 7848 1790 1677 7849 1940 1848 7850 1790 1677 7851 1791 1678 7852 1940 1848 7853 1791 1678 7854 1792 1680 7855 1940 1848 7856 1940 1848 7857 1792 1680 7858 1941 1849 7859 1792 1680 7860 1793 1682 7861 1941 1849 7862 1941 1849 7863 1793 1682 7864 1942 1850 7865 1793 1682 7866 1794 1684 7867 1942 1850 7868 1942 1850 7869 1794 1684 7870 1943 1851 7871 1794 1684 7872 1795 1686 7873 1943 1851 7874 1943 1851 7875 1795 1686 7876 1944 1852 7877 1795 1686 7878 1796 1688 7879 1944 1852 7880 1944 1852 7881 1796 1688 7882 1945 1853 7883 1796 1688 7884 1797 1690 7885 1945 1853 7886 1945 1853 7887 1797 1690 7888 1946 1854 7889 1797 1690 7890 1798 1694 7891 1946 1854 7892 1946 1854 7893 1798 1694 7894 1947 1855 7895 1798 1694 7896 1799 1695 7897 1947 1855 7898 1947 1855 7899 1799 1695 7900 1948 1856 7901 1799 1695 7902 1800 1697 7903 1948 1856 7904 1948 1856 7905 1800 1697 7906 1949 1857 7907 1800 1697 7908 1801 1700 7909 1949 1857 7910 1949 1857 7911 1801 1700 7912 1950 1858 7913 1801 1700 7914 1802 1701 7915 1950 1858 7916 1950 1858 7917 1802 1701 7918 1951 1859 7919 1802 1701 7920 1803 1703 7921 1951 1859 7922 1951 1859 7923 1803 1703 7924 1952 1860 7925 1803 1703 7926 1804 1705 7927 1952 1860 7928 1952 1860 7929 1804 1705 7930 1953 1861 7931 1804 1705 7932 1805 1707 7933 1953 1861 7934 1953 1861 7935 1805 1707 7936 1954 1862 7937 1805 1707 7938 1806 1709 7939 1954 1862 7940 1954 1862 7941 1806 1709 7942 1955 1863 7943 1806 1709 7944 1807 1711 7945 1955 1863 7946 1955 1863 7947 1807 1711 7948 1956 1864 7949 1807 1711 7950 1808 1713 7951 1956 1864 7952 1956 1864 7953 1808 1713 7954 1957 1865 7955 1808 1713 7956 1809 1715 7957 1957 1865 7958 1957 1865 7959 1809 1715 7960 1958 1866 7961 1809 1715 7962 1810 1717 7963 1958 1866 7964 1810 1717 7965 1811 1720 7966 1958 1866 7967 1958 1866 7968 1811 1720 7969 1959 1867 7970 1811 1720 7971 1812 1721 7972 1959 1867 7973 1959 1867 7974 1812 1721 7975 1961 1868 7976 1961 1868 7977 1812 1721 7978 1963 1869 7979 1963 1869 7980 1812 1721 7981 1965 1870 7982 1965 1870 7983 1812 1721 7984 1967 1871 7985 1812 1721 7986 1813 1722 7987 1967 1871 7988 1967 1871 7989 1813 1722 7990 1969 1872 7991 1813 1722 7992 1814 1723 7993 1969 1872 7994 1969 1872 7995 1814 1723 7996 1970 1873 7997 1814 1723 7998 1815 1724 7999 1970 1873 8000 1815 1724 8001 1817 1725 8002 1970 1873 8003 1971 1874 8004 1816 1875 8005 1973 1876 8006 1973 1876 8007 1816 1875 8008 1975 1877 8009 1816 1875 8010 1818 1878 8011 1975 1877 8012 1975 1877 8013 1818 1878 8014 1977 1879 8015 1818 1878 8016 1821 1728 8017 1977 1879 8018 1977 1879 8019 1821 1728 8020 1978 1880 8021 1821 1728 8022 1823 1730 8023 1978 1880 8024 1979 1881 8025 1822 1882 8026 1980 1883 8027 1980 1883 8028 1822 1882 8029 1981 1884 8030 1822 1882 8031 1824 1885 8032 1981 1884 8033 1824 1885 8034 1827 1734 8035 1981 1884 8036 1827 1734 8037 1828 1736 8038 1981 1884 8039 1981 1884 8040 1828 1736 8041 1982 1886 8042 1982 1886 8043 1828 1736 8044 1983 1887 8045 1828 1736 8046 1829 1738 8047 1983 1887 8048 1983 1887 8049 1829 1738 8050 1984 1888 8051 1829 1738 8052 1830 1741 8053 1984 1888 8054 1984 1888 8055 1830 1741 8056 1985 1889 8057 1830 1741 8058 1831 1743 8059 1985 1889 8060 1831 1743 8061 1832 1744 8062 1985 1889 8063 1985 1889 8064 1832 1744 8065 1986 1890 8066 1986 1890 8067 1832 1744 8068 1987 1891 8069 1832 1744 8070 1833 1745 8071 1987 1891 8072 1987 1891 8073 1833 1745 8074 1988 1892 8075 1833 1745 8076 1834 1746 8077 1988 1892 8078 1988 1892 8079 1834 1746 8080 1989 1893 8081 1834 1746 8082 1835 1747 8083 1989 1893 8084 1989 1893 8085 1835 1747 8086 1990 1894 8087 1835 1747 8088 1836 1748 8089 1990 1894 8090 1990 1894 8091 1836 1748 8092 1991 1895 8093 1836 1748 8094 1837 1749 8095 1991 1895 8096 1991 1895 8097 1837 1749 8098 1992 1896 8099 1837 1749 8100 1838 1750 8101 1992 1896 8102 1992 1896 8103 1838 1750 8104 1993 1897 8105 1838 1750 8106 1839 1751 8107 1993 1897 8108 1839 1751 8109 1840 1752 8110 1993 1897 8111 1995 1898 8112 1993 1897 8113 1997 1899 8114 1993 1897 8115 1840 1752 8116 1997 1899 8117 1997 1899 8118 1840 1752 8119 1998 1900 8120 1840 1752 8121 1841 1753 8122 1998 1900 8123 1998 1900 8124 1841 1753 8125 1999 1901 8126 1999 1901 8127 1841 1753 8128 2000 1902 8129 1841 1753 8130 1842 1754 8131 2000 1902 8132 1842 1754 8133 1844 1755 8134 2000 1902 8135 2001 1903 8136 1843 1904 8137 2002 1905 8138 2002 1905 8139 1843 1904 8140 2003 1906 8141 1843 1904 8142 1846 1758 8143 2003 1906 8144 1846 1758 8145 1848 1757 8146 2003 1906 8147 2003 1906 8148 1847 1907 8149 2004 1908 8150 2004 1908 8151 1847 1907 8152 2005 1909 8153 1847 1907 8154 1850 1760 8155 2005 1909 8156 1850 1760 8157 1851 1762 8158 2005 1909 8159 2005 1909 8160 1851 1762 8161 2006 1910 8162 2006 1910 8163 1851 1762 8164 2007 1911 8165 1851 1762 8166 1852 1765 8167 2007 1911 8168 1852 1765 8169 1853 1766 8170 2007 1911 8171 2007 1911 8172 1853 1766 8173 2008 1912 8174 2008 1912 8175 1853 1766 8176 2009 1913 8177 1853 1766 8178 1854 1767 8179 2009 1913 8180 2009 1913 8181 1854 1767 8182 2010 1914 8183 1854 1767 8184 1855 1768 8185 2010 1914 8186 1855 1768 8187 1856 1769 8188 2010 1914 8189 2010 1914 8190 1856 1769 8191 2012 1915 8192 2012 1915 8193 1856 1769 8194 2013 1916 8195 1856 1769 8196 1857 1770 8197 2013 1916 8198 1857 1770 8199 1859 1771 8200 2013 1916 8201 2014 1602 8202 1858 1602 8203 2015 1602 8204 1858 1917 8205 1861 1917 8206 2015 1917 8207 1861 1602 8208 1862 1602 8209 2015 1602 8210 1863 1774 8211 1865 1773 8212 2016 1918 8213 2017 1919 8214 2016 1918 8215 2018 1920 8216 2016 1918 8217 1865 1773 8218 2018 1920 8219 2018 1920 8220 1864 1921 8221 2020 1922 8222 2020 1922 8223 1864 1921 8224 2022 1923 8225 1864 1921 8226 1866 1775 8227 2022 1923 8228 2022 1923 8229 1866 1775 8230 2024 1924 8231 1866 1775 8232 1867 1776 8233 2024 1924 8234 2024 1924 8235 1867 1776 8236 2025 1925 8237 1867 1776 8238 1869 1777 8239 2025 1925 8240 2026 1926 8241 1868 1927 8242 2027 1928 8243 1868 1927 8244 1871 1779 8245 2027 1928 8246 1871 1779 8247 1873 1781 8248 2027 1928 8249 2028 1929 8250 1872 1929 8251 2029 1929 8252 2031 1930 8253 2033 1931 8254 2034 1932 8255 2035 1933 8256 2036 1934 8257 2038 1935 8258 2038 1935 8259 2036 1934 8260 2040 1936 8261 2036 1934 8262 2041 1937 8263 2040 1936 8264 2040 1936 8265 2041 1937 8266 2042 1938 8267 2041 1937 8268 2034 1932 8269 2042 1938 8270 2034 1932 8271 2033 1931 8272 2042 1938 8273 2043 1939 8274 2032 1939 8275 2045 1939 8276 2045 1602 8277 2032 1602 8278 2047 1602 8279 2047 1602 8280 2032 1602 8281 2048 1602 8282 2033 1931 8283 2031 1930 8284 2049 1940 8285 2049 1940 8286 2031 1930 8287 2050 1941 8288 2051 1942 8289 2050 1941 8290 2052 1943 8291 2050 1941 8292 2031 1930 8293 2052 1943 8294 2052 1943 8295 2031 1930 8296 2053 1944 8297 2031 1930 8298 2034 1932 8299 2053 1944 8300 2053 1944 8301 2034 1932 8302 2054 1945 8303 2034 1932 8304 2041 1937 8305 2054 1945 8306 2054 1945 8307 2041 1937 8308 2055 1946 8309 2041 1937 8310 2036 1934 8311 2055 1946 8312 2055 1946 8313 2036 1934 8314 2056 1947 8315 2036 1934 8316 2035 1933 8317 2056 1947 8318 2056 1947 8319 2035 1933 8320 2057 1948 8321 2058 1949 8322 2057 1948 8323 2059 1950 8324 2057 1948 8325 2035 1933 8326 2059 1950 8327 2059 1950 8328 2035 1933 8329 2060 1951 8330 2035 1933 8331 2038 1935 8332 2060 1951 8333 2061 1602 8334 2037 1602 8335 2063 1602 8336 2037 1602 8337 2039 1602 8338 2063 1602 8339 2063 1952 8340 2039 1952 8341 2064 1952 8342 2039 1953 8343 2043 1953 8344 2064 1953 8345 2043 1602 8346 2045 1602 8347 2064 1602 8348 2065 1954 8349 2044 1955 8350 2066 1956 8351 2067 1957 8352 2066 1956 8353 2068 1958 8354 2066 1956 8355 2044 1955 8356 2068 1958 8357 2044 1955 8358 2046 1959 8359 2068 1958 8360 2068 1958 8361 2046 1959 8362 2069 1960 8363 2069 1960 8364 2046 1959 8365 2070 1961 8366 2047 1962 8367 2048 1962 8368 2071 1962 8369 2071 1963 8370 2048 1963 8371 2072 1963 8372 2049 1940 8373 2050 1941 8374 2073 1964 8375 2073 1964 8376 2050 1941 8377 2074 1965 8378 2050 1941 8379 2051 1942 8380 2074 1965 8381 2051 1942 8382 2075 1966 8383 2074 1965 8384 2074 1965 8385 2075 1966 8386 2076 1967 8387 2076 1967 8388 2075 1966 8389 2077 1968 8390 2078 1969 8391 2077 1968 8392 2079 1970 8393 2077 1968 8394 2075 1966 8395 2079 1970 8396 2079 1970 8397 2075 1966 8398 2080 1971 8399 2075 1966 8400 2051 1942 8401 2080 1971 8402 2080 1971 8403 2051 1942 8404 2081 1972 8405 2051 1942 8406 2052 1943 8407 2081 1972 8408 2081 1972 8409 2052 1943 8410 2082 1973 8411 2052 1943 8412 2053 1944 8413 2082 1973 8414 2082 1973 8415 2053 1944 8416 2083 1974 8417 2053 1944 8418 2054 1945 8419 2083 1974 8420 2083 1974 8421 2054 1945 8422 2084 1975 8423 2054 1945 8424 2055 1946 8425 2084 1975 8426 2084 1975 8427 2055 1946 8428 2085 1976 8429 2055 1946 8430 2056 1947 8431 2085 1976 8432 2085 1976 8433 2056 1947 8434 2086 1977 8435 2056 1947 8436 2057 1948 8437 2086 1977 8438 2086 1977 8439 2057 1948 8440 2087 1978 8441 2057 1948 8442 2058 1949 8443 2087 1978 8444 2087 1978 8445 2058 1949 8446 2088 1979 8447 2058 1949 8448 2089 1980 8449 2088 1979 8450 2088 1979 8451 2089 1980 8452 2090 1981 8453 2089 1980 8454 2091 1982 8455 2090 1981 8456 2090 1981 8457 2091 1982 8458 2092 1983 8459 2093 1984 8460 2092 1983 8461 2094 1985 8462 2092 1983 8463 2091 1982 8464 2094 1985 8465 2094 1985 8466 2091 1982 8467 2095 1986 8468 2095 1986 8469 2091 1982 8470 2096 1987 8471 2091 1982 8472 2089 1980 8473 2096 1987 8474 2096 1987 8475 2089 1980 8476 2097 1988 8477 2089 1980 8478 2058 1949 8479 2097 1988 8480 2058 1949 8481 2059 1950 8482 2097 1988 8483 2097 1988 8484 2059 1950 8485 2098 1989 8486 2059 1950 8487 2060 1951 8488 2098 1989 8489 2099 1602 8490 2061 1602 8491 2100 1602 8492 2061 1990 8493 2063 1990 8494 2100 1990 8495 2101 1991 8496 2062 1992 8497 2102 1993 8498 2102 1993 8499 2062 1992 8500 2103 1994 8501 2062 1992 8502 2065 1954 8503 2103 1994 8504 2065 1954 8505 2066 1956 8506 2103 1994 8507 2103 1994 8508 2066 1956 8509 2104 1995 8510 2066 1956 8511 2067 1957 8512 2104 1995 8513 2104 1995 8514 2067 1957 8515 2105 1996 8516 2107 1997 8517 2105 1996 8518 2108 1998 8519 2105 1996 8520 2067 1957 8521 2108 1998 8522 2108 1998 8523 2067 1957 8524 2109 1999 8525 2067 1957 8526 2068 1958 8527 2109 1999 8528 2068 1958 8529 2069 1960 8530 2109 1999 8531 2109 1999 8532 2069 1960 8533 2110 2000 8534 2110 2000 8535 2069 1960 8536 2111 2001 8537 2069 1960 8538 2070 1961 8539 2111 2001 8540 2111 2001 8541 2070 1961 8542 2112 2002 8543 2071 2003 8544 2072 2003 8545 2113 2003 8546 2113 2004 8547 2072 2004 8548 2114 2004 8549 2073 1964 8550 2074 1965 8551 2115 2005 8552 2074 1965 8553 2076 1967 8554 2115 2005 8555 2115 2005 8556 2076 1967 8557 2117 2006 8558 2117 2006 8559 2076 1967 8560 2118 2007 8561 2076 1967 8562 2077 1968 8563 2118 2007 8564 2118 2007 8565 2077 1968 8566 2119 2008 8567 2077 1968 8568 2078 1969 8569 2119 2008 8570 2078 1969 8571 2120 2009 8572 2119 2008 8573 2119 2008 8574 2120 2009 8575 2121 2010 8576 2121 2010 8577 2120 2009 8578 2122 2011 8579 2123 2012 8580 2124 2013 8581 2125 2014 8582 2124 2013 8583 2122 2011 8584 2125 2014 8585 2125 2014 8586 2122 2011 8587 2126 2015 8588 2122 2011 8589 2120 2009 8590 2126 2015 8591 2126 2015 8592 2120 2009 8593 2127 2016 8594 2120 2009 8595 2078 1969 8596 2127 2016 8597 2127 2016 8598 2078 1969 8599 2128 2017 8600 2078 1969 8601 2079 1970 8602 2128 2017 8603 2128 2017 8604 2079 1970 8605 2129 2018 8606 2079 1970 8607 2080 1971 8608 2129 2018 8609 2129 2018 8610 2080 1971 8611 2130 2019 8612 2080 1971 8613 2081 1972 8614 2130 2019 8615 2130 2019 8616 2081 1972 8617 2131 2020 8618 2081 1972 8619 2082 1973 8620 2131 2020 8621 2131 2020 8622 2082 1973 8623 2132 2021 8624 2082 1973 8625 2083 1974 8626 2132 2021 8627 2132 2021 8628 2083 1974 8629 2133 2022 8630 2083 1974 8631 2084 1975 8632 2133 2022 8633 2133 2022 8634 2084 1975 8635 2134 2023 8636 2084 1975 8637 2085 1976 8638 2134 2023 8639 2134 2023 8640 2085 1976 8641 2135 2024 8642 2085 1976 8643 2086 1977 8644 2135 2024 8645 2135 2024 8646 2086 1977 8647 2136 2025 8648 2086 1977 8649 2087 1978 8650 2136 2025 8651 2136 2025 8652 2087 1978 8653 2137 2026 8654 2087 1978 8655 2088 1979 8656 2137 2026 8657 2137 2026 8658 2088 1979 8659 2138 2027 8660 2088 1979 8661 2090 1981 8662 2138 2027 8663 2138 2027 8664 2090 1981 8665 2139 2028 8666 2090 1981 8667 2092 1983 8668 2139 2028 8669 2139 2028 8670 2092 1983 8671 2140 2029 8672 2092 1983 8673 2093 1984 8674 2140 2029 8675 2140 2029 8676 2093 1984 8677 2141 2030 8678 2093 1984 8679 2142 2031 8680 2141 2030 8681 2141 2030 8682 2142 2031 8683 2143 2032 8684 2144 2033 8685 2143 2032 8686 2145 2034 8687 2143 2032 8688 2142 2031 8689 2145 2034 8690 2145 2034 8691 2142 2031 8692 2146 2035 8693 2146 2035 8694 2142 2031 8695 2147 2036 8696 2142 2031 8697 2093 1984 8698 2147 2036 8699 2093 1984 8700 2094 1985 8701 2147 2036 8702 2147 2036 8703 2094 1985 8704 2148 2037 8705 2094 1985 8706 2095 1986 8707 2148 2037 8708 2148 2037 8709 2095 1986 8710 2150 2038 8711 2150 2038 8712 2095 1986 8713 2152 2039 8714 2095 1986 8715 2096 1987 8716 2152 2039 8717 2152 2039 8718 2096 1987 8719 2153 2040 8720 2096 1987 8721 2097 1988 8722 2153 2040 8723 2097 1988 8724 2098 1989 8725 2153 2040 8726 2154 2041 8727 2099 2041 8728 2155 2041 8729 2099 2042 8730 2100 2042 8731 2155 2042 8732 2156 2043 8733 2101 1991 8734 2157 2044 8735 2101 1991 8736 2102 1993 8737 2157 2044 8738 2157 2044 8739 2102 1993 8740 2158 2045 8741 2158 2045 8742 2102 1993 8743 2159 2046 8744 2102 1993 8745 2103 1994 8746 2159 2046 8747 2103 1994 8748 2104 1995 8749 2159 2046 8750 2159 2046 8751 2104 1995 8752 2160 2047 8753 2104 1995 8754 2105 1996 8755 2160 2047 8756 2162 2048 8757 2160 2047 8758 2164 2049 8759 2160 2047 8760 2105 1996 8761 2164 2049 8762 2164 2049 8763 2105 1996 8764 2165 2050 8765 2105 1996 8766 2107 1997 8767 2165 2050 8768 2166 2051 8769 2106 2052 8770 2030 2053 8771 2030 2053 8772 2106 2052 8773 2167 2054 8774 2107 1997 8775 2108 1998 8776 2167 2054 8777 2168 2055 8778 2167 2054 8779 2169 2056 8780 2167 2054 8781 2108 1998 8782 2169 2056 8783 2108 1998 8784 2109 1999 8785 2169 2056 8786 2109 1999 8787 2110 2000 8788 2169 2056 8789 2169 2056 8790 2110 2000 8791 2170 2057 8792 2170 2057 8793 2110 2000 8794 2171 2058 8795 2110 2000 8796 2111 2001 8797 2171 2058 8798 2171 2058 8799 2111 2001 8800 2172 2059 8801 2111 2001 8802 2112 2002 8803 2172 2059 8804 2172 2059 8805 2112 2002 8806 2173 2060 8807 2113 1602 8808 2114 1602 8809 2174 1602 8810 2114 2061 8811 2116 2061 8812 2174 2061 8813 2174 1602 8814 2116 1602 8815 2176 1602 8816 2176 2062 8817 2116 2062 8818 2177 2062 8819 2117 2006 8820 2118 2007 8821 2178 2063 8822 2178 2063 8823 2118 2007 8824 2179 2064 8825 2118 2007 8826 2119 2008 8827 2179 2064 8828 2119 2008 8829 2121 2010 8830 2179 2064 8831 2179 2064 8832 2121 2010 8833 2180 2065 8834 2180 2065 8835 2121 2010 8836 2181 2066 8837 2121 2010 8838 2122 2011 8839 2181 2066 8840 2122 2011 8841 2124 2013 8842 2181 2066 8843 2181 2066 8844 2124 2013 8845 2182 2067 8846 2182 2067 8847 2124 2013 8848 2183 2068 8849 2124 2013 8850 2123 2012 8851 2183 2068 8852 2123 2012 8853 2184 2069 8854 2183 2068 8855 2183 2068 8856 2184 2069 8857 2185 2070 8858 2185 2070 8859 2184 2069 8860 2186 2071 8861 2187 2072 8862 2188 2073 8863 2189 2074 8864 2188 2073 8865 2186 2071 8866 2189 2074 8867 2189 2074 8868 2186 2071 8869 2190 2075 8870 2186 2071 8871 2184 2069 8872 2190 2075 8873 2190 2075 8874 2184 2069 8875 2191 2076 8876 2184 2069 8877 2123 2012 8878 2191 2076 8879 2191 2076 8880 2123 2012 8881 2192 2077 8882 2123 2012 8883 2125 2014 8884 2192 2077 8885 2192 2077 8886 2125 2014 8887 2193 2078 8888 2125 2014 8889 2126 2015 8890 2193 2078 8891 2193 2078 8892 2126 2015 8893 2194 2079 8894 2126 2015 8895 2127 2016 8896 2194 2079 8897 2194 2079 8898 2127 2016 8899 2195 2080 8900 2127 2016 8901 2128 2017 8902 2195 2080 8903 2195 2080 8904 2128 2017 8905 2196 2081 8906 2128 2017 8907 2129 2018 8908 2196 2081 8909 2196 2081 8910 2129 2018 8911 2197 2082 8912 2129 2018 8913 2130 2019 8914 2197 2082 8915 2197 2082 8916 2130 2019 8917 2198 2083 8918 2130 2019 8919 2131 2020 8920 2198 2083 8921 2198 2083 8922 2131 2020 8923 2199 2084 8924 2131 2020 8925 2132 2021 8926 2199 2084 8927 2199 2084 8928 2132 2021 8929 2200 2085 8930 2132 2021 8931 2133 2022 8932 2200 2085 8933 2200 2085 8934 2133 2022 8935 2201 2086 8936 2133 2022 8937 2134 2023 8938 2201 2086 8939 2201 2086 8940 2134 2023 8941 2202 2087 8942 2134 2023 8943 2135 2024 8944 2202 2087 8945 2202 2087 8946 2135 2024 8947 2203 2088 8948 2135 2024 8949 2136 2025 8950 2203 2088 8951 2203 2088 8952 2136 2025 8953 2204 2089 8954 2136 2025 8955 2137 2026 8956 2204 2089 8957 2204 2089 8958 2137 2026 8959 2205 2090 8960 2137 2026 8961 2138 2027 8962 2205 2090 8963 2205 2090 8964 2138 2027 8965 2206 2091 8966 2138 2027 8967 2139 2028 8968 2206 2091 8969 2206 2091 8970 2139 2028 8971 2207 2092 8972 2139 2028 8973 2140 2029 8974 2207 2092 8975 2207 2092 8976 2140 2029 8977 2208 2093 8978 2140 2029 8979 2141 2030 8980 2208 2093 8981 2208 2093 8982 2141 2030 8983 2209 2094 8984 2141 2030 8985 2143 2032 8986 2209 2094 8987 2209 2094 8988 2143 2032 8989 2210 2095 8990 2143 2032 8991 2144 2033 8992 2210 2095 8993 2210 2095 8994 2144 2033 8995 2211 2096 8996 2144 2033 8997 2212 2097 8998 2211 2096 8999 2211 2096 9000 2212 2097 9001 2213 2098 9002 2214 2099 9003 2213 2098 9004 2215 2100 9005 2213 2098 9006 2212 2097 9007 2215 2100 9008 2215 2100 9009 2212 2097 9010 2216 2101 9011 2216 2101 9012 2212 2097 9013 2217 2102 9014 2212 2097 9015 2144 2033 9016 2217 2102 9017 2144 2033 9018 2145 2034 9019 2217 2102 9020 2217 2102 9021 2145 2034 9022 2218 2103 9023 2145 2034 9024 2146 2035 9025 2218 2103 9026 2218 2103 9027 2146 2035 9028 2219 2104 9029 2219 2104 9030 2146 2035 9031 2220 2105 9032 2146 2035 9033 2147 2036 9034 2220 2105 9035 2147 2036 9036 2148 2037 9037 2220 2105 9038 2220 2105 9039 2148 2037 9040 2221 2106 9041 2148 2037 9042 2150 2038 9043 2221 2106 9044 2222 2107 9045 2149 2107 9046 2224 2107 9047 2224 2108 9048 2149 2108 9049 2226 2108 9050 2149 2109 9051 2151 2109 9052 2226 2109 9053 2226 2110 9054 2151 2110 9055 2227 2110 9056 2151 2111 9057 2154 2111 9058 2227 2111 9059 2154 2112 9060 2155 2112 9061 2227 2112 9062 2228 2113 9063 2156 2043 9064 2229 2114 9065 2156 2043 9066 2157 2044 9067 2229 2114 9068 2229 2114 9069 2157 2044 9070 2230 2115 9071 2157 2044 9072 2158 2045 9073 2230 2115 9074 2230 2115 9075 2158 2045 9076 2231 2116 9077 2231 2116 9078 2158 2045 9079 2232 2117 9080 2158 2045 9081 2159 2046 9082 2232 2117 9083 2159 2046 9084 2160 2047 9085 2232 2117 9086 2233 2118 9087 2232 2117 9088 2234 2119 9089 2232 2117 9090 2160 2047 9091 2234 2119 9092 2160 2047 9093 2162 2048 9094 2234 2119 9095 2235 2120 9096 2161 2121 9097 2236 2122 9098 2161 2121 9099 2163 2123 9100 2236 2122 9101 2163 2123 9102 2166 2051 9103 2236 2122 9104 2166 2051 9105 2030 2053 9106 2236 2122 9107 2029 2124 9108 1872 2124 9109 2237 2124 9110 2237 2125 9111 1872 2125 9112 2238 2125 9113 1873 1781 9114 1874 1783 9115 2239 2126 9116 1874 1783 9117 1876 2127 9118 2239 2126 9119 1876 2127 9120 1878 2128 9121 2239 2126 9122 2239 2126 9123 1878 2128 9124 2240 2129 9125 1879 1786 9126 1880 1787 9127 2241 2130 9128 1880 1787 9129 1881 1788 9130 2241 2130 9131 2241 2130 9132 1881 1788 9133 2243 2131 9134 1881 1788 9135 1883 1790 9136 2243 2131 9137 2243 2131 9138 1883 1790 9139 2245 2132 9140 1883 1790 9141 1882 1789 9142 2245 2132 9143 2245 2132 9144 1882 1789 9145 2247 2133 9146 2247 2133 9147 1882 1789 9148 2248 2134 9149 2248 2134 9150 1882 1789 9151 2249 2135 9152 1882 1789 9153 1884 1791 9154 2249 2135 9155 1885 1602 9156 1886 1602 9157 2250 1602 9158 1886 1602 9159 1888 1602 9160 2250 1602 9161 2250 2136 9162 1888 2136 9163 2251 2136 9164 1889 1793 9165 1890 1794 9166 2252 2137 9167 2252 2137 9168 1890 1794 9169 2253 2138 9170 1890 1794 9171 1891 1795 9172 2253 2138 9173 1891 1795 9174 1892 1796 9175 2253 2138 9176 2253 2138 9177 1892 1796 9178 2254 2139 9179 1892 1796 9180 1893 1797 9181 2254 2139 9182 2254 2139 9183 1893 1797 9184 2255 2140 9185 1893 1797 9186 1894 1798 9187 2255 2140 9188 2255 2140 9189 1894 1798 9190 2256 2141 9191 2256 2141 9192 1894 1798 9193 2257 2142 9194 1894 1798 9195 1895 1799 9196 2257 2142 9197 1895 1799 9198 1896 1801 9199 2257 2142 9200 2257 2142 9201 1896 1801 9202 2258 2143 9203 1896 1801 9204 1897 1803 9205 2258 2143 9206 2258 2143 9207 1897 1803 9208 2259 2144 9209 1897 1803 9210 1898 1807 9211 2259 2144 9212 2259 2144 9213 1898 1807 9214 2260 2145 9215 1898 1807 9216 1899 1808 9217 2260 2145 9218 2260 2145 9219 1899 1808 9220 2261 2146 9221 1899 1808 9222 1900 1810 9223 2261 2146 9224 2261 2146 9225 1900 1810 9226 2262 2147 9227 1900 1810 9228 1902 1812 9229 2262 2147 9230 2262 2147 9231 1902 1812 9232 2263 2148 9233 2263 2148 9234 1902 1812 9235 2264 2149 9236 1902 1812 9237 1903 1814 9238 2264 2149 9239 1903 1814 9240 1904 2150 9241 2264 2149 9242 2264 2149 9243 1904 2150 9244 2265 2151 9245 1904 2150 9246 1906 2152 9247 2265 2151 9248 2265 2151 9249 1906 2152 9250 2266 2153 9251 1907 1817 9252 1908 1818 9253 2267 2154 9254 1908 1818 9255 1910 2155 9256 2267 2154 9257 2267 2154 9258 1910 2155 9259 2269 2156 9260 1910 2155 9261 1912 1821 9262 2269 2156 9263 1912 1821 9264 1915 1823 9265 2269 2156 9266 2269 2156 9267 1915 1823 9268 2271 2157 9269 1915 1823 9270 1913 2158 9271 2271 2157 9272 2271 2157 9273 1913 2158 9274 2272 2159 9275 2272 2159 9276 1913 2158 9277 2273 2160 9278 2274 2161 9279 1914 1822 9280 2275 2162 9281 1914 1822 9282 1916 1824 9283 2275 2162 9284 1916 1824 9285 1917 1825 9286 2275 2162 9287 1917 1825 9288 1918 1826 9289 2275 2162 9290 2275 2162 9291 1918 1826 9292 2276 2163 9293 1918 1826 9294 1919 1827 9295 2276 2163 9296 2276 2163 9297 1919 1827 9298 2277 2164 9299 1919 1827 9300 1920 1828 9301 2277 2164 9302 2277 2164 9303 1920 1828 9304 2278 2165 9305 2278 2165 9306 1920 1828 9307 2279 2166 9308 1920 1828 9309 1921 1829 9310 2279 2166 9311 1921 1829 9312 1922 1832 9313 2279 2166 9314 2279 2166 9315 1922 1832 9316 2280 2167 9317 2280 2167 9318 1922 1832 9319 2281 2168 9320 1922 1832 9321 1923 1833 9322 2281 2168 9323 1923 1833 9324 1925 2169 9325 2281 2168 9326 2281 2168 9327 1925 2169 9328 2282 2170 9329 1925 2169 9330 1929 2171 9331 2282 2170 9332 1929 2171 9333 1931 2172 9334 2282 2170 9335 2282 2170 9336 1931 2172 9337 2283 2173 9338 2284 2174 9339 1932 1839 9340 2285 2175 9341 1932 1839 9342 1933 1840 9343 2285 2175 9344 1934 1841 9345 1935 1843 9346 2286 2176 9347 1935 1843 9348 1936 1844 9349 2286 2176 9350 2286 2176 9351 1936 1844 9352 2288 2177 9353 1936 1844 9354 1937 1845 9355 2288 2177 9356 2288 2177 9357 1937 1845 9358 2290 2178 9359 1937 1845 9360 1938 1846 9361 2290 2178 9362 2290 2178 9363 1938 1846 9364 2292 2179 9365 2292 2179 9366 1938 1846 9367 2294 2180 9368 1938 1846 9369 1939 1847 9370 2294 2180 9371 2294 2180 9372 1939 1847 9373 2296 2181 9374 2296 2181 9375 1939 1847 9376 2298 2182 9377 2298 2182 9378 1939 1847 9379 2300 2183 9380 2300 2183 9381 1939 1847 9382 2301 2184 9383 1939 1847 9384 1940 1848 9385 2301 2184 9386 1940 1848 9387 1941 1849 9388 2301 2184 9389 2301 2184 9390 1941 1849 9391 2302 2185 9392 1941 1849 9393 1942 1850 9394 2302 2185 9395 2302 2185 9396 1942 1850 9397 2303 2186 9398 1942 1850 9399 1943 1851 9400 2303 2186 9401 2303 2186 9402 1943 1851 9403 2304 2187 9404 1943 1851 9405 1944 1852 9406 2304 2187 9407 2304 2187 9408 1944 1852 9409 2305 2188 9410 1944 1852 9411 1945 1853 9412 2305 2188 9413 2305 2188 9414 1945 1853 9415 2306 2189 9416 1945 1853 9417 1946 1854 9418 2306 2189 9419 2306 2189 9420 1946 1854 9421 2307 2190 9422 1946 1854 9423 1947 1855 9424 2307 2190 9425 2307 2190 9426 1947 1855 9427 2308 2191 9428 1947 1855 9429 1948 1856 9430 2308 2191 9431 2308 2191 9432 1948 1856 9433 2309 2192 9434 1948 1856 9435 1949 1857 9436 2309 2192 9437 2309 2192 9438 1949 1857 9439 2310 2193 9440 1949 1857 9441 1950 1858 9442 2310 2193 9443 2310 2193 9444 1950 1858 9445 2311 2194 9446 1950 1858 9447 1951 1859 9448 2311 2194 9449 2311 2194 9450 1951 1859 9451 2312 2195 9452 1951 1859 9453 1952 1860 9454 2312 2195 9455 2312 2195 9456 1952 1860 9457 2313 2196 9458 1952 1860 9459 1953 1861 9460 2313 2196 9461 2313 2196 9462 1953 1861 9463 2314 2197 9464 1953 1861 9465 1954 1862 9466 2314 2197 9467 2314 2197 9468 1954 1862 9469 2315 2198 9470 1954 1862 9471 1955 1863 9472 2315 2198 9473 2315 2198 9474 1955 1863 9475 2316 2199 9476 1955 1863 9477 1956 1864 9478 2316 2199 9479 2316 2199 9480 1956 1864 9481 2317 2200 9482 1956 1864 9483 1957 1865 9484 2317 2200 9485 2317 2200 9486 1957 1865 9487 2318 2201 9488 1957 1865 9489 1958 1866 9490 2318 2201 9491 1958 1866 9492 1959 1867 9493 2318 2201 9494 2318 2201 9495 1959 1867 9496 2319 2202 9497 1959 1867 9498 1961 1868 9499 2319 2202 9500 2320 2203 9501 1960 2204 9502 2322 2205 9503 2322 2205 9504 1960 2204 9505 2324 2206 9506 1960 2204 9507 1962 2207 9508 2324 2206 9509 2324 2206 9510 1962 2207 9511 2327 2208 9512 1962 2207 9513 1964 2209 9514 2327 2208 9515 2327 2208 9516 1964 2209 9517 2329 2210 9518 1964 2209 9519 1966 2211 9520 2329 2210 9521 2329 2210 9522 1966 2211 9523 2331 2212 9524 1966 2211 9525 1968 2213 9526 2331 2212 9527 2331 2212 9528 1968 2213 9529 2332 2214 9530 1968 2213 9531 1971 1874 9532 2332 2214 9533 1971 1874 9534 1973 1876 9535 2332 2214 9536 2333 2215 9537 1972 2216 9538 2334 2217 9539 2334 2217 9540 1972 2216 9541 2335 2218 9542 1972 2216 9543 1974 2219 9544 2335 2218 9545 1974 2219 9546 1976 2220 9547 2335 2218 9548 1976 2220 9549 1979 1881 9550 2335 2218 9551 1979 1881 9552 1980 1883 9553 2335 2218 9554 2335 2218 9555 1980 1883 9556 2336 2221 9557 2336 2221 9558 1980 1883 9559 2337 2222 9560 1980 1883 9561 1981 1884 9562 2337 2222 9563 1981 1884 9564 1982 1886 9565 2337 2222 9566 2337 2222 9567 1982 1886 9568 2338 2223 9569 2338 2223 9570 1982 1886 9571 2339 2224 9572 1982 1886 9573 1983 1887 9574 2339 2224 9575 2339 2224 9576 1983 1887 9577 2340 2225 9578 1983 1887 9579 1984 1888 9580 2340 2225 9581 2340 2225 9582 1984 1888 9583 2341 2226 9584 1984 1888 9585 1985 1889 9586 2341 2226 9587 1985 1889 9588 1986 1890 9589 2341 2226 9590 2341 2226 9591 1986 1890 9592 2342 2227 9593 2342 2227 9594 1986 1890 9595 2343 2228 9596 2343 2228 9597 1986 1890 9598 2345 2229 9599 2345 2229 9600 1986 1890 9601 2347 2230 9602 1986 1890 9603 1987 1891 9604 2347 2230 9605 2347 2230 9606 1987 1891 9607 2349 2231 9608 1987 1891 9609 1988 1892 9610 2349 2231 9611 2349 2231 9612 1988 1892 9613 2350 2232 9614 1988 1892 9615 1989 1893 9616 2350 2232 9617 2350 2232 9618 1989 1893 9619 2351 2233 9620 2351 2233 9621 1989 1893 9622 2353 2234 9623 2353 2234 9624 1989 1893 9625 2355 2235 9626 1989 1893 9627 1990 1894 9628 2355 2235 9629 2355 2235 9630 1990 1894 9631 2357 2236 9632 1990 1894 9633 1991 1895 9634 2357 2236 9635 2357 2236 9636 1991 1895 9637 2358 2237 9638 1991 1895 9639 1992 1896 9640 2358 2237 9641 2358 2237 9642 1992 1896 9643 2359 2238 9644 2359 2238 9645 1992 1896 9646 2360 2239 9647 1992 1896 9648 1993 1897 9649 2360 2239 9650 1993 1897 9651 1995 1898 9652 2360 2239 9653 2361 2240 9654 1994 2241 9655 2363 2242 9656 2363 2242 9657 1994 2241 9658 2365 2243 9659 1994 2241 9660 1996 2244 9661 2365 2243 9662 2365 2243 9663 1996 2244 9664 2367 2245 9665 1996 2244 9666 1998 1900 9667 2367 2245 9668 1998 1900 9669 1999 1901 9670 2367 2245 9671 2367 2245 9672 1999 1901 9673 2368 2246 9674 1999 1901 9675 2001 1903 9676 2368 2246 9677 2001 1903 9678 2002 1905 9679 2368 2246 9680 2369 2247 9681 2002 1905 9682 2370 2248 9683 2002 1905 9684 2003 1906 9685 2370 2248 9686 2003 1906 9687 2004 1908 9688 2370 2248 9689 2370 2248 9690 2004 1908 9691 2371 2249 9692 2371 2249 9693 2004 1908 9694 2372 2250 9695 2004 1908 9696 2005 1909 9697 2372 2250 9698 2005 1909 9699 2006 1910 9700 2372 2250 9701 2372 2250 9702 2006 1910 9703 2373 2251 9704 2373 2251 9705 2006 1910 9706 2374 2252 9707 2006 1910 9708 2007 1911 9709 2374 2252 9710 2007 1911 9711 2008 1912 9712 2374 2252 9713 2374 2252 9714 2008 1912 9715 2376 2253 9716 2376 2253 9717 2008 1912 9718 2378 2254 9719 2008 1912 9720 2009 1913 9721 2378 2254 9722 2378 2254 9723 2009 1913 9724 2379 2255 9725 2009 1913 9726 2010 1914 9727 2379 2255 9728 2010 1914 9729 2012 1915 9730 2379 2255 9731 2380 2256 9732 2011 2256 9733 2381 2256 9734 2011 2257 9735 2014 2257 9736 2381 2257 9737 2014 1602 9738 2015 1602 9739 2381 1602 9740 2383 2258 9741 2382 2259 9742 2384 2260 9743 2382 2259 9744 2016 1918 9745 2384 2260 9746 2016 1918 9747 2017 1919 9748 2384 2260 9749 2386 2261 9750 2384 2260 9751 2388 2262 9752 2384 2260 9753 2017 1919 9754 2388 2262 9755 2388 2262 9756 2017 1919 9757 2389 2263 9758 2017 1919 9759 2018 1920 9760 2389 2263 9761 2018 1920 9762 2020 1922 9763 2389 2263 9764 2390 2264 9765 2019 2265 9766 2391 2266 9767 2019 2265 9768 2021 2267 9769 2391 2266 9770 2021 2267 9771 2023 2268 9772 2391 2266 9773 2023 2268 9774 2026 1926 9775 2391 2266 9776 2026 1926 9777 2027 1928 9778 2391 2266 9779 2392 2269 9780 2028 2269 9781 2393 2269 9782 2028 1602 9783 2029 1602 9784 2393 1602 9785 2030 2053 9786 2167 2054 9787 2394 2270 9788 2167 2054 9789 2168 2055 9790 2394 2270 9791 2394 2270 9792 2168 2055 9793 2395 2271 9794 2168 2055 9795 2169 2056 9796 2396 2272 9797 2169 2056 9798 2170 2057 9799 2396 2272 9800 2396 2272 9801 2170 2057 9802 2398 2273 9803 2398 2273 9804 2170 2057 9805 2400 2274 9806 2400 2274 9807 2170 2057 9808 2401 2275 9809 2170 2057 9810 2171 2058 9811 2401 2275 9812 2401 2275 9813 2171 2058 9814 2402 2276 9815 2171 2058 9816 2172 2059 9817 2402 2276 9818 2402 2276 9819 2172 2059 9820 2403 2277 9821 2172 2059 9822 2173 2060 9823 2403 2277 9824 2173 2060 9825 2175 2278 9826 2403 2277 9827 2403 2277 9828 2175 2278 9829 2404 2279 9830 2404 2279 9831 2175 2278 9832 2405 2280 9833 2176 1602 9834 2177 1602 9835 2406 1602 9836 2406 2281 9837 2177 2281 9838 2407 2281 9839 2178 2063 9840 2179 2064 9841 2408 2282 9842 2179 2064 9843 2180 2065 9844 2408 2282 9845 2408 2282 9846 2180 2065 9847 2410 2283 9848 2410 2283 9849 2180 2065 9850 2411 2284 9851 2180 2065 9852 2181 2066 9853 2411 2284 9854 2181 2066 9855 2182 2067 9856 2411 2284 9857 2411 2284 9858 2182 2067 9859 2412 2285 9860 2412 2285 9861 2182 2067 9862 2413 2286 9863 2182 2067 9864 2183 2068 9865 2413 2286 9866 2183 2068 9867 2185 2070 9868 2413 2286 9869 2413 2286 9870 2185 2070 9871 2414 2287 9872 2414 2287 9873 2185 2070 9874 2415 2288 9875 2185 2070 9876 2186 2071 9877 2415 2288 9878 2186 2071 9879 2188 2073 9880 2415 2288 9881 2415 2288 9882 2188 2073 9883 2416 2289 9884 2416 2289 9885 2188 2073 9886 2417 2290 9887 2188 2073 9888 2187 2072 9889 2417 2290 9890 2417 2290 9891 2187 2072 9892 2418 2291 9893 2419 2292 9894 2418 2291 9895 2420 2293 9896 2418 2291 9897 2187 2072 9898 2420 2293 9899 2420 2293 9900 2187 2072 9901 2421 2294 9902 2187 2072 9903 2189 2074 9904 2421 2294 9905 2421 2294 9906 2189 2074 9907 2422 2295 9908 2189 2074 9909 2190 2075 9910 2422 2295 9911 2422 2295 9912 2190 2075 9913 2423 2296 9914 2190 2075 9915 2191 2076 9916 2423 2296 9917 2423 2296 9918 2191 2076 9919 2424 2297 9920 2191 2076 9921 2192 2077 9922 2424 2297 9923 2424 2297 9924 2192 2077 9925 2425 2298 9926 2192 2077 9927 2193 2078 9928 2425 2298 9929 2425 2298 9930 2193 2078 9931 2426 2299 9932 2193 2078 9933 2194 2079 9934 2426 2299 9935 2426 2299 9936 2194 2079 9937 2427 2300 9938 2194 2079 9939 2195 2080 9940 2427 2300 9941 2427 2300 9942 2195 2080 9943 2428 2301 9944 2195 2080 9945 2196 2081 9946 2428 2301 9947 2428 2301 9948 2196 2081 9949 2429 2302 9950 2196 2081 9951 2197 2082 9952 2429 2302 9953 2429 2302 9954 2197 2082 9955 2430 2303 9956 2197 2082 9957 2198 2083 9958 2430 2303 9959 2430 2303 9960 2198 2083 9961 2431 2304 9962 2198 2083 9963 2199 2084 9964 2431 2304 9965 2431 2304 9966 2199 2084 9967 2432 2305 9968 2199 2084 9969 2200 2085 9970 2432 2305 9971 2432 2305 9972 2200 2085 9973 2433 2306 9974 2200 2085 9975 2201 2086 9976 2433 2306 9977 2433 2306 9978 2201 2086 9979 2434 2307 9980 2201 2086 9981 2202 2087 9982 2434 2307 9983 2434 2307 9984 2202 2087 9985 2435 2308 9986 2202 2087 9987 2203 2088 9988 2435 2308 9989 2435 2308 9990 2203 2088 9991 2436 2309 9992 2203 2088 9993 2204 2089 9994 2436 2309 9995 2436 2309 9996 2204 2089 9997 2437 2310 9998 2204 2089 9999 2205 2090 10000 2437 2310 10001 2437 2310 10002 2205 2090 10003 2438 2311 10004 2205 2090 10005 2206 2091 10006 2438 2311 10007 2438 2311 10008 2206 2091 10009 2439 2312 10010 2206 2091 10011 2207 2092 10012 2439 2312 10013 2439 2312 10014 2207 2092 10015 2440 2313 10016 2207 2092 10017 2208 2093 10018 2440 2313 10019 2440 2313 10020 2208 2093 10021 2441 2314 10022 2208 2093 10023 2209 2094 10024 2441 2314 10025 2441 2314 10026 2209 2094 10027 2442 2315 10028 2209 2094 10029 2210 2095 10030 2442 2315 10031 2442 2315 10032 2210 2095 10033 2443 2316 10034 2210 2095 10035 2211 2096 10036 2443 2316 10037 2443 2316 10038 2211 2096 10039 2444 2317 10040 2211 2096 10041 2213 2098 10042 2444 2317 10043 2444 2317 10044 2213 2098 10045 2445 2318 10046 2213 2098 10047 2214 2099 10048 2445 2318 10049 2445 2318 10050 2214 2099 10051 2446 2319 10052 2447 2320 10053 2446 2319 10054 2448 2321 10055 2446 2319 10056 2214 2099 10057 2448 2321 10058 2448 2321 10059 2214 2099 10060 2449 2322 10061 2214 2099 10062 2215 2100 10063 2449 2322 10064 2449 2322 10065 2215 2100 10066 2450 2323 10067 2215 2100 10068 2216 2101 10069 2450 2323 10070 2450 2323 10071 2216 2101 10072 2451 2324 10073 2451 2324 10074 2216 2101 10075 2452 2325 10076 2216 2101 10077 2217 2102 10078 2452 2325 10079 2217 2102 10080 2218 2103 10081 2452 2325 10082 2452 2325 10083 2218 2103 10084 2453 2326 10085 2218 2103 10086 2219 2104 10087 2453 2326 10088 2453 2326 10089 2219 2104 10090 2455 2327 10091 2455 2327 10092 2219 2104 10093 2456 2328 10094 2219 2104 10095 2220 2105 10096 2456 2328 10097 2220 2105 10098 2221 2106 10099 2456 2328 10100 2457 1602 10101 2222 1602 10102 2458 1602 10103 2222 2329 10104 2224 2329 10105 2458 2329 10106 2459 2330 10107 2223 2331 10108 2460 2332 10109 2460 2332 10110 2223 2331 10111 2461 2333 10112 2223 2331 10113 2225 2334 10114 2461 2333 10115 2461 2333 10116 2225 2334 10117 2462 2335 10118 2225 2334 10119 2228 2113 10120 2462 2335 10121 2228 2113 10122 2229 2114 10123 2462 2335 10124 2462 2335 10125 2229 2114 10126 2463 2336 10127 2229 2114 10128 2230 2115 10129 2463 2336 10130 2463 2336 10131 2230 2115 10132 2464 2337 10133 2230 2115 10134 2231 2116 10135 2464 2337 10136 2464 2337 10137 2231 2116 10138 2466 2338 10139 2466 2338 10140 2231 2116 10141 2467 2339 10142 2231 2116 10143 2232 2117 10144 2467 2339 10145 2232 2117 10146 2233 2118 10147 2467 2339 10148 2467 2339 10149 2233 2118 10150 2468 2340 10151 2233 2118 10152 2235 2120 10153 2468 2340 10154 2235 2120 10155 2236 2122 10156 2468 2340 10157 2237 2341 10158 2238 2341 10159 2469 2341 10160 2469 1602 10161 2238 1602 10162 2470 1602 10163 2239 2126 10164 2240 2129 10165 2471 2342 10166 2240 2129 10167 2242 2343 10168 2471 2342 10169 2242 2343 10170 2244 2344 10171 2471 2342 10172 2244 2344 10173 2246 2345 10174 2471 2342 10175 2471 2342 10176 2246 2345 10177 2472 2346 10178 2247 2133 10179 2248 2134 10180 2473 2347 10181 2473 2347 10182 2248 2134 10183 2475 2348 10184 2475 2348 10185 2248 2134 10186 2476 2349 10187 2248 2134 10188 2249 2135 10189 2476 2349 10190 2477 2350 10191 2476 2349 10192 2478 2351 10193 2476 2349 10194 2249 2135 10195 2478 2351 10196 2250 1602 10197 2251 1602 10198 2479 1602 10199 2479 2352 10200 2251 2352 10201 2480 2352 10202 2252 2137 10203 2253 2138 10204 2481 2353 10205 2253 2138 10206 2254 2139 10207 2481 2353 10208 2481 2353 10209 2254 2139 10210 2483 2354 10211 2254 2139 10212 2255 2140 10213 2483 2354 10214 2483 2354 10215 2255 2140 10216 2485 2355 10217 2255 2140 10218 2256 2141 10219 2485 2355 10220 2485 2355 10221 2256 2141 10222 2487 2356 10223 2487 2356 10224 2256 2141 10225 2488 2357 10226 2256 2141 10227 2257 2142 10228 2488 2357 10229 2257 2142 10230 2258 2143 10231 2488 2357 10232 2488 2357 10233 2258 2143 10234 2489 2358 10235 2258 2143 10236 2259 2144 10237 2489 2358 10238 2489 2358 10239 2259 2144 10240 2490 2359 10241 2259 2144 10242 2260 2145 10243 2490 2359 10244 2490 2359 10245 2260 2145 10246 2491 2360 10247 2260 2145 10248 2261 2146 10249 2491 2360 10250 2491 2360 10251 2261 2146 10252 2492 2361 10253 2261 2146 10254 2262 2147 10255 2492 2361 10256 2492 2361 10257 2262 2147 10258 2493 2362 10259 2262 2147 10260 2263 2148 10261 2493 2362 10262 2493 2362 10263 2263 2148 10264 2494 2363 10265 2494 2363 10266 2263 2148 10267 2495 2364 10268 2263 2148 10269 2264 2149 10270 2495 2364 10271 2264 2149 10272 2265 2151 10273 2495 2364 10274 2495 2364 10275 2265 2151 10276 2496 2365 10277 2496 2365 10278 2265 2151 10279 2497 2366 10280 2265 2151 10281 2266 2153 10282 2497 2366 10283 2266 2153 10284 2268 2367 10285 2497 2366 10286 2497 2366 10287 2268 2367 10288 2498 2368 10289 2268 2367 10290 2270 2369 10291 2498 2368 10292 2270 2369 10293 2272 2159 10294 2498 2368 10295 2498 2368 10296 2272 2159 10297 2499 2370 10298 2272 2159 10299 2273 2160 10300 2499 2370 10301 2499 2370 10302 2273 2160 10303 2500 2371 10304 2274 2161 10305 2275 2162 10306 2501 2372 10307 2501 2372 10308 2275 2162 10309 2503 2373 10310 2275 2162 10311 2276 2163 10312 2503 2373 10313 2503 2373 10314 2276 2163 10315 2505 2374 10316 2276 2163 10317 2277 2164 10318 2505 2374 10319 2505 2374 10320 2277 2164 10321 2506 2375 10322 2277 2164 10323 2278 2165 10324 2506 2375 10325 2506 2375 10326 2278 2165 10327 2507 2376 10328 2507 2376 10329 2278 2165 10330 2509 2377 10331 2509 2377 10332 2278 2165 10333 2511 2378 10334 2511 2378 10335 2278 2165 10336 2512 2379 10337 2278 2165 10338 2279 2166 10339 2512 2379 10340 2279 2166 10341 2280 2167 10342 2512 2379 10343 2512 2379 10344 2280 2167 10345 2513 2380 10346 2513 2380 10347 2280 2167 10348 2514 2381 10349 2280 2167 10350 2281 2168 10351 2514 2381 10352 2281 2168 10353 2282 2170 10354 2514 2381 10355 2514 2381 10356 2282 2170 10357 2515 2382 10358 2515 2382 10359 2282 2170 10360 2516 2383 10361 2282 2170 10362 2283 2173 10363 2516 2383 10364 2516 2383 10365 2283 2173 10366 2517 2384 10367 2284 2174 10368 2285 2175 10369 2518 2385 10370 2285 2175 10371 2287 2386 10372 2518 2385 10373 2287 2386 10374 2289 2387 10375 2518 2385 10376 2518 2385 10377 2289 2387 10378 2520 2388 10379 2289 2387 10380 2291 2389 10381 2520 2388 10382 2520 2388 10383 2291 2389 10384 2522 2390 10385 2291 2389 10386 2293 2391 10387 2522 2390 10388 2522 2390 10389 2293 2391 10390 2524 2392 10391 2293 2391 10392 2295 2393 10393 2524 2392 10394 2524 2392 10395 2295 2393 10396 2526 2394 10397 2295 2393 10398 2297 2395 10399 2526 2394 10400 2297 2395 10401 2299 2396 10402 2526 2394 10403 2526 2394 10404 2299 2396 10405 2528 2397 10406 2528 2397 10407 2299 2396 10408 2529 2398 10409 2300 2183 10410 2301 2184 10411 2530 2399 10412 2301 2184 10413 2302 2185 10414 2530 2399 10415 2530 2399 10416 2302 2185 10417 2532 2400 10418 2302 2185 10419 2303 2186 10420 2532 2400 10421 2532 2400 10422 2303 2186 10423 2534 2401 10424 2534 2401 10425 2303 2186 10426 2536 2402 10427 2536 2402 10428 2303 2186 10429 2538 2403 10430 2303 2186 10431 2304 2187 10432 2538 2403 10433 2538 2403 10434 2304 2187 10435 2540 2404 10436 2304 2187 10437 2305 2188 10438 2540 2404 10439 2540 2404 10440 2305 2188 10441 2542 2405 10442 2305 2188 10443 2306 2189 10444 2542 2405 10445 2542 2405 10446 2306 2189 10447 2544 2406 10448 2544 2406 10449 2306 2189 10450 2546 2407 10451 2546 2407 10452 2306 2189 10453 2548 2408 10454 2306 2189 10455 2307 2190 10456 2548 2408 10457 2548 2408 10458 2307 2190 10459 2550 2409 10460 2307 2190 10461 2308 2191 10462 2550 2409 10463 2550 2409 10464 2308 2191 10465 2552 2410 10466 2308 2191 10467 2309 2192 10468 2552 2410 10469 2552 2410 10470 2309 2192 10471 2554 2411 10472 2309 2192 10473 2310 2193 10474 2554 2411 10475 2554 2411 10476 2310 2193 10477 2556 2412 10478 2556 2412 10479 2310 2193 10480 2558 2413 10481 2558 2413 10482 2310 2193 10483 2560 2414 10484 2310 2193 10485 2311 2194 10486 2560 2414 10487 2560 2414 10488 2311 2194 10489 2562 2415 10490 2311 2194 10491 2312 2195 10492 2562 2415 10493 2562 2415 10494 2312 2195 10495 2564 2416 10496 2312 2195 10497 2313 2196 10498 2564 2416 10499 2564 2416 10500 2313 2196 10501 2566 2417 10502 2566 2417 10503 2313 2196 10504 2568 2418 10505 2568 2418 10506 2313 2196 10507 2570 2419 10508 2313 2196 10509 2314 2197 10510 2570 2419 10511 2570 2419 10512 2314 2197 10513 2572 2420 10514 2314 2197 10515 2315 2198 10516 2572 2420 10517 2572 2420 10518 2315 2198 10519 2574 2421 10520 2315 2198 10521 2316 2199 10522 2574 2421 10523 2574 2421 10524 2316 2199 10525 2576 2422 10526 2576 2422 10527 2316 2199 10528 2578 2423 10529 2316 2199 10530 2317 2200 10531 2578 2423 10532 2578 2423 10533 2317 2200 10534 2580 2424 10535 2580 2424 10536 2317 2200 10537 2582 2425 10538 2582 2425 10539 2317 2200 10540 2583 2426 10541 2317 2200 10542 2318 2201 10543 2583 2426 10544 2318 2201 10545 2319 2202 10546 2583 2426 10547 2584 2427 10548 2320 2203 10549 2585 2428 10550 2320 2203 10551 2322 2205 10552 2585 2428 10553 2586 2429 10554 2321 2430 10555 2587 2431 10556 2587 2431 10557 2321 2430 10558 2588 2432 10559 2321 2430 10560 2323 2433 10561 2588 2432 10562 2588 2432 10563 2323 2433 10564 2589 2434 10565 2323 2433 10566 2325 2435 10567 2589 2434 10568 2326 2436 10569 2328 2437 10570 2589 2434 10571 2328 2437 10572 2330 2438 10573 2589 2434 10574 2589 2434 10575 2330 2438 10576 2590 2439 10577 2330 2438 10578 2333 2215 10579 2590 2439 10580 2333 2215 10581 2334 2217 10582 2590 2439 10583 2590 2439 10584 2334 2217 10585 2591 2440 10586 2591 2440 10587 2334 2217 10588 2592 2441 10589 2334 2217 10590 2335 2218 10591 2592 2441 10592 2335 2218 10593 2336 2221 10594 2592 2441 10595 2592 2441 10596 2336 2221 10597 2593 2442 10598 2593 2442 10599 2336 2221 10600 2594 2443 10601 2336 2221 10602 2337 2222 10603 2594 2443 10604 2337 2222 10605 2338 2223 10606 2594 2443 10607 2594 2443 10608 2338 2223 10609 2595 2444 10610 2595 2444 10611 2338 2223 10612 2596 2445 10613 2596 2445 10614 2338 2223 10615 2598 2446 10616 2338 2223 10617 2339 2224 10618 2598 2446 10619 2598 2446 10620 2339 2224 10621 2600 2447 10622 2600 2447 10623 2339 2224 10624 2602 2448 10625 2602 2448 10626 2339 2224 10627 2604 2449 10628 2339 2224 10629 2340 2225 10630 2604 2449 10631 2604 2449 10632 2340 2225 10633 2605 2450 10634 2340 2225 10635 2341 2226 10636 2605 2450 10637 2341 2226 10638 2342 2227 10639 2605 2450 10640 2606 2451 10641 2342 2227 10642 2608 2452 10643 2608 2452 10644 2342 2227 10645 2610 2453 10646 2342 2227 10647 2343 2228 10648 2610 2453 10649 2610 2453 10650 2343 2228 10651 2612 2454 10652 2343 2228 10653 2344 2455 10654 2612 2454 10655 2612 2454 10656 2344 2455 10657 2613 2456 10658 2344 2455 10659 2346 2457 10660 2613 2456 10661 2613 2456 10662 2346 2457 10663 2614 2458 10664 2346 2457 10665 2348 2459 10666 2614 2458 10667 2614 2458 10668 2348 2459 10669 2616 2460 10670 2348 2459 10671 2350 2232 10672 2616 2460 10673 2616 2460 10674 2350 2232 10675 2618 2461 10676 2350 2232 10677 2351 2233 10678 2618 2461 10679 2618 2461 10680 2351 2233 10681 2620 2462 10682 2351 2233 10683 2352 2463 10684 2620 2462 10685 2620 2462 10686 2352 2463 10687 2622 2464 10688 2352 2463 10689 2354 2465 10690 2622 2464 10691 2622 2464 10692 2354 2465 10693 2624 2466 10694 2354 2465 10695 2356 2467 10696 2624 2466 10697 2624 2466 10698 2356 2467 10699 2625 2468 10700 2356 2467 10701 2358 2237 10702 2625 2468 10703 2625 2468 10704 2358 2237 10705 2626 2469 10706 2358 2237 10707 2359 2238 10708 2626 2469 10709 2626 2469 10710 2359 2238 10711 2627 2470 10712 2359 2238 10713 2361 2240 10714 2627 2470 10715 2361 2240 10716 2363 2242 10717 2627 2470 10718 2628 2471 10719 2362 2472 10720 2629 2473 10721 2362 2472 10722 2364 2474 10723 2629 2473 10724 2629 2473 10725 2364 2474 10726 2630 2475 10727 2364 2474 10728 2366 2476 10729 2630 2475 10730 2366 2476 10731 2369 2247 10732 2630 2475 10733 2369 2247 10734 2370 2248 10735 2630 2475 10736 2630 2475 10737 2370 2248 10738 2631 2477 10739 2370 2248 10740 2371 2249 10741 2631 2477 10742 2631 2477 10743 2371 2249 10744 2632 2478 10745 2632 2478 10746 2371 2249 10747 2633 2479 10748 2371 2249 10749 2372 2250 10750 2633 2479 10751 2372 2250 10752 2373 2251 10753 2633 2479 10754 2633 2479 10755 2373 2251 10756 2635 2480 10757 2635 2480 10758 2373 2251 10759 2636 2481 10760 2373 2251 10761 2374 2252 10762 2636 2481 10763 2374 2252 10764 2376 2253 10765 2636 2481 10766 2637 1602 10767 2375 1602 10768 2639 1602 10769 2375 2482 10770 2377 2482 10771 2639 2482 10772 2639 1602 10773 2377 1602 10774 2640 1602 10775 2377 1602 10776 2380 1602 10777 2640 1602 10778 2380 2483 10779 2381 2483 10780 2640 2483 10781 2642 2484 10782 2641 2485 10783 2643 2486 10784 2641 2485 10785 2382 2259 10786 2643 2486 10787 2382 2259 10788 2383 2258 10789 2643 2486 10790 2645 2487 10791 2643 2486 10792 2647 2488 10793 2643 2486 10794 2383 2258 10795 2647 2488 10796 2647 2488 10797 2383 2258 10798 2648 2489 10799 2383 2258 10800 2384 2260 10801 2648 2489 10802 2384 2260 10803 2386 2261 10804 2648 2489 10805 2649 2490 10806 2385 2491 10807 2650 2492 10808 2385 2491 10809 2387 2493 10810 2650 2492 10811 2387 2493 10812 2390 2264 10813 2650 2492 10814 2390 2264 10815 2391 2266 10816 2650 2492 10817 2651 2494 10818 2392 2494 10819 2652 2494 10820 2392 1602 10821 2393 1602 10822 2652 1602 10823 2394 2270 10824 2395 2271 10825 2653 2495 10826 2395 2271 10827 2397 2496 10828 2653 2495 10829 2397 2496 10830 2399 2497 10831 2653 2495 10832 2653 2495 10833 2399 2497 10834 2654 2498 10835 2400 2274 10836 2401 2275 10837 2655 2499 10838 2655 2499 10839 2401 2275 10840 2657 2500 10841 2657 2500 10842 2401 2275 10843 2658 2501 10844 2401 2275 10845 2402 2276 10846 2658 2501 10847 2658 2501 10848 2402 2276 10849 2659 2502 10850 2402 2276 10851 2403 2277 10852 2659 2502 10853 2403 2277 10854 2404 2279 10855 2659 2502 10856 2659 2502 10857 2404 2279 10858 2660 2503 10859 2660 2503 10860 2404 2279 10861 2661 2504 10862 2404 2279 10863 2405 2280 10864 2661 2504 10865 2661 2504 10866 2405 2280 10867 2662 2505 10868 2406 1602 10869 2407 1602 10870 2663 1602 10871 2407 2506 10872 2409 2506 10873 2663 2506 10874 2663 2507 10875 2409 2507 10876 2664 2507 10877 2410 2283 10878 2411 2284 10879 2665 2508 10880 2411 2284 10881 2412 2285 10882 2665 2508 10883 2665 2508 10884 2412 2285 10885 2667 2509 10886 2667 2509 10887 2412 2285 10888 2668 2510 10889 2412 2285 10890 2413 2286 10891 2668 2510 10892 2413 2286 10893 2414 2287 10894 2668 2510 10895 2668 2510 10896 2414 2287 10897 2669 2511 10898 2669 2511 10899 2414 2287 10900 2670 2512 10901 2414 2287 10902 2415 2288 10903 2670 2512 10904 2415 2288 10905 2416 2289 10906 2670 2512 10907 2670 2512 10908 2416 2289 10909 2671 2513 10910 2671 2513 10911 2416 2289 10912 2672 2514 10913 2416 2289 10914 2417 2290 10915 2672 2514 10916 2672 2514 10917 2417 2290 10918 2673 2515 10919 2417 2290 10920 2418 2291 10921 2673 2515 10922 2673 2515 10923 2418 2291 10924 2674 2516 10925 2418 2291 10926 2419 2292 10927 2674 2516 10928 2419 2292 10929 2675 2517 10930 2674 2516 10931 2674 2516 10932 2675 2517 10933 2676 2518 10934 2675 2517 10935 2677 2519 10936 2676 2518 10937 2676 2518 10938 2677 2519 10939 2678 2520 10940 2678 2520 10941 2677 2519 10942 2679 2521 10943 2681 2522 10944 2679 2521 10945 2683 2523 10946 2679 2521 10947 2677 2519 10948 2683 2523 10949 2683 2523 10950 2677 2519 10951 2685 2524 10952 2677 2519 10953 2675 2517 10954 2685 2524 10955 2685 2524 10956 2675 2517 10957 2687 2525 10958 2675 2517 10959 2419 2292 10960 2687 2525 10961 2687 2525 10962 2419 2292 10963 2689 2526 10964 2419 2292 10965 2420 2293 10966 2689 2526 10967 2689 2526 10968 2420 2293 10969 2691 2527 10970 2420 2293 10971 2421 2294 10972 2691 2527 10973 2691 2527 10974 2421 2294 10975 2693 2528 10976 2421 2294 10977 2422 2295 10978 2693 2528 10979 2693 2528 10980 2422 2295 10981 2695 2529 10982 2422 2295 10983 2423 2296 10984 2695 2529 10985 2695 2529 10986 2423 2296 10987 2697 2530 10988 2423 2296 10989 2424 2297 10990 2697 2530 10991 2697 2530 10992 2424 2297 10993 2699 2531 10994 2424 2297 10995 2425 2298 10996 2699 2531 10997 2699 2531 10998 2425 2298 10999 2701 2532 11000 2425 2298 11001 2426 2299 11002 2701 2532 11003 2701 2532 11004 2426 2299 11005 2703 2533 11006 2426 2299 11007 2427 2300 11008 2703 2533 11009 2703 2533 11010 2427 2300 11011 2705 2534 11012 2427 2300 11013 2428 2301 11014 2705 2534 11015 2705 2534 11016 2428 2301 11017 2707 2535 11018 2428 2301 11019 2429 2302 11020 2707 2535 11021 2707 2535 11022 2429 2302 11023 2709 2536 11024 2429 2302 11025 2430 2303 11026 2709 2536 11027 2709 2536 11028 2430 2303 11029 2711 2537 11030 2430 2303 11031 2431 2304 11032 2711 2537 11033 2711 2537 11034 2431 2304 11035 2713 2538 11036 2431 2304 11037 2432 2305 11038 2713 2538 11039 2713 2538 11040 2432 2305 11041 2715 2539 11042 2432 2305 11043 2433 2306 11044 2715 2539 11045 2715 2539 11046 2433 2306 11047 2717 2540 11048 2433 2306 11049 2434 2307 11050 2717 2540 11051 2717 2540 11052 2434 2307 11053 2719 2541 11054 2434 2307 11055 2435 2308 11056 2719 2541 11057 2719 2541 11058 2435 2308 11059 2721 2542 11060 2435 2308 11061 2436 2309 11062 2721 2542 11063 2721 2542 11064 2436 2309 11065 2723 2543 11066 2436 2309 11067 2437 2310 11068 2723 2543 11069 2723 2543 11070 2437 2310 11071 2725 2544 11072 2437 2310 11073 2438 2311 11074 2725 2544 11075 2725 2544 11076 2438 2311 11077 2727 2545 11078 2438 2311 11079 2439 2312 11080 2727 2545 11081 2727 2545 11082 2439 2312 11083 2729 2546 11084 2439 2312 11085 2440 2313 11086 2729 2546 11087 2729 2546 11088 2440 2313 11089 2731 2547 11090 2440 2313 11091 2441 2314 11092 2731 2547 11093 2731 2547 11094 2441 2314 11095 2733 2548 11096 2441 2314 11097 2442 2315 11098 2733 2548 11099 2733 2548 11100 2442 2315 11101 2735 2549 11102 2442 2315 11103 2443 2316 11104 2735 2549 11105 2735 2549 11106 2443 2316 11107 2737 2550 11108 2443 2316 11109 2444 2317 11110 2737 2550 11111 2737 2550 11112 2444 2317 11113 2739 2551 11114 2444 2317 11115 2445 2318 11116 2739 2551 11117 2739 2551 11118 2445 2318 11119 2741 2552 11120 2445 2318 11121 2446 2319 11122 2741 2552 11123 2741 2552 11124 2446 2319 11125 2743 2553 11126 2446 2319 11127 2447 2320 11128 2743 2553 11129 2743 2553 11130 2447 2320 11131 2745 2554 11132 2747 2555 11133 2745 2554 11134 2748 2556 11135 2745 2554 11136 2447 2320 11137 2748 2556 11138 2748 2556 11139 2447 2320 11140 2749 2557 11141 2447 2320 11142 2448 2321 11143 2749 2557 11144 2749 2557 11145 2448 2321 11146 2750 2558 11147 2448 2321 11148 2449 2322 11149 2750 2558 11150 2750 2558 11151 2449 2322 11152 2751 2559 11153 2449 2322 11154 2450 2323 11155 2751 2559 11156 2751 2559 11157 2450 2323 11158 2752 2560 11159 2450 2323 11160 2451 2324 11161 2752 2560 11162 2752 2560 11163 2451 2324 11164 2753 2561 11165 2753 2561 11166 2451 2324 11167 2754 2562 11168 2451 2324 11169 2452 2325 11170 2754 2562 11171 2452 2325 11172 2453 2326 11173 2754 2562 11174 2754 2562 11175 2453 2326 11176 2755 2563 11177 2453 2326 11178 2455 2327 11179 2755 2563 11180 2756 1602 11181 2454 1602 11182 2758 1602 11183 2758 1602 11184 2454 1602 11185 2759 1602 11186 2454 1602 11187 2457 1602 11188 2759 1602 11189 2457 2564 11190 2458 2564 11191 2759 2564 11192 2760 2565 11193 2459 2330 11194 2761 2566 11195 2459 2330 11196 2460 2332 11197 2761 2566 11198 2761 2566 11199 2460 2332 11200 2762 2567 11201 2762 2567 11202 2460 2332 11203 2763 2568 11204 2460 2332 11205 2461 2333 11206 2763 2568 11207 2763 2568 11208 2461 2333 11209 2764 2569 11210 2461 2333 11211 2462 2335 11212 2764 2569 11213 2462 2335 11214 2463 2336 11215 2764 2569 11216 2764 2569 11217 2463 2336 11218 2765 2570 11219 2463 2336 11220 2464 2337 11221 2765 2570 11222 2767 2571 11223 2765 2570 11224 2769 2572 11225 2765 2570 11226 2464 2337 11227 2769 2572 11228 2769 2572 11229 2464 2337 11230 2770 2573 11231 2464 2337 11232 2466 2338 11233 2770 2573 11234 2771 2574 11235 2465 2575 11236 2772 2576 11237 2465 2575 11238 2467 2339 11239 2772 2576 11240 2467 2339 11241 2468 2340 11242 2772 2576 11243 2773 1602 11244 2469 1602 11245 2774 1602 11246 2469 2577 11247 2470 2577 11248 2774 2577 11249 2471 2342 11250 2472 2346 11251 2775 2578 11252 2472 2346 11253 2474 2579 11254 2775 2578 11255 2775 2578 11256 2474 2579 11257 2776 2580 11258 2475 2348 11259 2476 2349 11260 2777 2581 11261 2476 2349 11262 2477 2350 11263 2777 2581 11264 2777 2581 11265 2477 2350 11266 2779 2582 11267 2779 2582 11268 2477 2350 11269 2781 2583 11270 2781 2583 11271 2477 2350 11272 2782 2584 11273 2477 2350 11274 2478 2351 11275 2782 2584 11276 2783 2585 11277 2782 2584 11278 2784 2586 11279 2782 2584 11280 2478 2351 11281 2784 2586 11282 2479 2587 11283 2480 2587 11284 2785 2587 11285 2480 2588 11286 2482 2588 11287 2785 2588 11288 2482 1602 11289 2484 1602 11290 2785 1602 11291 2785 1602 11292 2484 1602 11293 2787 1602 11294 2484 2589 11295 2486 2589 11296 2787 2589 11297 2787 2590 11298 2486 2590 11299 2788 2590 11300 2487 2356 11301 2488 2357 11302 2789 2591 11303 2488 2357 11304 2489 2358 11305 2789 2591 11306 2789 2591 11307 2489 2358 11308 2791 2592 11309 2489 2358 11310 2490 2359 11311 2791 2592 11312 2791 2592 11313 2490 2359 11314 2793 2593 11315 2490 2359 11316 2491 2360 11317 2793 2593 11318 2793 2593 11319 2491 2360 11320 2795 2594 11321 2491 2360 11322 2492 2361 11323 2795 2594 11324 2795 2594 11325 2492 2361 11326 2796 2595 11327 2492 2361 11328 2493 2362 11329 2796 2595 11330 2796 2595 11331 2493 2362 11332 2798 2596 11333 2493 2362 11334 2494 2363 11335 2798 2596 11336 2798 2596 11337 2494 2363 11338 2800 2597 11339 2800 2597 11340 2494 2363 11341 2801 2598 11342 2494 2363 11343 2495 2364 11344 2801 2598 11345 2495 2364 11346 2496 2365 11347 2801 2598 11348 2801 2598 11349 2496 2365 11350 2802 2599 11351 2802 2599 11352 2496 2365 11353 2803 2600 11354 2496 2365 11355 2497 2366 11356 2803 2600 11357 2497 2366 11358 2498 2368 11359 2803 2600 11360 2803 2600 11361 2498 2368 11362 2804 2601 11363 2804 2601 11364 2498 2368 11365 2805 2602 11366 2498 2368 11367 2499 2370 11368 2805 2602 11369 2805 2602 11370 2499 2370 11371 2806 2603 11372 2499 2370 11373 2500 2371 11374 2807 2604 11375 2807 2604 11376 2500 2371 11377 2809 2605 11378 2500 2371 11379 2502 2606 11380 2809 2605 11381 2809 2605 11382 2502 2606 11383 2811 2607 11384 2502 2606 11385 2504 2608 11386 2811 2607 11387 2811 2607 11388 2504 2608 11389 2813 2609 11390 2504 2608 11391 2506 2375 11392 2813 2609 11393 2506 2375 11394 2507 2376 11395 2813 2609 11396 2813 2609 11397 2507 2376 11398 2815 2610 11399 2507 2376 11400 2508 2611 11401 2815 2610 11402 2815 2610 11403 2508 2611 11404 2816 2612 11405 2508 2611 11406 2510 2613 11407 2816 2612 11408 2816 2612 11409 2510 2613 11410 2817 2614 11411 2817 2614 11412 2510 2613 11413 2818 2615 11414 2511 2378 11415 2512 2379 11416 2819 2616 11417 2512 2379 11418 2513 2380 11419 2819 2616 11420 2819 2616 11421 2513 2380 11422 2820 2617 11423 2822 2618 11424 2823 2619 11425 2824 2620 11426 2823 2619 11427 2820 2617 11428 2824 2620 11429 2820 2617 11430 2513 2380 11431 2824 2620 11432 2513 2380 11433 2514 2381 11434 2824 2620 11435 2514 2381 11436 2515 2382 11437 2824 2620 11438 2824 2620 11439 2515 2382 11440 2825 2621 11441 2825 2621 11442 2515 2382 11443 2826 2622 11444 2515 2382 11445 2516 2383 11446 2826 2622 11447 2826 2622 11448 2516 2383 11449 2827 2623 11450 2516 2383 11451 2517 2384 11452 2827 2623 11453 2517 2384 11454 2519 2624 11455 2827 2623 11456 2827 2623 11457 2519 2624 11458 2828 2625 11459 2519 2624 11460 2521 2626 11461 2828 2625 11462 2521 2626 11463 2523 2627 11464 2828 2625 11465 2523 2627 11466 2525 2628 11467 2828 2625 11468 2828 2625 11469 2525 2628 11470 2829 2629 11471 2525 2628 11472 2527 2630 11473 2829 2629 11474 2829 2629 11475 2527 2630 11476 2830 2631 11477 2830 2631 11478 2527 2630 11479 2831 2632 11480 2528 2397 11481 2529 2398 11482 2832 2633 11483 2832 2633 11484 2529 2398 11485 2834 2634 11486 2529 2398 11487 2531 2635 11488 2834 2634 11489 2531 2635 11490 2533 2636 11491 2834 2634 11492 2834 2634 11493 2533 2636 11494 2837 2637 11495 2533 2636 11496 2535 2638 11497 2837 2637 11498 2837 2637 11499 2535 2638 11500 2839 2639 11501 2535 2638 11502 2537 2640 11503 2839 2639 11504 2839 2639 11505 2537 2640 11506 2841 2641 11507 2537 2640 11508 2539 2642 11509 2841 2641 11510 2841 2641 11511 2539 2642 11512 2843 2643 11513 2539 2642 11514 2541 2644 11515 2843 2643 11516 2843 2643 11517 2541 2644 11518 2845 2645 11519 2541 2644 11520 2543 2646 11521 2845 2645 11522 2845 2645 11523 2543 2646 11524 2847 2647 11525 2543 2646 11526 2545 2648 11527 2847 2647 11528 2847 2647 11529 2545 2648 11530 2849 2649 11531 2545 2648 11532 2547 2650 11533 2849 2649 11534 2849 2649 11535 2547 2650 11536 2851 2651 11537 2547 2650 11538 2549 2652 11539 2851 2651 11540 2851 2651 11541 2549 2652 11542 2853 2653 11543 2549 2652 11544 2551 2654 11545 2853 2653 11546 2853 2653 11547 2551 2654 11548 2855 2655 11549 2551 2654 11550 2553 2656 11551 2855 2655 11552 2855 2655 11553 2553 2656 11554 2857 2657 11555 2857 2657 11556 2553 2656 11557 2859 2658 11558 2553 2656 11559 2555 2659 11560 2859 2658 11561 2859 2658 11562 2555 2659 11563 2861 2660 11564 2555 2659 11565 2557 2661 11566 2861 2660 11567 2861 2660 11568 2557 2661 11569 2863 2662 11570 2557 2661 11571 2559 2663 11572 2863 2662 11573 2863 2662 11574 2559 2663 11575 2865 2664 11576 2559 2663 11577 2561 2665 11578 2865 2664 11579 2865 2664 11580 2561 2665 11581 2867 2666 11582 2561 2665 11583 2563 2667 11584 2867 2666 11585 2867 2666 11586 2563 2667 11587 2869 2668 11588 2563 2667 11589 2565 2669 11590 2869 2668 11591 2869 2668 11592 2565 2669 11593 2871 2670 11594 2565 2669 11595 2567 2671 11596 2871 2670 11597 2871 2670 11598 2567 2671 11599 2873 2672 11600 2567 2671 11601 2569 2673 11602 2873 2672 11603 2873 2672 11604 2569 2673 11605 2875 2674 11606 2875 2674 11607 2569 2673 11608 2877 2675 11609 2569 2673 11610 2571 2676 11611 2877 2675 11612 2571 2676 11613 2573 2677 11614 2877 2675 11615 2877 2675 11616 2573 2677 11617 2879 2678 11618 2573 2677 11619 2575 2679 11620 2879 2678 11621 2879 2678 11622 2575 2679 11623 2881 2680 11624 2575 2679 11625 2577 2681 11626 2881 2680 11627 2881 2680 11628 2577 2681 11629 2883 2682 11630 2577 2681 11631 2579 2683 11632 2883 2682 11633 2883 2682 11634 2579 2683 11635 2884 2684 11636 2579 2683 11637 2581 2685 11638 2884 2684 11639 2581 2685 11640 2584 2427 11641 2884 2684 11642 2584 2427 11643 2585 2428 11644 2884 2684 11645 2885 2686 11646 2586 2429 11647 2886 2687 11648 2586 2429 11649 2587 2431 11650 2886 2687 11651 2886 2687 11652 2587 2431 11653 2887 2688 11654 2887 2688 11655 2587 2431 11656 2888 2689 11657 2587 2431 11658 2588 2432 11659 2888 2689 11660 2888 2689 11661 2588 2432 11662 2889 2690 11663 2588 2432 11664 2589 2434 11665 2889 2690 11666 2889 2690 11667 2589 2434 11668 2890 2691 11669 2589 2434 11670 2590 2439 11671 2890 2691 11672 2590 2439 11673 2591 2440 11674 2890 2691 11675 2890 2691 11676 2591 2440 11677 2891 2692 11678 2891 2692 11679 2591 2440 11680 2892 2693 11681 2591 2440 11682 2592 2441 11683 2892 2693 11684 2592 2441 11685 2593 2442 11686 2892 2693 11687 2892 2693 11688 2593 2442 11689 2894 2694 11690 2894 2694 11691 2593 2442 11692 2895 2695 11693 2593 2442 11694 2594 2443 11695 2895 2695 11696 2594 2443 11697 2595 2444 11698 2895 2695 11699 2896 2696 11700 2595 2444 11701 2898 2697 11702 2595 2444 11703 2596 2445 11704 2898 2697 11705 2898 2697 11706 2596 2445 11707 2900 2698 11708 2596 2445 11709 2597 2699 11710 2900 2698 11711 2900 2698 11712 2597 2699 11713 2901 2700 11714 2597 2699 11715 2599 2701 11716 2901 2700 11717 2901 2700 11718 2599 2701 11719 2903 2702 11720 2599 2701 11721 2601 2703 11722 2903 2702 11723 2601 2703 11724 2603 2704 11725 2903 2702 11726 2903 2702 11727 2603 2704 11728 2905 2705 11729 2603 2704 11730 2606 2451 11731 2905 2705 11732 2606 2451 11733 2608 2452 11734 2905 2705 11735 2906 2706 11736 2904 2707 11737 2907 2708 11738 2907 2708 11739 2904 2707 11740 2908 2709 11741 2904 2707 11742 2607 2710 11743 2908 2709 11744 2908 2709 11745 2607 2710 11746 2909 2711 11747 2607 2710 11748 2609 2712 11749 2909 2711 11750 2909 2711 11751 2609 2712 11752 2910 2713 11753 2609 2712 11754 2611 2714 11755 2910 2713 11756 2611 2714 11757 2613 2456 11758 2910 2713 11759 2613 2456 11760 2614 2458 11761 2910 2713 11762 2910 2713 11763 2614 2458 11764 2911 2715 11765 2614 2458 11766 2615 2716 11767 2911 2715 11768 2911 2715 11769 2615 2716 11770 2912 2717 11771 2615 2716 11772 2617 2718 11773 2912 2717 11774 2617 2718 11775 2619 2719 11776 2912 2717 11777 2912 2717 11778 2619 2719 11779 2913 2720 11780 2619 2719 11781 2621 2721 11782 2913 2720 11783 2913 2720 11784 2621 2721 11785 2914 2722 11786 2621 2721 11787 2623 2723 11788 2914 2722 11789 2623 2723 11790 2625 2468 11791 2914 2722 11792 2625 2468 11793 2626 2469 11794 2914 2722 11795 2914 2722 11796 2626 2469 11797 2915 2724 11798 2626 2469 11799 2628 2471 11800 2915 2724 11801 2628 2471 11802 2629 2473 11803 2915 2724 11804 2915 2724 11805 2629 2473 11806 2916 2725 11807 2916 2725 11808 2629 2473 11809 2917 2726 11810 2629 2473 11811 2630 2475 11812 2917 2726 11813 2630 2475 11814 2631 2477 11815 2917 2726 11816 2917 2726 11817 2631 2477 11818 2918 2727 11819 2631 2477 11820 2632 2478 11821 2918 2727 11822 2918 2727 11823 2632 2478 11824 2920 2728 11825 2920 2728 11826 2632 2478 11827 2921 2729 11828 2632 2478 11829 2633 2479 11830 2921 2729 11831 2633 2479 11832 2635 2480 11833 2921 2729 11834 2922 1602 11835 2634 1602 11836 2923 1602 11837 2634 1602 11838 2637 1602 11839 2923 1602 11840 2637 2730 11841 2639 2730 11842 2923 2730 11843 2924 2731 11844 2638 2732 11845 2925 2733 11846 2925 2733 11847 2638 2732 11848 2926 2734 11849 2926 2734 11850 2638 2732 11851 2927 2735 11852 2638 2732 11853 2641 2485 11854 2927 2735 11855 2641 2485 11856 2642 2484 11857 2927 2735 11858 2927 2735 11859 2642 2484 11860 2929 2736 11861 2929 2736 11862 2642 2484 11863 2930 2737 11864 2642 2484 11865 2643 2486 11866 2930 2737 11867 2643 2486 11868 2645 2487 11869 2930 2737 11870 2931 2738 11871 2644 2739 11872 2932 2740 11873 2644 2739 11874 2646 2741 11875 2932 2740 11876 2646 2741 11877 2649 2490 11878 2932 2740 11879 2649 2490 11880 2650 2492 11881 2932 2740 11882 2933 2742 11883 2651 2742 11884 2934 2742 11885 2651 1602 11886 2652 1602 11887 2934 1602 11888 2653 2495 11889 2654 2498 11890 2935 2743 11891 2654 2498 11892 2656 2744 11893 2935 2743 11894 2935 2743 11895 2656 2744 11896 2936 2745 11897 2657 2500 11898 2658 2501 11899 2936 2745 11900 2937 2746 11901 2936 2745 11902 2938 2747 11903 2936 2745 11904 2658 2501 11905 2938 2747 11906 2658 2501 11907 2659 2502 11908 2938 2747 11909 2659 2502 11910 2660 2503 11911 2938 2747 11912 2938 2747 11913 2660 2503 11914 2939 2748 11915 2939 2748 11916 2660 2503 11917 2940 2749 11918 2660 2503 11919 2661 2504 11920 2940 2749 11921 2940 2749 11922 2661 2504 11923 2941 2750 11924 2661 2504 11925 2662 2505 11926 2941 2750 11927 2941 2750 11928 2662 2505 11929 2942 2751 11930 2663 1602 11931 2664 1602 11932 2943 1602 11933 2664 1602 11934 2666 1602 11935 2943 1602 11936 2943 2752 11937 2666 2752 11938 2945 2752 11939 2945 2753 11940 2666 2753 11941 2946 2753 11942 2667 2509 11943 2668 2510 11944 2947 2754 11945 2668 2510 11946 2669 2511 11947 2947 2754 11948 2947 2754 11949 2669 2511 11950 2949 2755 11951 2949 2755 11952 2669 2511 11953 2950 2756 11954 2669 2511 11955 2670 2512 11956 2950 2756 11957 2670 2512 11958 2671 2513 11959 2950 2756 11960 2950 2756 11961 2671 2513 11962 2951 2757 11963 2951 2757 11964 2671 2513 11965 2952 2758 11966 2671 2513 11967 2672 2514 11968 2952 2758 11969 2952 2758 11970 2672 2514 11971 2953 2759 11972 2672 2514 11973 2673 2515 11974 2953 2759 11975 2953 2759 11976 2673 2515 11977 2954 2760 11978 2673 2515 11979 2674 2516 11980 2954 2760 11981 2674 2516 11982 2676 2518 11983 2954 2760 11984 2954 2760 11985 2676 2518 11986 2955 2761 11987 2676 2518 11988 2678 2520 11989 2955 2761 11990 2955 2761 11991 2678 2520 11992 2956 2762 11993 2956 2762 11994 2678 2520 11995 2957 2763 11996 2678 2520 11997 2679 2521 11998 2957 2763 11999 2957 2763 12000 2679 2521 12001 2958 2764 12002 2679 2521 12003 2681 2522 12004 2958 2764 12005 2681 2522 12006 2960 2765 12007 2958 2764 12008 2958 2764 12009 2960 2765 12010 2961 2766 12011 2961 2766 12012 2960 2765 12013 2962 2767 12014 2964 2768 12015 2963 2768 12016 2965 2768 12017 2963 2769 12018 2959 2769 12019 2965 2769 12020 2959 2770 12021 2680 2770 12022 2965 2770 12023 2680 1602 12024 2682 1602 12025 2965 1602 12026 2965 1602 12027 2682 1602 12028 2966 1602 12029 2682 1602 12030 2684 1602 12031 2966 1602 12032 2684 1602 12033 2686 1602 12034 2966 1602 12035 2966 1602 12036 2686 1602 12037 2967 1602 12038 2686 1602 12039 2688 1602 12040 2967 1602 12041 2688 1602 12042 2690 1602 12043 2967 1602 12044 2967 1602 12045 2690 1602 12046 2968 1602 12047 2690 1602 12048 2692 1602 12049 2968 1602 12050 2692 1602 12051 2694 1602 12052 2968 1602 12053 2968 1602 12054 2694 1602 12055 2969 1602 12056 2694 1602 12057 2696 1602 12058 2969 1602 12059 2696 2771 12060 2698 2771 12061 2969 2771 12062 2969 2772 12063 2698 2772 12064 2970 2772 12065 2698 1602 12066 2700 1602 12067 2970 1602 12068 2700 1602 12069 2702 1602 12070 2970 1602 12071 2702 1602 12072 2704 1602 12073 2970 1602 12074 2970 2773 12075 2704 2773 12076 2971 2773 12077 2704 2774 12078 2706 2774 12079 2971 2774 12080 2706 2775 12081 2708 2775 12082 2971 2775 12083 2971 2776 12084 2708 2776 12085 2972 2776 12086 2708 2777 12087 2710 2777 12088 2972 2777 12089 2710 1602 12090 2712 1602 12091 2972 1602 12092 2972 2778 12093 2712 2778 12094 2973 2778 12095 2712 2779 12096 2714 2779 12097 2973 2779 12098 2714 1602 12099 2716 1602 12100 2973 1602 12101 2973 1602 12102 2716 1602 12103 2974 1602 12104 2716 1602 12105 2718 1602 12106 2974 1602 12107 2718 1602 12108 2720 1602 12109 2974 1602 12110 2974 1602 12111 2720 1602 12112 2975 1602 12113 2720 2780 12114 2722 2780 12115 2975 2780 12116 2722 1602 12117 2724 1602 12118 2975 1602 12119 2975 2781 12120 2724 2781 12121 2976 2781 12122 2724 2782 12123 2726 2782 12124 2976 2782 12125 2726 2783 12126 2728 2783 12127 2976 2783 12128 2976 2784 12129 2728 2784 12130 2977 2784 12131 2728 2785 12132 2730 2785 12133 2977 2785 12134 2730 2786 12135 2732 2786 12136 2977 2786 12137 2977 1602 12138 2732 1602 12139 2978 1602 12140 2732 1602 12141 2734 1602 12142 2978 1602 12143 2734 1602 12144 2736 1602 12145 2978 1602 12146 2736 1602 12147 2738 1602 12148 2978 1602 12149 2978 1602 12150 2738 1602 12151 2979 1602 12152 2738 1602 12153 2740 1602 12154 2979 1602 12155 2740 1602 12156 2742 1602 12157 2979 1602 12158 2979 1602 12159 2742 1602 12160 2980 1602 12161 2742 1602 12162 2744 1602 12163 2980 1602 12164 2744 1602 12165 2746 1602 12166 2980 1602 12167 2980 1602 12168 2746 1602 12169 2981 1602 12170 2981 2787 12171 2746 2787 12172 2982 2787 12173 2983 2788 12174 2747 2555 12175 2984 2789 12176 2747 2555 12177 2748 2556 12178 2984 2789 12179 2984 2789 12180 2748 2556 12181 2985 2790 12182 2748 2556 12183 2749 2557 12184 2985 2790 12185 2985 2790 12186 2749 2557 12187 2986 2791 12188 2749 2557 12189 2750 2558 12190 2986 2791 12191 2986 2791 12192 2750 2558 12193 2987 2792 12194 2750 2558 12195 2751 2559 12196 2987 2792 12197 2987 2792 12198 2751 2559 12199 2988 2793 12200 2751 2559 12201 2752 2560 12202 2988 2793 12203 2988 2793 12204 2752 2560 12205 2989 2794 12206 2752 2560 12207 2753 2561 12208 2989 2794 12209 2989 2794 12210 2753 2561 12211 2991 2795 12212 2991 2795 12213 2753 2561 12214 2992 2796 12215 2753 2561 12216 2754 2562 12217 2992 2796 12218 2754 2562 12219 2755 2563 12220 2992 2796 12221 2993 2797 12222 2756 2797 12223 2994 2797 12224 2756 2798 12225 2758 2798 12226 2994 2798 12227 2995 2799 12228 2757 2800 12229 2996 2801 12230 2996 2801 12231 2757 2800 12232 2997 2802 12233 2757 2800 12234 2760 2565 12235 2997 2802 12236 2760 2565 12237 2761 2566 12238 2997 2802 12239 2997 2802 12240 2761 2566 12241 2998 2803 12242 2761 2566 12243 2762 2567 12244 2998 2803 12245 2998 2803 12246 2762 2567 12247 2999 2804 12248 2999 2804 12249 2762 2567 12250 3000 2805 12251 2762 2567 12252 2763 2568 12253 3000 2805 12254 3000 2805 12255 2763 2568 12256 3001 2806 12257 2763 2568 12258 2764 2569 12259 3001 2806 12260 2764 2569 12261 2765 2570 12262 3001 2806 12263 3002 2807 12264 3001 2806 12265 3003 2808 12266 3001 2806 12267 2765 2570 12268 3003 2808 12269 2765 2570 12270 2767 2571 12271 3003 2808 12272 3004 2809 12273 2766 2810 12274 3005 2811 12275 2766 2810 12276 2768 2812 12277 3005 2811 12278 2768 2812 12279 2771 2574 12280 3005 2811 12281 2771 2574 12282 2772 2576 12283 3005 2811 12284 3006 1602 12285 2773 1602 12286 3007 1602 12287 2773 2813 12288 2774 2813 12289 3007 2813 12290 2775 2578 12291 2776 2580 12292 3008 2814 12293 2776 2580 12294 2778 2815 12295 3008 2814 12296 2778 2815 12297 2780 2816 12298 3008 2814 12299 3008 2814 12300 2780 2816 12301 3009 2817 12302 2781 2583 12303 2782 2584 12304 3010 2818 12305 2782 2584 12306 2783 2585 12307 3010 2818 12308 3010 2818 12309 2783 2585 12310 3012 2819 12311 3012 2819 12312 2783 2585 12313 3014 2820 12314 3014 2820 12315 2783 2585 12316 3015 2821 12317 2783 2585 12318 2784 2586 12319 3015 2821 12320 2784 2586 12321 2786 2822 12322 3015 2821 12323 3015 2821 12324 2786 2822 12325 3016 2823 12326 3016 2823 12327 2786 2822 12328 3017 2824 12329 3018 2825 12330 3017 2824 12331 3019 2826 12332 3017 2824 12333 2786 2822 12334 3019 2826 12335 2787 1602 12336 2788 1602 12337 3020 1602 12338 2788 1602 12339 2790 1602 12340 3020 1602 12341 2790 2827 12342 2792 2827 12343 3020 2827 12344 3020 2828 12345 2792 2828 12346 3022 2828 12347 2792 2829 12348 2794 2829 12349 3022 2829 12350 2794 1602 12351 2797 1602 12352 3022 1602 12353 3022 1602 12354 2797 1602 12355 3024 1602 12356 2797 1602 12357 3025 1602 12358 3024 1602 12359 3024 1602 12360 3025 1602 12361 3027 1602 12362 3025 1602 12363 2799 1602 12364 3027 1602 12365 3027 1602 12366 2799 1602 12367 3028 1602 12368 2800 2597 12369 2801 2598 12370 3029 2830 12371 2801 2598 12372 2802 2599 12373 3029 2830 12374 3029 2830 12375 2802 2599 12376 3031 2831 12377 3031 2831 12378 2802 2599 12379 3032 2832 12380 2802 2599 12381 2803 2600 12382 3032 2832 12383 2803 2600 12384 2804 2601 12385 3032 2832 12386 3032 2832 12387 2804 2601 12388 3033 2833 12389 3033 2833 12390 2804 2601 12391 3034 2834 12392 2804 2601 12393 2805 2602 12394 3034 2834 12395 3034 2834 12396 2805 2602 12397 3035 2835 12398 2805 2602 12399 2806 2603 12400 3035 2835 12401 2806 2603 12402 2808 2836 12403 3035 2835 12404 2808 2836 12405 2810 2837 12406 3035 2835 12407 3035 2835 12408 2810 2837 12409 3036 2838 12410 2810 2837 12411 2812 2839 12412 3036 2838 12413 3036 2838 12414 2812 2839 12415 3037 2840 12416 2812 2839 12417 2814 2841 12418 3037 2840 12419 2814 2841 12420 2816 2612 12421 3037 2840 12422 2816 2612 12423 2817 2614 12424 3037 2840 12425 3037 2840 12426 2817 2614 12427 3038 2842 12428 3038 2842 12429 2817 2614 12430 3039 2843 12431 2817 2614 12432 2818 2615 12433 3040 2844 12434 2818 2615 12435 2820 2617 12436 3040 2844 12437 3040 2844 12438 2820 2617 12439 3042 2845 12440 2820 2617 12441 2823 2619 12442 3042 2845 12443 3042 2845 12444 2823 2619 12445 3044 2846 12446 2823 2619 12447 2821 2847 12448 3044 2846 12449 3044 2846 12450 2821 2847 12451 3046 2848 12452 3046 2848 12453 2821 2847 12454 3047 2849 12455 2822 2618 12456 2824 2620 12457 3048 2850 12458 2824 2620 12459 2825 2621 12460 3048 2850 12461 3048 2850 12462 2825 2621 12463 3050 2851 12464 3051 2852 12465 3050 2851 12466 3052 2853 12467 3050 2851 12468 2825 2621 12469 3052 2853 12470 2825 2621 12471 2826 2622 12472 3052 2853 12473 3052 2853 12474 2826 2622 12475 3053 2854 12476 2826 2622 12477 2827 2623 12478 3053 2854 12479 2827 2623 12480 2828 2625 12481 3053 2854 12482 3053 2854 12483 2828 2625 12484 3054 2855 12485 2828 2625 12486 2829 2629 12487 3054 2855 12488 3054 2855 12489 2829 2629 12490 3055 2856 12491 2829 2629 12492 2830 2631 12493 3055 2856 12494 3055 2856 12495 2830 2631 12496 3056 2857 12497 3056 2857 12498 2830 2631 12499 3057 2858 12500 2830 2631 12501 2831 2632 12502 3057 2858 12503 2831 2632 12504 2833 2859 12505 3057 2858 12506 3057 2858 12507 2833 2859 12508 3058 2860 12509 2833 2859 12510 2835 2861 12511 3058 2860 12512 2836 2862 12513 2838 2863 12514 3058 2860 12515 2838 2863 12516 2840 2864 12517 3058 2860 12518 3058 2860 12519 2840 2864 12520 3059 2865 12521 2840 2864 12522 2842 2866 12523 3059 2865 12524 3059 2865 12525 2842 2866 12526 3060 2867 12527 2842 2866 12528 2844 2868 12529 3060 2867 12530 3060 2867 12531 2844 2868 12532 3061 2869 12533 2844 2868 12534 2846 2870 12535 3061 2869 12536 2846 2870 12537 2848 2871 12538 3061 2869 12539 2848 2871 12540 2850 2872 12541 3061 2869 12542 3061 2869 12543 2850 2872 12544 3062 2873 12545 2850 2872 12546 2852 2874 12547 3062 2873 12548 3062 2873 12549 2852 2874 12550 3063 2875 12551 2852 2874 12552 2854 2876 12553 3063 2875 12554 2854 2876 12555 2856 2877 12556 3063 2875 12557 3063 2875 12558 2856 2877 12559 3064 2878 12560 2856 2877 12561 2858 2879 12562 3064 2878 12563 2858 2879 12564 2860 2880 12565 3064 2878 12566 3064 2878 12567 2860 2880 12568 3065 2881 12569 2860 2880 12570 2862 2882 12571 3065 2881 12572 2862 2882 12573 2864 2883 12574 3065 2881 12575 3065 2881 12576 2864 2883 12577 3066 2884 12578 2864 2883 12579 2866 2885 12580 3066 2884 12581 3066 2884 12582 2866 2885 12583 3067 2886 12584 2866 2885 12585 2868 2887 12586 3067 2886 12587 3067 2886 12588 2868 2887 12589 3068 2888 12590 2868 2887 12591 2870 2889 12592 3068 2888 12593 2870 2889 12594 2872 2890 12595 3068 2888 12596 2872 2890 12597 2874 2891 12598 3068 2888 12599 3068 2888 12600 2874 2891 12601 3069 2892 12602 2874 2891 12603 2876 2893 12604 3069 2892 12605 3069 2892 12606 2876 2893 12607 3070 2894 12608 2876 2893 12609 2878 2895 12610 3070 2894 12611 3070 2894 12612 2878 2895 12613 3071 2896 12614 2878 2895 12615 2880 2897 12616 3071 2896 12617 2880 2897 12618 2882 2898 12619 3071 2896 12620 2882 2898 12621 2885 2686 12622 3071 2896 12623 2885 2686 12624 2886 2687 12625 3071 2896 12626 3071 2896 12627 2886 2687 12628 3072 2899 12629 2886 2687 12630 2887 2688 12631 3072 2899 12632 3072 2899 12633 2887 2688 12634 3073 2900 12635 3073 2900 12636 2887 2688 12637 3074 2901 12638 2887 2688 12639 2888 2689 12640 3074 2901 12641 3074 2901 12642 2888 2689 12643 3075 2902 12644 2888 2689 12645 2889 2690 12646 3075 2902 12647 3075 2902 12648 2889 2690 12649 3076 2903 12650 2889 2690 12651 2890 2691 12652 3076 2903 12653 2890 2691 12654 2891 2692 12655 3076 2903 12656 3076 2903 12657 2891 2692 12658 3078 2904 12659 3078 2904 12660 2891 2692 12661 3079 2905 12662 2891 2692 12663 2892 2693 12664 3079 2905 12665 3079 2905 12666 2892 2693 12667 3080 2906 12668 3080 2906 12669 2892 2693 12670 3081 2907 12671 2892 2693 12672 2894 2694 12673 3081 2907 12674 3082 2908 12675 2893 2909 12676 3083 2910 12677 3083 2910 12678 2893 2909 12679 3084 2911 12680 2893 2909 12681 2896 2696 12682 3084 2911 12683 3084 2911 12684 2896 2696 12685 3085 2912 12686 2896 2696 12687 2898 2697 12688 3085 2912 12689 3086 2913 12690 2897 2914 12691 3087 2915 12692 3087 2915 12693 2897 2914 12694 3088 2916 12695 2897 2914 12696 2899 2917 12697 3088 2916 12698 2899 2917 12699 2902 2918 12700 3088 2916 12701 2902 2918 12702 2906 2706 12703 3088 2916 12704 2906 2706 12705 2907 2708 12706 3088 2916 12707 3088 2916 12708 2907 2708 12709 3089 2919 12710 3089 2919 12711 2907 2708 12712 3090 2920 12713 2907 2708 12714 2908 2709 12715 3090 2920 12716 3090 2920 12717 2908 2709 12718 3091 2921 12719 2908 2709 12720 2909 2711 12721 3091 2921 12722 3091 2921 12723 2909 2711 12724 3092 2922 12725 2909 2711 12726 2910 2713 12727 3092 2922 12728 3092 2922 12729 2910 2713 12730 3093 2923 12731 2910 2713 12732 2911 2715 12733 3093 2923 12734 3093 2923 12735 2911 2715 12736 3094 2924 12737 2911 2715 12738 2912 2717 12739 3094 2924 12740 3094 2924 12741 2912 2717 12742 3095 2925 12743 2912 2717 12744 2913 2720 12745 3095 2925 12746 3095 2925 12747 2913 2720 12748 3096 2926 12749 2913 2720 12750 2914 2722 12751 3096 2926 12752 3096 2926 12753 2914 2722 12754 3097 2927 12755 2914 2722 12756 2915 2724 12757 3097 2927 12758 2915 2724 12759 2916 2725 12760 3097 2927 12761 3097 2927 12762 2916 2725 12763 3098 2928 12764 3098 2928 12765 2916 2725 12766 3099 2929 12767 2916 2725 12768 2917 2726 12769 3099 2929 12770 2917 2726 12771 2918 2727 12772 3099 2929 12773 3099 2929 12774 2918 2727 12775 3100 2930 12776 2918 2727 12777 2920 2728 12778 3100 2930 12779 3101 2931 12780 2919 2931 12781 3102 2931 12782 2919 1602 12783 2922 1602 12784 3102 1602 12785 2922 2932 12786 2923 2932 12787 3102 2932 12788 3103 2933 12789 2924 2731 12790 3104 2934 12791 3104 2934 12792 2924 2731 12793 3105 2935 12794 2924 2731 12795 2925 2733 12796 3105 2935 12797 3105 2935 12798 2925 2733 12799 3107 2936 12800 3107 2936 12801 2925 2733 12802 3109 2937 12803 2925 2733 12804 2926 2734 12805 3109 2937 12806 3109 2937 12807 2926 2734 12808 3111 2938 12809 2926 2734 12810 2927 2735 12811 3111 2938 12812 3111 2938 12813 2927 2735 12814 3112 2939 12815 2927 2735 12816 2929 2736 12817 3112 2939 12818 3113 2940 12819 2928 2941 12820 3114 2942 12821 2928 2941 12822 2931 2738 12823 3114 2942 12824 2931 2738 12825 2932 2740 12826 3114 2942 12827 3115 1602 12828 2933 1602 12829 3116 1602 12830 2933 1602 12831 2934 1602 12832 3116 1602 12833 2935 2743 12834 2936 2745 12835 3117 2943 12836 2936 2745 12837 2937 2746 12838 3117 2943 12839 3117 2943 12840 2937 2746 12841 3118 2944 12842 2937 2746 12843 2938 2747 12844 3119 2945 12845 2938 2747 12846 2939 2748 12847 3119 2945 12848 3119 2945 12849 2939 2748 12850 3121 2946 12851 3121 2946 12852 2939 2748 12853 3123 2947 12854 3123 2947 12855 2939 2748 12856 3124 2948 12857 2939 2748 12858 2940 2749 12859 3124 2948 12860 3124 2948 12861 2940 2749 12862 3125 2949 12863 2940 2749 12864 2941 2750 12865 3125 2949 12866 3125 2949 12867 2941 2750 12868 3126 2950 12869 2941 2750 12870 2942 2751 12871 3126 2950 12872 2942 2751 12873 2944 2951 12874 3126 2950 12875 3126 2950 12876 2944 2951 12877 3127 2952 12878 3127 2952 12879 2944 2951 12880 3128 2953 12881 2945 2954 12882 2946 2954 12883 3129 2954 12884 2946 2955 12885 2948 2955 12886 3129 2955 12887 3129 1602 12888 2948 1602 12889 3131 1602 12890 3131 2956 12891 2948 2956 12892 3132 2956 12893 2949 2755 12894 2950 2756 12895 3133 2957 12896 2950 2756 12897 2951 2757 12898 3133 2957 12899 3133 2957 12900 2951 2757 12901 3135 2958 12902 3135 2958 12903 2951 2757 12904 3136 2959 12905 2951 2757 12906 2952 2758 12907 3136 2959 12908 3136 2959 12909 2952 2758 12910 3137 2960 12911 2952 2758 12912 2953 2759 12913 3137 2960 12914 3137 2960 12915 2953 2759 12916 3138 2961 12917 2953 2759 12918 2954 2760 12919 3138 2961 12920 2954 2760 12921 2955 2761 12922 3138 2961 12923 3138 2961 12924 2955 2761 12925 3139 2962 12926 2955 2761 12927 2956 2762 12928 3139 2962 12929 3139 2962 12930 2956 2762 12931 3140 2963 12932 3140 2963 12933 2956 2762 12934 3141 2964 12935 2956 2762 12936 2957 2763 12937 3141 2964 12938 3141 2964 12939 2957 2763 12940 3142 2965 12941 2957 2763 12942 2958 2764 12943 3142 2965 12944 2958 2764 12945 2961 2766 12946 3142 2965 12947 3142 2965 12948 2961 2766 12949 3143 2966 12950 3143 2966 12951 2961 2766 12952 3144 2967 12953 2961 2766 12954 2962 2767 12955 3144 2967 12956 3144 2967 12957 2962 2767 12958 3145 2968 12959 2963 2969 12960 2964 2969 12961 3146 2969 12962 3146 2970 12963 2964 2970 12964 3148 2970 12965 2964 2971 12966 3149 2971 12967 3148 2971 12968 3148 2972 12969 3149 2972 12970 3151 2972 12971 3151 1602 12972 3149 1602 12973 3153 1602 12974 3149 2973 12975 3154 2973 12976 3153 2973 12977 3153 1602 12978 3154 1602 12979 3156 1602 12980 3156 1602 12981 3154 1602 12982 3158 1602 12983 3154 1602 12984 3159 1602 12985 3158 1602 12986 3158 2974 12987 3159 2974 12988 3161 2974 12989 3161 2975 12990 3159 2975 12991 3163 2975 12992 3159 1602 12993 3164 1602 12994 3163 1602 12995 3163 2976 12996 3164 2976 12997 3166 2976 12998 3166 2977 12999 3164 2977 13000 3168 2977 13001 3164 1602 13002 3169 1602 13003 3168 1602 13004 3168 2978 13005 3169 2978 13006 3171 2978 13007 3171 1602 13008 3169 1602 13009 3173 1602 13010 3169 1602 13011 3174 1602 13012 3173 1602 13013 3173 1602 13014 3174 1602 13015 3176 1602 13016 3176 1602 13017 3174 1602 13018 3178 1602 13019 3178 1602 13020 3174 1602 13021 3179 1602 13022 3174 2979 13023 2981 2979 13024 3179 2979 13025 2981 2980 13026 2982 2980 13027 3179 2980 13028 3180 2981 13029 2983 2788 13030 3181 2982 13031 2983 2788 13032 2984 2789 13033 3181 2982 13034 3181 2982 13035 2984 2789 13036 3182 2983 13037 2984 2789 13038 2985 2790 13039 3182 2983 13040 3182 2983 13041 2985 2790 13042 3183 2984 13043 2985 2790 13044 2986 2791 13045 3183 2984 13046 3183 2984 13047 2986 2791 13048 3184 2985 13049 2986 2791 13050 2987 2792 13051 3184 2985 13052 3184 2985 13053 2987 2792 13054 3185 2986 13055 2987 2792 13056 2988 2793 13057 3185 2986 13058 3185 2986 13059 2988 2793 13060 3186 2987 13061 2988 2793 13062 2989 2794 13063 3186 2987 13064 3186 2987 13065 2989 2794 13066 3187 2988 13067 2989 2794 13068 2991 2795 13069 3187 2988 13070 3188 1602 13071 2990 1602 13072 3189 1602 13073 2990 1602 13074 2993 1602 13075 3189 1602 13076 2993 2989 13077 2994 2989 13078 3189 2989 13079 3190 2990 13080 2995 2799 13081 3191 2991 13082 2995 2799 13083 2996 2801 13084 3191 2991 13085 3191 2991 13086 2996 2801 13087 3192 2992 13088 3192 2992 13089 2996 2801 13090 3193 2993 13091 2996 2801 13092 2997 2802 13093 3193 2993 13094 2997 2802 13095 2998 2803 13096 3193 2993 13097 3193 2993 13098 2998 2803 13099 3194 2994 13100 2998 2803 13101 2999 2804 13102 3194 2994 13103 3196 2995 13104 3194 2994 13105 3198 2996 13106 3194 2994 13107 2999 2804 13108 3198 2996 13109 3198 2996 13110 2999 2804 13111 3200 2997 13112 3200 2997 13113 2999 2804 13114 3202 2998 13115 2999 2804 13116 3000 2805 13117 3202 2998 13118 3202 2998 13119 3000 2805 13120 3203 2999 13121 3000 2805 13122 3001 2806 13123 3203 2999 13124 3001 2806 13125 3002 2807 13126 3203 2999 13127 3203 2999 13128 3002 2807 13129 3204 3000 13130 3002 2807 13131 3004 2809 13132 3204 3000 13133 3004 2809 13134 3005 2811 13135 3204 3000 13136 3205 1602 13137 3006 1602 13138 3206 1602 13139 3006 3001 13140 3007 3001 13141 3206 3001 13142 3008 2814 13143 3009 2817 13144 3207 3002 13145 3009 2817 13146 3011 3003 13147 3207 3002 13148 3011 3003 13149 3013 3004 13150 3207 3002 13151 3207 3002 13152 3013 3004 13153 3208 3005 13154 3014 2820 13155 3015 2821 13156 3209 3006 13157 3015 2821 13158 3016 2823 13159 3209 3006 13160 3209 3006 13161 3016 2823 13162 3211 3007 13163 3016 2823 13164 3017 2824 13165 3211 3007 13166 3211 3007 13167 3017 2824 13168 3213 3008 13169 3017 2824 13170 3018 2825 13171 3213 3008 13172 3213 3008 13173 3018 2825 13174 3215 3009 13175 3215 3009 13176 3018 2825 13177 3216 3010 13178 3018 2825 13179 3019 2826 13180 3216 3010 13181 3019 2826 13182 3021 3011 13183 3216 3010 13184 3216 3010 13185 3021 3011 13186 3217 3012 13187 3217 3012 13188 3021 3011 13189 3218 3013 13190 3021 3011 13191 3023 3014 13192 3218 3013 13193 3218 3013 13194 3023 3014 13195 3219 3015 13196 3219 3015 13197 3023 3014 13198 3220 3016 13199 3023 3014 13200 3026 3017 13201 3220 3016 13202 3220 3016 13203 3026 3017 13204 3221 3018 13205 3221 3018 13206 3026 3017 13207 3222 3019 13208 3223 3020 13209 3224 3021 13210 3225 3022 13211 3224 3021 13212 3222 3019 13213 3225 3022 13214 3222 3019 13215 3026 3017 13216 3225 3022 13217 3027 1602 13218 3028 1602 13219 3226 1602 13220 3028 3023 13221 3030 3023 13222 3226 3023 13223 3226 3024 13224 3030 3024 13225 3227 3024 13226 3031 2831 13227 3032 2832 13228 3228 3025 13229 3032 2832 13230 3033 2833 13231 3228 3025 13232 3228 3025 13233 3033 2833 13234 3230 3026 13235 3230 3026 13236 3033 2833 13237 3231 3027 13238 3033 2833 13239 3034 2834 13240 3231 3027 13241 3231 3027 13242 3034 2834 13243 3232 3028 13244 3034 2834 13245 3035 2835 13246 3232 3028 13247 3035 2835 13248 3036 2838 13249 3232 3028 13250 3232 3028 13251 3036 2838 13252 3233 3029 13253 3036 2838 13254 3037 2840 13255 3233 3029 13256 3233 3029 13257 3037 2840 13258 3234 3030 13259 3037 2840 13260 3038 2842 13261 3234 3030 13262 3234 3030 13263 3038 2842 13264 3235 3031 13265 3235 3031 13266 3038 2842 13267 3236 3032 13268 3038 2842 13269 3039 2843 13270 3236 3032 13271 3039 2843 13272 3041 3033 13273 3236 3032 13274 3236 3032 13275 3041 3033 13276 3237 3034 13277 3041 3033 13278 3043 3035 13279 3237 3034 13280 3043 3035 13281 3045 3036 13282 3237 3034 13283 3237 3034 13284 3045 3036 13285 3238 3037 13286 3046 2848 13287 3047 2849 13288 3239 3038 13289 3047 2849 13290 3049 3039 13291 3239 3038 13292 3239 3038 13293 3049 3039 13294 3240 3040 13295 3049 3039 13296 3051 2852 13297 3240 3040 13298 3240 3040 13299 3051 2852 13300 3241 3041 13301 3241 3041 13302 3051 2852 13303 3242 3042 13304 3242 3042 13305 3051 2852 13306 3243 3043 13307 3051 2852 13308 3052 2853 13309 3243 3043 13310 3052 2853 13311 3053 2854 13312 3243 3043 13313 3053 2854 13314 3054 2855 13315 3243 3043 13316 3243 3043 13317 3054 2855 13318 3244 3044 13319 3054 2855 13320 3055 2856 13321 3244 3044 13322 3244 3044 13323 3055 2856 13324 3245 3045 13325 3055 2856 13326 3056 2857 13327 3245 3045 13328 3245 3045 13329 3056 2857 13330 3246 3046 13331 3246 3046 13332 3056 2857 13333 3247 3047 13334 3056 2857 13335 3057 2858 13336 3247 3047 13337 3057 2858 13338 3058 2860 13339 3247 3047 13340 3247 3047 13341 3058 2860 13342 3248 3048 13343 3058 2860 13344 3059 2865 13345 3248 3048 13346 3248 3048 13347 3059 2865 13348 3249 3049 13349 3059 2865 13350 3060 2867 13351 3249 3049 13352 3249 3049 13353 3060 2867 13354 3250 3050 13355 3060 2867 13356 3061 2869 13357 3250 3050 13358 3250 3050 13359 3061 2869 13360 3251 3051 13361 3061 2869 13362 3062 2873 13363 3251 3051 13364 3251 3051 13365 3062 2873 13366 3252 3052 13367 3062 2873 13368 3063 2875 13369 3252 3052 13370 3252 3052 13371 3063 2875 13372 3253 3053 13373 3063 2875 13374 3064 2878 13375 3253 3053 13376 3253 3053 13377 3064 2878 13378 3254 3054 13379 3064 2878 13380 3065 2881 13381 3254 3054 13382 3254 3054 13383 3065 2881 13384 3255 3055 13385 3065 2881 13386 3066 2884 13387 3255 3055 13388 3255 3055 13389 3066 2884 13390 3256 3056 13391 3066 2884 13392 3067 2886 13393 3256 3056 13394 3256 3056 13395 3067 2886 13396 3257 3057 13397 3067 2886 13398 3068 2888 13399 3257 3057 13400 3257 3057 13401 3068 2888 13402 3258 3058 13403 3068 2888 13404 3069 2892 13405 3258 3058 13406 3258 3058 13407 3069 2892 13408 3259 3059 13409 3069 2892 13410 3070 2894 13411 3259 3059 13412 3259 3059 13413 3070 2894 13414 3260 3060 13415 3070 2894 13416 3071 2896 13417 3260 3060 13418 3071 2896 13419 3072 2899 13420 3260 3060 13421 3260 3060 13422 3072 2899 13423 3261 3061 13424 3072 2899 13425 3073 2900 13426 3261 3061 13427 3263 3062 13428 3261 3061 13429 3265 3063 13430 3261 3061 13431 3073 2900 13432 3265 3063 13433 3265 3063 13434 3073 2900 13435 3267 3064 13436 3073 2900 13437 3074 2901 13438 3267 3064 13439 3267 3064 13440 3074 2901 13441 3268 3065 13442 3074 2901 13443 3075 2902 13444 3268 3065 13445 3268 3065 13446 3075 2902 13447 3269 3066 13448 3269 3066 13449 3075 2902 13450 3271 3067 13451 3271 3067 13452 3075 2902 13453 3272 3068 13454 3075 2902 13455 3076 2903 13456 3272 3068 13457 3076 2903 13458 3078 2904 13459 3272 3068 13460 3273 3069 13461 3077 3070 13462 3275 3071 13463 3275 3071 13464 3077 3070 13465 3277 3072 13466 3077 3070 13467 3079 2905 13468 3277 3072 13469 3079 2905 13470 3080 2906 13471 3277 3072 13472 3277 3072 13473 3080 2906 13474 3278 3073 13475 3080 2906 13476 3082 2908 13477 3278 3073 13478 3082 2908 13479 3083 2910 13480 3278 3073 13481 3279 3074 13482 3083 2910 13483 3280 3075 13484 3083 2910 13485 3084 2911 13486 3280 3075 13487 3280 3075 13488 3084 2911 13489 3281 3076 13490 3084 2911 13491 3086 2913 13492 3281 3076 13493 3086 2913 13494 3087 2915 13495 3281 3076 13496 3281 3076 13497 3087 2915 13498 3282 3077 13499 3282 3077 13500 3087 2915 13501 3283 3078 13502 3087 2915 13503 3088 2916 13504 3283 3078 13505 3088 2916 13506 3089 2919 13507 3283 3078 13508 3283 3078 13509 3089 2919 13510 3284 3079 13511 3284 3079 13512 3089 2919 13513 3285 3080 13514 3089 2919 13515 3090 2920 13516 3285 3080 13517 3285 3080 13518 3090 2920 13519 3286 3081 13520 3090 2920 13521 3091 2921 13522 3286 3081 13523 3286 3081 13524 3091 2921 13525 3287 3082 13526 3091 2921 13527 3092 2922 13528 3287 3082 13529 3287 3082 13530 3092 2922 13531 3288 3083 13532 3092 2922 13533 3093 2923 13534 3288 3083 13535 3288 3083 13536 3093 2923 13537 3289 3084 13538 3093 2923 13539 3094 2924 13540 3289 3084 13541 3289 3084 13542 3094 2924 13543 3290 3085 13544 3094 2924 13545 3095 2925 13546 3290 3085 13547 3290 3085 13548 3095 2925 13549 3291 3086 13550 3095 2925 13551 3096 2926 13552 3291 3086 13553 3291 3086 13554 3096 2926 13555 3292 3087 13556 3096 2926 13557 3097 2927 13558 3292 3087 13559 3097 2927 13560 3098 2928 13561 3292 3087 13562 3292 3087 13563 3098 2928 13564 3294 3088 13565 3294 3088 13566 3098 2928 13567 3295 3089 13568 3098 2928 13569 3099 2929 13570 3295 3089 13571 3099 2929 13572 3100 2930 13573 3295 3089 13574 3296 1602 13575 3101 1602 13576 3297 1602 13577 3101 3090 13578 3102 3090 13579 3297 3090 13580 3298 3091 13581 3103 2933 13582 3299 3092 13583 3299 3092 13584 3103 2933 13585 3300 3093 13586 3103 2933 13587 3104 2934 13588 3300 3093 13589 3302 3094 13590 3300 3093 13591 3304 3095 13592 3300 3093 13593 3104 2934 13594 3304 3095 13595 3304 3095 13596 3104 2934 13597 3305 3096 13598 3104 2934 13599 3105 2935 13600 3305 3096 13601 3105 2935 13602 3107 2936 13603 3305 3096 13604 3306 3097 13605 3106 3098 13606 3307 3099 13607 3106 3098 13608 3108 3100 13609 3307 3099 13610 3108 3100 13611 3110 3101 13612 3307 3099 13613 3110 3101 13614 3113 2940 13615 3307 3099 13616 3113 2940 13617 3114 2942 13618 3307 3099 13619 3308 3102 13620 3115 3102 13621 3309 3102 13622 3115 3103 13623 3116 3103 13624 3309 3103 13625 3117 2943 13626 3118 2944 13627 3310 3104 13628 3118 2944 13629 3120 3105 13630 3310 3104 13631 3120 3105 13632 3122 3106 13633 3310 3104 13634 3310 3104 13635 3122 3106 13636 3311 3107 13637 3123 2947 13638 3124 2948 13639 3312 3108 13640 3312 3108 13641 3124 2948 13642 3314 3109 13643 3314 3109 13644 3124 2948 13645 3315 3110 13646 3124 2948 13647 3125 2949 13648 3315 3110 13649 3315 3110 13650 3125 2949 13651 3316 3111 13652 3125 2949 13653 3126 2950 13654 3316 3111 13655 3126 2950 13656 3127 2952 13657 3316 3111 13658 3316 3111 13659 3127 2952 13660 3317 3112 13661 3317 3112 13662 3127 2952 13663 3318 3113 13664 3127 2952 13665 3128 2953 13666 3318 3113 13667 3128 2953 13668 3130 3114 13669 3318 3113 13670 3318 3113 13671 3130 3114 13672 3319 3115 13673 3319 3115 13674 3130 3114 13675 3320 3116 13676 3131 1602 13677 3132 1602 13678 3321 1602 13679 3132 1602 13680 3134 1602 13681 3321 1602 13682 3321 1602 13683 3134 1602 13684 3323 1602 13685 3323 3117 13686 3134 3117 13687 3324 3117 13688 3135 2958 13689 3136 2959 13690 3325 3118 13691 3325 3118 13692 3136 2959 13693 3326 3119 13694 3136 2959 13695 3137 2960 13696 3326 3119 13697 3326 3119 13698 3137 2960 13699 3327 3120 13700 3137 2960 13701 3138 2961 13702 3327 3120 13703 3138 2961 13704 3139 2962 13705 3327 3120 13706 3327 3120 13707 3139 2962 13708 3328 3121 13709 3139 2962 13710 3140 2963 13711 3328 3121 13712 3328 3121 13713 3140 2963 13714 3329 3122 13715 3329 3122 13716 3140 2963 13717 3330 3123 13718 3140 2963 13719 3141 2964 13720 3330 3123 13721 3330 3123 13722 3141 2964 13723 3331 3124 13724 3141 2964 13725 3142 2965 13726 3331 3124 13727 3142 2965 13728 3143 2966 13729 3331 3124 13730 3331 3124 13731 3143 2966 13732 3332 3125 13733 3332 3125 13734 3143 2966 13735 3333 3126 13736 3143 2966 13737 3144 2967 13738 3333 3126 13739 3333 3126 13740 3144 2967 13741 3334 3127 13742 3144 2967 13743 3145 2968 13744 3334 3127 13745 3145 2968 13746 3147 3128 13747 3334 3127 13748 3334 3127 13749 3147 3128 13750 3335 3129 13751 3147 3128 13752 3150 3130 13753 3335 3129 13754 3335 3129 13755 3150 3130 13756 3336 3131 13757 3150 3130 13758 3152 3132 13759 3336 3131 13760 3336 3131 13761 3152 3132 13762 3337 3133 13763 3152 3132 13764 3155 3134 13765 3337 3133 13766 3337 3133 13767 3155 3134 13768 3338 3135 13769 3155 3134 13770 3157 3136 13771 3338 3135 13772 3338 3135 13773 3157 3136 13774 3339 3137 13775 3157 3136 13776 3160 3138 13777 3339 3137 13778 3339 3137 13779 3160 3138 13780 3340 3139 13781 3160 3138 13782 3162 3140 13783 3340 3139 13784 3340 3139 13785 3162 3140 13786 3341 3141 13787 3162 3140 13788 3165 3142 13789 3341 3141 13790 3341 3141 13791 3165 3142 13792 3342 3143 13793 3165 3142 13794 3167 3144 13795 3342 3143 13796 3342 3143 13797 3167 3144 13798 3343 3145 13799 3167 3144 13800 3170 3146 13801 3343 3145 13802 3343 3145 13803 3170 3146 13804 3344 3147 13805 3170 3146 13806 3172 3148 13807 3344 3147 13808 3344 3147 13809 3172 3148 13810 3345 3149 13811 3172 3148 13812 3175 3150 13813 3345 3149 13814 3345 3149 13815 3175 3150 13816 3346 3151 13817 3175 3150 13818 3177 3152 13819 3346 3151 13820 3346 3151 13821 3177 3152 13822 3347 3153 13823 3177 3152 13824 3180 2981 13825 3347 3153 13826 3180 2981 13827 3181 2982 13828 3347 3153 13829 3347 3153 13830 3181 2982 13831 3348 3154 13832 3181 2982 13833 3182 2983 13834 3348 3154 13835 3348 3154 13836 3182 2983 13837 3349 3155 13838 3182 2983 13839 3183 2984 13840 3349 3155 13841 3349 3155 13842 3183 2984 13843 3350 3156 13844 3183 2984 13845 3184 2985 13846 3350 3156 13847 3350 3156 13848 3184 2985 13849 3351 3157 13850 3184 2985 13851 3185 2986 13852 3351 3157 13853 3351 3157 13854 3185 2986 13855 3352 3158 13856 3185 2986 13857 3186 2987 13858 3352 3158 13859 3352 3158 13860 3186 2987 13861 3353 3159 13862 3186 2987 13863 3187 2988 13864 3353 3159 13865 3354 3160 13866 3188 3160 13867 3355 3160 13868 3188 3161 13869 3189 3161 13870 3355 3161 13871 3356 3162 13872 3190 2990 13873 3357 3163 13874 3190 2990 13875 3191 2991 13876 3357 3163 13877 3357 3163 13878 3191 2991 13879 3358 3164 13880 3191 2991 13881 3192 2992 13882 3358 3164 13883 3358 3164 13884 3192 2992 13885 3359 3165 13886 3359 3165 13887 3192 2992 13888 3360 3166 13889 3192 2992 13890 3193 2993 13891 3360 3166 13892 3193 2993 13893 3194 2994 13894 3360 3166 13895 3361 3167 13896 3360 3166 13897 3362 3168 13898 3360 3166 13899 3194 2994 13900 3362 3168 13901 3194 2994 13902 3196 2995 13903 3362 3168 13904 3363 3169 13905 3195 3170 13906 3365 3171 13907 3195 3170 13908 3197 3172 13909 3365 3171 13910 3197 3172 13911 3199 3173 13912 3365 3171 13913 3365 3171 13914 3199 3173 13915 3366 3174 13916 3199 3173 13917 3201 3175 13918 3366 3174 13919 3201 3175 13920 3203 2999 13921 3366 3174 13922 3203 2999 13923 3204 3000 13924 3366 3174 13925 3367 1602 13926 3205 1602 13927 3368 1602 13928 3205 3176 13929 3206 3176 13930 3368 3176 13931 3207 3002 13932 3208 3005 13933 3369 3177 13934 3208 3005 13935 3210 3178 13936 3369 3177 13937 3210 3178 13938 3212 3179 13939 3369 3177 13940 3212 3179 13941 3214 3180 13942 3369 3177 13943 3369 3177 13944 3214 3180 13945 3370 3181 13946 3215 3009 13947 3216 3010 13948 3371 3182 13949 3371 3182 13950 3216 3010 13951 3373 3183 13952 3216 3010 13953 3217 3012 13954 3373 3183 13955 3373 3183 13956 3217 3012 13957 3375 3184 13958 3217 3012 13959 3218 3013 13960 3375 3184 13961 3375 3184 13962 3218 3013 13963 3377 3185 13964 3377 3185 13965 3218 3013 13966 3379 3186 13967 3218 3013 13968 3219 3015 13969 3379 3186 13970 3379 3186 13971 3219 3015 13972 3381 3187 13973 3219 3015 13974 3220 3016 13975 3381 3187 13976 3381 3187 13977 3220 3016 13978 3383 3188 13979 3383 3188 13980 3220 3016 13981 3385 3189 13982 3220 3016 13983 3221 3018 13984 3385 3189 13985 3385 3189 13986 3221 3018 13987 3387 3190 13988 3221 3018 13989 3222 3019 13990 3387 3190 13991 3387 3190 13992 3222 3019 13993 3389 3191 13994 3222 3019 13995 3224 3021 13996 3389 3191 13997 3389 3191 13998 3224 3021 13999 3391 3192 14000 3224 3021 14001 3223 3020 14002 3391 3192 14003 3391 3192 14004 3223 3020 14005 3393 3193 14006 3393 3193 14007 3223 3020 14008 3394 3194 14009 3394 3194 14010 3223 3020 14011 3395 3195 14012 3223 3020 14013 3225 3022 14014 3395 3195 14015 3226 1602 14016 3227 1602 14017 3396 1602 14018 3227 1602 14019 3229 1602 14020 3396 1602 14021 3396 3196 14022 3229 3196 14023 3397 3196 14024 3230 3026 14025 3231 3027 14026 3398 3197 14027 3398 3197 14028 3231 3027 14029 3399 3198 14030 3231 3027 14031 3232 3028 14032 3399 3198 14033 3232 3028 14034 3233 3029 14035 3399 3198 14036 3399 3198 14037 3233 3029 14038 3400 3199 14039 3233 3029 14040 3234 3030 14041 3400 3199 14042 3400 3199 14043 3234 3030 14044 3401 3200 14045 3234 3030 14046 3235 3031 14047 3401 3200 14048 3401 3200 14049 3235 3031 14050 3402 3201 14051 3402 3201 14052 3235 3031 14053 3403 3202 14054 3235 3031 14055 3236 3032 14056 3403 3202 14057 3236 3032 14058 3237 3034 14059 3403 3202 14060 3403 3202 14061 3237 3034 14062 3404 3203 14063 3404 3203 14064 3237 3034 14065 3405 3204 14066 3237 3034 14067 3238 3037 14068 3405 3204 14069 3238 3037 14070 3240 3040 14071 3405 3204 14072 3240 3040 14073 3241 3041 14074 3405 3204 14075 3405 3204 14076 3241 3041 14077 3406 3205 14078 3406 3205 14079 3241 3041 14080 3407 3206 14081 3241 3041 14082 3242 3042 14083 3408 3207 14084 3408 3207 14085 3242 3042 14086 3409 3208 14087 3242 3042 14088 3243 3043 14089 3410 3209 14090 3243 3043 14091 3244 3044 14092 3410 3209 14093 3410 3209 14094 3244 3044 14095 3412 3210 14096 3412 3210 14097 3244 3044 14098 3414 3211 14099 3244 3044 14100 3245 3045 14101 3414 3211 14102 3414 3211 14103 3245 3045 14104 3415 3212 14105 3245 3045 14106 3246 3046 14107 3415 3212 14108 3415 3212 14109 3246 3046 14110 3416 3213 14111 3416 3213 14112 3246 3046 14113 3418 3214 14114 3420 3215 14115 3418 3214 14116 3421 3216 14117 3418 3214 14118 3246 3046 14119 3421 3216 14120 3246 3046 14121 3247 3047 14122 3421 3216 14123 3247 3047 14124 3248 3048 14125 3421 3216 14126 3421 3216 14127 3248 3048 14128 3422 3217 14129 3248 3048 14130 3249 3049 14131 3422 3217 14132 3422 3217 14133 3249 3049 14134 3423 3218 14135 3249 3049 14136 3250 3050 14137 3423 3218 14138 3423 3218 14139 3250 3050 14140 3424 3219 14141 3250 3050 14142 3251 3051 14143 3424 3219 14144 3424 3219 14145 3251 3051 14146 3425 3220 14147 3251 3051 14148 3252 3052 14149 3425 3220 14150 3425 3220 14151 3252 3052 14152 3426 3221 14153 3252 3052 14154 3253 3053 14155 3426 3221 14156 3426 3221 14157 3253 3053 14158 3427 3222 14159 3253 3053 14160 3254 3054 14161 3427 3222 14162 3427 3222 14163 3254 3054 14164 3428 3223 14165 3254 3054 14166 3255 3055 14167 3428 3223 14168 3428 3223 14169 3255 3055 14170 3429 3224 14171 3255 3055 14172 3256 3056 14173 3429 3224 14174 3429 3224 14175 3256 3056 14176 3430 3225 14177 3256 3056 14178 3257 3057 14179 3430 3225 14180 3430 3225 14181 3257 3057 14182 3431 3226 14183 3257 3057 14184 3258 3058 14185 3431 3226 14186 3431 3226 14187 3258 3058 14188 3432 3227 14189 3258 3058 14190 3259 3059 14191 3432 3227 14192 3432 3227 14193 3259 3059 14194 3433 3228 14195 3259 3059 14196 3260 3060 14197 3433 3228 14198 3260 3060 14199 3261 3061 14200 3433 3228 14201 3433 3228 14202 3261 3061 14203 3434 3229 14204 3434 3229 14205 3261 3061 14206 3435 3230 14207 3261 3061 14208 3263 3062 14209 3435 3230 14210 3435 3230 14211 3262 3231 14212 3437 3232 14213 3437 3232 14214 3262 3231 14215 3439 3233 14216 3262 3231 14217 3264 3234 14218 3439 3233 14219 3439 3233 14220 3264 3234 14221 3441 3235 14222 3264 3234 14223 3266 3236 14224 3441 3235 14225 3441 3235 14226 3266 3236 14227 3442 3237 14228 3266 3236 14229 3268 3065 14230 3442 3237 14231 3442 3237 14232 3268 3065 14233 3443 3238 14234 3268 3065 14235 3269 3066 14236 3443 3238 14237 3443 3238 14238 3269 3066 14239 3445 3239 14240 3269 3066 14241 3270 3240 14242 3445 3239 14243 3445 3239 14244 3270 3240 14245 3446 3241 14246 3270 3240 14247 3273 3069 14248 3446 3241 14249 3273 3069 14250 3275 3071 14251 3446 3241 14252 3447 3242 14253 3274 3243 14254 3448 3244 14255 3274 3243 14256 3276 3245 14257 3448 3244 14258 3276 3245 14259 3279 3074 14260 3448 3244 14261 3279 3074 14262 3280 3075 14263 3448 3244 14264 3448 3244 14265 3280 3075 14266 3449 3246 14267 3449 3246 14268 3280 3075 14269 3450 3247 14270 3280 3075 14271 3281 3076 14272 3450 3247 14273 3281 3076 14274 3282 3077 14275 3450 3247 14276 3450 3247 14277 3282 3077 14278 3451 3248 14279 3451 3248 14280 3282 3077 14281 3452 3249 14282 3282 3077 14283 3283 3078 14284 3452 3249 14285 3283 3078 14286 3284 3079 14287 3452 3249 14288 3452 3249 14289 3284 3079 14290 3454 3250 14291 3454 3250 14292 3284 3079 14293 3456 3251 14294 3284 3079 14295 3285 3080 14296 3456 3251 14297 3456 3251 14298 3285 3080 14299 3458 3252 14300 3285 3080 14301 3286 3081 14302 3458 3252 14303 3458 3252 14304 3286 3081 14305 3460 3253 14306 3286 3081 14307 3287 3082 14308 3460 3253 14309 3460 3253 14310 3287 3082 14311 3462 3254 14312 3287 3082 14313 3288 3083 14314 3462 3254 14315 3462 3254 14316 3288 3083 14317 3464 3255 14318 3288 3083 14319 3289 3084 14320 3464 3255 14321 3464 3255 14322 3289 3084 14323 3466 3256 14324 3289 3084 14325 3290 3085 14326 3466 3256 14327 3466 3256 14328 3290 3085 14329 3468 3257 14330 3290 3085 14331 3291 3086 14332 3468 3257 14333 3468 3257 14334 3291 3086 14335 3469 3258 14336 3291 3086 14337 3292 3087 14338 3469 3258 14339 3292 3087 14340 3294 3088 14341 3469 3258 14342 3470 1602 14343 3293 1602 14344 3471 1602 14345 3293 2589 14346 3296 2589 14347 3471 2589 14348 3296 1602 14349 3297 1602 14350 3471 1602 14351 3472 3259 14352 3298 3091 14353 3473 3260 14354 3473 3260 14355 3298 3091 14356 3474 3261 14357 3298 3091 14358 3299 3092 14359 3474 3261 14360 3476 3262 14361 3474 3261 14362 3478 3263 14363 3474 3261 14364 3299 3092 14365 3478 3263 14366 3478 3263 14367 3299 3092 14368 3479 3264 14369 3299 3092 14370 3300 3093 14371 3479 3264 14372 3300 3093 14373 3302 3094 14374 3479 3264 14375 3480 3265 14376 3301 3266 14377 3481 3267 14378 3301 3266 14379 3303 3268 14380 3481 3267 14381 3303 3268 14382 3306 3097 14383 3481 3267 14384 3306 3097 14385 3307 3099 14386 3481 3267 14387 3308 3269 14388 3309 3269 14389 3482 3269 14390 3482 3270 14391 3309 3270 14392 3483 3270 14393 3310 3104 14394 3311 3107 14395 3484 3271 14396 3311 3107 14397 3313 3272 14398 3484 3271 14399 3484 3271 14400 3313 3272 14401 3485 3273 14402 3314 3109 14403 3315 3110 14404 3485 3273 14405 3486 3274 14406 3485 3273 14407 3487 3275 14408 3485 3273 14409 3315 3110 14410 3487 3275 14411 3315 3110 14412 3316 3111 14413 3487 3275 14414 3316 3111 14415 3317 3112 14416 3487 3275 14417 3487 3275 14418 3317 3112 14419 3488 3276 14420 3488 3276 14421 3317 3112 14422 3489 3277 14423 3317 3112 14424 3318 3113 14425 3489 3277 14426 3318 3113 14427 3319 3115 14428 3489 3277 14429 3489 3277 14430 3319 3115 14431 3490 3278 14432 3490 3278 14433 3319 3115 14434 3491 3279 14435 3319 3115 14436 3320 3116 14437 3491 3279 14438 3320 3116 14439 3322 3280 14440 3491 3279 14441 3491 3279 14442 3322 3280 14443 3492 3281 14444 3492 3281 14445 3322 3280 14446 3493 3282 14447 3323 1602 14448 3324 1602 14449 3494 1602 14450 3494 3283 14451 3324 3283 14452 3495 3283 14453 3325 3118 14454 3326 3119 14455 3496 3284 14456 3496 3284 14457 3326 3119 14458 3497 3285 14459 3326 3119 14460 3327 3120 14461 3497 3285 14462 3327 3120 14463 3328 3121 14464 3497 3285 14465 3497 3285 14466 3328 3121 14467 3498 3286 14468 3328 3121 14469 3329 3122 14470 3498 3286 14471 3498 3286 14472 3329 3122 14473 3499 3287 14474 3499 3287 14475 3329 3122 14476 3500 3288 14477 3329 3122 14478 3330 3123 14479 3500 3288 14480 3500 3288 14481 3330 3123 14482 3501 3289 14483 3330 3123 14484 3331 3124 14485 3501 3289 14486 3331 3124 14487 3332 3125 14488 3501 3289 14489 3501 3289 14490 3332 3125 14491 3502 3290 14492 3502 3290 14493 3332 3125 14494 3503 3291 14495 3332 3125 14496 3333 3126 14497 3503 3291 14498 3503 3291 14499 3333 3126 14500 3504 3292 14501 3333 3126 14502 3334 3127 14503 3504 3292 14504 3334 3127 14505 3335 3129 14506 3504 3292 14507 3504 3292 14508 3335 3129 14509 3505 3293 14510 3335 3129 14511 3336 3131 14512 3505 3293 14513 3505 3293 14514 3336 3131 14515 3506 3294 14516 3336 3131 14517 3337 3133 14518 3506 3294 14519 3506 3294 14520 3337 3133 14521 3507 3295 14522 3337 3133 14523 3338 3135 14524 3507 3295 14525 3507 3295 14526 3338 3135 14527 3508 3296 14528 3338 3135 14529 3339 3137 14530 3508 3296 14531 3508 3296 14532 3339 3137 14533 3509 3297 14534 3339 3137 14535 3340 3139 14536 3509 3297 14537 3509 3297 14538 3340 3139 14539 3510 3298 14540 3340 3139 14541 3341 3141 14542 3510 3298 14543 3510 3298 14544 3341 3141 14545 3511 3299 14546 3341 3141 14547 3342 3143 14548 3511 3299 14549 3511 3299 14550 3342 3143 14551 3512 3300 14552 3342 3143 14553 3343 3145 14554 3512 3300 14555 3512 3300 14556 3343 3145 14557 3513 3301 14558 3343 3145 14559 3344 3147 14560 3513 3301 14561 3513 3301 14562 3344 3147 14563 3514 3302 14564 3344 3147 14565 3345 3149 14566 3514 3302 14567 3514 3302 14568 3345 3149 14569 3515 3303 14570 3345 3149 14571 3346 3151 14572 3515 3303 14573 3515 3303 14574 3346 3151 14575 3516 3304 14576 3346 3151 14577 3347 3153 14578 3516 3304 14579 3347 3153 14580 3348 3154 14581 3516 3304 14582 3516 3304 14583 3348 3154 14584 3517 3305 14585 3348 3154 14586 3349 3155 14587 3517 3305 14588 3517 3305 14589 3349 3155 14590 3518 3306 14591 3349 3155 14592 3350 3156 14593 3518 3306 14594 3518 3306 14595 3350 3156 14596 3519 3307 14597 3350 3156 14598 3351 3157 14599 3519 3307 14600 3519 3307 14601 3351 3157 14602 3520 3308 14603 3351 3157 14604 3352 3158 14605 3520 3308 14606 3520 3308 14607 3352 3158 14608 3521 3309 14609 3352 3158 14610 3353 3159 14611 3521 3309 14612 3522 1602 14613 3354 1602 14614 3523 1602 14615 3354 3310 14616 3355 3310 14617 3523 3310 14618 3524 3311 14619 3356 3162 14620 3525 3312 14621 3356 3162 14622 3357 3163 14623 3525 3312 14624 3525 3312 14625 3357 3163 14626 3526 3313 14627 3357 3163 14628 3358 3164 14629 3526 3313 14630 3526 3313 14631 3358 3164 14632 3527 3314 14633 3358 3164 14634 3359 3165 14635 3527 3314 14636 3527 3314 14637 3359 3165 14638 3529 3315 14639 3529 3315 14640 3359 3165 14641 3530 3316 14642 3359 3165 14643 3360 3166 14644 3530 3316 14645 3360 3166 14646 3361 3167 14647 3530 3316 14648 3530 3316 14649 3361 3167 14650 3531 3317 14651 3361 3167 14652 3363 3169 14653 3531 3317 14654 3363 3169 14655 3365 3171 14656 3531 3317 14657 3537 1602 14658 3532 1602 14659 3533 1602 14660 3532 1602 14661 3364 1602 14662 3533 1602 14663 3533 1602 14664 3364 1602 14665 3535 1602 14666 3364 3318 14667 3367 3318 14668 3535 3318 14669 3367 3319 14670 3368 3319 14671 3535 3319 14672 3369 3177 14673 3370 3181 14674 3534 3320 14675 3370 3181 14676 3372 3321 14677 3534 3320 14678 3372 3321 14679 3374 3322 14680 3534 3320 14681 3534 3320 14682 3374 3322 14683 3536 3323 14684 3374 3322 14685 3376 3324 14686 3536 3323 14687 3376 3324 14688 3378 3325 14689 3536 3323 14690 3378 3325 14691 3380 3326 14692 3536 3323 14693 3536 3323 14694 3380 3326 14695 3538 3327 14696 3380 3326 14697 3382 3328 14698 3538 3327 14699 3382 3328 14700 3384 3329 14701 3538 3327 14702 3384 3329 14703 3386 3330 14704 3538 3327 14705 3538 3327 14706 3386 3330 14707 3540 3331 14708 3386 3330 14709 3388 3332 14710 3540 3331 14711 3388 3332 14712 3390 3333 14713 3540 3331 14714 3390 3333 14715 3392 3334 14716 3540 3331 14717 3540 3331 14718 3392 3334 14719 3541 3335 14720 3393 3193 14721 3394 3194 14722 3542 3336 14723 3542 3336 14724 3394 3194 14725 3544 3337 14726 3544 3337 14727 3394 3194 14728 3545 3338 14729 3394 3194 14730 3395 3195 14731 3545 3338 14732 3546 3339 14733 3545 3338 14734 3547 3340 14735 3545 3338 14736 3395 3195 14737 3547 3340 14738 3396 1602 14739 3397 1602 14740 3548 1602 14741 3548 3341 14742 3397 3341 14743 3549 3341 14744 3398 3197 14745 3399 3198 14746 3550 3342 14747 3399 3198 14748 3400 3199 14749 3550 3342 14750 3550 3342 14751 3400 3199 14752 3552 3343 14753 3400 3199 14754 3401 3200 14755 3552 3343 14756 3552 3343 14757 3401 3200 14758 3554 3344 14759 3401 3200 14760 3402 3201 14761 3554 3344 14762 3554 3344 14763 3402 3201 14764 3556 3345 14765 3556 3345 14766 3402 3201 14767 3557 3346 14768 3402 3201 14769 3403 3202 14770 3557 3346 14771 3403 3202 14772 3404 3203 14773 3557 3346 14774 3557 3346 14775 3404 3203 14776 3558 3347 14777 3558 3347 14778 3404 3203 14779 3559 3348 14780 3404 3203 14781 3405 3204 14782 3559 3348 14783 3405 3204 14784 3406 3205 14785 3559 3348 14786 3559 3348 14787 3406 3205 14788 3560 3349 14789 3560 3349 14790 3406 3205 14791 3561 3350 14792 3406 3205 14793 3407 3206 14794 3561 3350 14795 3561 3350 14796 3407 3206 14797 3562 3351 14798 3408 3207 14799 3409 3208 14800 3563 3352 14801 3409 3208 14802 3411 3353 14803 3563 3352 14804 3563 3352 14805 3411 3353 14806 3565 3354 14807 3411 3353 14808 3413 3355 14809 3565 3354 14810 3565 3354 14811 3413 3355 14812 3567 3356 14813 3413 3355 14814 3415 3212 14815 3567 3356 14816 3415 3212 14817 3416 3213 14818 3567 3356 14819 3567 3356 14820 3416 3213 14821 3569 3357 14822 3416 3213 14823 3417 3358 14824 3569 3357 14825 3569 3357 14826 3417 3358 14827 3570 3359 14828 3570 3359 14829 3417 3358 14830 3571 3360 14831 3417 3358 14832 3419 3361 14833 3571 3360 14834 3571 3360 14835 3419 3361 14836 3573 3362 14837 3573 3362 14838 3419 3361 14839 3574 3363 14840 3420 3215 14841 3421 3216 14842 3575 3364 14843 3575 3364 14844 3421 3216 14845 3577 3365 14846 3421 3216 14847 3422 3217 14848 3577 3365 14849 3577 3365 14850 3422 3217 14851 3579 3366 14852 3422 3217 14853 3423 3218 14854 3579 3366 14855 3579 3366 14856 3423 3218 14857 3580 3367 14858 3423 3218 14859 3424 3219 14860 3580 3367 14861 3580 3367 14862 3424 3219 14863 3581 3368 14864 3581 3368 14865 3424 3219 14866 3583 3369 14867 3583 3369 14868 3424 3219 14869 3585 3370 14870 3424 3219 14871 3425 3220 14872 3585 3370 14873 3585 3370 14874 3425 3220 14875 3587 3371 14876 3425 3220 14877 3426 3221 14878 3587 3371 14879 3587 3371 14880 3426 3221 14881 3588 3372 14882 3426 3221 14883 3427 3222 14884 3588 3372 14885 3588 3372 14886 3427 3222 14887 3589 3373 14888 3589 3373 14889 3427 3222 14890 3591 3374 14891 3591 3374 14892 3427 3222 14893 3593 3375 14894 3427 3222 14895 3428 3223 14896 3593 3375 14897 3593 3375 14898 3428 3223 14899 3595 3376 14900 3428 3223 14901 3429 3224 14902 3595 3376 14903 3595 3376 14904 3429 3224 14905 3596 3377 14906 3429 3224 14907 3430 3225 14908 3596 3377 14909 3596 3377 14910 3430 3225 14911 3597 3378 14912 3597 3378 14913 3430 3225 14914 3599 3379 14915 3430 3225 14916 3431 3226 14917 3599 3379 14918 3599 3379 14919 3431 3226 14920 3601 3380 14921 3601 3380 14922 3431 3226 14923 3603 3381 14924 3431 3226 14925 3432 3227 14926 3603 3381 14927 3603 3381 14928 3432 3227 14929 3605 3382 14930 3605 3382 14931 3432 3227 14932 3606 3383 14933 3432 3227 14934 3433 3228 14935 3606 3383 14936 3433 3228 14937 3434 3229 14938 3606 3383 14939 3607 3384 14940 3434 3229 14941 3609 3385 14942 3609 3385 14943 3434 3229 14944 3610 3386 14945 3434 3229 14946 3435 3230 14947 3610 3386 14948 3435 3230 14949 3437 3232 14950 3610 3386 14951 3611 3387 14952 3436 3388 14953 3612 3389 14954 3436 3388 14955 3438 3390 14956 3612 3389 14957 3438 3390 14958 3440 3391 14959 3612 3389 14960 3612 3389 14961 3440 3391 14962 3613 3392 14963 3440 3391 14964 3442 3237 14965 3613 3392 14966 3442 3237 14967 3443 3238 14968 3613 3392 14969 3613 3392 14970 3443 3238 14971 3614 3393 14972 3443 3238 14973 3444 3394 14974 3614 3393 14975 3614 3393 14976 3444 3394 14977 3615 3395 14978 3444 3394 14979 3447 3242 14980 3615 3395 14981 3447 3242 14982 3448 3244 14983 3615 3395 14984 3615 3395 14985 3448 3244 14986 3616 3396 14987 3448 3244 14988 3449 3246 14989 3616 3396 14990 3616 3396 14991 3449 3246 14992 3617 3397 14993 3617 3397 14994 3449 3246 14995 3618 3398 14996 3449 3246 14997 3450 3247 14998 3618 3398 14999 3450 3247 15000 3451 3248 15001 3618 3398 15002 3618 3398 15003 3451 3248 15004 3620 3399 15005 3620 3399 15006 3451 3248 15007 3621 3400 15008 3451 3248 15009 3452 3249 15010 3621 3400 15011 3452 3249 15012 3454 3250 15013 3621 3400 15014 3622 1602 15015 3453 1602 15016 3624 1602 15017 3453 3401 15018 3455 3401 15019 3624 3401 15020 3624 1602 15021 3455 1602 15022 3625 1602 15023 3455 1602 15024 3457 1602 15025 3625 1602 15026 3625 1602 15027 3457 1602 15028 3627 1602 15029 3457 1602 15030 3459 1602 15031 3627 1602 15032 3627 1602 15033 3459 1602 15034 3629 1602 15035 3459 3402 15036 3461 3402 15037 3629 3402 15038 3629 3403 15039 3461 3403 15040 3631 3403 15041 3461 3404 15042 3463 3404 15043 3631 3404 15044 3463 3405 15045 3465 3405 15046 3631 3405 15047 3631 3406 15048 3465 3406 15049 3632 3406 15050 3465 1602 15051 3467 1602 15052 3632 1602 15053 3467 1602 15054 3470 1602 15055 3632 1602 15056 3470 3407 15057 3471 3407 15058 3632 3407 15059 3634 3408 15060 3633 3409 15061 3635 3410 15062 3633 3409 15063 3472 3259 15064 3635 3410 15065 3635 3410 15066 3472 3259 15067 3636 3411 15068 3472 3259 15069 3473 3260 15070 3636 3411 15071 3636 3411 15072 3473 3260 15073 3638 3412 15074 3638 3412 15075 3473 3260 15076 3639 3413 15077 3473 3260 15078 3474 3261 15079 3639 3413 15080 3474 3261 15081 3476 3262 15082 3639 3413 15083 3640 3414 15084 3475 3415 15085 3641 3416 15086 3475 3415 15087 3477 3417 15088 3641 3416 15089 3477 3417 15090 3480 3265 15091 3641 3416 15092 3480 3265 15093 3481 3267 15094 3641 3416 15095 3482 3418 15096 3483 3418 15097 3642 3418 15098 3642 3419 15099 3483 3419 15100 3643 3419 15101 3484 3271 15102 3485 3273 15103 3644 3420 15104 3485 3273 15105 3486 3274 15106 3644 3420 15107 3644 3420 15108 3486 3274 15109 3645 3421 15110 3486 3274 15111 3487 3275 15112 3646 3422 15113 3487 3275 15114 3488 3276 15115 3646 3422 15116 3646 3422 15117 3488 3276 15118 3648 3423 15119 3648 3423 15120 3488 3276 15121 3650 3424 15122 3650 3424 15123 3488 3276 15124 3651 3425 15125 3488 3276 15126 3489 3277 15127 3651 3425 15128 3489 3277 15129 3490 3278 15130 3651 3425 15131 3651 3425 15132 3490 3278 15133 3652 3426 15134 3652 3426 15135 3490 3278 15136 3653 3427 15137 3490 3278 15138 3491 3279 15139 3653 3427 15140 3491 3279 15141 3492 3281 15142 3653 3427 15143 3653 3427 15144 3492 3281 15145 3654 3428 15146 3654 3428 15147 3492 3281 15148 3655 3429 15149 3492 3281 15150 3493 3282 15151 3655 3429 15152 3655 3429 15153 3493 3282 15154 3656 3430 15155 3494 3431 15156 3495 3431 15157 3657 3431 15158 3657 3432 15159 3495 3432 15160 3658 3432 15161 3496 3284 15162 3497 3285 15163 3659 3433 15164 3497 3285 15165 3498 3286 15166 3659 3433 15167 3659 3433 15168 3498 3286 15169 3661 3434 15170 3498 3286 15171 3499 3287 15172 3661 3434 15173 3661 3434 15174 3499 3287 15175 3663 3435 15176 3663 3435 15177 3499 3287 15178 3664 3436 15179 3499 3287 15180 3500 3288 15181 3664 3436 15182 3664 3436 15183 3500 3288 15184 3665 3437 15185 3500 3288 15186 3501 3289 15187 3665 3437 15188 3501 3289 15189 3502 3290 15190 3665 3437 15191 3665 3437 15192 3502 3290 15193 3666 3438 15194 3666 3438 15195 3502 3290 15196 3667 3439 15197 3502 3290 15198 3503 3291 15199 3667 3439 15200 3667 3439 15201 3503 3291 15202 3668 3440 15203 3503 3291 15204 3504 3292 15205 3668 3440 15206 3504 3292 15207 3505 3293 15208 3668 3440 15209 3668 3440 15210 3505 3293 15211 3669 3441 15212 3505 3293 15213 3506 3294 15214 3669 3441 15215 3669 3441 15216 3506 3294 15217 3670 3442 15218 3506 3294 15219 3507 3295 15220 3670 3442 15221 3670 3442 15222 3507 3295 15223 3671 3443 15224 3507 3295 15225 3508 3296 15226 3671 3443 15227 3671 3443 15228 3508 3296 15229 3672 3444 15230 3508 3296 15231 3509 3297 15232 3672 3444 15233 3672 3444 15234 3509 3297 15235 3673 3445 15236 3509 3297 15237 3510 3298 15238 3673 3445 15239 3673 3445 15240 3510 3298 15241 3674 3446 15242 3510 3298 15243 3511 3299 15244 3674 3446 15245 3674 3446 15246 3511 3299 15247 3675 3447 15248 3511 3299 15249 3512 3300 15250 3675 3447 15251 3675 3447 15252 3512 3300 15253 3676 3448 15254 3512 3300 15255 3513 3301 15256 3676 3448 15257 3676 3448 15258 3513 3301 15259 3677 3449 15260 3513 3301 15261 3514 3302 15262 3677 3449 15263 3677 3449 15264 3514 3302 15265 3678 3450 15266 3514 3302 15267 3515 3303 15268 3678 3450 15269 3678 3450 15270 3515 3303 15271 3679 3451 15272 3515 3303 15273 3516 3304 15274 3679 3451 15275 3516 3304 15276 3517 3305 15277 3679 3451 15278 3679 3451 15279 3517 3305 15280 3680 3452 15281 3517 3305 15282 3518 3306 15283 3680 3452 15284 3680 3452 15285 3518 3306 15286 3681 3453 15287 3518 3306 15288 3519 3307 15289 3681 3453 15290 3681 3453 15291 3519 3307 15292 3682 3454 15293 3519 3307 15294 3520 3308 15295 3682 3454 15296 3682 3454 15297 3520 3308 15298 3683 3455 15299 3520 3308 15300 3521 3309 15301 3683 3455 15302 3684 1602 15303 3522 1602 15304 3685 1602 15305 3522 3456 15306 3523 3456 15307 3685 3456 15308 3686 3457 15309 3524 3311 15310 3687 3458 15311 3524 3311 15312 3525 3312 15313 3687 3458 15314 3687 3458 15315 3525 3312 15316 3688 3459 15317 3525 3312 15318 3526 3313 15319 3688 3459 15320 3688 3459 15321 3526 3313 15322 3689 3460 15323 3526 3313 15324 3527 3314 15325 3689 3460 15326 3691 3461 15327 3689 3460 15328 3693 3462 15329 3689 3460 15330 3527 3314 15331 3693 3462 15332 3693 3462 15333 3527 3314 15334 3694 3463 15335 3527 3314 15336 3529 3315 15337 3694 3463 15338 3695 3464 15339 3528 3465 15340 3696 3466 15341 3528 3465 15342 3530 3316 15343 3696 3466 15344 3530 3316 15345 3531 3317 15346 3696 3466 15347 3532 1602 15348 3537 1602 15349 3697 1602 15350 3537 1602 15351 3539 1602 15352 3697 1602 15353 3697 3467 15354 3539 3467 15355 3698 3467 15356 3540 3331 15357 3541 3335 15358 3699 3468 15359 3541 3335 15360 3543 3469 15361 3699 3468 15362 3699 3468 15363 3543 3469 15364 3700 3470 15365 3544 3337 15366 3545 3338 15367 3701 3471 15368 3545 3338 15369 3546 3339 15370 3701 3471 15371 3701 3471 15372 3546 3339 15373 3703 3472 15374 3703 3472 15375 3546 3339 15376 3705 3473 15377 3705 3473 15378 3546 3339 15379 3706 3474 15380 3546 3339 15381 3547 3340 15382 3706 3474 15383 3707 3475 15384 3706 3474 15385 3708 3476 15386 3706 3474 15387 3547 3340 15388 3708 3476 15389 3548 1602 15390 3549 1602 15391 3709 1602 15392 3549 3477 15393 3551 3477 15394 3709 3477 15395 3551 3478 15396 3553 3478 15397 3709 3478 15398 3709 3479 15399 3553 3479 15400 3711 3479 15401 3553 1602 15402 3555 1602 15403 3711 1602 15404 3711 3480 15405 3555 3480 15406 3712 3480 15407 3556 3345 15408 3557 3346 15409 3713 3481 15410 3557 3346 15411 3558 3347 15412 3713 3481 15413 3713 3481 15414 3558 3347 15415 3715 3482 15416 3715 3482 15417 3558 3347 15418 3716 3483 15419 3558 3347 15420 3559 3348 15421 3716 3483 15422 3559 3348 15423 3560 3349 15424 3716 3483 15425 3716 3483 15426 3560 3349 15427 3717 3484 15428 3717 3484 15429 3560 3349 15430 3718 3485 15431 3560 3349 15432 3561 3350 15433 3718 3485 15434 3718 3485 15435 3561 3350 15436 3719 3486 15437 3561 3350 15438 3562 3351 15439 3719 3486 15440 3562 3351 15441 3564 3487 15442 3719 3486 15443 3564 3487 15444 3566 3488 15445 3719 3486 15446 3566 3488 15447 3568 3489 15448 3719 3486 15449 3719 3486 15450 3568 3489 15451 3720 3490 15452 3568 3489 15453 3570 3359 15454 3720 3490 15455 3570 3359 15456 3571 3360 15457 3720 3490 15458 3720 3490 15459 3571 3360 15460 3721 3491 15461 3571 3360 15462 3572 3492 15463 3721 3491 15464 3721 3491 15465 3572 3492 15466 3722 3493 15467 3722 3493 15468 3572 3492 15469 3723 3494 15470 3573 3362 15471 3574 3363 15472 3724 3495 15473 3574 3363 15474 3576 3496 15475 3724 3495 15476 3724 3495 15477 3576 3496 15478 3726 3497 15479 3576 3496 15480 3578 3498 15481 3726 3497 15482 3726 3497 15483 3578 3498 15484 3728 3499 15485 3578 3498 15486 3580 3367 15487 3728 3499 15488 3580 3367 15489 3581 3368 15490 3728 3499 15491 3728 3499 15492 3581 3368 15493 3730 3500 15494 3581 3368 15495 3582 3501 15496 3730 3500 15497 3730 3500 15498 3582 3501 15499 3732 3502 15500 3732 3502 15501 3582 3501 15502 3734 3503 15503 3582 3501 15504 3584 3504 15505 3734 3503 15506 3734 3503 15507 3584 3504 15508 3736 3505 15509 3584 3504 15510 3586 3506 15511 3736 3505 15512 3736 3505 15513 3586 3506 15514 3738 3507 15515 3586 3506 15516 3588 3372 15517 3738 3507 15518 3588 3372 15519 3589 3373 15520 3738 3507 15521 3738 3507 15522 3589 3373 15523 3740 3508 15524 3589 3373 15525 3590 3509 15526 3740 3508 15527 3740 3508 15528 3590 3509 15529 3741 3510 15530 3590 3509 15531 3592 3511 15532 3741 3510 15533 3741 3510 15534 3592 3511 15535 3742 3512 15536 3592 3511 15537 3594 3513 15538 3742 3512 15539 3742 3512 15540 3594 3513 15541 3744 3514 15542 3594 3513 15543 3596 3377 15544 3744 3514 15545 3744 3514 15546 3596 3377 15547 3746 3515 15548 3596 3377 15549 3597 3378 15550 3746 3515 15551 3746 3515 15552 3597 3378 15553 3748 3516 15554 3597 3378 15555 3598 3517 15556 3748 3516 15557 3748 3516 15558 3598 3517 15559 3750 3518 15560 3598 3517 15561 3600 3519 15562 3750 3518 15563 3750 3518 15564 3600 3519 15565 3752 3520 15566 3600 3519 15567 3602 3521 15568 3752 3520 15569 3752 3520 15570 3602 3521 15571 3753 3522 15572 3602 3521 15573 3604 3523 15574 3753 3522 15575 3753 3522 15576 3604 3523 15577 3754 3524 15578 3604 3523 15579 3607 3384 15580 3754 3524 15581 3607 3384 15582 3609 3385 15583 3754 3524 15584 3754 3524 15585 3608 3525 15586 3755 3526 15587 3755 3526 15588 3608 3525 15589 3756 3527 15590 3608 3525 15591 3611 3387 15592 3756 3527 15593 3611 3387 15594 3612 3389 15595 3756 3527 15596 3756 3527 15597 3612 3389 15598 3757 3528 15599 3757 3528 15600 3612 3389 15601 3758 3529 15602 3612 3389 15603 3613 3392 15604 3758 3529 15605 3758 3529 15606 3613 3392 15607 3759 3530 15608 3613 3392 15609 3614 3393 15610 3759 3530 15611 3759 3530 15612 3614 3393 15613 3760 3531 15614 3614 3393 15615 3615 3395 15616 3760 3531 15617 3615 3395 15618 3616 3396 15619 3760 3531 15620 3760 3531 15621 3616 3396 15622 3761 3532 15623 3616 3396 15624 3617 3397 15625 3761 3532 15626 3761 3532 15627 3617 3397 15628 3763 3533 15629 3763 3533 15630 3617 3397 15631 3764 3534 15632 3617 3397 15633 3618 3398 15634 3764 3534 15635 3618 3398 15636 3620 3399 15637 3764 3534 15638 3765 1602 15639 3619 1602 15640 3766 1602 15641 3619 1602 15642 3622 1602 15643 3766 1602 15644 3622 1602 15645 3624 1602 15646 3766 1602 15647 3768 3535 15648 3767 3536 15649 3769 3537 15650 3767 3536 15651 3623 3538 15652 3769 3537 15653 3769 3537 15654 3623 3538 15655 3770 3539 15656 3770 3539 15657 3623 3538 15658 3771 3540 15659 3623 3538 15660 3626 3541 15661 3771 3540 15662 3771 3540 15663 3626 3541 15664 3772 3542 15665 3626 3541 15666 3773 3543 15667 3772 3542 15668 3772 3542 15669 3773 3543 15670 3774 3544 15671 3773 3543 15672 3628 3545 15673 3774 3544 15674 3774 3544 15675 3628 3545 15676 3775 3546 15677 3775 3546 15678 3628 3545 15679 3776 3547 15680 3628 3545 15681 3630 3548 15682 3776 3547 15683 3776 3547 15684 3630 3548 15685 3777 3549 15686 3630 3548 15687 3633 3409 15688 3777 3549 15689 3633 3409 15690 3634 3408 15691 3777 3549 15692 3777 3549 15693 3634 3408 15694 3779 3550 15695 3779 3550 15696 3634 3408 15697 3781 3551 15698 3634 3408 15699 3635 3410 15700 3781 3551 15701 3781 3551 15702 3635 3410 15703 3783 3552 15704 3635 3410 15705 3636 3411 15706 3783 3552 15707 3783 3552 15708 3636 3411 15709 3784 3553 15710 3636 3411 15711 3638 3412 15712 3784 3553 15713 3785 3554 15714 3637 3555 15715 3786 3556 15716 3637 3555 15717 3640 3414 15718 3786 3556 15719 3640 3414 15720 3641 3416 15721 3786 3556 15722 3642 1602 15723 3643 1602 15724 3787 1602 15725 3787 3557 15726 3643 3557 15727 3788 3557 15728 3644 3420 15729 3645 3421 15730 3789 3558 15731 3645 3421 15732 3647 3559 15733 3789 3558 15734 3647 3559 15735 3649 3560 15736 3789 3558 15737 3789 3558 15738 3649 3560 15739 3790 3561 15740 3650 3424 15741 3651 3425 15742 3791 3562 15743 3791 3562 15744 3651 3425 15745 3793 3563 15746 3651 3425 15747 3652 3426 15748 3793 3563 15749 3793 3563 15750 3652 3426 15751 3794 3564 15752 3795 3565 15753 3794 3564 15754 3796 3566 15755 3794 3564 15756 3652 3426 15757 3796 3566 15758 3652 3426 15759 3653 3427 15760 3796 3566 15761 3653 3427 15762 3654 3428 15763 3796 3566 15764 3796 3566 15765 3654 3428 15766 3797 3567 15767 3797 3567 15768 3654 3428 15769 3798 3568 15770 3654 3428 15771 3655 3429 15772 3798 3568 15773 3798 3568 15774 3655 3429 15775 3799 3569 15776 3655 3429 15777 3656 3430 15778 3799 3569 15779 3799 3569 15780 3656 3430 15781 3800 3570 15782 3657 1602 15783 3658 1602 15784 3801 1602 15785 3658 1602 15786 3660 1602 15787 3801 1602 15788 3660 1602 15789 3662 1602 15790 3801 1602 15791 3801 3571 15792 3662 3571 15793 3803 3571 15794 3803 3572 15795 3662 3572 15796 3804 3572 15797 3663 3435 15798 3664 3436 15799 3805 3573 15800 3805 3573 15801 3664 3436 15802 3806 3574 15803 3664 3436 15804 3665 3437 15805 3806 3574 15806 3665 3437 15807 3666 3438 15808 3806 3574 15809 3806 3574 15810 3666 3438 15811 3807 3575 15812 3807 3575 15813 3666 3438 15814 3808 3576 15815 3666 3438 15816 3667 3439 15817 3808 3576 15818 3808 3576 15819 3667 3439 15820 3809 3577 15821 3667 3439 15822 3668 3440 15823 3809 3577 15824 3668 3440 15825 3669 3441 15826 3809 3577 15827 3809 3577 15828 3669 3441 15829 3810 3578 15830 3669 3441 15831 3670 3442 15832 3810 3578 15833 3810 3578 15834 3670 3442 15835 3811 3579 15836 3670 3442 15837 3671 3443 15838 3811 3579 15839 3811 3579 15840 3671 3443 15841 3812 3580 15842 3671 3443 15843 3672 3444 15844 3812 3580 15845 3812 3580 15846 3672 3444 15847 3813 3581 15848 3672 3444 15849 3673 3445 15850 3813 3581 15851 3813 3581 15852 3673 3445 15853 3814 3582 15854 3673 3445 15855 3674 3446 15856 3814 3582 15857 3814 3582 15858 3674 3446 15859 3815 3583 15860 3674 3446 15861 3675 3447 15862 3815 3583 15863 3815 3583 15864 3675 3447 15865 3816 3584 15866 3675 3447 15867 3676 3448 15868 3816 3584 15869 3816 3584 15870 3676 3448 15871 3817 3585 15872 3676 3448 15873 3677 3449 15874 3817 3585 15875 3817 3585 15876 3677 3449 15877 3818 3586 15878 3677 3449 15879 3678 3450 15880 3818 3586 15881 3818 3586 15882 3678 3450 15883 3819 3587 15884 3678 3450 15885 3679 3451 15886 3819 3587 15887 3679 3451 15888 3680 3452 15889 3819 3587 15890 3819 3587 15891 3680 3452 15892 3820 3588 15893 3680 3452 15894 3681 3453 15895 3820 3588 15896 3820 3588 15897 3681 3453 15898 3821 3589 15899 3681 3453 15900 3682 3454 15901 3821 3589 15902 3821 3589 15903 3682 3454 15904 3822 3590 15905 3682 3454 15906 3683 3455 15907 3822 3590 15908 3823 1602 15909 3684 1602 15910 3824 1602 15911 3684 3591 15912 3685 3591 15913 3824 3591 15914 3825 3592 15915 3686 3457 15916 3826 3593 15917 3686 3457 15918 3687 3458 15919 3826 3593 15920 3826 3593 15921 3687 3458 15922 3827 3594 15923 3687 3458 15924 3688 3459 15925 3827 3594 15926 3827 3594 15927 3688 3459 15928 3828 3595 15929 3688 3459 15930 3689 3460 15931 3828 3595 15932 3689 3460 15933 3691 3461 15934 3828 3595 15935 3829 3596 15936 3828 3595 15937 3830 3597 15938 3828 3595 15939 3691 3461 15940 3830 3597 15941 3831 3598 15942 3690 3599 15943 3832 3600 15944 3690 3599 15945 3692 3601 15946 3832 3600 15947 3692 3601 15948 3695 3464 15949 3832 3600 15950 3695 3464 15951 3696 3466 15952 3832 3600 15953 3697 1602 15954 3698 1602 15955 3833 1602 15956 3833 1602 15957 3698 1602 15958 3834 1602 15959 3699 3468 15960 3700 3470 15961 3835 3602 15962 3700 3470 15963 3702 3603 15964 3835 3602 15965 3702 3603 15966 3704 3604 15967 3835 3602 15968 3835 3602 15969 3704 3604 15970 3836 3605 15971 3705 3473 15972 3706 3474 15973 3837 3606 15974 3706 3474 15975 3707 3475 15976 3837 3606 15977 3837 3606 15978 3707 3475 15979 3839 3607 15980 3839 3607 15981 3707 3475 15982 3841 3608 15983 3841 3608 15984 3707 3475 15985 3842 3609 15986 3707 3475 15987 3708 3476 15988 3842 3609 15989 3708 3476 15990 3710 3610 15991 3842 3609 15992 3842 3609 15993 3710 3610 15994 3843 3611 15995 3843 3611 15996 3710 3610 15997 3844 3612 15998 3845 3613 15999 3844 3612 16000 3846 3614 16001 3844 3612 16002 3710 3610 16003 3846 3614 16004 3711 1602 16005 3712 1602 16006 3847 1602 16007 3712 1602 16008 3714 1602 16009 3847 1602 16010 3847 1602 16011 3714 1602 16012 3848 1602 16013 3715 3482 16014 3716 3483 16015 3849 3615 16016 3716 3483 16017 3717 3484 16018 3849 3615 16019 3849 3615 16020 3717 3484 16021 3851 3616 16022 3851 3616 16023 3717 3484 16024 3852 3617 16025 3717 3484 16026 3718 3485 16027 3852 3617 16028 3852 3617 16029 3718 3485 16030 3853 3618 16031 3718 3485 16032 3719 3486 16033 3853 3618 16034 3719 3486 16035 3720 3490 16036 3853 3618 16037 3853 3618 16038 3720 3490 16039 3854 3619 16040 3720 3490 16041 3721 3491 16042 3854 3619 16043 3854 3619 16044 3721 3491 16045 3855 3620 16046 3721 3491 16047 3722 3493 16048 3855 3620 16049 3855 3620 16050 3722 3493 16051 3856 3621 16052 3856 3621 16053 3722 3493 16054 3857 3622 16055 3722 3493 16056 3723 3494 16057 3857 3622 16058 3723 3494 16059 3725 3623 16060 3857 3622 16061 3725 3623 16062 3727 3624 16063 3857 3622 16064 3727 3624 16065 3729 3625 16066 3857 3622 16067 3857 3622 16068 3729 3625 16069 3858 3626 16070 3729 3625 16071 3731 3627 16072 3858 3626 16073 3858 3626 16074 3731 3627 16075 3859 3628 16076 3731 3627 16077 3733 3629 16078 3859 3628 16079 3733 3629 16080 3735 3630 16081 3859 3628 16082 3859 3628 16083 3735 3630 16084 3860 3631 16085 3735 3630 16086 3737 3632 16087 3860 3631 16088 3860 3631 16089 3737 3632 16090 3861 3633 16091 3737 3632 16092 3739 3634 16093 3861 3633 16094 3739 3634 16095 3741 3510 16096 3861 3633 16097 3741 3510 16098 3742 3512 16099 3861 3633 16100 3861 3633 16101 3742 3512 16102 3862 3635 16103 3742 3512 16104 3743 3636 16105 3862 3635 16106 3862 3635 16107 3743 3636 16108 3863 3637 16109 3743 3636 16110 3745 3638 16111 3863 3637 16112 3745 3638 16113 3747 3639 16114 3863 3637 16115 3863 3637 16116 3747 3639 16117 3864 3640 16118 3747 3639 16119 3749 3641 16120 3864 3640 16121 3864 3640 16122 3749 3641 16123 3865 3642 16124 3749 3641 16125 3751 3643 16126 3865 3642 16127 3751 3643 16128 3753 3522 16129 3865 3642 16130 3753 3522 16131 3754 3524 16132 3865 3642 16133 3754 3524 16134 3755 3526 16135 3865 3642 16136 3865 3642 16137 3755 3526 16138 3866 3644 16139 3866 3644 16140 3755 3526 16141 3867 3645 16142 3755 3526 16143 3756 3527 16144 3867 3645 16145 3756 3527 16146 3757 3528 16147 3867 3645 16148 3867 3645 16149 3757 3528 16150 3868 3646 16151 3868 3646 16152 3757 3528 16153 3869 3647 16154 3757 3528 16155 3758 3529 16156 3869 3647 16157 3869 3647 16158 3758 3529 16159 3870 3648 16160 3758 3529 16161 3759 3530 16162 3870 3648 16163 3870 3648 16164 3759 3530 16165 3871 3649 16166 3759 3530 16167 3760 3531 16168 3871 3649 16169 3760 3531 16170 3761 3532 16171 3871 3649 16172 3871 3649 16173 3761 3532 16174 3872 3650 16175 3761 3532 16176 3763 3533 16177 3872 3650 16178 3873 3651 16179 3762 3651 16180 3874 3651 16181 3762 1602 16182 3765 1602 16183 3874 1602 16184 3765 3652 16185 3766 3652 16186 3874 3652 16187 3875 3653 16188 3767 3536 16189 3876 3654 16190 3876 3654 16191 3767 3536 16192 3877 3655 16193 3767 3536 16194 3768 3535 16195 3877 3655 16196 3877 3655 16197 3768 3535 16198 3879 3656 16199 3879 3656 16200 3768 3535 16201 3881 3657 16202 3768 3535 16203 3769 3537 16204 3881 3657 16205 3881 3657 16206 3769 3537 16207 3883 3658 16208 3769 3537 16209 3770 3539 16210 3883 3658 16211 3883 3658 16212 3770 3539 16213 3885 3659 16214 3885 3659 16215 3770 3539 16216 3887 3660 16217 3770 3539 16218 3771 3540 16219 3887 3660 16220 3887 3660 16221 3771 3540 16222 3889 3661 16223 3771 3540 16224 3772 3542 16225 3889 3661 16226 3889 3661 16227 3772 3542 16228 3891 3662 16229 3891 3662 16230 3772 3542 16231 3893 3663 16232 3772 3542 16233 3774 3544 16234 3893 3663 16235 3893 3663 16236 3774 3544 16237 3895 3664 16238 3774 3544 16239 3775 3546 16240 3895 3664 16241 3895 3664 16242 3775 3546 16243 3897 3665 16244 3897 3665 16245 3775 3546 16246 3899 3666 16247 3775 3546 16248 3776 3547 16249 3899 3666 16250 3899 3666 16251 3776 3547 16252 3900 3667 16253 3776 3547 16254 3777 3549 16255 3900 3667 16256 3777 3549 16257 3779 3550 16258 3900 3667 16259 3901 3668 16260 3778 3669 16261 3902 3670 16262 3778 3669 16263 3780 3671 16264 3902 3670 16265 3780 3671 16266 3782 3672 16267 3902 3670 16268 3782 3672 16269 3785 3554 16270 3902 3670 16271 3785 3554 16272 3786 3556 16273 3902 3670 16274 3787 1602 16275 3788 1602 16276 3903 1602 16277 3903 3673 16278 3788 3673 16279 3904 3673 16280 3789 3558 16281 3790 3561 16282 3905 3674 16283 3790 3561 16284 3792 3675 16285 3905 3674 16286 3792 3675 16287 3794 3564 16288 3905 3674 16289 3905 3674 16290 3794 3564 16291 3907 3676 16292 3794 3564 16293 3795 3565 16294 3907 3676 16295 3907 3676 16296 3795 3565 16297 3908 3677 16298 3795 3565 16299 3796 3566 16300 3909 3678 16301 3796 3566 16302 3797 3567 16303 3909 3678 16304 3909 3678 16305 3797 3567 16306 3911 3679 16307 3911 3679 16308 3797 3567 16309 3913 3680 16310 3913 3680 16311 3797 3567 16312 3914 3681 16313 3797 3567 16314 3798 3568 16315 3914 3681 16316 3914 3681 16317 3798 3568 16318 3915 3682 16319 3798 3568 16320 3799 3569 16321 3915 3682 16322 3915 3682 16323 3799 3569 16324 3916 3683 16325 3799 3569 16326 3800 3570 16327 3916 3683 16328 3800 3570 16329 3802 3684 16330 3916 3683 16331 3916 3683 16332 3802 3684 16333 3917 3685 16334 3917 3685 16335 3802 3684 16336 3918 3686 16337 3803 3687 16338 3804 3687 16339 3919 3687 16340 3919 3688 16341 3804 3688 16342 3920 3688 16343 3805 3573 16344 3806 3574 16345 3921 3689 16346 3806 3574 16347 3807 3575 16348 3921 3689 16349 3921 3689 16350 3807 3575 16351 3923 3690 16352 3923 3690 16353 3807 3575 16354 3924 3691 16355 3807 3575 16356 3808 3576 16357 3924 3691 16358 3924 3691 16359 3808 3576 16360 3925 3692 16361 3808 3576 16362 3809 3577 16363 3925 3692 16364 3809 3577 16365 3810 3578 16366 3925 3692 16367 3925 3692 16368 3810 3578 16369 3926 3693 16370 3810 3578 16371 3811 3579 16372 3926 3693 16373 3926 3693 16374 3811 3579 16375 3927 3694 16376 3811 3579 16377 3812 3580 16378 3927 3694 16379 3927 3694 16380 3812 3580 16381 3928 3695 16382 3812 3580 16383 3813 3581 16384 3928 3695 16385 3928 3695 16386 3813 3581 16387 3929 3696 16388 3813 3581 16389 3814 3582 16390 3929 3696 16391 3929 3696 16392 3814 3582 16393 3930 3697 16394 3814 3582 16395 3815 3583 16396 3930 3697 16397 3930 3697 16398 3815 3583 16399 3931 3698 16400 3815 3583 16401 3816 3584 16402 3931 3698 16403 3931 3698 16404 3816 3584 16405 3932 3699 16406 3816 3584 16407 3817 3585 16408 3932 3699 16409 3932 3699 16410 3817 3585 16411 3933 3700 16412 3817 3585 16413 3818 3586 16414 3933 3700 16415 3933 3700 16416 3818 3586 16417 3934 3701 16418 3818 3586 16419 3819 3587 16420 3934 3701 16421 3819 3587 16422 3820 3588 16423 3934 3701 16424 3934 3701 16425 3820 3588 16426 3935 3702 16427 3820 3588 16428 3821 3589 16429 3935 3702 16430 3935 3702 16431 3821 3589 16432 3936 3703 16433 3821 3589 16434 3822 3590 16435 3936 3703 16436 3937 1602 16437 3823 1602 16438 3938 1602 16439 3823 1602 16440 3824 1602 16441 3938 1602 16442 3939 3704 16443 3825 3592 16444 3940 3705 16445 3825 3592 16446 3826 3593 16447 3940 3705 16448 3940 3705 16449 3826 3593 16450 3941 3706 16451 3826 3593 16452 3827 3594 16453 3941 3706 16454 3941 3706 16455 3827 3594 16456 3942 3707 16457 3827 3594 16458 3828 3595 16459 3942 3707 16460 3944 3708 16461 3942 3707 16462 3945 3709 16463 3942 3707 16464 3828 3595 16465 3945 3709 16466 3828 3595 16467 3829 3596 16468 3945 3709 16469 3945 3709 16470 3829 3596 16471 3946 3710 16472 3829 3596 16473 3831 3598 16474 3946 3710 16475 3831 3598 16476 3832 3600 16477 3946 3710 16478 3833 1602 16479 3834 1602 16480 3947 1602 16481 3947 3711 16482 3834 3711 16483 3948 3711 16484 3835 3602 16485 3836 3605 16486 3949 3712 16487 3836 3605 16488 3838 3713 16489 3949 3712 16490 3838 3713 16491 3840 3714 16492 3949 3712 16493 3949 3712 16494 3840 3714 16495 3950 3715 16496 3841 3608 16497 3842 3609 16498 3951 3716 16499 3842 3609 16500 3843 3611 16501 3951 3716 16502 3951 3716 16503 3843 3611 16504 3953 3717 16505 3843 3611 16506 3844 3612 16507 3953 3717 16508 3953 3717 16509 3844 3612 16510 3955 3718 16511 3844 3612 16512 3845 3613 16513 3955 3718 16514 3955 3718 16515 3845 3613 16516 3957 3719 16517 3957 3719 16518 3845 3613 16519 3958 3720 16520 3845 3613 16521 3846 3614 16522 3958 3720 16523 3958 3720 16524 3846 3614 16525 3959 3721 16526 3847 1602 16527 3848 1602 16528 3960 1602 16529 3848 1602 16530 3850 1602 16531 3960 1602 16532 3960 3722 16533 3850 3722 16534 3961 3722 16535 3851 3616 16536 3852 3617 16537 3962 3723 16538 3962 3723 16539 3852 3617 16540 3963 3724 16541 3852 3617 16542 3853 3618 16543 3963 3724 16544 3853 3618 16545 3854 3619 16546 3963 3724 16547 3963 3724 16548 3854 3619 16549 3964 3725 16550 3854 3619 16551 3855 3620 16552 3964 3725 16553 3964 3725 16554 3855 3620 16555 3965 3726 16556 3855 3620 16557 3856 3621 16558 3965 3726 16559 3965 3726 16560 3856 3621 16561 3966 3727 16562 3966 3727 16563 3856 3621 16564 3967 3728 16565 3856 3621 16566 3857 3622 16567 3967 3728 16568 3857 3622 16569 3858 3626 16570 3967 3728 16571 3967 3728 16572 3858 3626 16573 3968 3729 16574 3858 3626 16575 3859 3628 16576 3968 3729 16577 3968 3729 16578 3859 3628 16579 3969 3730 16580 3859 3628 16581 3860 3631 16582 3969 3730 16583 3969 3730 16584 3860 3631 16585 3970 3731 16586 3860 3631 16587 3861 3633 16588 3970 3731 16589 3970 3731 16590 3861 3633 16591 3971 3732 16592 3861 3633 16593 3862 3635 16594 3971 3732 16595 3971 3732 16596 3862 3635 16597 3972 3733 16598 3862 3635 16599 3863 3637 16600 3972 3733 16601 3972 3733 16602 3863 3637 16603 3973 3734 16604 3863 3637 16605 3864 3640 16606 3973 3734 16607 3973 3734 16608 3864 3640 16609 3974 3735 16610 3864 3640 16611 3865 3642 16612 3974 3735 16613 3865 3642 16614 3866 3644 16615 3974 3735 16616 3974 3735 16617 3866 3644 16618 3975 3736 16619 3975 3736 16620 3866 3644 16621 3976 3737 16622 3866 3644 16623 3867 3645 16624 3976 3737 16625 3867 3645 16626 3868 3646 16627 3976 3737 16628 3976 3737 16629 3868 3646 16630 3978 3738 16631 3978 3738 16632 3868 3646 16633 3980 3739 16634 3868 3646 16635 3869 3647 16636 3980 3739 16637 3980 3739 16638 3869 3647 16639 3982 3740 16640 3869 3647 16641 3870 3648 16642 3982 3740 16643 3982 3740 16644 3870 3648 16645 3983 3741 16646 3870 3648 16647 3871 3649 16648 3983 3741 16649 3871 3649 16650 3872 3650 16651 3983 3741 16652 3984 3742 16653 3873 3742 16654 3985 3742 16655 3873 3743 16656 3874 3743 16657 3985 3743 16658 3987 3744 16659 3986 3745 16660 3988 3746 16661 3986 3745 16662 3875 3653 16663 3988 3746 16664 3875 3653 16665 3876 3654 16666 3988 3746 16667 3990 3747 16668 3988 3746 16669 3992 3748 16670 3988 3746 16671 3876 3654 16672 3992 3748 16673 3992 3748 16674 3876 3654 16675 3993 3749 16676 3876 3654 16677 3877 3655 16678 3993 3749 16679 3877 3655 16680 3879 3656 16681 3993 3749 16682 3994 3750 16683 3878 3751 16684 3996 3752 16685 3878 3751 16686 3880 3753 16687 3996 3752 16688 3880 3753 16689 3882 3754 16690 3996 3752 16691 3882 3754 16692 3884 3755 16693 3996 3752 16694 3996 3752 16695 3884 3755 16696 4001 3756 16697 3884 3755 16698 3886 3757 16699 4001 3756 16700 3886 3757 16701 3888 3758 16702 4001 3756 16703 4001 3756 16704 3888 3758 16705 3997 3759 16706 3888 3758 16707 3890 3760 16708 3997 3759 16709 3890 3760 16710 3892 3761 16711 3997 3759 16712 3892 3761 16713 3894 3762 16714 3997 3759 16715 3997 3759 16716 3894 3762 16717 3999 3763 16718 3894 3762 16719 3896 3764 16720 3999 3763 16721 3896 3764 16722 3898 3765 16723 3999 3763 16724 3898 3765 16725 3901 3668 16726 3999 3763 16727 3901 3668 16728 3902 3670 16729 3999 3763 16730 3903 1602 16731 3904 1602 16732 3998 1602 16733 3904 1602 16734 3906 1602 16735 3998 1602 16736 3998 1602 16737 3906 1602 16738 4000 1602 16739 4002 1602 16740 4000 1602 16741 4003 1602 16742 4000 1602 16743 3906 1602 16744 4003 1602 16745 3907 3676 16746 3908 3677 16747 4004 3766 16748 3908 3677 16749 3910 3767 16750 4004 3766 16751 3910 3767 16752 3912 3768 16753 4004 3766 16754 4004 3766 16755 3912 3768 16756 4005 3769 16757 3913 3680 16758 3914 3681 16759 4006 3770 16760 4006 3770 16761 3914 3681 16762 4008 3771 16763 4008 3771 16764 3914 3681 16765 4009 3772 16766 3914 3681 16767 3915 3682 16768 4009 3772 16769 4009 3772 16770 3915 3682 16771 4010 3773 16772 3915 3682 16773 3916 3683 16774 4010 3773 16775 3916 3683 16776 3917 3685 16777 4010 3773 16778 4010 3773 16779 3917 3685 16780 4011 3774 16781 4011 3774 16782 3917 3685 16783 4012 3775 16784 3917 3685 16785 3918 3686 16786 4012 3775 16787 4012 3775 16788 3918 3686 16789 4013 3776 16790 3919 1602 16791 3920 1602 16792 4014 1602 16793 3920 1602 16794 3922 1602 16795 4014 1602 16796 4014 1602 16797 3922 1602 16798 4016 1602 16799 4016 3777 16800 3922 3777 16801 4017 3777 16802 3923 3690 16803 3924 3691 16804 4018 3778 16805 4018 3778 16806 3924 3691 16807 4019 3779 16808 3924 3691 16809 3925 3692 16810 4019 3779 16811 3925 3692 16812 3926 3693 16813 4019 3779 16814 4019 3779 16815 3926 3693 16816 4020 3780 16817 3926 3693 16818 3927 3694 16819 4020 3780 16820 4020 3780 16821 3927 3694 16822 4021 3781 16823 3927 3694 16824 3928 3695 16825 4021 3781 16826 4021 3781 16827 3928 3695 16828 4022 3782 16829 3928 3695 16830 3929 3696 16831 4022 3782 16832 4022 3782 16833 3929 3696 16834 4023 3783 16835 3929 3696 16836 3930 3697 16837 4023 3783 16838 4023 3783 16839 3930 3697 16840 4024 3784 16841 3930 3697 16842 3931 3698 16843 4024 3784 16844 4024 3784 16845 3931 3698 16846 4025 3785 16847 3931 3698 16848 3932 3699 16849 4025 3785 16850 4025 3785 16851 3932 3699 16852 4026 3786 16853 3932 3699 16854 3933 3700 16855 4026 3786 16856 4026 3786 16857 3933 3700 16858 4027 3787 16859 3933 3700 16860 3934 3701 16861 4027 3787 16862 3934 3701 16863 3935 3702 16864 4027 3787 16865 4027 3787 16866 3935 3702 16867 4028 3788 16868 3935 3702 16869 3936 3703 16870 4028 3788 16871 4029 1602 16872 3937 1602 16873 4030 1602 16874 3937 3789 16875 3938 3789 16876 4030 3789 16877 4031 3790 16878 3939 3704 16879 4032 3791 16880 3939 3704 16881 3940 3705 16882 4032 3791 16883 4032 3791 16884 3940 3705 16885 4033 3792 16886 3940 3705 16887 3941 3706 16888 4033 3792 16889 4033 3792 16890 3941 3706 16891 4034 3793 16892 3941 3706 16893 3942 3707 16894 4034 3793 16895 3942 3707 16896 3944 3708 16897 4034 3793 16898 4036 3794 16899 4034 3793 16900 4037 3795 16901 4034 3793 16902 3944 3708 16903 4037 3795 16904 4038 3796 16905 3943 3797 16906 4039 3798 16907 3943 3797 16908 3945 3709 16909 4039 3798 16910 3945 3709 16911 3946 3710 16912 4039 3798 16913 3947 1602 16914 3948 1602 16915 4040 1602 16916 4040 3799 16917 3948 3799 16918 4041 3799 16919 3949 3712 16920 3950 3715 16921 4042 3800 16922 3950 3715 16923 3952 3801 16924 4042 3800 16925 3952 3801 16926 3954 3802 16927 4042 3800 16928 3954 3802 16929 3956 3803 16930 4042 3800 16931 4042 3800 16932 3956 3803 16933 4043 3804 16934 3957 3719 16935 3958 3720 16936 4044 3805 16937 4044 3805 16938 3958 3720 16939 4046 3806 16940 4046 3806 16941 3958 3720 16942 4047 3807 16943 3958 3720 16944 3959 3721 16945 4047 3807 16946 4047 3807 16947 3959 3721 16948 4048 3808 16949 4048 3808 16950 3959 3721 16951 4049 3809 16952 3960 3810 16953 3961 3810 16954 4050 3810 16955 4050 1602 16956 3961 1602 16957 4051 1602 16958 3962 3723 16959 3963 3724 16960 4052 3811 16961 3963 3724 16962 3964 3725 16963 4052 3811 16964 4052 3811 16965 3964 3725 16966 4054 3812 16967 3964 3725 16968 3965 3726 16969 4054 3812 16970 4054 3812 16971 3965 3726 16972 4056 3813 16973 3965 3726 16974 3966 3727 16975 4056 3813 16976 4056 3813 16977 3966 3727 16978 4058 3814 16979 4058 3814 16980 3966 3727 16981 4059 3815 16982 3966 3727 16983 3967 3728 16984 4059 3815 16985 3967 3728 16986 3968 3729 16987 4059 3815 16988 4059 3815 16989 3968 3729 16990 4060 3816 16991 3968 3729 16992 3969 3730 16993 4060 3816 16994 4060 3816 16995 3969 3730 16996 4061 3817 16997 3969 3730 16998 3970 3731 16999 4061 3817 17000 4061 3817 17001 3970 3731 17002 4062 3818 17003 3970 3731 17004 3971 3732 17005 4062 3818 17006 4062 3818 17007 3971 3732 17008 4063 3819 17009 3971 3732 17010 3972 3733 17011 4063 3819 17012 4063 3819 17013 3972 3733 17014 4064 3820 17015 3972 3733 17016 3973 3734 17017 4064 3820 17018 4064 3820 17019 3973 3734 17020 4065 3821 17021 3973 3734 17022 3974 3735 17023 4065 3821 17024 3974 3735 17025 3975 3736 17026 4065 3821 17027 4065 3821 17028 3975 3736 17029 4067 3822 17030 4067 3822 17031 3975 3736 17032 4068 3823 17033 3975 3736 17034 3976 3737 17035 4068 3823 17036 3976 3737 17037 3978 3738 17038 4068 3823 17039 4069 1602 17040 3977 1602 17041 4071 1602 17042 3977 1602 17043 3979 1602 17044 4071 1602 17045 4071 1602 17046 3979 1602 17047 4072 1602 17048 3979 1602 17049 3981 1602 17050 4072 1602 17051 3981 1602 17052 3984 1602 17053 4072 1602 17054 3984 1602 17055 3985 1602 17056 4072 1602 17057 4074 3824 17058 4073 3825 17059 4075 3826 17060 4073 3825 17061 3986 3745 17062 4075 3826 17063 3986 3745 17064 3987 3744 17065 4075 3826 17066 4077 3827 17067 4075 3826 17068 4079 3828 17069 4075 3826 17070 3987 3744 17071 4079 3828 17072 4079 3828 17073 3987 3744 17074 4080 3829 17075 3987 3744 17076 3988 3746 17077 4080 3829 17078 3988 3746 17079 3990 3747 17080 4080 3829 17081 4081 3830 17082 3989 3831 17083 4082 3832 17084 3989 3831 17085 3991 3833 17086 4082 3832 17087 3991 3833 17088 3994 3750 17089 4082 3832 17090 3994 3750 17091 3996 3752 17092 4082 3832 17093 4083 1602 17094 3995 1602 17095 4084 1602 17096 3995 1602 17097 4002 1602 17098 4084 1602 17099 4002 3834 17100 4003 3834 17101 4084 3834 17102 4004 3766 17103 4005 3769 17104 4085 3835 17105 4005 3769 17106 4007 3836 17107 4085 3835 17108 4085 3835 17109 4007 3836 17110 4086 3837 17111 4008 3771 17112 4009 3772 17113 4086 3837 17114 4087 3838 17115 4086 3837 17116 4088 3839 17117 4086 3837 17118 4009 3772 17119 4088 3839 17120 4009 3772 17121 4010 3773 17122 4088 3839 17123 4010 3773 17124 4011 3774 17125 4088 3839 17126 4088 3839 17127 4011 3774 17128 4089 3840 17129 4089 3840 17130 4011 3774 17131 4090 3841 17132 4011 3774 17133 4012 3775 17134 4090 3841 17135 4090 3841 17136 4012 3775 17137 4091 3842 17138 4012 3775 17139 4013 3776 17140 4091 3842 17141 4013 3776 17142 4015 3843 17143 4091 3842 17144 4091 3842 17145 4015 3843 17146 4092 3844 17147 4092 3844 17148 4015 3843 17149 4093 3845 17150 4016 3846 17151 4017 3846 17152 4094 3846 17153 4094 1602 17154 4017 1602 17155 4095 1602 17156 4018 3778 17157 4019 3779 17158 4096 3847 17159 4019 3779 17160 4020 3780 17161 4096 3847 17162 4096 3847 17163 4020 3780 17164 4098 3848 17165 4020 3780 17166 4021 3781 17167 4098 3848 17168 4098 3848 17169 4021 3781 17170 4100 3849 17171 4021 3781 17172 4022 3782 17173 4100 3849 17174 4100 3849 17175 4022 3782 17176 4102 3850 17177 4022 3782 17178 4023 3783 17179 4102 3850 17180 4102 3850 17181 4023 3783 17182 4104 3851 17183 4023 3783 17184 4024 3784 17185 4104 3851 17186 4104 3851 17187 4024 3784 17188 4106 3852 17189 4024 3784 17190 4025 3785 17191 4106 3852 17192 4106 3852 17193 4025 3785 17194 4108 3853 17195 4025 3785 17196 4026 3786 17197 4108 3853 17198 4108 3853 17199 4026 3786 17200 4109 3854 17201 4026 3786 17202 4027 3787 17203 4109 3854 17204 4027 3787 17205 4028 3788 17206 4109 3854 17207 4110 3855 17208 4029 3855 17209 4111 3855 17210 4029 3856 17211 4030 3856 17212 4111 3856 17213 4112 3857 17214 4031 3790 17215 4113 3858 17216 4031 3790 17217 4032 3791 17218 4113 3858 17219 4113 3858 17220 4032 3791 17221 4114 3859 17222 4032 3791 17223 4033 3792 17224 4114 3859 17225 4114 3859 17226 4033 3792 17227 4115 3860 17228 4033 3792 17229 4034 3793 17230 4115 3860 17231 4034 3793 17232 4036 3794 17233 4115 3860 17234 4115 3860 17235 4036 3794 17236 4116 3861 17237 4119 3862 17238 4117 3863 17239 4120 3864 17240 4117 3863 17241 4035 3865 17242 4120 3864 17243 4035 3865 17244 4038 3796 17245 4120 3864 17246 4038 3796 17247 4039 3798 17248 4120 3864 17249 4040 3866 17250 4041 3866 17251 4121 3866 17252 4121 3867 17253 4041 3867 17254 4122 3867 17255 4042 3800 17256 4043 3804 17257 4123 3868 17258 4043 3804 17259 4045 3869 17260 4123 3868 17261 4123 3868 17262 4045 3869 17263 4124 3870 17264 4046 3806 17265 4047 3807 17266 4125 3871 17267 4047 3807 17268 4048 3808 17269 4125 3871 17270 4125 3871 17271 4048 3808 17272 4127 3872 17273 4127 3872 17274 4048 3808 17275 4129 3873 17276 4129 3873 17277 4048 3808 17278 4130 3874 17279 4048 3808 17280 4049 3809 17281 4130 3874 17282 4130 3874 17283 4049 3809 17284 4131 3875 17285 4131 3875 17286 4049 3809 17287 4132 3876 17288 4050 1602 17289 4051 1602 17290 4133 1602 17291 4051 1602 17292 4053 1602 17293 4133 1602 17294 4053 1602 17295 4055 1602 17296 4133 1602 17297 4133 1602 17298 4055 1602 17299 4135 1602 17300 4055 3877 17301 4057 3877 17302 4135 3877 17303 4135 1602 17304 4057 1602 17305 4136 1602 17306 4058 3814 17307 4059 3815 17308 4137 3878 17309 4059 3815 17310 4060 3816 17311 4137 3878 17312 4137 3878 17313 4060 3816 17314 4139 3879 17315 4060 3816 17316 4061 3817 17317 4139 3879 17318 4139 3879 17319 4061 3817 17320 4141 3880 17321 4061 3817 17322 4062 3818 17323 4141 3880 17324 4141 3880 17325 4062 3818 17326 4143 3881 17327 4062 3818 17328 4063 3819 17329 4143 3881 17330 4143 3881 17331 4063 3819 17332 4145 3882 17333 4063 3819 17334 4064 3820 17335 4145 3882 17336 4145 3882 17337 4064 3820 17338 4146 3883 17339 4064 3820 17340 4065 3821 17341 4146 3883 17342 4065 3821 17343 4067 3822 17344 4146 3883 17345 4147 1602 17346 4066 1602 17347 4148 1602 17348 4066 1602 17349 4069 1602 17350 4148 1602 17351 4069 3884 17352 4071 3884 17353 4148 3884 17354 4149 3885 17355 4070 3886 17356 4150 3887 17357 4150 3887 17358 4070 3886 17359 4151 3888 17360 4151 3888 17361 4070 3886 17362 4152 3889 17363 4070 3886 17364 4073 3825 17365 4152 3889 17366 4073 3825 17367 4074 3824 17368 4152 3889 17369 4152 3889 17370 4074 3824 17371 4154 3890 17372 4154 3890 17373 4074 3824 17374 4155 3891 17375 4074 3824 17376 4075 3826 17377 4155 3891 17378 4075 3826 17379 4077 3827 17380 4155 3891 17381 4156 3892 17382 4076 3893 17383 4157 3894 17384 4076 3893 17385 4078 3895 17386 4157 3894 17387 4078 3895 17388 4081 3830 17389 4157 3894 17390 4081 3830 17391 4082 3832 17392 4157 3894 17393 4158 1602 17394 4083 1602 17395 4159 1602 17396 4083 3896 17397 4084 3896 17398 4159 3896 17399 4085 3835 17400 4086 3837 17401 4160 3897 17402 4086 3837 17403 4087 3838 17404 4160 3897 17405 4160 3897 17406 4087 3838 17407 4161 3898 17408 4087 3838 17409 4088 3839 17410 4162 3899 17411 4088 3839 17412 4089 3840 17413 4162 3899 17414 4162 3899 17415 4089 3840 17416 4164 3900 17417 4164 3900 17418 4089 3840 17419 4166 3901 17420 4166 3901 17421 4089 3840 17422 4167 3902 17423 4089 3840 17424 4090 3841 17425 4167 3902 17426 4167 3902 17427 4090 3841 17428 4168 3903 17429 4090 3841 17430 4091 3842 17431 4168 3903 17432 4091 3842 17433 4092 3844 17434 4168 3903 17435 4168 3903 17436 4092 3844 17437 4169 3904 17438 4169 3904 17439 4092 3844 17440 4170 3905 17441 4092 3844 17442 4093 3845 17443 4170 3905 17444 4170 3905 17445 4093 3845 17446 4171 3906 17447 4094 1602 17448 4095 1602 17449 4172 1602 17450 4095 1602 17451 4097 1602 17452 4172 1602 17453 4172 1602 17454 4097 1602 17455 4174 1602 17456 4097 1602 17457 4099 1602 17458 4174 1602 17459 4174 3907 17460 4099 3907 17461 4176 3907 17462 4099 3908 17463 4101 3908 17464 4176 3908 17465 4176 1602 17466 4101 1602 17467 4178 1602 17468 4101 1602 17469 4103 1602 17470 4178 1602 17471 4178 1602 17472 4103 1602 17473 4180 1602 17474 4103 3909 17475 4105 3909 17476 4180 3909 17477 4105 1602 17478 4107 1602 17479 4180 1602 17480 4180 3910 17481 4107 3910 17482 4181 3910 17483 4107 3911 17484 4110 3911 17485 4181 3911 17486 4110 3912 17487 4111 3912 17488 4181 3912 17489 4182 3913 17490 4112 3857 17491 4183 3914 17492 4112 3857 17493 4113 3858 17494 4183 3914 17495 4183 3914 17496 4113 3858 17497 4184 3915 17498 4113 3858 17499 4114 3859 17500 4184 3915 17501 4184 3915 17502 4114 3859 17503 4185 3916 17504 4114 3859 17505 4115 3860 17506 4185 3916 17507 4115 3860 17508 4116 3861 17509 4185 3916 17510 4116 3861 17511 4118 3917 17512 4185 3916 17513 4118 3917 17514 4186 3918 17515 4185 3916 17516 4185 3916 17517 4186 3918 17518 4187 3919 17519 4187 3919 17520 4186 3918 17521 4188 3920 17522 4186 3918 17523 4119 3862 17524 4188 3920 17525 4119 3862 17526 4120 3864 17527 4188 3920 17528 4121 1602 17529 4122 1602 17530 4189 1602 17531 4189 1602 17532 4122 1602 17533 4190 1602 17534 4123 3868 17535 4124 3870 17536 4191 3921 17537 4124 3870 17538 4126 3922 17539 4191 3921 17540 4126 3922 17541 4128 3923 17542 4191 3921 17543 4191 3921 17544 4128 3923 17545 4192 3924 17546 4129 3873 17547 4130 3874 17548 4193 3925 17549 4130 3874 17550 4131 3875 17551 4193 3925 17552 4193 3925 17553 4131 3875 17554 4195 3926 17555 4195 3926 17556 4131 3875 17557 4197 3927 17558 4197 3927 17559 4131 3875 17560 4198 3928 17561 4131 3875 17562 4132 3876 17563 4198 3928 17564 4198 3928 17565 4132 3876 17566 4199 3929 17567 4132 3876 17568 4134 3930 17569 4199 3929 17570 4199 3929 17571 4134 3930 17572 4201 3931 17573 4202 3932 17574 4201 3931 17575 4203 3933 17576 4201 3931 17577 4134 3930 17578 4203 3933 17579 4135 3934 17580 4136 3934 17581 4204 3934 17582 4136 3935 17583 4138 3935 17584 4204 3935 17585 4138 3936 17586 4140 3936 17587 4204 3936 17588 4204 1602 17589 4140 1602 17590 4206 1602 17591 4140 1602 17592 4142 1602 17593 4206 1602 17594 4206 3937 17595 4142 3937 17596 4207 3937 17597 4142 1602 17598 4144 1602 17599 4207 1602 17600 4144 1602 17601 4147 1602 17602 4207 1602 17603 4147 3938 17604 4148 3938 17605 4207 3938 17606 4208 3939 17607 4149 3885 17608 4209 3940 17609 4209 3940 17610 4149 3885 17611 4210 3941 17612 4149 3885 17613 4150 3887 17614 4210 3941 17615 4210 3941 17616 4150 3887 17617 4212 3942 17618 4212 3942 17619 4150 3887 17620 4214 3943 17621 4150 3887 17622 4151 3888 17623 4214 3943 17624 4214 3943 17625 4151 3888 17626 4216 3944 17627 4151 3888 17628 4152 3889 17629 4216 3944 17630 4216 3944 17631 4152 3889 17632 4217 3945 17633 4152 3889 17634 4154 3890 17635 4217 3945 17636 4218 3946 17637 4153 3947 17638 4219 3948 17639 4153 3947 17640 4156 3892 17641 4219 3948 17642 4156 3892 17643 4157 3894 17644 4219 3948 17645 4220 1602 17646 4158 1602 17647 4221 1602 17648 4158 3949 17649 4159 3949 17650 4221 3949 17651 4160 3897 17652 4161 3898 17653 4222 3950 17654 4161 3898 17655 4163 3951 17656 4222 3950 17657 4163 3951 17658 4165 3952 17659 4222 3950 17660 4222 3950 17661 4165 3952 17662 4223 3953 17663 4166 3901 17664 4167 3902 17665 4224 3954 17666 4224 3954 17667 4167 3902 17668 4226 3955 17669 4226 3955 17670 4167 3902 17671 4227 3956 17672 4167 3902 17673 4168 3903 17674 4227 3956 17675 4168 3903 17676 4169 3904 17677 4227 3956 17678 4227 3956 17679 4169 3904 17680 4228 3957 17681 4228 3957 17682 4169 3904 17683 4229 3958 17684 4169 3904 17685 4170 3905 17686 4229 3958 17687 4229 3958 17688 4170 3905 17689 4230 3959 17690 4170 3905 17691 4171 3906 17692 4230 3959 17693 4171 3906 17694 4173 3960 17695 4230 3959 17696 4230 3959 17697 4173 3960 17698 4231 3961 17699 4173 3960 17700 4175 3962 17701 4231 3961 17702 4231 3961 17703 4175 3962 17704 4232 3963 17705 4175 3962 17706 4177 3964 17707 4232 3963 17708 4232 3963 17709 4177 3964 17710 4233 3965 17711 4177 3964 17712 4179 3966 17713 4233 3965 17714 4233 3965 17715 4179 3966 17716 4234 3967 17717 4179 3966 17718 4182 3913 17719 4234 3967 17720 4182 3913 17721 4183 3914 17722 4234 3967 17723 4234 3967 17724 4183 3914 17725 4235 3968 17726 4183 3914 17727 4184 3915 17728 4235 3968 17729 4235 3968 17730 4184 3915 17731 4236 3969 17732 4184 3915 17733 4185 3916 17734 4236 3969 17735 4185 3916 17736 4187 3919 17737 4236 3969 17738 4236 3969 17739 4187 3919 17740 4237 3970 17741 4240 3971 17742 4238 3972 17743 4241 3973 17744 4238 3972 17745 4187 3919 17746 4241 3973 17747 4187 3919 17748 4188 3920 17749 4241 3973 17750 4189 1602 17751 4190 1602 17752 4242 1602 17753 4242 1602 17754 4190 1602 17755 4243 1602 17756 4191 3921 17757 4192 3924 17758 4244 3974 17759 4192 3924 17760 4194 3975 17761 4244 3974 17762 4194 3975 17763 4196 3976 17764 4244 3974 17765 4244 3974 17766 4196 3976 17767 4245 3977 17768 4197 3927 17769 4198 3928 17770 4246 3978 17771 4198 3928 17772 4199 3929 17773 4246 3978 17774 4246 3978 17775 4199 3929 17776 4248 3979 17777 4199 3929 17778 4200 3980 17779 4248 3979 17780 4248 3979 17781 4200 3980 17782 4250 3981 17783 4200 3980 17784 4202 3932 17785 4250 3981 17786 4250 3981 17787 4202 3932 17788 4252 3982 17789 4252 3982 17790 4202 3932 17791 4253 3983 17792 4202 3932 17793 4203 3933 17794 4253 3983 17795 4253 3983 17796 4203 3933 17797 4254 3984 17798 4203 3933 17799 4205 3985 17800 4254 3984 17801 4254 3984 17802 4205 3985 17803 4255 3986 17804 4255 3986 17805 4205 3985 17806 4256 3987 17807 4205 3985 17808 4208 3939 17809 4256 3987 17810 4256 3987 17811 4208 3939 17812 4257 3988 17813 4208 3939 17814 4209 3940 17815 4257 3988 17816 4259 3989 17817 4257 3988 17818 4261 3990 17819 4257 3988 17820 4209 3940 17821 4261 3990 17822 4261 3990 17823 4209 3940 17824 4262 3991 17825 4209 3940 17826 4210 3941 17827 4262 3991 17828 4210 3941 17829 4212 3942 17830 4262 3991 17831 4263 3992 17832 4211 3993 17833 4264 3994 17834 4211 3993 17835 4213 3995 17836 4264 3994 17837 4213 3995 17838 4215 3996 17839 4264 3994 17840 4215 3996 17841 4218 3946 17842 4264 3994 17843 4218 3946 17844 4219 3948 17845 4264 3994 17846 4265 1602 17847 4220 1602 17848 4266 1602 17849 4220 1602 17850 4221 1602 17851 4266 1602 17852 4222 3950 17853 4223 3953 17854 4267 3997 17855 4223 3953 17856 4225 3998 17857 4267 3997 17858 4267 3997 17859 4225 3998 17860 4268 3999 17861 4226 3955 17862 4227 3956 17863 4268 3999 17864 4227 3956 17865 4228 3957 17866 4268 3999 17867 4268 3999 17868 4228 3957 17869 4269 4000 17870 4269 4000 17871 4228 3957 17872 4271 4001 17873 4271 4001 17874 4228 3957 17875 4272 4002 17876 4228 3957 17877 4229 3958 17878 4272 4002 17879 4272 4002 17880 4229 3958 17881 4273 4003 17882 4229 3958 17883 4230 3959 17884 4273 4003 17885 4230 3959 17886 4231 3961 17887 4273 4003 17888 4273 4003 17889 4231 3961 17890 4274 4004 17891 4231 3961 17892 4232 3963 17893 4274 4004 17894 4274 4004 17895 4232 3963 17896 4275 4005 17897 4232 3963 17898 4233 3965 17899 4275 4005 17900 4275 4005 17901 4233 3965 17902 4276 4006 17903 4233 3965 17904 4234 3967 17905 4276 4006 17906 4234 3967 17907 4235 3968 17908 4276 4006 17909 4276 4006 17910 4235 3968 17911 4277 4007 17912 4235 3968 17913 4236 3969 17914 4277 4007 17915 4236 3969 17916 4237 3970 17917 4277 4007 17918 4237 3970 17919 4239 4008 17920 4277 4007 17921 4277 4007 17922 4239 4008 17923 4278 4009 17924 4279 4010 17925 4240 3971 17926 4280 4011 17927 4240 3971 17928 4241 3973 17929 4280 4011 17930 4242 4012 17931 4243 4012 17932 4281 4012 17933 4281 1602 17934 4243 1602 17935 4282 1602 17936 4244 3974 17937 4245 3977 17938 4283 4013 17939 4245 3977 17940 4247 4014 17941 4283 4013 17942 4247 4014 17943 4249 4015 17944 4283 4013 17945 4249 4015 17946 4251 4016 17947 4283 4013 17948 4283 4013 17949 4251 4016 17950 4284 4017 17951 4252 3982 17952 4253 3983 17953 4285 4018 17954 4285 4018 17955 4253 3983 17956 4287 4019 17957 4253 3983 17958 4254 3984 17959 4287 4019 17960 4287 4019 17961 4254 3984 17962 4289 4020 17963 4254 3984 17964 4255 3986 17965 4289 4020 17966 4289 4020 17967 4255 3986 17968 4291 4021 17969 4291 4021 17970 4255 3986 17971 4293 4022 17972 4255 3986 17973 4256 3987 17974 4293 4022 17975 4293 4022 17976 4256 3987 17977 4294 4023 17978 4256 3987 17979 4257 3988 17980 4294 4023 17981 4257 3988 17982 4259 3989 17983 4294 4023 17984 4295 4024 17985 4258 4025 17986 4296 4026 17987 4258 4025 17988 4260 4027 17989 4296 4026 17990 4260 4027 17991 4263 3992 17992 4296 4026 17993 4263 3992 17994 4264 3994 17995 4296 4026 17996 4297 1602 17997 4265 1602 17998 4298 1602 17999 4265 4028 18000 4266 4028 18001 4298 4028 18002 4267 3997 18003 4268 3999 18004 4299 4029 18005 4268 3999 18006 4269 4000 18007 4299 4029 18008 4269 4000 18009 4270 4030 18010 4299 4029 18011 4299 4029 18012 4270 4030 18013 4300 4031 18014 4271 4001 18015 4272 4002 18016 4301 4032 18017 4301 4032 18018 4272 4002 18019 4303 4033 18020 4303 4033 18021 4272 4002 18022 4304 4034 18023 4272 4002 18024 4273 4003 18025 4304 4034 18026 4273 4003 18027 4274 4004 18028 4304 4034 18029 4304 4034 18030 4274 4004 18031 4305 4035 18032 4274 4004 18033 4275 4005 18034 4305 4035 18035 4305 4035 18036 4275 4005 18037 4306 4036 18038 4275 4005 18039 4276 4006 18040 4306 4036 18041 4276 4006 18042 4277 4007 18043 4306 4036 18044 4277 4007 18045 4278 4009 18046 4306 4036 18047 4306 4036 18048 4278 4009 18049 4307 4037 18050 4308 4038 18051 4279 4010 18052 4309 4039 18053 4279 4010 18054 4280 4011 18055 4309 4039 18056 4281 1602 18057 4282 1602 18058 4310 1602 18059 4310 1602 18060 4282 1602 18061 4311 1602 18062 4283 4013 18063 4284 4017 18064 4312 4040 18065 4284 4017 18066 4286 4041 18067 4312 4040 18068 4286 4041 18069 4288 4042 18070 4312 4040 18071 4312 4040 18072 4288 4042 18073 4313 4043 18074 4288 4042 18075 4290 4044 18076 4313 4043 18077 4290 4044 18078 4292 4045 18079 4313 4043 18080 4292 4045 18081 4295 4024 18082 4313 4043 18083 4295 4024 18084 4296 4026 18085 4313 4043 18086 4314 1602 18087 4297 1602 18088 4315 1602 18089 4297 1602 18090 4298 1602 18091 4315 1602 18092 4299 4029 18093 4300 4031 18094 4316 4046 18095 4300 4031 18096 4302 4047 18097 4316 4046 18098 4316 4046 18099 4302 4047 18100 4317 4048 18101 4303 4033 18102 4304 4034 18103 4317 4048 18104 4304 4034 18105 4305 4035 18106 4317 4048 18107 4317 4048 18108 4305 4035 18109 4318 4049 18110 4318 4049 18111 4305 4035 18112 4319 4050 18113 4305 4035 18114 4306 4036 18115 4319 4050 18116 4306 4036 18117 4307 4037 18118 4319 4050 18119 4308 4038 18120 4309 4039 18121 4320 4051 18122 4320 4051 18123 4309 4039 18124 4322 4052 18125 4310 4053 18126 4311 4053 18127 4321 4053 18128 4311 1602 18129 4314 1602 18130 4321 1602 18131 4314 1602 18132 4315 1602 18133 4321 1602 18134 4316 4046 18135 4317 4048 18136 4322 4052 18137 4317 4048 18138 4318 4049 18139 4322 4052 18140 4320 4051 18141 4322 4052 18142 4318 4049 18143</p>
        </triangles>
        <triangles material="polished_steel_002-material" count="72">
          <input semantic="VERTEX" source="#Mesh_0_003-mesh-vertices" offset="0"/>
          <input semantic="NORMAL" source="#Mesh_0_003-mesh-normals" offset="1"/>
          <input semantic="TEXCOORD" source="#Mesh_0_003-mesh-map-0" offset="2" set="0"/>
          <p>4324 1602 18144 4325 1602 18145 4327 1602 18146 4327 1602 18147 4325 1602 18148 4329 1602 18149 4329 1602 18150 4325 1602 18151 4331 1602 18152 4331 1602 18153 4325 1602 18154 4333 1602 18155 4333 1602 18156 4325 1602 18157 4335 1602 18158 4335 4054 18159 4325 4054 18160 4336 4054 18161 4336 4055 18162 4325 4055 18163 4338 4055 18164 4338 4056 18165 4325 4056 18166 4340 4056 18167 4340 4057 18168 4325 4057 18169 4342 4057 18170 4342 1602 18171 4325 1602 18172 4344 1602 18173 4344 1602 18174 4325 1602 18175 4346 1602 18176 4346 1602 18177 4325 1602 18178 4348 1602 18179 4348 1602 18180 4325 1602 18181 4350 1602 18182 4350 1602 18183 4325 1602 18184 4352 1602 18185 4352 1602 18186 4325 1602 18187 4354 1602 18188 4354 1602 18189 4325 1602 18190 4356 1602 18191 4356 1602 18192 4325 1602 18193 4358 1602 18194 4358 1602 18195 4325 1602 18196 4359 1602 18197 4359 1602 18198 4325 1602 18199 4361 1602 18200 4361 1602 18201 4325 1602 18202 4363 1602 18203 4363 1602 18204 4325 1602 18205 4365 1602 18206 4365 1602 18207 4325 1602 18208 4367 1602 18209 4367 4058 18210 4325 4058 18211 4368 4058 18212 4325 1602 18213 4324 1602 18214 4368 1602 18215 4369 4059 18216 4323 4060 18217 4370 4061 18218 4370 4061 18219 4323 4060 18220 4371 4062 18221 4323 4060 18222 4326 4063 18223 4371 4062 18224 4371 4062 18225 4326 4063 18226 4372 4064 18227 4326 4063 18228 4328 4065 18229 4372 4064 18230 4372 4064 18231 4328 4065 18232 4373 4066 18233 4328 4065 18234 4330 4067 18235 4373 4066 18236 4373 4066 18237 4330 4067 18238 4374 4068 18239 4330 4067 18240 4332 4069 18241 4374 4068 18242 4374 4068 18243 4332 4069 18244 4375 4070 18245 4332 4069 18246 4334 4071 18247 4375 4070 18248 4375 4070 18249 4334 4071 18250 4376 4072 18251 4334 4071 18252 4337 4073 18253 4376 4072 18254 4376 4072 18255 4337 4073 18256 4377 4074 18257 4337 4073 18258 4378 4075 18259 4377 4074 18260 4377 4074 18261 4378 4075 18262 4379 4076 18263 4378 4075 18264 4339 4077 18265 4379 4076 18266 4379 4076 18267 4339 4077 18268 4380 4078 18269 4339 4077 18270 4341 4079 18271 4380 4078 18272 4380 4078 18273 4341 4079 18274 4381 4080 18275 4341 4079 18276 4343 4081 18277 4381 4080 18278 4381 4080 18279 4343 4081 18280 4382 4082 18281 4343 4081 18282 4345 4083 18283 4382 4082 18284 4382 4082 18285 4345 4083 18286 4383 4084 18287 4345 4083 18288 4347 4085 18289 4383 4084 18290 4383 4084 18291 4347 4085 18292 4384 4086 18293 4347 4085 18294 4349 4087 18295 4384 4086 18296 4384 4086 18297 4349 4087 18298 4385 4088 18299 4349 4087 18300 4351 4089 18301 4385 4088 18302 4385 4088 18303 4351 4089 18304 4386 4090 18305 4351 4089 18306 4353 4091 18307 4386 4090 18308 4386 4090 18309 4353 4091 18310 4387 4092 18311 4353 4091 18312 4355 4093 18313 4387 4092 18314 4387 4092 18315 4355 4093 18316 4388 4094 18317 4355 4093 18318 4357 4095 18319 4388 4094 18320 4388 4094 18321 4357 4095 18322 4389 4096 18323 4357 4095 18324 4360 4097 18325 4389 4096 18326 4389 4096 18327 4360 4097 18328 4390 4098 18329 4360 4097 18330 4391 4099 18331 4390 4098 18332 4390 4098 18333 4391 4099 18334 4392 4100 18335 4391 4099 18336 4362 4101 18337 4392 4100 18338 4392 4100 18339 4362 4101 18340 4393 4102 18341 4362 4101 18342 4364 4103 18343 4393 4102 18344 4393 4102 18345 4364 4103 18346 4394 4104 18347 4364 4103 18348 4366 4105 18349 4394 4104 18350 4394 4104 18351 4366 4105 18352 4395 4106 18353 4366 4105 18354 4369 4059 18355 4395 4106 18356 4369 4059 18357 4370 4061 18358 4395 4106 18359</p>
        </triangles>
      </mesh>
    </geometry>
  </library_geometries>
  <library_visual_scenes>
    <visual_scene id="Scene" name="Scene">
      <node id="装配体3_简化底盘" name="装配体3^简化底盘" type="NODE">
        <matrix sid="transform">-0.8660254 8.74228e-8 -0.5 0 -7.57103e-8 -1 -4.37114e-8 0 -0.5 0 0.8660254 0 0 0 0 1</matrix>
        <node id="简化车轮-1" name="简化车轮-1" type="NODE">
          <matrix sid="transform">-0.8660251 0.4977262 0.04762859 -0.0275671 -1.97501e-7 0.09525672 -0.995453 0.015055 -0.4999999 -0.8620869 -0.08249477 -0.0142524 0 0 0 1</matrix>
          <instance_geometry url="#Mesh_0_003-mesh" name="简化车轮-1">
            <bind_material>
              <technique_common>
                <instance_material symbol="color_003-material" target="#color_003-material">
                  <bind_vertex_input semantic="UVMap" input_semantic="TEXCOORD" input_set="0"/>
                </instance_material>
                <instance_material symbol="polished_steel_002-material" target="#polished_steel_002-material">
                  <bind_vertex_input semantic="UVMap" input_semantic="TEXCOORD" input_set="0"/>
                </instance_material>
              </technique_common>
            </bind_material>
          </instance_geometry>
        </node>
      </node>
    </visual_scene>
  </library_visual_scenes>
  <scene>
    <instance_visual_scene url="#Scene"/>
  </scene>
</COLLADA>