<?xml version="1.0" encoding="utf-8"?>
<COLLADA xmlns="http://www.collada.org/2005/11/COLLADASchema" version="1.4.1" xmlns:xsi="http://www.w3.org/2001/XMLSchema-instance">
  <asset>
    <contributor>
      <author>Blender User</author>
      <authoring_tool>Blender 4.5.3 LTS commit date:2025-09-08, commit time:12:46, hash:67807e1800cc</authoring_tool>
    </contributor>
    <created>2025-09-24T17:38:24</created>
    <modified>2025-09-24T17:38:24</modified>
    <unit name="meter" meter="1"/>
    <up_axis>Z_UP</up_axis>
  </asset>
  <library_cameras>
    <camera id="current-camera" name="Camera.003">
      <optics>
        <technique_common>
          <orthographic>
            <xmag sid="xmag">1</xmag>
            <aspect_ratio>1.777778</aspect_ratio>
            <znear sid="znear">0.00999999</znear>
            <zfar sid="zfar">100</zfar>
          </orthographic>
        </technique_common>
      </optics>
      <extra>
        <technique profile="blender">
          <shiftx sid="shiftx" type="float">0</shiftx>
          <shifty sid="shifty" type="float">0</shifty>
          <dof_distance sid="dof_distance" type="float">10</dof_distance>
        </technique>
      </extra>
    </camera>
  </library_cameras>
  <library_effects>
    <effect id="polished_steel_001-effect">
      <profile_COMMON>
        <technique sid="common">
          <lambert>
            <emission>
              <color sid="emission">0 0 0 1</color>
            </emission>
            <diffuse>
              <color sid="diffuse">0.776471 0.756863 0.737255 1</color>
            </diffuse>
            <reflectivity>
              <float sid="specular">1</float>
            </reflectivity>
            <index_of_refraction>
              <float sid="ior">1.5</float>
            </index_of_refraction>
          </lambert>
        </technique>
      </profile_COMMON>
    </effect>
    <effect id="color_002-effect">
      <profile_COMMON>
        <technique sid="common">
          <lambert>
            <emission>
              <color sid="emission">0 0 0 1</color>
            </emission>
            <diffuse>
              <color sid="diffuse">0.439216 0.439216 0.439216 1</color>
            </diffuse>
            <index_of_refraction>
              <float sid="ior">1.5</float>
            </index_of_refraction>
          </lambert>
        </technique>
      </profile_COMMON>
    </effect>
  </library_effects>
  <library_images/>
  <library_materials>
    <material id="polished_steel_001-material" name="polished steel.001">
      <instance_effect url="#polished_steel_001-effect"/>
    </material>
    <material id="color_002-material" name="color.002">
      <instance_effect url="#color_002-effect"/>
    </material>
  </library_materials>
  <library_geometries>
    <geometry id="Mesh_0_002-mesh" name="Mesh_0.002">
      <mesh>
        <source id="Mesh_0_002-mesh-positions">
          <float_array id="Mesh_0_002-mesh-positions-array" count="13188">-0.032 0.007147908 0.01320815 -0.032 0.007147908 0.01320815 -0.032 -4.51691e-7 0.0151242 -0.032 0.007399976 0.0151242 -0.032 0.007399976 0.0151242 -0.032 0.007147908 0.01703935 -0.032 0.007147908 0.01703935 -0.032 0.006408989 0.0188235 -0.032 0.006408989 0.0188235 -0.032 0.005232751 0.02035653 -0.032 0.005232751 0.02035653 -0.032 0.003699719 0.02153277 -0.032 0.003699719 0.02153277 -0.032 0.001915574 0.02227169 -0.032 0.001915574 0.02227169 -0.032 -4.51691e-7 0.02252376 -0.032 -0.001915574 0.02227169 -0.032 -0.001915574 0.02227169 -0.032 -0.003699719 0.02153277 -0.032 -0.003699719 0.02153277 -0.032 -0.005232751 0.02035653 -0.032 -0.005232751 0.02035653 -0.032 -0.006408989 0.0188235 -0.032 -0.006408989 0.0188235 -0.032 -0.007147908 0.01703935 -0.032 -0.007147908 0.01703935 -0.032 -0.007399976 0.0151242 -0.032 -0.007399976 0.0151242 -0.032 -0.007147908 0.01320815 -0.032 -0.007147908 0.01320815 -0.032 -0.006408989 0.011424 -0.032 -0.006408989 0.011424 -0.032 -0.005232751 0.009890913 -0.032 -0.005232751 0.009890913 -0.032 -0.003699719 0.008714735 -0.032 -0.003699719 0.008714735 -0.032 -0.001915574 0.007975816 -0.032 -0.001915574 0.007975816 -0.032 -4.51691e-7 0.007723748 -0.032 0.001915574 0.007975816 -0.032 0.001915574 0.007975816 -0.032 0.003699719 0.008714735 -0.032 0.003699719 0.008714735 -0.032 0.005232751 0.009890913 -0.032 0.005232751 0.009890913 -0.032 0.006408989 0.011424 -0.032 0.006408989 0.011424 -0.03099995 0.006408989 0.011424 -0.03099995 0.007147908 0.01320815 -0.03099995 0.007399976 0.0151242 -0.03099995 0.007147908 0.01703935 -0.03099995 0.006408989 0.0188235 -0.03099995 0.005232751 0.02035653 -0.03099995 0.003699719 0.02153277 -0.03099995 0.001915574 0.02227169 -0.032 -4.51691e-7 0.02252376 -0.03099995 -4.51691e-7 0.02252376 -0.03099995 -0.001915574 0.02227169 -0.03099995 -0.003699719 0.02153277 -0.03099995 -0.005232751 0.02035653 -0.03099995 -0.006408989 0.0188235 -0.03099995 -0.007147908 0.01703935 -0.03099995 -0.007399976 0.0151242 -0.03099995 -0.007147908 0.01320815 -0.03099995 -0.006408989 0.011424 -0.03099995 -0.005232751 0.009890913 -0.03099995 -0.003699719 0.008714735 -0.03099995 -0.001915574 0.007975816 -0.032 -4.51691e-7 0.007723748 -0.03099995 -4.51691e-7 0.007723748 -0.03099995 0.001915574 0.007975816 -0.03099995 0.003699719 0.008714735 -0.03099995 0.005232751 0.009890913 0.02906602 0.07948154 -0.02890408 0.02906602 0.07948154 -0.02890408 0.0199247 0.08751636 -0.03335529 0.0199247 0.08751636 -0.03335529 0.02906602 0.08101558 -0.02616298 0.02906602 0.08101558 -0.02616298 0.0199247 0.08786845 -0.03276431 0.0199247 0.0911628 -0.02613782 0.02906602 0.08375674 -0.02022802 0.02906602 0.08375674 -0.02022802 0.0199247 0.09214359 -0.02376133 0.0199247 0.09214359 -0.02376133 0.02906602 0.08400821 -0.01967477 0.02906602 0.08980482 8.9629e-4 0.02906602 0.08980482 8.9629e-4 0.02906602 0.0892893 -0.00170648 0.02906602 0.0892893 -0.00170648 0.0199247 0.09829229 -0.003404021 0.0199247 0.09829229 -0.003404021 0.0199247 0.09801566 -0.005076348 0.02906602 0.0884217 -0.006107389 0.02906602 0.0884217 -0.006107389 0.0199247 0.0962553 -0.01225608 0.02906602 0.08700084 -0.01111185 0.02906602 0.08700084 -0.01111185 0.0199247 0.09576493 -0.0137524 0.0199247 0.09576493 -0.0137524 0.02906602 0.08647269 -0.01297283 0.0199247 0.09396684 -0.01929754 0.0199247 0.09396684 -0.01929754 0.0184158 0.09229445 -0.02665334 0.0184158 0.08896237 -0.03335529 0.0184158 0.08513987 -0.03979319 0.0199247 0.08409625 -0.03911417 0.0199247 0.08409625 -0.03911417 0.02906602 0.07753258 -0.03238707 0.02906602 0.07753258 -0.03238707 0.0199247 0.08183288 -0.04235827 0.0199247 0.08183288 -0.04235827 0.02906602 0.07436394 -0.03711491 0.02906602 0.07436394 -0.03711491 0.02906602 0.07355922 -0.03832203 0.0199247 0.07985877 -0.04518741 0.0199247 0.07985877 -0.04518741 0.02906602 0.06914573 -0.04393005 0.0199247 0.07530701 -0.05077028 0.0199247 0.07530701 -0.05077028 0.02906602 0.06840384 -0.04473477 0.02906602 0.06840384 -0.04473477 0.0199247 0.07518124 -0.0509212 0.02906602 0.06429213 -0.04917341 0.02906602 0.06429213 -0.04917341 0.0199247 0.07010138 -0.05629026 0.0199247 0.06783801 -0.05835241 0.0199247 0.06783801 -0.05835241 0.02906602 0.06162649 -0.05163788 0.02906602 0.06162649 -0.05163788 0.0199247 0.06464421 -0.06126958 0.0199247 0.06464421 -0.06126958 0.02906602 0.05904877 -0.05401438 0.02906602 0.05904877 -0.05401438 0.0199247 0.05965232 -0.06518012 0.0199247 0.05965232 -0.06518012 0.02906602 0.0542078 -0.05783689 0.02906602 0.0542078 -0.05783689 0.0199247 0.05882245 -0.06583398 0.02906602 0.0534408 -0.05844044 0.02906602 0.01921433 -0.07369273 0.02906602 0.01921433 -0.07369273 0.02906602 0.02122616 -0.07329034 0.03031086 0.02087408 -0.07181918 0.02906602 0.02810412 -0.07135397 0.03031086 0.02762633 -0.06990796 0.02906602 0.02855682 -0.07119047 0.02906602 0.02855682 -0.07119047 0.03031086 0.03421515 -0.06748116 0.02906602 0.03479355 -0.06888943 0.02906602 0.03479355 -0.06888943 0.02906602 0.03754723 -0.0676195 0.02906602 0.03754723 -0.0676195 0.03031086 0.04059016 -0.06453883 0.02906602 0.0412817 -0.0658968 0.02906602 0.0412817 -0.0658968 0.03031086 0.0467137 -0.06111872 0.02906602 0.0461353 -0.06316828 0.02906602 0.0461353 -0.06316828 0.02906602 0.04750585 -0.06240123 0.03031086 0.05256062 -0.05720818 0.03031086 0.05806803 -0.05287015 0.03031086 0.06322336 -0.04810458 0.03031086 0.06798893 -0.04294925 0.03031086 0.07233953 -0.03742927 0.03031086 0.07623749 -0.03159493 0.03031086 0.07967019 -0.02547138 0.03031086 0.08261251 -0.01909637 0.03031086 0.08503925 -0.01250755 0.03031086 0.08693796 -0.005755364 0.03031086 0.08830851 0.00113517 0.02906602 0.0906347 0.007874846 0.02906602 0.0906347 0.007874846 0.03031086 0.08913838 0.008113741 0.02906602 0.09064728 0.007987976 0.02906602 0.09064728 0.007987976 0.02906602 0.0909239 0.01513004 0.02906602 0.0909239 0.01513004 0.03031086 0.08941501 0.01513004 0.03031086 0.08830851 0.02911233 0.03031086 0.08913838 0.02213376 0.02906602 0.09064728 0.02225947 0.02906602 0.09064728 0.02225947 0.02906602 0.09083586 0.01754426 0.02906602 0.09083586 0.01754426 0.0199247 0.1000527 0.01697844 0.0199247 0.09991431 0.009584903 0.0199247 0.09968799 0.007145524 0.0199247 0.09968799 0.007145524 0.0199247 0.09923535 0.002216517 0.0199247 0.09923535 0.002216517 0.0184158 0.09922277 -0.00532782 0.0184158 0.09744983 -0.01260817 0.0184158 0.09513622 -0.01972508 0.01668059 0.09600383 -0.02003943 0.01668059 0.09313696 -0.02703058 0.0148071 0.09366506 -0.02726948 0.01668059 0.08977967 -0.03379535 0.01668059 0.08591943 -0.04029613 0.0184158 0.08085215 -0.04592931 0.0184158 0.07612431 -0.0517385 0.0184158 0.07098156 -0.05717045 0.0184158 0.06543642 -0.06222522 0.0184158 0.05955177 -0.06683987 0.0199247 0.05268633 -0.0699582 0.0199247 0.05077511 -0.07103961 0.0199247 0.05077511 -0.07103961 0.0199247 0.04624843 -0.07361727 0.0199247 0.04624843 -0.07361727 0.0199247 0.041332 -0.07595604 0.0199247 0.041332 -0.07595604 0.0199247 0.03957164 -0.07678592 0.0199247 0.0326811 -0.07946419 0.0199247 0.03142368 -0.07984143 0.0199247 0.03142368 -0.07984143 0.0199247 0.02560192 -0.08161437 0.0199247 0.02560192 -0.08161437 0.0199247 0.02113813 -0.08262026 0.0199247 0.02113813 -0.08262026 0.0199247 0.01838445 -0.08324897 0.02906602 0.01422244 -0.07468605 0.02906602 0.01422244 -0.07468605 0.03031086 0.01398354 -0.07318973 0.02906602 0.009658098 -0.07522672 0.02906602 0.009658098 -0.07522672 0.03031086 0.007017552 -0.07401967 0.03124129 -0.006876707 -0.07228446 0.03031086 1.2666e-6 -0.07428371 0.03124129 1.2666e-6 -0.07256108 0.03124129 0.00687921 -0.07228446 0.03124129 0.01371949 -0.07147967 0.03124129 0.02047175 -0.07013428 0.03124129 0.02709823 -0.0682733 0.03124129 0.03356128 -0.06588423 0.03124129 0.03981053 -0.06300479 0.03124129 0.04582095 -0.05963498 0.03124129 0.0515421 -0.05581247 0.03124129 0.05694895 -0.05154991 0.03124129 0.06200367 -0.04688495 0.03124129 0.0666812 -0.0418176 0.03124129 0.07094383 -0.03641074 0.03124129 0.07476633 -0.03068959 0.03124129 0.07812356 -0.02467924 0.03124129 0.08101558 -0.01842993 0.03124129 0.08339208 -0.01196688 0.03124129 0.08526563 -0.005340397 0.03124129 0.08661103 0.001411795 0.03124129 0.08741575 0.008239507 0.03124129 0.0876798 0.01513004 0.03124129 0.08741575 0.022008 0.03124129 0.08661103 0.02883571 0.03124129 0.08101558 0.0486775 0.03124129 0.08339208 0.04221445 0.03031086 0.08261251 0.04934394 0.03031086 0.08503925 0.04275512 0.03124129 0.08526563 0.03558796 0.03031086 0.08693796 0.03600287 0.02906602 0.0884217 0.03635495 0.02906602 0.08980482 0.02935123 0.02906602 0.09006887 0.02718853 0.02906602 0.09006887 0.02718853 0.0199247 0.09965026 0.02435934 0.0199247 0.09965026 0.02435934 0.0199247 0.1000149 0.01778316 0.0199247 0.1000149 0.01778316 0.0184158 0.1012974 0.01699101 0.0184158 0.1011592 0.009509444 0.0184158 0.1004676 0.002053081 0.01668059 0.1013855 0.001939892 0.01668059 0.1001281 -0.005516409 0.01668059 0.09833002 -0.01285964 0.0148071 0.09888327 -0.01301056 0.0148071 0.09653192 -0.0202406 0.01285809 0.09407997 -0.02676653 0.01285809 0.09407997 -0.02676653 0.01285809 0.09384107 -0.02734494 0.01285809 0.09384107 -0.02734494 0.01285809 0.08915096 -0.03634792 0.01285809 0.08915096 -0.03634792 0.01285809 0.09044611 -0.03416001 0.01285809 0.09044611 -0.03416001 0.0148071 0.09027004 -0.03407198 0.0148071 0.08639729 -0.04059791 0.01668059 0.08159399 -0.04648256 0.01668059 0.0768159 -0.05234205 0.01668059 0.07162278 -0.05783689 0.01668059 0.06603991 -0.06292939 0.01668059 0.06009244 -0.06759434 0.0184158 0.05334019 -0.07101446 0.0184158 0.04682683 -0.07472378 0.0184158 0.04006201 -0.07793015 0.0184158 0.03308343 -0.08063358 0.0184158 0.02591627 -0.08282142 0.0184158 0.01861077 -0.08446866 0.0199247 0.01107895 -0.08433032 0.0199247 0.01063883 -0.08436805 0.0199247 0.01063883 -0.08436805 0.02906602 0.007130682 -0.0755285 0.02906602 0.007130682 -0.0755285 0.02906602 1.2666e-6 -0.07580512 0.02906602 -0.009655535 -0.07522672 0.02906602 -0.009655535 -0.07522672 0.02906602 -0.007128179 -0.0755285 0.02906602 -0.007128179 -0.0755285 0.03031086 -0.007014989 -0.07401967 0.03124129 -0.01371693 -0.07147967 0.03031086 -0.01399356 -0.07318973 0.03124129 -0.02046918 -0.07013428 0.03180718 -0.04483759 -0.05803805 0.03124129 -0.03980803 -0.06300479 0.03180718 -0.038953 -0.06133246 0.03124129 -0.03355872 -0.06588423 0.03180718 -0.03284204 -0.06414902 0.03124129 -0.02709567 -0.0682733 0.03180718 -0.02651727 -0.06648778 0.03180718 -0.02002912 -0.06831103 0.03180718 -0.01342773 -0.06963133 0.03180718 -0.006738364 -0.07042348 0.03180718 1.2666e-6 -0.07068753 0.03180718 0.006728351 -0.07042348 0.03180718 0.01341772 -0.06963133 0.03180718 0.02003163 -0.06831103 0.03180718 0.02651983 -0.06648778 0.03180718 0.03283196 -0.06414902 0.03180718 0.0389555 -0.06133246 0.03180718 0.04484015 -0.05803805 0.03180718 0.0504356 -0.054291 0.03180718 0.05572926 -0.05012899 0.03180718 0.06067085 -0.04555207 0.03180718 0.06524777 -0.04061049 0.03180718 0.06942236 -0.03531682 0.03180718 0.07316941 -0.0297088 0.03180718 0.07645124 -0.02383679 0.03180718 0.07928037 -0.01771324 0.03180718 0.08160656 -0.01138848 0.03180718 0.08344238 -0.004912853 0.03180718 0.08475005 0.001700997 0.03180718 0.08554226 0.008390367 0.03180718 0.08580631 0.01513004 0.03180718 0.08554226 0.02185714 0.03180718 0.08475005 0.02854651 0.03180718 0.08344238 0.03516042 0.03180718 0.08160656 0.04163604 0.03180718 0.07928037 0.04796075 0.03124129 0.07812356 0.05492675 0.03180718 0.07645124 0.0540843 0.03124129 0.07476633 0.06093716 0.03180718 0.07316941 0.05995637 0.03124129 0.07094383 0.06665831 0.03180718 0.06942236 0.06556439 0.03124129 0.0666812 0.07206517 0.03180718 0.06524777 0.07085806 0.03124129 0.06200367 0.07711994 0.03180718 0.06067085 0.07579964 0.03124129 0.05694895 0.08179742 0.03180718 0.05572926 0.08037656 0.03180718 0.03283196 0.09439659 0.03180718 0.0389555 0.09158003 0.03124129 0.03356128 0.0961318 0.03124129 0.03981053 0.09325236 0.03180718 0.04484015 0.08828562 0.03124129 0.04582095 0.08988255 0.03180718 0.0504356 0.08453857 0.03124129 0.0515421 0.08606004 0.03031086 0.05256062 0.08745574 0.03031086 0.05806803 0.08311772 0.03031086 0.06322336 0.07835215 0.03031086 0.06798893 0.07319682 0.03031086 0.07233953 0.06767684 0.03031086 0.07623749 0.0618425 0.03031086 0.07967019 0.05571895 0.02906602 0.08400821 0.04992234 0.02906602 0.08400821 0.04992234 0.02906602 0.08547937 0.04594892 0.02906602 0.08547937 0.04594892 0.02906602 0.08647269 0.0432204 0.02906602 0.08647269 0.0432204 0.02906602 0.08832108 0.03669446 0.02906602 0.08832108 0.03669446 0.0199247 0.09721094 0.03886973 0.0199247 0.09721094 0.03886973 0.0199247 0.09869468 0.03169 0.0199247 0.09869468 0.03169 0.0199247 0.09912216 0.02839559 0.0199247 0.09912216 0.02839559 0.0184158 0.1008825 0.02447253 0.01668059 0.1018005 0.02456057 0.01668059 0.1022154 0.01701611 0.01668059 0.1020771 0.009459137 0.0148071 0.1026555 0.009421467 0.0148071 0.1019513 0.001864433 0.0148071 0.1006939 -0.005629599 0.01285809 0.1008825 -0.005667328 0.01285809 0.1008825 -0.005667328 0.01285809 0.1007316 -0.006283462 0.01285809 0.1007316 -0.006283462 0.01285809 0.09907186 -0.01306086 0.01285809 0.09907186 -0.01306086 0.01285809 0.0978899 -0.01668214 0.01285809 0.0978899 -0.01668214 0.01285809 0.09672051 -0.02030348 0.01285809 0.09672051 -0.02030348 1.45823e-4 0.09533739 -0.02384936 1.45823e-4 0.09533739 -0.02384936 1.45823e-4 0.09402972 -0.02674138 1.45823e-4 0.09402972 -0.02674138 -0.0018031 0.0920304 -0.03070217 1.45823e-4 0.09220647 -0.0307902 1.45823e-4 0.09220647 -0.0307902 1.45823e-4 0.08916354 -0.0363605 1.45823e-4 0.08916354 -0.0363605 1.45823e-4 0.08916354 -0.0363605 1.45823e-4 0.08855998 -0.037467 1.45823e-4 0.08855998 -0.037467 0.01285809 0.08656072 -0.0407111 0.01285809 0.08656072 -0.0407111 0.01285809 0.08329147 -0.04538863 0.01285809 0.08329147 -0.04538863 0.0148071 0.08204668 -0.04683464 0.0148071 0.07724338 -0.05271929 0.0148071 0.07202517 -0.05823928 0.0148071 0.06640458 -0.06335687 0.0148071 0.06043195 -0.06804698 0.01668059 0.05381798 -0.0718066 0.01668059 0.04725438 -0.07554107 0.01668059 0.04042667 -0.07878518 0.01668059 0.03338521 -0.08151376 0.01668059 0.02615517 -0.08371418 0.01668059 0.01878678 -0.08537399 0.0184158 0.01120465 -0.08556258 0.0184158 0.003748297 -0.08611583 0.0199247 0.003697991 -0.08488357 0.0199247 0.003697991 -0.08488357 0.02906602 1.2666e-6 -0.07580512 0.0199247 1.2666e-6 -0.08488357 0.0199247 1.2666e-6 -0.08488357 0.0199247 -0.003695487 -0.08488357 0.0199247 -0.003695487 -0.08488357 0.0199247 -0.01063632 -0.08436805 0.0199247 -0.01063632 -0.08436805 0.0199247 -0.01107639 -0.08433032 0.0199247 -0.01838189 -0.08324897 0.02906602 -0.01421993 -0.07468605 0.02906602 -0.01421993 -0.07468605 0.02906602 -0.01921176 -0.07369273 0.02906602 -0.01921176 -0.07369273 0.03031086 -0.02087157 -0.07181918 0.03031086 -0.02763634 -0.06990796 0.03031086 -0.03421258 -0.06748116 0.03031086 -0.0405876 -0.06453883 0.03124129 -0.04581838 -0.05963498 0.03180718 -0.05043303 -0.054291 0.03199577 -0.05445671 -0.04864531 0.03199577 -0.05445671 -0.04864531 0.03199577 -0.0492888 -0.05271929 0.03199577 -0.0492888 -0.05271929 0.03199577 -0.04381912 -0.0563783 0.03199577 -0.04381912 -0.0563783 0.03199577 -0.03807282 -0.05959725 0.03199577 -0.03807282 -0.05959725 0.03199577 -0.03208756 -0.06235092 0.03199577 -0.03208756 -0.06235092 0.03199577 -0.02591371 -0.06462687 0.03199577 -0.02591371 -0.06462687 0.03199577 -0.01957643 -0.06641238 0.03199577 -0.01957643 -0.06641238 0.03199577 -0.01311337 -0.06770747 0.03199577 -0.01311337 -0.06770747 0.03199577 -0.006574928 -0.06847453 0.03199577 -0.006574928 -0.06847453 0.03199577 1.2666e-6 -0.06873857 0.03199577 0.006577432 -0.06847453 0.03199577 0.006577432 -0.06847453 0.03199577 0.01311594 -0.06770747 0.03199577 0.01311594 -0.06770747 0.03199577 0.01957899 -0.06641238 0.03199577 0.01957899 -0.06641238 0.03199577 0.02591627 -0.06462687 0.03199577 0.02591627 -0.06462687 0.03199577 0.03209012 -0.06235092 0.03199577 0.03209012 -0.06235092 0.03199577 0.03807532 -0.05959725 0.03199577 0.03807532 -0.05959725 0.03199577 0.04382169 -0.0563783 0.03199577 0.04382169 -0.0563783 0.03199577 0.04929137 -0.05271929 0.03199577 0.04929137 -0.05271929 0.03199577 0.05445927 -0.04864531 0.03199577 0.05445927 -0.04864531 0.03199577 0.0593003 -0.04416894 0.03199577 0.0593003 -0.04416894 0.03199577 0.06376403 -0.03934049 0.03199577 0.06376403 -0.03934049 0.03199577 0.06783801 -0.03417259 0.03199577 0.06783801 -0.03417259 0.03199577 0.07149708 -0.02869033 0.03199577 0.07149708 -0.02869033 0.03199577 0.07471603 -0.02294403 0.03199577 0.07471603 -0.02294403 0.03199577 0.0774697 -0.01697134 0.03199577 0.0774697 -0.01697134 0.03199577 0.07975816 -0.01078492 0.03199577 0.07975816 -0.01078492 0.03199577 0.08154368 -0.004447638 0.03199577 0.08154368 -0.004447638 0.03199577 0.08282625 0.002002775 0.03199577 0.08282625 0.002002775 0.03199577 0.08359324 0.008541285 0.03199577 0.08359324 0.008541285 0.03199577 0.08385729 0.01513004 0.03199577 0.08385729 0.01513004 0.03199577 0.08359324 0.02170622 0.03199577 0.08359324 0.02170622 0.03199577 0.08282625 0.02824473 0.03199577 0.08282625 0.02824473 0.03199577 0.08154368 0.0346952 0.03199577 0.08154368 0.0346952 0.03199577 0.07975816 0.04103249 0.03199577 0.07975816 0.04103249 0.03199577 0.0774697 0.04721891 0.03199577 0.0774697 0.04721891 0.03199577 0.07471603 0.05319154 0.03199577 0.07471603 0.05319154 0.03199577 0.07149708 0.0589379 0.03199577 0.07149708 0.0589379 0.03199577 0.06783801 0.06442016 0.03199577 0.06783801 0.06442016 0.03199577 0.06376403 0.06958806 0.03199577 0.06376403 0.06958806 0.03199577 0.0593003 0.07441651 0.03199577 0.0593003 0.07441651 0.03199577 0.05445927 0.07889282 0.03199577 0.05445927 0.07889282 0.03199577 0.04929137 0.0829668 0.03199577 0.04929137 0.0829668 0.03199577 0.04382169 0.08662587 0.03199577 0.04382169 0.08662587 0.03199577 0.03807532 0.08984482 0.03199577 0.03807532 0.08984482 0.03199577 0.03209012 0.09259849 0.03199577 0.03209012 0.09259849 0.03199577 0.02591627 0.09487444 0.03199577 0.02591627 0.09487444 0.03180718 0.02651983 0.09673535 0.03124129 0.02709823 0.09852087 0.03031086 0.02762633 0.1001555 0.03031086 0.03421515 0.09772872 0.03031086 0.04059016 0.0947864 0.03031086 0.0467137 0.09136629 0.02906602 0.04750585 0.0926488 0.02906602 0.04750585 0.0926488 0.02906602 0.05022186 0.09083813 0.02906602 0.05022186 0.09083813 0.02906602 0.0534408 0.08868801 0.02906602 0.0534408 0.08868801 0.02906602 0.05800515 0.08509182 0.02906602 0.05800515 0.08509182 0.02906602 0.05904877 0.08426195 0.02906602 0.06429213 0.07942098 0.02906602 0.06512206 0.07852822 0.02906602 0.06512206 0.07852822 0.02906602 0.06914573 0.07417762 0.02906602 0.06914573 0.07417762 0.02906602 0.07145935 0.07123529 0.02906602 0.07145935 0.07123529 0.02906602 0.07355922 0.0685696 0.02906602 0.07355922 0.0685696 0.02906602 0.07705479 0.06333881 0.02906602 0.07705479 0.06333881 0.02906602 0.07753258 0.06263464 0.02906602 0.08101558 0.05641049 0.02906602 0.08173233 0.05486392 0.02906602 0.08173233 0.05486392 0.0199247 0.09263396 0.05299037 0.0199247 0.09263396 0.05299037 0.0199247 0.09407997 0.04905474 0.0199247 0.09407997 0.04905474 0.0199247 0.09517395 0.04604953 0.0199247 0.09719836 0.03893262 0.0184158 0.09840548 0.03923439 0.0184158 0.09991431 0.03189116 0.01668059 0.1008322 0.03205466 0.0148071 0.1013855 0.03214269 0.0148071 0.1023663 0.02461081 0.0148071 0.1027938 0.01702868 0.01285809 0.1029824 0.01702868 0.01285809 0.1029824 0.01702868 0.01285809 0.1029447 0.01513004 0.01285809 0.1029447 0.01513004 0.01285809 0.1028441 0.009421467 0.01285809 0.1028441 0.009421467 0.01285809 0.1023789 0.004366695 0.01285809 0.1023789 0.004366695 0.01285809 0.1021399 0.001839339 0.01285809 0.1021399 0.001839339 1.45823e-4 0.1015741 -0.001932859 1.45823e-4 0.1015741 -0.001932859 1.45823e-4 0.1006813 -0.006283462 1.45823e-4 0.1006813 -0.006283462 1.45823e-4 0.1000401 -0.009389221 1.45823e-4 0.1000401 -0.009389221 1.45823e-4 0.09795278 -0.0167073 1.45823e-4 0.09795278 -0.0167073 -0.0018031 0.09777677 -0.01664441 -0.0018031 0.09516137 -0.0237739 -0.003689229 0.09463322 -0.02356016 -0.003689229 0.09151488 -0.0304507 -0.0018031 0.08839654 -0.03737896 1.45823e-4 0.0844357 -0.04386717 1.45823e-4 0.0844357 -0.04386717 1.45823e-4 0.08329147 -0.04538863 1.45823e-4 0.08329147 -0.04538863 0.01285809 0.08219754 -0.04694777 0.01285809 0.08219754 -0.04694777 0.01285809 0.07738173 -0.052845 0.01285809 0.07738173 -0.052845 0.01285809 0.07651412 -0.05377548 0.01285809 0.07651412 -0.05377548 0.01285809 0.07215094 -0.05837756 0.01285809 0.07215094 -0.05837756 0.01285809 0.06886911 -0.06137019 0.01285809 0.06886911 -0.06137019 0.01285809 0.06653034 -0.06350779 0.01285809 0.06653034 -0.06350779 0.01285809 0.06054508 -0.06821042 0.01285809 0.06054508 -0.06821042 0.01285809 0.05146664 -0.07401967 0.01285809 0.05146664 -0.07401967 0.01285809 0.05422037 -0.07244789 0.01285809 0.05422037 -0.07244789 0.0148071 0.05411976 -0.07228446 0.0148071 0.04751843 -0.07604408 0.0148071 0.04065299 -0.0793007 0.0148071 0.03357386 -0.08205443 0.0148071 0.02630609 -0.08426743 0.0148071 0.0188874 -0.08593982 0.01668059 0.01131784 -0.08649307 0.01668059 0.00377345 -0.08704632 0.0184158 -0.003745734 -0.08611583 0.0184158 -0.01121473 -0.08556258 0.0184158 -0.01862078 -0.08446866 0.0199247 -0.02113562 -0.08262026 0.0199247 -0.02113562 -0.08262026 0.02906602 -0.0212236 -0.07329034 0.02906602 -0.02810162 -0.07135397 0.02906602 -0.02855426 -0.07119047 0.02906602 -0.02855426 -0.07119047 0.02906602 -0.03479099 -0.06888943 0.02906602 -0.03479099 -0.06888943 0.02906602 -0.03754466 -0.0676195 0.02906602 -0.03754466 -0.0676195 0.02906602 -0.04127919 -0.0658968 0.02906602 -0.04127919 -0.0658968 0.02906602 -0.04613274 -0.06316828 0.02906602 -0.04613274 -0.06316828 0.02906602 -0.04751586 -0.06240123 0.03031086 -0.04672372 -0.06111872 0.03124129 -0.05153954 -0.05581247 0.03180718 -0.0557267 -0.05012899 0.03199577 -0.05929774 -0.04416894 0.03199577 -0.05929774 -0.04416894 0.03199577 -0.07471346 -0.02294403 0.03199577 -0.07471346 -0.02294403 0.03199577 -0.07149451 -0.02869033 0.03199577 -0.07149451 -0.02869033 0.03199577 1.2666e-6 0.01513004 0.03199577 -0.06784808 -0.03417259 0.03199577 -0.06784808 -0.03417259 0.03199577 -0.06376153 -0.03934049 0.03199577 -0.06376153 -0.03934049 0.03199577 1.2666e-6 -0.06873857 0.03199577 0.01957899 0.09665995 0.03199577 0.01957899 0.09665995 0.03199577 0.01311594 0.09795504 0.03199577 0.01311594 0.09795504 0.03199577 1.2666e-6 0.09898614 0.03199577 0.006577432 0.09872204 0.03199577 0.006577432 0.09872204 0.03199577 -0.006574928 0.09872204 0.03199577 -0.006574928 0.09872204 0.03199577 1.2666e-6 0.09898614 0.03180718 -0.006738364 0.1006711 0.03180718 1.2666e-6 0.1009351 0.03180718 0.006728351 0.1006711 0.03180718 0.01341772 0.09987884 0.03180718 0.02003163 0.0985586 0.03124129 0.02047175 0.1003819 0.03031086 0.02087408 0.1020668 0.02906602 0.02390444 0.1027835 0.02906602 0.02390444 0.1027835 0.02906602 0.02810412 0.1016015 0.02906602 0.02810412 0.1016015 0.02906602 0.03309601 0.09975314 0.02906602 0.03309601 0.09975314 0.02906602 0.03479355 0.099137 0.02906602 0.0412817 0.09614437 0.02906602 0.0419104 0.09579235 0.02906602 0.0419104 0.09579235 0.0199247 0.04950511 0.1020919 0.0199247 0.04950511 0.1020919 0.0199247 0.0553143 0.09849572 0.0199247 0.0553143 0.09849572 0.0199247 0.05579215 0.09820652 0.0199247 0.06177735 0.09385591 0.0199247 0.06382691 0.09210813 0.0199247 0.06382691 0.09210813 0.0199247 0.0674231 0.08907783 0.0199247 0.0674231 0.08907783 0.0199247 0.07166051 0.08490324 0.0199247 0.07166051 0.08490324 0.0199247 0.07269161 0.08389729 0.0199247 0.07757031 0.07833957 0.0199247 0.07867681 0.07689356 0.0199247 0.07867681 0.07689356 0.0199247 0.08203411 0.07244241 0.0199247 0.08203411 0.07244241 0.0199247 0.08478778 0.0681672 0.0199247 0.08478778 0.0681672 0.0199247 0.0860452 0.06621825 0.0199247 0.0895785 0.05973005 0.0199247 0.08996826 0.05887502 0.0199247 0.08996826 0.05887502 0.0184158 0.09377819 0.05346816 0.0184158 0.09635591 0.04642677 0.01668059 0.09723609 0.04671597 0.01668059 0.09929817 0.03944814 0.0148071 0.09985148 0.03958648 0.01285809 0.1000401 0.03963679 0.01285809 0.1000401 0.03963679 0.01285809 0.1006813 0.03653103 0.01285809 0.1006813 0.03653103 0.01285809 0.1015741 0.03218036 0.01285809 0.1015741 0.03218036 0.01285809 0.1023914 0.02588081 0.01285809 0.1023914 0.02588081 0.01285809 0.1025549 0.02462339 0.01285809 0.1025549 0.02462339 1.45823e-4 0.1028441 0.02082604 1.45823e-4 0.1028441 0.02082604 1.45823e-4 0.1029447 0.01511746 1.45823e-4 0.1029447 0.01511746 1.45823e-4 0.1029824 0.01321876 1.45823e-4 0.1029824 0.01321876 1.45823e-4 0.1025549 0.005624115 1.45823e-4 0.1025549 0.005624115 1.45823e-4 0.1023914 0.004366695 1.45823e-4 0.1023914 0.004366695 -0.0018031 0.1013855 -0.001895129 -0.0018031 0.09985148 -0.009338915 -0.003689229 0.09929817 -0.009200632 -0.003689229 0.09723609 -0.0164684 -0.005411863 0.09635591 -0.0161792 -0.005411863 0.09377819 -0.02322065 -0.005411863 0.09069758 -0.03003573 -0.003689229 0.08790618 -0.03707718 -0.0018031 0.08427226 -0.04375398 -0.0018031 0.07969534 -0.04982721 1.45823e-4 0.0798462 -0.0499404 1.45823e-4 0.0798462 -0.0499404 1.45823e-4 0.07650154 -0.05375033 1.45823e-4 0.07650154 -0.05375033 1.45823e-4 0.07481658 -0.05566155 1.45823e-4 0.07481658 -0.05566155 1.45823e-4 0.06938463 -0.06099295 1.45823e-4 0.06938463 -0.06099295 1.45823e-4 0.06890684 -0.06140792 1.45823e-4 0.06890684 -0.06140792 1.45823e-4 0.06357544 -0.06590938 1.45823e-4 0.06357544 -0.06590938 1.45823e-4 0.06049478 -0.06814759 1.45823e-4 0.06049478 -0.06814759 1.45823e-4 0.05742675 -0.07038575 1.45823e-4 0.05742675 -0.07038575 1.45823e-4 0.05149179 -0.07405734 1.45823e-4 0.05149179 -0.07405734 1.45823e-4 0.05095112 -0.07439684 1.45823e-4 0.05095112 -0.07439684 0.01285809 0.04760646 -0.07622009 0.01285809 0.04760646 -0.07622009 0.01285809 0.04187268 -0.0789361 0.01285809 0.04187268 -0.0789361 0.01285809 0.04072844 -0.07947677 0.01285809 0.04072844 -0.07947677 0.01285809 0.03363674 -0.08223044 0.01285809 0.03363674 -0.08223044 0.01285809 0.0318135 -0.08278375 0.01285809 0.0318135 -0.08278375 0.01285809 0.02635633 -0.0844435 0.01285809 0.02635633 -0.0844435 0.01285809 0.02140218 -0.08556258 0.01285809 0.02140218 -0.08556258 0.01285809 0.01892513 -0.08612841 0.01285809 0.01892513 -0.08612841 0.01285809 0.0113933 -0.08724749 0.01285809 0.0113933 -0.08724749 0.0148071 0.01138073 -0.0870589 0.0148071 0.003798604 -0.08761215 0.01668059 -0.003783464 -0.08704632 0.01668059 -0.01131528 -0.08649307 0.01668059 -0.01878428 -0.08537399 0.0184158 -0.02592629 -0.08282142 0.0199247 -0.02559936 -0.08161437 0.0199247 -0.02559936 -0.08161437 0.0199247 -0.03142112 -0.07984143 0.0199247 -0.03142112 -0.07984143 0.0199247 -0.03267854 -0.07946419 0.0199247 -0.03956913 -0.07678592 0.0199247 -0.04132944 -0.07595604 0.0199247 -0.04132944 -0.07595604 0.0199247 -0.0462585 -0.07361727 0.0199247 -0.0462585 -0.07361727 0.0199247 -0.05077254 -0.07103961 0.0199247 -0.05077254 -0.07103961 0.0199247 -0.05268383 -0.0699582 0.0199247 -0.05881989 -0.06583398 0.02906602 -0.05345082 -0.05844044 0.03031086 -0.05255806 -0.05720818 0.03124129 -0.05694639 -0.05154991 0.03180718 -0.06068086 -0.04555207 0.03180718 -0.06524527 -0.04061049 0.03180718 -0.0694198 -0.03531682 0.03180718 -0.0731669 -0.0297088 0.03180718 -0.07646125 -0.02383679 0.03199577 -0.07747977 -0.01697134 0.03199577 -0.07747977 -0.01697134 0.03199577 -0.07975566 -0.01078492 0.03199577 -0.07975566 -0.01078492 0.03199577 -0.08154118 -0.004447638 0.03199577 -0.08154118 -0.004447638 0.03199577 -0.08282369 0.002002775 0.03199577 -0.08282369 0.002002775 0.03199577 -0.08360332 0.008541285 0.03199577 -0.08360332 0.008541285 0.03199577 -0.08385479 0.01513004 0.03199577 -0.08385479 0.01513004 0.03199577 -0.08360332 0.02170622 0.03199577 -0.08360332 0.02170622 0.03199577 -0.08282369 0.02824473 0.03199577 -0.08282369 0.02824473 0.03199577 -0.08154118 0.0346952 0.03199577 -0.08154118 0.0346952 0.03199577 -0.07975566 0.04103249 0.03199577 -0.07975566 0.04103249 0.03199577 -0.07747977 0.04721891 0.03199577 -0.07747977 0.04721891 0.03199577 -0.07471346 0.05319154 0.03199577 -0.07471346 0.05319154 0.03199577 -0.07149451 0.0589379 0.03199577 -0.07149451 0.0589379 0.03199577 -0.06784808 0.06442016 0.03199577 -0.06784808 0.06442016 0.03199577 -0.06376153 0.06958806 0.03199577 -0.06376153 0.06958806 0.03199577 -0.05929774 0.07441651 0.03199577 -0.05929774 0.07441651 0.03199577 -0.05445671 0.07889282 0.03199577 -0.05445671 0.07889282 0.03199577 -0.0492888 0.0829668 0.03199577 -0.0492888 0.0829668 0.03199577 -0.04381912 0.08662587 0.03199577 -0.04381912 0.08662587 0.03199577 -0.03807282 0.08984482 0.03199577 -0.03807282 0.08984482 0.03199577 -0.03208756 0.09259849 0.03199577 -0.03208756 0.09259849 0.03199577 -0.02591371 0.09487444 0.03199577 -0.02591371 0.09487444 0.03199577 -0.01957643 0.09665995 0.03199577 -0.01957643 0.09665995 0.03199577 -0.01311337 0.09795504 0.03199577 -0.01311337 0.09795504 0.03180718 -0.01342773 0.09987884 0.03124129 -0.01371693 0.1017273 0.03124129 -0.006876707 0.102532 0.03124129 1.2666e-6 0.1028086 0.03124129 0.00687921 0.102532 0.03124129 0.01371949 0.1017273 0.03031086 0.01398354 0.1034373 0.02906602 0.01422244 0.1049336 0.02906602 0.01446133 0.1048833 0.02906602 0.01446133 0.1048833 0.02906602 0.02122616 0.1035379 0.02906602 0.02122616 0.1035379 0.0199247 0.02630609 0.1116104 0.0199247 0.02630609 0.1116104 0.0199247 0.02916038 0.110856 0.0199247 0.03615152 0.1084418 0.0199247 0.03644073 0.108316 0.0199247 0.03644073 0.108316 0.0199247 0.04294151 0.105512 0.0199247 0.04294151 0.105512 0.0199247 0.04611015 0.1038649 0.0199247 0.04611015 0.1038649 0.0184158 0.05012124 0.1031733 0.0184158 0.05648368 0.09923762 0.0184158 0.06254434 0.09483671 0.0184158 0.06825298 0.08999568 0.0184158 0.07359695 0.08475232 0.0184158 0.07853853 0.0791192 0.0184158 0.08305257 0.07314652 0.0184158 0.08711397 0.06685954 0.0184158 0.09069758 0.0602833 0.01668059 0.09151488 0.06069827 0.01668059 0.09463322 0.05380767 0.0148071 0.09516137 0.05402147 0.0148071 0.09777677 0.04689198 0.01285809 0.09795278 0.04695487 0.01285809 0.09795278 0.04695487 1.45823e-4 0.09907186 0.04330837 1.45823e-4 0.09907186 0.04330837 1.45823e-4 0.1007316 0.03653103 1.45823e-4 0.1007316 0.03653103 1.45823e-4 0.1008825 0.03591489 1.45823e-4 0.1008825 0.03591489 1.45823e-4 0.1021399 0.02840816 1.45823e-4 0.1021399 0.02840816 1.45823e-4 0.1023789 0.02588081 1.45823e-4 0.1023789 0.02588081 -0.0018031 0.1026555 0.02082604 -0.0018031 0.1027938 0.01321876 -0.0018031 0.1023663 0.005636632 -0.003689229 0.1018005 0.005686938 -0.003689229 0.1008322 -0.001807093 -0.005411863 0.09991431 -0.001643657 -0.005411863 0.09840548 -0.00898683 -0.006933331 0.09719836 -0.008685111 -0.006933331 0.09517395 -0.01580196 -0.006933331 0.09407997 -0.01880717 -0.006933331 0.09407997 -0.01880717 -0.006933331 0.09263396 -0.0227428 -0.006933331 0.09263396 -0.0227428 -0.006933331 0.08996826 -0.02862745 -0.006933331 0.08996826 -0.02862745 -0.006933331 0.0895785 -0.02948248 -0.006933331 0.0860452 -0.03597068 -0.005411863 0.08711397 -0.03661197 -0.003689229 0.08380705 -0.04342705 -0.003689229 0.07925522 -0.04946261 -0.0018031 0.0746783 -0.05552327 -0.0018031 0.06925886 -0.06085467 -0.0018031 0.06346225 -0.06575852 -0.0018031 0.05731356 -0.07022231 -0.0018031 0.05085051 -0.07422083 1.45823e-4 0.04419887 -0.07790499 1.45823e-4 0.04419887 -0.07790499 1.45823e-4 0.04187268 -0.07891094 1.45823e-4 0.04187268 -0.07891094 1.45823e-4 0.03720772 -0.08092278 1.45823e-4 0.03720772 -0.08092278 1.45823e-4 0.0318135 -0.08278375 1.45823e-4 0.0318135 -0.08278375 1.45823e-4 0.0300154 -0.0834124 1.45823e-4 0.0300154 -0.0834124 1.45823e-4 0.02265959 -0.08534884 1.45823e-4 0.02265959 -0.08534884 1.45823e-4 0.02140218 -0.08558773 1.45823e-4 0.02140218 -0.08558773 1.45823e-4 0.01517808 -0.08675712 1.45823e-4 0.01517808 -0.08675712 1.45823e-4 0.01076459 -0.08724749 1.45823e-4 0.01076459 -0.08724749 1.45823e-4 0.01076459 -0.08724749 0.01285809 0.01076459 -0.08728522 0.01285809 0.01076459 -0.08728522 0.01285809 0.00381118 -0.08780074 0.01285809 0.00381118 -0.08780074 0.01285809 1.2666e-6 -0.08780074 0.01285809 1.2666e-6 -0.08780074 0.01285809 -0.003808617 -0.08780074 0.01285809 -0.003808617 -0.08780074 0.0148071 -0.003796041 -0.08761215 0.0148071 -0.01137816 -0.0870589 0.0148071 -0.01888489 -0.08593982 0.01668059 -0.02615267 -0.08371418 0.0184158 -0.03308093 -0.08063358 0.0184158 -0.0400595 -0.07793015 0.0184158 -0.04682433 -0.07472378 0.0184158 -0.05333763 -0.07101446 0.0184158 -0.05954921 -0.06683987 0.0199247 -0.0596624 -0.06518012 0.0199247 -0.0596624 -0.06518012 0.02906602 -0.05420523 -0.05783689 0.02906602 -0.05420523 -0.05783689 0.02906602 -0.0616365 -0.05163788 0.02906602 -0.0616365 -0.05163788 0.02906602 -0.05905884 -0.05401438 0.02906602 -0.05905884 -0.05401438 0.03031086 -0.05806547 -0.05287015 0.03124129 -0.06200116 -0.04688495 0.03124129 -0.0666787 -0.0418176 0.03124129 -0.07094126 -0.03641074 0.03124129 -0.07476377 -0.03068959 0.03124129 -0.07813364 -0.02467924 0.03180718 -0.07927787 -0.01771324 0.03180718 -0.08160406 -0.01138848 0.03180718 -0.08343982 -0.004912853 0.03180718 -0.08474755 0.001700997 0.03180718 -0.08553969 0.008390367 0.03180718 -0.08580374 0.01513004 0.03180718 -0.08553969 0.02185714 0.03180718 -0.08474755 0.02854651 0.03180718 -0.08343982 0.03516042 0.03180718 -0.08160406 0.04163604 0.03180718 -0.07927787 0.04796075 0.03180718 -0.07646125 0.0540843 0.03180718 -0.0731669 0.05995637 0.03180718 -0.0694198 0.06556439 0.03180718 -0.06524527 0.07085806 0.03180718 -0.06068086 0.07579964 0.03180718 -0.0557267 0.08037656 0.03180718 -0.05043303 0.08453857 0.03180718 -0.04483759 0.08828562 0.03180718 -0.038953 0.09158003 0.03180718 -0.03284204 0.09439659 0.03180718 -0.02651727 0.09673535 0.03180718 -0.02002912 0.0985586 0.03124129 -0.02046918 0.1003819 0.03031086 -0.02087157 0.1020668 0.03031086 -0.01399356 0.1034373 0.03031086 -0.007014989 0.1042672 0.03031086 1.2666e-6 0.1045312 0.03031086 0.007017552 0.1042672 0.02906602 0.007130682 0.1057761 0.0199247 0.01473796 0.1141 0.0199247 0.01590734 0.1138863 0.0199247 0.01590734 0.1138863 0.0199247 0.02200573 0.1127421 0.0199247 0.02200573 0.1127421 0.0184158 0.02952504 0.112038 0.0184158 0.03660416 0.1095986 0.0184158 0.04348218 0.1066311 0.01668059 0.04387193 0.1074736 0.01668059 0.05057388 0.103978 0.01668059 0.0569992 0.1000046 0.01668059 0.06311023 0.09555339 0.01668059 0.06888169 0.09067469 0.01668059 0.07427591 0.08538103 0.01668059 0.07925522 0.07971018 0.01668059 0.08380705 0.07367461 0.01668059 0.08790618 0.06732475 0.0148071 0.08839654 0.06762653 0.0148071 0.0920304 0.06094974 0.01285809 0.09402972 0.05698889 0.01285809 0.09402972 0.05698889 0.01285809 0.09533739 0.05409687 0.01285809 0.09533739 0.05409687 1.45823e-4 0.09672051 0.05055099 1.45823e-4 0.09672051 0.05055099 1.45823e-4 0.0978899 0.04692971 1.45823e-4 0.0978899 0.04692971 -0.0018031 0.09888327 0.04325807 -0.0018031 0.1006939 0.03587716 -0.0018031 0.1019513 0.02838301 -0.003689229 0.1013855 0.02830761 -0.003689229 0.1020771 0.02078837 -0.003689229 0.1022154 0.01323133 -0.005411863 0.1012974 0.01325649 -0.005411863 0.1008825 0.005774974 -0.006933331 0.09965026 0.005888164 -0.006933331 0.09965026 0.005888164 -0.006933331 0.09912216 0.001851856 -0.006933331 0.09912216 0.001851856 -0.006933331 0.09869468 -0.001442432 -0.006933331 0.09869468 -0.001442432 -0.006933331 0.09721094 -0.008622229 -0.006933331 0.09721094 -0.008622229 -0.01607459 0.08832108 -0.006446897 -0.01607459 0.08832108 -0.006446897 -0.01607459 0.08647269 -0.01297283 -0.01607459 0.08647269 -0.01297283 -0.01607459 0.08547937 -0.01570135 -0.01607459 0.08547937 -0.01570135 -0.01731944 0.08261251 -0.01909637 -0.01607459 0.08400821 -0.01967477 -0.01607459 0.08400821 -0.01967477 -0.01607459 0.08173233 -0.02461636 -0.01607459 0.08173233 -0.02461636 -0.01607459 0.08101558 -0.02616298 -0.01607459 0.07753258 -0.03238707 -0.006933331 0.08478778 -0.03791964 -0.006933331 0.08478778 -0.03791964 -0.006933331 0.08203411 -0.04219484 -0.006933331 0.08203411 -0.04219484 -0.005411863 0.08305257 -0.04289895 -0.005411863 0.07853853 -0.04887163 -0.003689229 0.07427591 -0.05513346 -0.003689229 0.06888169 -0.06042712 -0.003689229 0.06311023 -0.06530582 -0.003689229 0.0569992 -0.06975704 -0.003689229 0.05057388 -0.07373046 -0.0018031 0.04411089 -0.07774156 -0.0018031 0.03713232 -0.08074676 -0.0018031 0.02995252 -0.08322381 -0.0018031 0.02260929 -0.08516019 -0.0018031 0.01514035 -0.08656853 -0.0018031 0.007595956 -0.0873984 -0.0018031 1.2666e-6 -0.08768761 1.45823e-4 1.2666e-6 -0.0878762 1.45823e-4 0.007608532 -0.08759957 1.45823e-4 0.007608532 -0.08759957 1.45823e-4 1.2666e-6 -0.0878762 1.45823e-4 -0.007605969 -0.08759957 1.45823e-4 -0.007605969 -0.08759957 0.01285809 -0.01076203 -0.08728522 0.01285809 -0.01076203 -0.08728522 0.01285809 -0.01140332 -0.08724749 0.01285809 -0.01140332 -0.08724749 0.01285809 -0.01892256 -0.08612841 0.01285809 -0.01892256 -0.08612841 0.01285809 -0.02139967 -0.08556258 0.01285809 -0.02139967 -0.08556258 0.01285809 -0.02635383 -0.0844435 0.01285809 -0.02635383 -0.0844435 0.0148071 -0.02630352 -0.08426743 0.01668059 -0.03338271 -0.08151376 0.01668059 -0.04042416 -0.07878518 0.01668059 -0.04725182 -0.07554107 0.01668059 -0.05382806 -0.0718066 0.01668059 -0.06008988 -0.06759434 0.0184158 -0.06544643 -0.06222522 0.0199247 -0.06464171 -0.06126958 0.0199247 -0.06464171 -0.06126958 0.0199247 -0.0678355 -0.05835241 0.0199247 -0.0678355 -0.05835241 0.0199247 -0.07009881 -0.05629026 0.02906602 -0.0643022 -0.04917341 0.02906602 -0.0643022 -0.04917341 0.03031086 -0.06322085 -0.04810458 0.03031086 -0.06798636 -0.04294925 0.03031086 -0.07233697 -0.03742927 0.03031086 -0.07623493 -0.03159493 0.03031086 -0.07966762 -0.02547138 0.03124129 -0.08101308 -0.01842993 0.03124129 -0.08338952 -0.01196688 0.03124129 -0.08526307 -0.005340397 0.03124129 -0.08660846 0.001411795 0.03124129 -0.08741325 0.008239507 0.03124129 -0.08768987 0.01513004 0.03124129 -0.08741325 0.022008 0.03124129 -0.08660846 0.02883571 0.03124129 -0.08526307 0.03558796 0.03124129 -0.08338952 0.04221445 0.03124129 -0.08101308 0.0486775 0.03124129 -0.07813364 0.05492675 0.03124129 -0.07476377 0.06093716 0.03124129 -0.07094126 0.06665831 0.03124129 -0.0666787 0.07206517 0.03124129 -0.06200116 0.07711994 0.03124129 -0.05694639 0.08179742 0.03124129 -0.05153954 0.08606004 0.03124129 -0.04581838 0.08988255 0.03124129 -0.03980803 0.09325236 0.03124129 -0.03355872 0.0961318 0.03124129 -0.02709567 0.09852087 0.03031086 -0.02763634 0.1001555 0.02906602 -0.02390187 0.1027835 0.02906602 -0.02390187 0.1027835 0.02906602 -0.0212236 0.1035379 0.02906602 -0.0212236 0.1035379 0.02906602 -0.01445883 0.1048833 0.02906602 -0.01445883 0.1048833 0.02906602 -0.01421993 0.1049336 0.02906602 -0.007128179 0.1057761 0.02906602 -0.004839718 0.1058641 0.02906602 -0.004839718 0.1058641 0.02906602 1.2666e-6 0.1060527 0.02906602 0.004842221 0.1058641 0.02906602 0.004842221 0.1058641 0.0199247 0.007394731 0.1149174 0.0184158 0.007482767 0.1161622 0.0184158 0.01492661 0.1153323 0.0184158 0.02228236 0.1139618 0.01668059 0.02248358 0.1148545 0.01668059 0.02978909 0.1129307 0.01668059 0.03693109 0.1104536 0.0148071 0.03713232 0.1109943 0.0148071 0.04411089 0.1079891 0.0148071 0.05085051 0.1044684 0.0148071 0.05731356 0.1004698 0.0148071 0.06346225 0.09600609 0.0148071 0.06925886 0.09110224 0.0148071 0.0746783 0.08577084 0.0148071 0.07969534 0.08007478 0.0148071 0.08427226 0.07400155 0.01285809 0.0844357 0.07411473 0.01285809 0.0844357 0.07411473 0.01285809 0.08855998 0.06771457 0.01285809 0.08855998 0.06771457 0.01285809 0.08916354 0.06660807 0.01285809 0.08916354 0.06660807 0.01285809 0.09220647 0.06103771 0.01285809 0.09220647 0.06103771 1.45823e-4 0.09407997 0.05701404 1.45823e-4 0.09407997 0.05701404 -0.0018031 0.09653192 0.05048817 -0.003689229 0.09600383 0.05028694 -0.003689229 0.09833002 0.04310721 -0.003689229 0.1001281 0.03576397 -0.005411863 0.09922277 0.03557538 -0.005411863 0.1004676 0.02819442 -0.005411863 0.1011592 0.02073806 -0.006933331 0.09991431 0.0206626 -0.006933331 0.1000527 0.01326906 -0.006933331 0.1000149 0.01246434 -0.006933331 0.1000149 0.01246434 -0.01607459 0.09064728 0.007987976 -0.01607459 0.09064728 0.007987976 -0.01607459 0.09006887 0.003058969 -0.01607459 0.09006887 0.003058969 -0.01607459 0.08980482 8.9629e-4 -0.01607459 0.0884217 -0.006107389 -0.01731944 0.08693796 -0.005755364 -0.01731944 0.08503925 -0.01250755 -0.01823735 0.08339208 -0.01196688 -0.01823735 0.08101558 -0.01842993 -0.01731944 0.07967019 -0.02547138 -0.01731944 0.07623749 -0.03159493 -0.01607459 0.07705479 -0.03309124 -0.01607459 0.07705479 -0.03309124 -0.01607459 0.07355922 -0.03832203 -0.01607459 0.07355922 -0.03832203 -0.01607459 0.07145935 -0.04098773 -0.01607459 0.07145935 -0.04098773 -0.006933331 0.07867681 -0.04664599 -0.006933331 0.07867681 -0.04664599 -0.006933331 0.07757031 -0.048092 -0.006933331 0.07166051 -0.05465567 -0.006933331 0.07166051 -0.05465567 -0.006933331 0.07269161 -0.05364972 -0.005411863 0.07359695 -0.05450475 -0.005411863 0.06825298 -0.05974811 -0.005411863 0.06254434 -0.06458914 -0.005411863 0.05648368 -0.06899005 -0.005411863 0.05012124 -0.07292568 -0.003689229 0.04387193 -0.07722604 -0.003689229 0.03693109 -0.08020603 -0.003689229 0.02978909 -0.08268314 -0.003689229 0.02248358 -0.08460694 -0.003689229 0.01506489 -0.08600264 -0.003689229 0.00754565 -0.08683258 -0.003689229 1.2666e-6 -0.0871092 -0.0018031 -0.007593393 -0.0873984 1.45823e-4 -0.01076203 -0.08724749 1.45823e-4 -0.01076203 -0.08724749 1.45823e-4 -0.01517552 -0.08675712 1.45823e-4 -0.01517552 -0.08675712 1.45823e-4 -0.02141225 -0.08558773 1.45823e-4 -0.02141225 -0.08558773 1.45823e-4 -0.02265709 -0.08534884 1.45823e-4 -0.02265709 -0.08534884 1.45823e-4 -0.03001284 -0.0834124 1.45823e-4 -0.03001284 -0.0834124 0.01285809 -0.03181093 -0.08278375 0.01285809 -0.03181093 -0.08278375 0.0148071 -0.0335713 -0.08205443 0.0148071 -0.04065048 -0.0793007 0.0148071 -0.04751586 -0.07604408 0.0148071 -0.05411726 -0.07228446 0.0148071 -0.06042939 -0.06804698 0.01668059 -0.06603741 -0.06292939 0.0184158 -0.07097899 -0.05717045 0.0199247 -0.07519131 -0.0509212 0.02906602 -0.06840133 -0.04473477 0.02906602 -0.06840133 -0.04473477 0.02906602 -0.06914317 -0.04393005 0.02906602 -0.07356923 -0.03832203 0.02906602 -0.07437396 -0.03711491 0.02906602 -0.07437396 -0.03711491 0.02906602 -0.07753008 -0.03238707 0.02906602 -0.07753008 -0.03238707 0.02906602 -0.07947903 -0.02890408 0.02906602 -0.07947903 -0.02890408 0.02906602 -0.08101308 -0.02616298 0.02906602 -0.08101308 -0.02616298 0.02906602 -0.08375418 -0.02022802 0.02906602 -0.08375418 -0.02022802 0.03031086 -0.08260995 -0.01909637 0.03031086 -0.08503675 -0.01250755 0.03031086 -0.08694797 -0.005755364 0.03031086 -0.08831858 0.00113517 0.03031086 -0.08913588 0.008113741 0.03031086 -0.08941251 0.01513004 0.03031086 -0.08913588 0.02213376 0.03031086 -0.08831858 0.02911233 0.03031086 -0.08694797 0.03600287 0.03031086 -0.08503675 0.04275512 0.03031086 -0.08260995 0.04934394 0.03031086 -0.07966762 0.05571895 0.03031086 -0.07623493 0.0618425 0.03031086 -0.07233697 0.06767684 0.03031086 -0.06798636 0.07319682 0.03031086 -0.06322085 0.07835215 0.03031086 -0.05806547 0.08311772 0.03031086 -0.05255806 0.08745574 0.03031086 -0.04672372 0.09136629 0.03031086 -0.0405876 0.0947864 0.03031086 -0.03421258 0.09772872 0.02906602 -0.02810162 0.1016015 0.02906602 -0.02810162 0.1016015 0.0199247 -0.0263161 0.1116104 0.0199247 -0.0263161 0.1116104 0.0199247 -0.02201581 0.1127421 0.0199247 -0.02201581 0.1127421 0.0199247 -0.01590484 0.1138863 0.0199247 -0.01590484 0.1138863 0.0199247 -0.01473546 0.1141 0.0199247 -0.007392227 0.1149174 0.0199247 1.2666e-6 0.115194 0.02906602 1.2666e-6 0.1060527 0.0199247 0.005320072 0.1149928 0.0199247 0.005320072 0.1149928 0.0199247 1.2666e-6 0.115194 0.0199247 -0.005330085 0.1149928 0.0199247 -0.005330085 0.1149928 0.0184158 1.2666e-6 0.1164388 0.01668059 1.2666e-6 0.1173567 0.01668059 0.00754565 0.1170801 0.01668059 0.01506489 0.1162502 0.0148071 0.01514035 0.1168161 0.0148071 0.02260929 0.1154078 0.0148071 0.02995252 0.1134714 0.01285809 0.0318135 0.1130313 0.01285809 0.0318135 0.1130313 0.01285809 0.03720772 0.1111704 0.01285809 0.03720772 0.1111704 0.01285809 0.04187268 0.1091585 0.01285809 0.04187268 0.1091585 0.01285809 0.04419887 0.1081526 0.01285809 0.04419887 0.1081526 0.01285809 0.05095112 0.1046444 0.01285809 0.05095112 0.1046444 0.01285809 0.05149179 0.1043049 0.01285809 0.05149179 0.1043049 0.01285809 0.05742675 0.1006333 0.01285809 0.05742675 0.1006333 0.01285809 0.06049478 0.09839516 0.01285809 0.06049478 0.09839516 0.01285809 0.06357544 0.09615695 0.01285809 0.06357544 0.09615695 0.01285809 0.06890684 0.09165549 0.01285809 0.06890684 0.09165549 0.01285809 0.06938463 0.09124052 0.01285809 0.06938463 0.09124052 0.01285809 0.07481658 0.08590912 0.01285809 0.07481658 0.08590912 0.01285809 0.07650154 0.0839979 0.01285809 0.07650154 0.0839979 0.01285809 0.0798462 0.08018797 0.01285809 0.0798462 0.08018797 0.01285809 0.08329147 0.0756362 0.01285809 0.08329147 0.0756362 1.45823e-4 0.08329147 0.0756362 1.45823e-4 0.08329147 0.0756362 1.45823e-4 0.08656072 0.07095867 1.45823e-4 0.08656072 0.07095867 1.45823e-4 0.08915096 0.06659549 1.45823e-4 0.08915096 0.06659549 1.45823e-4 0.09044611 0.06440758 1.45823e-4 0.09044611 0.06440758 1.45823e-4 0.09384107 0.05759245 1.45823e-4 0.09384107 0.05759245 -0.0018031 0.09366506 0.05751705 -0.003689229 0.09313696 0.05727809 -0.005411863 0.09229445 0.05690091 -0.005411863 0.09513622 0.04997259 -0.005411863 0.09744983 0.04285573 -0.006933331 0.0962553 0.04250365 -0.006933331 0.09801566 0.03532391 -0.006933331 0.09829229 0.03365153 -0.006933331 0.09829229 0.03365153 -0.006933331 0.09923535 0.02803099 -0.006933331 0.09923535 0.02803099 -0.006933331 0.09968799 0.02310198 -0.006933331 0.09968799 0.02310198 -0.01607459 0.09064728 0.02225947 -0.01607459 0.09064728 0.02225947 -0.01607459 0.0909239 0.01513004 -0.01607459 0.0909239 0.01513004 -0.01607459 0.09083586 0.01270323 -0.01607459 0.09083586 0.01270323 -0.01731944 0.08913838 0.008113741 -0.01731944 0.08830851 0.00113517 -0.01823735 0.08661103 0.001411795 -0.01823735 0.08526563 -0.005340397 -0.01880317 0.08344238 -0.004912853 -0.01880317 0.08160656 -0.01138848 -0.01880317 0.07928037 -0.01771324 -0.01823735 0.07812356 -0.02467924 -0.01823735 0.07476633 -0.03068959 -0.01731944 0.07233953 -0.03742927 -0.01731944 0.06798893 -0.04294925 -0.01607459 0.06914573 -0.04393005 -0.01607459 0.06914573 -0.04393005 -0.01607459 0.06512206 -0.04828065 -0.01607459 0.06512206 -0.04828065 -0.01607459 0.06429213 -0.04917341 -0.006933331 0.0674231 -0.05883026 -0.006933331 0.0674231 -0.05883026 -0.006933331 0.06382691 -0.06186056 -0.006933331 0.06382691 -0.06186056 -0.006933331 0.06177735 -0.06360834 -0.006933331 0.05579215 -0.06795895 -0.006933331 0.0553143 -0.06824815 -0.006933331 0.0553143 -0.06824815 -0.006933331 0.04950511 -0.07184433 -0.006933331 0.04950511 -0.07184433 -0.006933331 0.04611015 -0.07361727 -0.006933331 0.04611015 -0.07361727 -0.005411863 0.04348218 -0.07638353 -0.005411863 0.03660416 -0.079351 -0.005411863 0.02952504 -0.08179038 -0.005411863 0.02228236 -0.08371418 -0.005411863 0.01492661 -0.08508479 -0.005411863 0.007482767 -0.08591467 -0.005411863 1.2666e-6 -0.08619129 -0.003689229 -0.007555663 -0.08683258 -0.0018031 -0.01513779 -0.08656853 -0.0018031 -0.02260679 -0.08516019 -0.0018031 -0.02996253 -0.08322381 1.45823e-4 -0.03181093 -0.08278375 1.45823e-4 -0.03181093 -0.08278375 0.01285809 -0.03363418 -0.08223044 0.01285809 -0.03363418 -0.08223044 0.01285809 -0.04072594 -0.07947677 0.01285809 -0.04072594 -0.07947677 0.01285809 -0.04188275 -0.0789361 0.01285809 -0.04188275 -0.0789361 0.01285809 -0.0476039 -0.07622009 0.01285809 -0.0476039 -0.07622009 0.01285809 -0.05146414 -0.07401967 0.01285809 -0.05146414 -0.07401967 0.01285809 -0.05421781 -0.07244789 0.01285809 -0.05421781 -0.07244789 0.01285809 -0.06054258 -0.06821042 0.01285809 -0.06054258 -0.06821042 0.0148071 -0.06640207 -0.06335687 0.01668059 -0.07162028 -0.05783689 0.0184158 -0.07612174 -0.0517385 0.0199247 -0.07530444 -0.05077028 0.0199247 -0.07530444 -0.05077028 0.0199247 -0.07985627 -0.04518741 0.0199247 -0.07985627 -0.04518741 0.0199247 -0.08183038 -0.04235827 0.0199247 -0.08183038 -0.04235827 0.0199247 -0.08409368 -0.03911417 0.0199247 -0.08409368 -0.03911417 0.0199247 -0.0875138 -0.03335529 0.0199247 -0.0875138 -0.03335529 0.0199247 -0.08786588 -0.03276431 0.0199247 -0.09117287 -0.02613782 0.0199247 -0.09214103 -0.02376133 0.0199247 -0.09214103 -0.02376133 0.02906602 -0.08400565 -0.01967477 0.02906602 -0.08648276 -0.01297283 0.02906602 -0.08699828 -0.01111185 0.02906602 -0.08699828 -0.01111185 0.02906602 -0.08841913 -0.006107389 0.02906602 -0.08841913 -0.006107389 0.02906602 -0.08928674 -0.00170648 0.02906602 -0.08928674 -0.00170648 0.02906602 -0.08981484 8.9629e-4 0.02906602 -0.08981484 8.9629e-4 0.02906602 -0.0906322 0.007874846 0.02906602 -0.0906322 0.007874846 0.02906602 -0.09064477 0.007987976 0.02906602 -0.09064477 0.007987976 0.02906602 -0.09093397 0.01513004 0.02906602 -0.09093397 0.01513004 0.02906602 -0.09083336 0.01754426 0.02906602 -0.09083336 0.01754426 0.02906602 -0.09064477 0.02225947 0.02906602 -0.09064477 0.02225947 0.02906602 -0.09006637 0.02718853 0.02906602 -0.09006637 0.02718853 0.02906602 -0.08981484 0.02935123 0.02906602 -0.08841913 0.03635495 0.02906602 -0.08831858 0.03669446 0.02906602 -0.08831858 0.03669446 0.02906602 -0.08648276 0.0432204 0.02906602 -0.08648276 0.0432204 0.02906602 -0.08547681 0.04594892 0.02906602 -0.08547681 0.04594892 0.02906602 -0.08400565 0.04992234 0.02906602 -0.08400565 0.04992234 0.02906602 -0.08172976 0.05486392 0.02906602 -0.08172976 0.05486392 0.02906602 -0.08101308 0.05641049 0.02906602 -0.07753008 0.06263464 0.02906602 -0.07706481 0.06333881 0.02906602 -0.07706481 0.06333881 0.02906602 -0.07356923 0.0685696 0.02906602 -0.07356923 0.0685696 0.02906602 -0.07146936 0.07123529 0.02906602 -0.07146936 0.07123529 0.02906602 -0.06914317 0.07417762 0.02906602 -0.06914317 0.07417762 0.02906602 -0.0651195 0.07852822 0.02906602 -0.0651195 0.07852822 0.02906602 -0.0643022 0.07942098 0.02906602 -0.05905884 0.08426195 0.02906602 -0.05800259 0.08509182 0.02906602 -0.05800259 0.08509182 0.02906602 -0.05345082 0.08868801 0.02906602 -0.05345082 0.08868801 0.02906602 -0.05023187 0.09083813 0.02906602 -0.05023187 0.09083813 0.02906602 -0.04751586 0.0926488 0.02906602 -0.04751586 0.0926488 0.02906602 -0.04190784 0.09579235 0.02906602 -0.04190784 0.09579235 0.02906602 -0.04127919 0.09614437 0.02906602 -0.03479099 0.099137 0.02906602 -0.03309351 0.09975314 0.02906602 -0.03309351 0.09975314 0.0199247 -0.03614896 0.1084418 0.0199247 -0.02915781 0.110856 0.0184158 -0.02952247 0.112038 0.0184158 -0.02227985 0.1139618 0.0184158 -0.01492404 0.1153323 0.0184158 -0.007480263 0.1161622 0.01668059 -0.007555663 0.1170801 0.0148071 -0.007593393 0.1176459 0.0148071 1.2666e-6 0.1179351 0.0148071 0.007595956 0.1176459 0.01285809 0.01076459 0.1174951 0.01285809 0.01076459 0.1174951 0.01285809 0.01517808 0.1170047 0.01285809 0.01517808 0.1170047 0.01285809 0.02140218 0.1158353 0.01285809 0.02140218 0.1158353 0.01285809 0.02265959 0.1155964 0.01285809 0.02265959 0.1155964 0.01285809 0.0300154 0.11366 0.01285809 0.0300154 0.11366 1.45823e-4 0.0318135 0.1130313 1.45823e-4 0.0318135 0.1130313 1.45823e-4 0.03363674 0.112478 1.45823e-4 0.03363674 0.112478 1.45823e-4 0.04072844 0.1097243 1.45823e-4 0.04072844 0.1097243 1.45823e-4 0.04187268 0.1091836 1.45823e-4 0.04187268 0.1091836 1.45823e-4 0.04760646 0.1064677 1.45823e-4 0.04760646 0.1064677 1.45823e-4 0.05146664 0.1042672 1.45823e-4 0.05146664 0.1042672 1.45823e-4 0.05422037 0.1026955 1.45823e-4 0.05422037 0.1026955 1.45823e-4 0.06054508 0.09845799 1.45823e-4 0.06054508 0.09845799 1.45823e-4 0.06653034 0.0937553 1.45823e-4 0.06653034 0.0937553 1.45823e-4 0.06886911 0.09161776 1.45823e-4 0.06886911 0.09161776 1.45823e-4 0.07215094 0.08862513 1.45823e-4 0.07215094 0.08862513 1.45823e-4 0.07651412 0.08402305 1.45823e-4 0.07651412 0.08402305 1.45823e-4 0.07651412 0.08402305 1.45823e-4 0.07738173 0.08309257 1.45823e-4 0.07738173 0.08309257 1.45823e-4 0.08219754 0.07719534 1.45823e-4 0.08219754 0.07719534 -0.0018031 0.08204668 0.07708221 -0.0018031 0.08639729 0.07084548 -0.0018031 0.09027004 0.06431955 -0.003689229 0.08977967 0.06404292 -0.005411863 0.08896237 0.06360286 -0.006933331 0.08751636 0.06360286 -0.006933331 0.08751636 0.06360286 -0.006933331 0.08786845 0.06301188 -0.006933331 0.0911628 0.05638533 -0.006933331 0.09214359 0.0540089 -0.006933331 0.09214359 0.0540089 -0.006933331 0.09396684 0.0495451 -0.006933331 0.09396684 0.0495451 -0.006933331 0.09576493 0.04399996 -0.006933331 0.09576493 0.04399996 -0.01607459 0.08700084 0.04135942 -0.01607459 0.08700084 0.04135942 -0.01607459 0.0884217 0.03635495 -0.01607459 0.0884217 0.03635495 -0.01607459 0.0892893 0.03195405 -0.01607459 0.0892893 0.03195405 -0.01607459 0.08980482 0.02935123 -0.01607459 0.08980482 0.02935123 -0.01607459 0.0906347 0.02237266 -0.01607459 0.0906347 0.02237266 -0.01731944 0.08913838 0.02213376 -0.01731944 0.08941501 0.01513004 -0.01823735 0.0876798 0.01513004 -0.01823735 0.08741575 0.008239507 -0.01880317 0.08554226 0.008390367 -0.01880317 0.08475005 0.001700997 -0.01900434 0.08282625 0.002002775 -0.01900434 0.08282625 0.002002775 -0.01900434 0.08154368 -0.004447638 -0.01900434 0.08154368 -0.004447638 -0.01900434 0.0542581 -4.36559e-4 -0.01900434 0.0542581 -4.36559e-4 -0.01900434 0.07975816 -0.01078492 -0.01900434 0.07975816 -0.01078492 -0.01900434 0.0774697 -0.01697134 -0.01900434 0.0774697 -0.01697134 -0.01880317 0.07645124 -0.02383679 -0.01880317 0.07316941 -0.0297088 -0.01823735 0.07094383 -0.03641074 -0.01823735 0.0666812 -0.0418176 -0.01731944 0.06322336 -0.04810458 -0.01607459 0.05904877 -0.05401438 -0.01607459 0.05800515 -0.05484426 -0.01607459 0.05800515 -0.05484426 -0.01607459 0.0534408 -0.05844044 -0.01607459 0.0534408 -0.05844044 -0.01607459 0.05022186 -0.06059062 -0.01607459 0.05022186 -0.06059062 -0.01607459 0.04750585 -0.06240123 -0.01607459 0.04750585 -0.06240123 -0.01607459 0.0419104 -0.06554478 -0.01607459 0.0419104 -0.06554478 -0.01607459 0.0412817 -0.0658968 -0.006933331 0.04294151 -0.07526445 -0.006933331 0.04294151 -0.07526445 -0.006933331 0.03644073 -0.07806849 -0.006933331 0.03644073 -0.07806849 -0.006933331 0.03615152 -0.0781942 -0.006933331 0.02916038 -0.08060842 -0.006933331 0.02630609 -0.08136284 -0.006933331 0.02630609 -0.08136284 -0.006933331 0.02200573 -0.08249455 -0.006933331 0.02200573 -0.08249455 -0.006933331 0.01590734 -0.08363878 -0.006933331 0.01590734 -0.08363878 -0.006933331 0.01473796 -0.08385252 -0.006933331 0.007394731 -0.08466982 -0.006933331 0.005320072 -0.08474528 -0.006933331 0.005320072 -0.08474528 -0.006933331 1.2666e-6 -0.08494645 -0.006933331 -0.005330085 -0.08474528 -0.006933331 -0.005330085 -0.08474528 -0.006933331 -0.007392227 -0.08466982 -0.005411863 -0.007480263 -0.08591467 -0.003689229 -0.01506239 -0.08600264 -0.003689229 -0.02248102 -0.08460694 -0.003689229 -0.02978652 -0.08268314 -0.0018031 -0.03714233 -0.08074676 1.45823e-4 -0.03720521 -0.08092278 1.45823e-4 -0.03720521 -0.08092278 1.45823e-4 -0.04187017 -0.07891094 1.45823e-4 -0.04187017 -0.07891094 1.45823e-4 -0.04419636 -0.07790499 1.45823e-4 -0.04419636 -0.07790499 1.45823e-4 -0.05094856 -0.07439684 1.45823e-4 -0.05094856 -0.07439684 1.45823e-4 -0.05148929 -0.07405734 1.45823e-4 -0.05148929 -0.07405734 1.45823e-4 -0.05742418 -0.07038575 1.45823e-4 -0.05742418 -0.07038575 1.45823e-4 -0.06050485 -0.06814759 1.45823e-4 -0.06050485 -0.06814759 1.45823e-4 -0.06358546 -0.06590938 1.45823e-4 -0.06358546 -0.06590938 0.01285809 -0.06652778 -0.06350779 0.01285809 -0.06652778 -0.06350779 0.01285809 -0.06887912 -0.06137019 0.01285809 -0.06887912 -0.06137019 0.01285809 -0.07216095 -0.05837756 0.01285809 -0.07216095 -0.05837756 0.0148071 -0.07202261 -0.05823928 0.01668059 -0.07681334 -0.05234205 0.0184158 -0.08084958 -0.04592931 0.0184158 -0.0851373 -0.03979319 0.0184158 -0.08895981 -0.03335529 0.0184158 -0.09230452 -0.02665334 0.0184158 -0.09513366 -0.01972508 0.0199247 -0.09396427 -0.01929754 0.0199247 -0.09396427 -0.01929754 0.0199247 -0.09576237 -0.0137524 0.0199247 -0.09576237 -0.0137524 0.0199247 -0.09625273 -0.01225608 0.0199247 -0.0980131 -0.005076348 0.0199247 -0.09828972 -0.003404021 0.0199247 -0.09828972 -0.003404021 0.0199247 -0.09923279 0.002216517 0.0199247 -0.09923279 0.002216517 0.0199247 -0.09969806 0.007145524 0.0199247 -0.09969806 0.007145524 0.0199247 -0.0999118 0.009584903 0.0199247 -0.1000501 0.01697844 0.0199247 -0.1000124 0.01778316 0.0199247 -0.1000124 0.01778316 0.0199247 -0.09964776 0.02435934 0.0199247 -0.09964776 0.02435934 0.0199247 -0.09911966 0.02839559 0.0199247 -0.09911966 0.02839559 0.0199247 -0.09869211 0.03169 0.0199247 -0.09869211 0.03169 0.0199247 -0.09720838 0.03886973 0.0199247 -0.09720838 0.03886973 0.0199247 -0.0971958 0.03893262 0.0199247 -0.09517139 0.04604953 0.0199247 -0.09407746 0.04905474 0.0199247 -0.09407746 0.04905474 0.0199247 -0.09263145 0.05299037 0.0199247 -0.09263145 0.05299037 0.0199247 -0.08996576 0.05887502 0.0199247 -0.08996576 0.05887502 0.0199247 -0.08957594 0.05973005 0.0199247 -0.08604264 0.06621825 0.0199247 -0.08478528 0.0681672 0.0199247 -0.08478528 0.0681672 0.0199247 -0.08203154 0.07244241 0.0199247 -0.08203154 0.07244241 0.0199247 -0.07867431 0.07689356 0.0199247 -0.07867431 0.07689356 0.0199247 -0.07758033 0.07833957 0.0199247 -0.07268905 0.08389729 0.0199247 -0.07167059 0.08490324 0.0199247 -0.07167059 0.08490324 0.0199247 -0.06742054 0.08907783 0.0199247 -0.06742054 0.08907783 0.0199247 -0.06382441 0.09210813 0.0199247 -0.06382441 0.09210813 0.0199247 -0.06177479 0.09385591 0.0199247 -0.05578958 0.09820652 0.0199247 -0.05531179 0.09849572 0.0199247 -0.05531179 0.09849572 0.0199247 -0.04950255 0.1020919 0.0199247 -0.04950255 0.1020919 0.0199247 -0.04610759 0.1038649 0.0199247 -0.04610759 0.1038649 0.0199247 -0.04293894 0.105512 0.0199247 -0.04293894 0.105512 0.0199247 -0.03643816 0.108316 0.0199247 -0.03643816 0.108316 0.0184158 -0.03660166 0.1095986 0.01668059 -0.03692859 0.1104536 0.01668059 -0.02978652 0.1129307 0.01668059 -0.02248102 0.1148545 0.01668059 -0.01506239 0.1162502 0.0148071 -0.01513779 0.1168161 0.01285809 -0.01076203 0.1174951 0.01285809 -0.01076203 0.1174951 0.01285809 -0.007605969 0.1178472 0.01285809 -0.007605969 0.1178472 0.01285809 1.2666e-6 0.1181238 0.01285809 0.007608532 0.1178472 0.01285809 0.007608532 0.1178472 0.01285809 1.2666e-6 0.1181238 1.45823e-4 0.00381118 0.1180483 1.45823e-4 0.00381118 0.1180483 1.45823e-4 0.01076459 0.1175328 1.45823e-4 0.01076459 0.1175328 1.45823e-4 0.0113933 0.1174951 1.45823e-4 0.0113933 0.1174951 1.45823e-4 0.01892513 0.116376 1.45823e-4 0.01892513 0.116376 1.45823e-4 0.02140218 0.1158102 1.45823e-4 0.02140218 0.1158102 1.45823e-4 0.02635633 0.114691 1.45823e-4 0.02635633 0.114691 -0.0018031 0.03357386 0.112302 -0.0018031 0.04065299 0.1095483 -0.0018031 0.04751843 0.1062916 -0.0018031 0.05411976 0.102532 -0.0018031 0.06043195 0.09829455 -0.0018031 0.06640458 0.09360444 -0.0018031 0.07202517 0.08848685 -0.0018031 0.07724338 0.0829668 -0.003689229 0.0768159 0.08258962 -0.003689229 0.08159399 0.07673013 -0.003689229 0.08591943 0.0705437 -0.005411863 0.08513987 0.07004076 -0.006933331 0.08409625 0.06936174 -0.006933331 0.08409625 0.06936174 -0.01607459 0.07948154 0.05915164 -0.01607459 0.07948154 0.05915164 -0.01607459 0.08101558 0.05641049 -0.01607459 0.08101558 0.05641049 -0.01607459 0.08375674 0.05047559 -0.01607459 0.08375674 0.05047559 -0.01607459 0.08400821 0.04992234 -0.01607459 0.08647269 0.0432204 -0.01731944 0.08503925 0.04275512 -0.01731944 0.08693796 0.03600287 -0.01731944 0.08830851 0.02911233 -0.01823735 0.08661103 0.02883571 -0.01823735 0.08741575 0.022008 -0.01880317 0.08554226 0.02185714 -0.01880317 0.08580631 0.01513004 -0.01900434 0.08385729 0.01513004 -0.01900434 0.08385729 0.01513004 -0.01900434 0.08359324 0.008541285 -0.01900434 0.08359324 0.008541285 -0.01900434 0.0558927 0.007271289 -0.01900434 0.0558927 0.007271289 -0.02554285 0.04412347 0.005749821 -0.02554285 0.04335641 0.002694368 -0.02559316 0.04325586 0.002719461 -0.02559316 0.04325586 0.002719461 -0.02559316 0.04276543 0.001223206 -0.02559316 0.04276543 0.001223206 -0.02554285 0.04238826 -2.98247e-4 -0.02554285 0.0412063 -0.003227949 -0.01900434 0.05156725 -0.007830023 -0.01900434 0.05156725 -0.007830023 -0.01900434 0.07471603 -0.02294403 -0.01900434 0.07471603 -0.02294403 -0.01900434 0.07149708 -0.02869033 -0.01900434 0.07149708 -0.02869033 -0.01880317 0.06942236 -0.03531682 -0.01880317 0.06524777 -0.04061049 -0.01823735 0.06200367 -0.04688495 -0.01731944 0.05806803 -0.05287015 -0.01731944 0.05256062 -0.05720818 -0.01731944 0.0467137 -0.06111872 -0.01731944 0.04059016 -0.06453883 -0.01607459 0.03479355 -0.06888943 -0.01607459 0.03309601 -0.06950557 -0.01607459 0.03309601 -0.06950557 -0.01607459 0.02810412 -0.07135397 -0.01607459 0.02810412 -0.07135397 -0.01607459 0.02390444 -0.07253593 -0.01607459 0.02390444 -0.07253593 -0.01607459 0.02122616 -0.07329034 -0.01607459 0.02122616 -0.07329034 -0.01607459 0.01446133 -0.07463574 -0.01607459 0.01446133 -0.07463574 -0.01607459 0.01422244 -0.07468605 -0.01607459 0.007130682 -0.0755285 -0.01607459 0.004842221 -0.07561653 -0.01607459 0.004842221 -0.07561653 -0.01607459 1.2666e-6 -0.07580512 -0.006933331 1.2666e-6 -0.08494645 -0.01607459 -0.004839718 -0.07561653 -0.01607459 -0.004839718 -0.07561653 -0.01607459 -0.007128179 -0.0755285 -0.006933331 -0.01473546 -0.08385252 -0.006933331 -0.01590484 -0.08363878 -0.006933331 -0.01590484 -0.08363878 -0.005411863 -0.01492404 -0.08508479 -0.005411863 -0.02227985 -0.08371418 -0.005411863 -0.02952247 -0.08179038 -0.003689229 -0.03692859 -0.08020603 -0.0018031 -0.0441209 -0.07774156 -0.0018031 -0.05086058 -0.07422083 -0.0018031 -0.05731105 -0.07022231 -0.0018031 -0.06345975 -0.06575852 1.45823e-4 -0.06890428 -0.06140792 1.45823e-4 -0.06890428 -0.06140792 1.45823e-4 -0.06939464 -0.06099295 1.45823e-4 -0.06939464 -0.06099295 1.45823e-4 -0.07482665 -0.05566155 1.45823e-4 -0.07482665 -0.05566155 0.01285809 -0.07651156 -0.05377548 0.01285809 -0.07651156 -0.05377548 0.01285809 -0.07739174 -0.052845 0.01285809 -0.07739174 -0.052845 0.0148071 -0.07724088 -0.05271929 0.01668059 -0.08159148 -0.04648256 0.01668059 -0.08591693 -0.04029613 0.01668059 -0.08977717 -0.03379535 0.01668059 -0.09314697 -0.02703058 0.01668059 -0.09600126 -0.02003943 0.0184158 -0.09744727 -0.01260817 0.0184158 -0.09923279 -0.00532782 0.0184158 -0.1004651 0.002053081 0.0184158 -0.1011566 0.009509444 0.0184158 -0.1012949 0.01699101 0.0184158 -0.10088 0.02447253 0.0184158 -0.0999118 0.03189116 0.0184158 -0.09840291 0.03923439 0.0184158 -0.09635335 0.04642677 0.0184158 -0.09377568 0.05346816 0.0184158 -0.09069502 0.0602833 0.0184158 -0.08711147 0.06685954 0.0184158 -0.08305007 0.07314652 0.0184158 -0.07853597 0.0791192 0.0184158 -0.07359439 0.08475232 0.0184158 -0.06825041 0.08999568 0.0184158 -0.06254184 0.09483671 0.0184158 -0.05648118 0.09923762 0.0184158 -0.05011868 0.1031733 0.0184158 -0.04347962 0.1066311 0.01668059 -0.04386943 0.1074736 0.0148071 -0.0441209 0.1079891 0.0148071 -0.03714233 0.1109943 0.0148071 -0.02996253 0.1134714 0.0148071 -0.02260679 0.1154078 0.01285809 -0.02265709 0.1155964 0.01285809 -0.02265709 0.1155964 0.01285809 -0.02141225 0.1158353 0.01285809 -0.02141225 0.1158353 0.01285809 -0.01517552 0.1170047 0.01285809 -0.01517552 0.1170047 1.45823e-4 -0.01076203 0.1175328 1.45823e-4 -0.01076203 0.1175328 1.45823e-4 -0.003808617 0.1180483 1.45823e-4 -0.003808617 0.1180483 1.45823e-4 1.2666e-6 0.1180483 1.45823e-4 1.2666e-6 0.1180483 -0.0018031 0.003798604 0.1178597 -0.0018031 0.01138073 0.1173064 -0.0018031 0.0188874 0.1161873 -0.0018031 0.02630609 0.114515 -0.003689229 0.02615517 0.1139618 -0.003689229 0.03338521 0.1117613 -0.003689229 0.04042667 0.1090328 -0.003689229 0.04725438 0.1057887 -0.003689229 0.05381798 0.1020542 -0.003689229 0.06009244 0.09784185 -0.003689229 0.06603991 0.0931769 -0.003689229 0.07162278 0.08808445 -0.005411863 0.07098156 0.08741801 -0.005411863 0.07612431 0.08198606 -0.005411863 0.08085215 0.07617688 -0.006933331 0.07985877 0.07543498 -0.006933331 0.07985877 0.07543498 -0.006933331 0.08183288 0.07260584 -0.006933331 0.08183288 0.07260584 -0.01607459 0.07436394 0.06736248 -0.01607459 0.07436394 0.06736248 -0.01607459 0.07753258 0.06263464 -0.01607459 0.07753258 0.06263464 -0.01731944 0.07967019 0.05571895 -0.01731944 0.08261251 0.04934394 -0.01823735 0.08101558 0.0486775 -0.01823735 0.08339208 0.04221445 -0.01823735 0.08526563 0.03558796 -0.01880317 0.08344238 0.03516042 -0.01880317 0.08475005 0.02854651 -0.01900434 0.08282625 0.02824473 -0.01900434 0.08282625 0.02824473 -0.01900434 0.08359324 0.02170622 -0.01900434 0.08359324 0.02170622 -0.01900434 0.05644595 0.01513004 -0.01900434 0.05644595 0.01513004 -0.02554285 0.0451042 0.01513004 -0.02554285 0.0451042 0.01513004 -0.02554285 0.04500365 0.01197397 -0.02554285 0.04466414 0.008843004 -0.02559316 0.04442524 0.008088588 -0.02559316 0.04442524 0.008088588 -0.02559316 0.04402285 0.005762398 -0.02559316 0.04402285 0.005762398 -0.02568119 0.04280316 0.001223206 -0.02568119 0.04280316 0.001223206 -0.02559316 0.04228764 -2.73094e-4 -0.02559316 0.04228764 -2.73094e-4 -0.02559316 0.04110568 -0.003177642 -0.02559316 0.04110568 -0.003177642 -0.02559316 0.04007458 -0.005302667 -0.02559316 0.04007458 -0.005302667 -0.02554285 0.03982311 -0.006057143 -0.02554285 0.03825139 -0.008785665 -0.02554285 0.0345546 -0.01386559 -0.02554285 0.03649103 -0.01138848 -0.01900434 0.04787051 -0.0147835 -0.01900434 0.04787051 -0.0147835 -0.01900434 0.06783801 -0.03417259 -0.01900434 0.06783801 -0.03417259 -0.01900434 0.06376403 -0.03934049 -0.01900434 0.06376403 -0.03934049 -0.01880317 0.06067085 -0.04555207 -0.01823735 0.05694895 -0.05154991 -0.01823735 0.0515421 -0.05581247 -0.01823735 0.04582095 -0.05963498 -0.01823735 0.03981053 -0.06300479 -0.01731944 0.03421515 -0.06748116 -0.01731944 0.02762633 -0.06990796 -0.01731944 0.02087408 -0.07181918 -0.01731944 0.01398354 -0.07318973 -0.01731944 0.007017552 -0.07401967 -0.01731944 1.2666e-6 -0.07428371 -0.01607459 1.2666e-6 -0.07580512 -0.01731944 -0.007014989 -0.07401967 -0.01607459 -0.01421993 -0.07468605 -0.01607459 -0.01445883 -0.07463574 -0.01607459 -0.01445883 -0.07463574 -0.01607459 -0.0212236 -0.07329034 -0.01607459 -0.0212236 -0.07329034 -0.006933331 -0.02201581 -0.08249455 -0.006933331 -0.02201581 -0.08249455 -0.006933331 -0.0263161 -0.08136284 -0.006933331 -0.0263161 -0.08136284 -0.006933331 -0.02915781 -0.08060842 -0.006933331 -0.03643816 -0.07806849 -0.006933331 -0.03643816 -0.07806849 -0.006933331 -0.03614896 -0.0781942 -0.005411863 -0.03660166 -0.079351 -0.003689229 -0.04386943 -0.07722604 -0.003689229 -0.05057138 -0.07373046 -0.003689229 -0.0569967 -0.06975704 -0.003689229 -0.06310766 -0.06530582 -0.0018031 -0.06925636 -0.06085467 -0.0018031 -0.07468831 -0.05552327 1.45823e-4 -0.07649898 -0.05375033 1.45823e-4 -0.07649898 -0.05375033 1.45823e-4 -0.07984369 -0.0499404 1.45823e-4 -0.07984369 -0.0499404 0.01285809 -0.08219504 -0.04694777 0.01285809 -0.08219504 -0.04694777 1.45823e-4 -0.08328896 -0.04538863 1.45823e-4 -0.08328896 -0.04538863 1.45823e-4 -0.08443319 -0.04386717 1.45823e-4 -0.08443319 -0.04386717 0.01285809 -0.08328896 -0.04538863 0.01285809 -0.08328896 -0.04538863 0.0148071 -0.08204412 -0.04683464 0.0148071 -0.08639472 -0.04059791 0.0148071 -0.09026753 -0.03407198 0.0148071 -0.0936625 -0.02726948 0.0148071 -0.09652936 -0.0202406 0.01668059 -0.09834003 -0.01285964 0.01668059 -0.1001381 -0.005516409 0.01668059 -0.101383 0.001939892 0.01668059 -0.1020871 0.009459137 0.01668059 -0.1022254 0.01701611 0.01668059 -0.1017979 0.02456057 0.01668059 -0.1008297 0.03205466 0.01668059 -0.09930825 0.03944814 0.01668059 -0.09723353 0.04671597 0.01668059 -0.09463071 0.05380767 0.01668059 -0.09152495 0.06069827 0.01668059 -0.08790361 0.06732475 0.01668059 -0.08380448 0.07367461 0.01668059 -0.07925271 0.07971018 0.01668059 -0.0742734 0.08538103 0.01668059 -0.06887912 0.09067469 0.01668059 -0.06310766 0.09555339 0.01668059 -0.0569967 0.1000046 0.01668059 -0.05057138 0.103978 0.0148071 -0.05086058 0.1044684 0.01285809 -0.05094856 0.1046444 0.01285809 -0.05094856 0.1046444 0.01285809 -0.04419636 0.1081526 0.01285809 -0.04419636 0.1081526 0.01285809 -0.04187017 0.1091585 0.01285809 -0.04187017 0.1091585 0.01285809 -0.03720521 0.1111704 0.01285809 -0.03720521 0.1111704 0.01285809 -0.03181093 0.1130313 0.01285809 -0.03181093 0.1130313 0.01285809 -0.03001284 0.11366 0.01285809 -0.03001284 0.11366 1.45823e-4 -0.02635383 0.114691 1.45823e-4 -0.02635383 0.114691 1.45823e-4 -0.02139967 0.1158102 1.45823e-4 -0.02139967 0.1158102 1.45823e-4 -0.01892256 0.116376 1.45823e-4 -0.01892256 0.116376 1.45823e-4 -0.01140332 0.1174951 1.45823e-4 -0.01140332 0.1174951 -0.0018031 -0.01137816 0.1173064 -0.0018031 -0.003796041 0.1178597 -0.003689229 -0.003783464 0.1172939 -0.003689229 0.00377345 0.1172939 -0.003689229 0.01131784 0.1167406 -0.003689229 0.01878678 0.1156215 -0.005411863 0.01861077 0.1147162 -0.005411863 0.02591627 0.113069 -0.005411863 0.03308343 0.1108812 -0.005411863 0.04006201 0.1081777 -0.005411863 0.04682683 0.1049714 -0.005411863 0.05334019 0.101262 -0.005411863 0.05955177 0.09708744 -0.005411863 0.06543642 0.09247279 -0.006933331 0.06464421 0.09151715 -0.006933331 0.06464421 0.09151715 -0.006933331 0.06783801 0.08859997 -0.006933331 0.06783801 0.08859997 -0.006933331 0.07010138 0.08653783 -0.006933331 0.07518124 0.08116877 -0.006933331 0.07530701 0.08101785 -0.006933331 0.07530701 0.08101785 -0.01607459 0.06914573 0.07417762 -0.01607459 0.07355922 0.0685696 -0.01731944 0.07233953 0.06767684 -0.01731944 0.07623749 0.0618425 -0.01823735 0.07476633 0.06093716 -0.01823735 0.07812356 0.05492675 -0.01880317 0.07645124 0.0540843 -0.01880317 0.07928037 0.04796075 -0.01880317 0.08160656 0.04163604 -0.01900434 0.07975816 0.04103249 -0.01900434 0.07975816 0.04103249 -0.01900434 0.08154368 0.0346952 -0.01900434 0.08154368 0.0346952 -0.01900434 0.0558927 0.02297621 -0.01900434 0.0558927 0.02297621 -0.02554285 0.04466414 0.02140444 -0.02554285 0.04500365 0.01827353 -0.02559316 0.04489046 0.01826095 -0.02559316 0.04489046 0.01826095 -0.02559316 0.04500365 0.01513004 -0.02559316 0.04500365 0.01513004 -0.02559316 0.04489046 0.01198655 -0.02559316 0.04489046 0.01198655 -0.02559316 0.04456353 0.008855581 -0.02559316 0.04456353 0.008855581 -0.02568119 0.04445034 0.008088588 -0.02568119 0.04445034 0.008088588 -0.02568119 0.03190147 0.003687679 -0.02568119 0.03190147 0.003687679 -0.02951622 0.01930236 0.01198655 -0.02950364 0.01940292 0.01197397 -0.02950364 0.01940292 0.01197397 -0.02951622 0.01878678 0.009685516 -0.02951622 0.01563072 0.003373324 -0.02951622 0.01693844 0.00534743 -0.02950364 0.01702642 0.005297183 -0.02950364 0.01702642 0.005297183 -0.02950364 0.01808267 0.007422149 -0.02950364 0.01808267 0.007422149 -0.02951622 0.01799464 0.007459878 -0.02950364 0.0188874 0.009647786 -0.02950364 0.0188874 0.009647786 -0.02950364 0.03066927 0.009245395 -0.02950364 0.03066927 0.009245395 -0.02950364 0.03117221 0.01338225 -0.02950364 0.03117221 0.01338225 -0.02950364 0.01964181 0.01433789 -0.02950364 0.01964181 0.01433789 -0.02951622 0.01954126 0.01433789 -0.02954137 0.01944065 0.01433789 -0.02954137 0.01920175 0.01199913 -0.02954137 0.01868623 0.009710669 -0.02954137 0.0179066 0.007497608 -0.02954137 0.01685041 0.005397737 -0.02954137 0.01555532 0.003436207 -0.02954137 0.01403385 0.001638114 -0.02954137 0.01231122 5.38304e-5 -0.02951622 0.01410925 0.001575231 -0.02950364 0.01571875 0.003310441 -0.02950364 0.01571875 0.003310441 -0.02950364 0.02801614 0.001348912 -0.02950364 0.02801614 0.001348912 -0.02950364 0.02961301 0.005209147 -0.02950364 0.02961301 0.005209147 -0.02947854 0.0297262 0.005171418 -0.02944082 0.02983939 0.005133688 -0.02947854 0.0307824 0.009220242 -0.02947854 0.03129798 0.01338225 -0.02950364 0.0311219 0.01755684 -0.02950364 0.0311219 0.01755684 -0.02950364 0.01959156 0.01670181 -0.02950364 0.01959156 0.01670181 -0.02951622 0.01949095 0.01670181 -0.02954137 0.01939034 0.01668924 -0.02951622 0.01916402 0.01904058 -0.02954137 0.01906341 0.01901543 -0.02959167 0.01897543 0.01900285 -0.02959167 0.01930236 0.01667666 -0.02959167 0.01935261 0.01433789 -0.02959167 0.01911371 0.0120117 -0.02959167 0.01861077 0.009735763 -0.02959167 0.01781862 0.007535338 -0.02959167 0.01677495 0.005435466 -0.02959167 0.01547986 0.003486514 -0.02959167 0.01397097 0.001700997 -0.02959167 0.01224833 1.16698e-4 -0.02959167 0.01034963 -0.001241266 -0.02954137 0.01039993 -0.001329302 -0.02959167 0.008300065 -0.00237292 -0.02954137 0.008337795 -0.002460956 -0.02959167 0.006137371 -0.003253102 -0.02959167 0.003874063 -0.003856658 -0.02954137 0.006162524 -0.003328561 -0.02951622 0.008388102 -0.002548992 -0.02951622 0.01045024 -0.001404702 -0.02951622 0.01237404 -2.16141e-5 -0.02950364 0.01418471 0.001499831 -0.02950364 0.01418471 0.001499831 -0.02950364 0.02594143 -0.00225979 -0.02950364 0.02594143 -0.00225979 -0.02947854 0.02604204 -0.002322614 -0.02947854 0.02812927 0.001298606 -0.02944082 0.02824246 0.001248359 -0.02936536 0.0283305 0.001198053 -0.02926474 0.02975136 0.004467308 -0.02926474 0.02975136 0.004467308 -0.02936536 0.02993994 0.005095958 -0.02944082 0.03090816 0.009195089 -0.02944082 0.03141111 0.01336967 -0.02947854 0.03124767 0.01756942 -0.02950364 0.03053092 0.02168107 -0.02950364 0.03053092 0.02168107 -0.02950364 0.01926463 0.0190531 -0.02950364 0.01926463 0.0190531 -0.02950364 0.0186485 0.02135419 -0.02950364 0.0186485 0.02135419 -0.02951622 0.01854789 0.02131646 -0.02954137 0.01845991 0.02129131 -0.02959167 0.01837188 0.02125358 -0.02954137 0.01757973 0.02346658 -0.02959167 0.01750427 0.02342885 -0.03091198 0.01481342 0.02449768 -0.02959167 0.01637262 0.02547842 -0.03091198 0.01583194 0.02263671 -0.03091198 0.01662409 0.02067518 -0.03091198 0.01717734 0.01862561 -0.03091198 0.01747912 0.01653832 -0.03091198 0.01751685 0.01441329 -0.03091198 0.0173031 0.01231348 -0.03091198 0.01683783 0.01025134 -0.03091198 0.01613372 0.008252084 -0.03091198 0.01517808 0.006353378 -0.03091198 0.0140087 0.004593014 -0.03091198 0.01263815 0.00298357 -0.03091198 0.01109153 0.001550137 -0.03091198 0.009368896 3.0531e-4 -0.03091198 0.007520496 -7.13184e-4 -0.03091198 0.005546391 -0.001505315 -0.03091198 0.003509402 -0.002058565 -0.03091198 0.00140953 -0.002347767 -0.02959167 0.001560449 -0.00418359 -0.03091198 -7.02873e-4 -0.002398073 -0.03091198 -0.002815306 -0.002184331 -0.02959167 -7.78317e-4 -0.004233896 -0.02954137 0.001560449 -0.004271626 -0.02954137 0.00388664 -0.003944694 -0.02951622 0.006187677 -0.003429174 -0.02950364 0.008425831 -0.002636969 -0.02950364 0.008425831 -0.002636969 -0.02950364 0.01051312 -0.001492738 -0.02950364 0.01051312 -0.001492738 -0.02950364 0.01243692 -1.09635e-4 -0.02950364 0.01243692 -1.09635e-4 -0.02950364 0.02338892 -0.005566716 -0.02950364 0.02338892 -0.005566716 -0.02947854 0.02347689 -0.005642175 -0.02944082 0.02356493 -0.005717635 -0.02944082 0.02614259 -0.002398073 -0.02936536 0.02621805 -0.002448379 -0.02926474 0.02629351 -0.002498686 -0.02926474 0.02629351 -0.002498686 -0.02926474 0.02734971 -6.62893e-4 -0.02926474 0.02734971 -6.62893e-4 -0.02926474 0.0284059 0.001160323 -0.02926474 0.0284059 0.001160323 -0.02926474 0.0300154 0.005070805 -0.02926474 0.03108417 0.009169936 -0.02936536 0.03100878 0.009182512 -0.02936536 0.0315243 0.01336967 -0.02944082 0.03137338 0.01756942 -0.02947854 0.03064411 0.02170622 -0.02950364 0.02937412 0.02569222 -0.02950364 0.02937412 0.02569222 -0.02950364 0.02771437 0.02951472 -0.02950364 0.02771437 0.02951472 -0.02950364 0.01775574 0.02355462 -0.02950364 0.01775574 0.02355462 -0.02951622 0.01766771 0.02350431 -0.02951622 0.01653605 0.02557903 -0.02954137 0.01644802 0.02552872 -0.02954137 0.01507747 0.02742743 -0.02959167 0.01500201 0.02737712 -0.03091198 0.01358115 0.02620774 -0.02959167 0.01341772 0.02908718 -0.03091198 0.01214772 0.02776694 -0.03096222 0.008715033 0.03023141 -0.03091198 0.0105257 0.02913749 -0.03096222 0.01047539 0.02906203 -0.03096222 0.01208484 0.02770406 -0.03096222 0.01350575 0.02615743 -0.03096222 0.01473796 0.02444738 -0.03096222 0.01575648 0.02259898 -0.03096222 0.01654863 0.02065002 -0.03096222 0.0170893 0.01861304 -0.03096222 0.0173785 0.01652574 -0.03096222 0.01742881 0.01442587 -0.03096222 0.01721507 0.01232606 -0.03096222 0.01674979 0.01027649 -0.03096222 0.01604568 0.008289754 -0.03096222 0.01510262 0.006403684 -0.03096222 0.01394581 0.004643321 -0.03096222 0.01257526 0.003046393 -0.03096222 0.01102864 0.001612961 -0.03096222 0.00931859 3.80754e-4 -0.03096222 0.007482767 -6.3774e-4 -0.03096222 0.005521237 -0.001417279 -0.03096222 0.003484249 -0.001970589 -0.03096222 0.00140953 -0.00225979 -0.03096222 -7.02873e-4 -0.002297461 -0.03096222 -0.002802729 -0.002096295 -0.03091198 -0.004877448 -0.001719057 -0.03096222 -0.004852294 -0.001631081 -0.03096222 -0.006838977 -9.26942e-4 -0.03091198 -0.006876707 -0.001002371 -0.02959167 -0.005392968 -0.003479421 -0.02959167 -0.003104507 -0.003995001 -0.02954137 -7.78317e-4 -0.004321873 -0.02951622 0.001572966 -0.004372179 -0.02951622 0.003911733 -0.004032671 -0.02950364 0.006225407 -0.003529727 -0.02950364 0.006225407 -0.003529727 -0.02950364 0.01345545 -0.01304829 -0.02950364 0.01345545 -0.01304829 -0.02950364 0.0170893 -0.01099872 -0.02950364 0.0170893 -0.01099872 -0.02950364 0.02042144 -0.008496463 -0.02950364 0.02042144 -0.008496463 -0.02947854 0.02050948 -0.008584499 -0.02944082 0.02058488 -0.008672535 -0.02936536 0.02064776 -0.008747935 -0.02936536 0.02364039 -0.005793035 -0.02926474 0.02370327 -0.005843341 -0.02926474 0.0241056 -0.005315244 -0.02926474 0.0241056 -0.005315244 -0.02568119 0.02934896 -0.00181967 -0.02568119 0.02934896 -0.00181967 -0.02568119 0.04009974 -0.005302667 -0.02568119 0.04009974 -0.005302667 -0.02559316 0.03973513 -0.006006836 -0.02559316 0.03973513 -0.006006836 -0.02559316 0.03816336 -0.008722782 -0.02559316 0.03816336 -0.008722782 -0.02559316 0.036403 -0.01132559 -0.02559316 0.036403 -0.01132559 -0.02559316 0.03446662 -0.0138027 -0.02559316 0.03446662 -0.0138027 -0.02554285 0.03244221 -0.01621693 -0.01900434 0.04324328 -0.02115851 -0.01900434 0.04324328 -0.02115851 -0.01900434 0.0593003 -0.04416894 -0.01900434 0.0593003 -0.04416894 -0.01880317 0.05572926 -0.05012899 -0.01880317 0.0504356 -0.054291 -0.01880317 0.04484015 -0.05803805 -0.01880317 0.0389555 -0.06133246 -0.01823735 0.03356128 -0.06588423 -0.01823735 0.02709823 -0.0682733 -0.01823735 0.02047175 -0.07013428 -0.01823735 0.01371949 -0.07147967 -0.01823735 0.00687921 -0.07228446 -0.01823735 1.2666e-6 -0.07256108 -0.01823735 -0.006876707 -0.07228446 -0.01731944 -0.01399356 -0.07318973 -0.01731944 -0.02087157 -0.07181918 -0.01607459 -0.02390187 -0.07253593 -0.01607459 -0.02390187 -0.07253593 -0.01607459 -0.02810162 -0.07135397 -0.01607459 -0.02810162 -0.07135397 -0.01607459 -0.03309351 -0.06950557 -0.01607459 -0.03309351 -0.06950557 -0.01607459 -0.03479099 -0.06888943 -0.006933331 -0.04293894 -0.07526445 -0.006933331 -0.04293894 -0.07526445 -0.005411863 -0.04347962 -0.07638353 -0.005411863 -0.05011868 -0.07292568 -0.005411863 -0.05648118 -0.06899005 -0.005411863 -0.06254184 -0.06458914 -0.003689229 -0.06887912 -0.06042712 -0.003689229 -0.0742734 -0.05513346 -0.0018031 -0.07969278 -0.04982721 -0.0018031 -0.0842697 -0.04375398 1.45823e-4 -0.08855748 -0.037467 1.45823e-4 -0.08855748 -0.037467 0.01285809 -0.08655822 -0.0407111 0.01285809 -0.08655822 -0.0407111 0.01285809 -0.08914846 -0.03634792 0.01285809 -0.08914846 -0.03634792 0.01285809 -0.09044355 -0.03416001 0.01285809 -0.09044355 -0.03416001 0.01285809 -0.09383857 -0.02734494 0.01285809 -0.09383857 -0.02734494 0.01285809 -0.09407746 -0.02676653 0.01285809 -0.09407746 -0.02676653 0.01285809 -0.09671801 -0.02030348 0.01285809 -0.09671801 -0.02030348 0.01285809 -0.09788739 -0.01668214 0.01285809 -0.09788739 -0.01668214 0.01285809 -0.09906935 -0.01306086 0.01285809 -0.09906935 -0.01306086 0.0148071 -0.0988807 -0.01301056 0.0148071 -0.1006914 -0.005629599 0.0148071 -0.1019488 0.001864433 0.0148071 -0.1026529 0.009421467 0.0148071 -0.1027913 0.01702868 0.0148071 -0.1023637 0.02461081 0.0148071 -0.101383 0.03214269 0.0148071 -0.0998615 0.03958648 0.0148071 -0.0977742 0.04689198 0.0148071 -0.09515881 0.05402147 0.0148071 -0.0920279 0.06094974 0.0148071 -0.08839398 0.06762653 0.0148071 -0.0842697 0.07400155 0.0148071 -0.07969278 0.08007478 0.0148071 -0.07468831 0.08577084 0.0148071 -0.06925636 0.09110224 0.0148071 -0.06345975 0.09600609 0.0148071 -0.05731105 0.1004698 0.01285809 -0.05148929 0.1043049 0.01285809 -0.05148929 0.1043049 1.45823e-4 -0.05146414 0.1042672 1.45823e-4 -0.05146414 0.1042672 1.45823e-4 -0.0476039 0.1064677 1.45823e-4 -0.0476039 0.1064677 1.45823e-4 -0.04188275 0.1091836 1.45823e-4 -0.04188275 0.1091836 1.45823e-4 -0.04188275 0.1091836 1.45823e-4 -0.04072594 0.1097243 1.45823e-4 -0.04072594 0.1097243 1.45823e-4 -0.03363418 0.112478 1.45823e-4 -0.03363418 0.112478 1.45823e-4 -0.03181093 0.1130313 1.45823e-4 -0.03181093 0.1130313 -0.0018031 -0.02630352 0.114515 -0.0018031 -0.01888489 0.1161873 -0.003689229 -0.01878428 0.1156215 -0.003689229 -0.01131528 0.1167406 -0.005411863 -0.01121473 0.1158102 -0.005411863 -0.003745734 0.1163634 -0.005411863 0.003748297 0.1163634 -0.005411863 0.01120465 0.1158102 -0.006933331 0.01107895 0.1145779 -0.006933331 0.01838445 0.1134966 -0.006933331 0.02113813 0.1128678 -0.006933331 0.02113813 0.1128678 -0.006933331 0.02560192 0.1118619 -0.006933331 0.02560192 0.1118619 -0.006933331 0.03142368 0.110089 -0.006933331 0.03142368 0.110089 -0.006933331 0.0326811 0.1097118 -0.006933331 0.03957164 0.1070335 -0.006933331 0.041332 0.1062036 -0.006933331 0.041332 0.1062036 -0.006933331 0.04624843 0.1038649 -0.006933331 0.04624843 0.1038649 -0.006933331 0.05077511 0.1012871 -0.006933331 0.05077511 0.1012871 -0.006933331 0.05268633 0.1002058 -0.006933331 0.05882245 0.09608155 -0.006933331 0.05965232 0.09542769 -0.006933331 0.05965232 0.09542769 -0.01607459 0.05904877 0.08426195 -0.01607459 0.05904877 0.08426195 -0.01607459 0.06162649 0.08188545 -0.01607459 0.06162649 0.08188545 -0.01607459 0.06429213 0.07942098 -0.01607459 0.06429213 0.07942098 -0.01607459 0.06840384 0.07498234 -0.01607459 0.06840384 0.07498234 -0.01731944 0.06798893 0.07319682 -0.01823735 0.0666812 0.07206517 -0.01823735 0.07094383 0.06665831 -0.01880317 0.06942236 0.06556439 -0.01880317 0.07316941 0.05995637 -0.01900434 0.07149708 0.0589379 -0.01900434 0.07149708 0.0589379 -0.01900434 0.07471603 0.05319154 -0.01900434 0.07471603 0.05319154 -0.01900434 0.0774697 0.04721891 -0.01900434 0.0774697 0.04721891 -0.01900434 0.0542581 0.03068411 -0.01900434 0.0542581 0.03068411 -0.02554285 0.04335641 0.02755314 -0.02554285 0.04412347 0.02449768 -0.02559316 0.04402285 0.02448511 -0.02559316 0.04402285 0.02448511 -0.02559316 0.04442524 0.02215892 -0.02559316 0.04442524 0.02215892 -0.02559316 0.04456353 0.02139186 -0.02559316 0.04456353 0.02139186 -0.02568119 0.04500365 0.01513004 -0.02568119 0.04500365 0.01513004 -0.02568119 0.03343552 0.009572327 -0.02568119 0.03343552 0.009572327 -0.02926474 0.03117221 0.009949564 -0.02926474 0.03117221 0.009949564 -0.02926474 0.0315997 0.0133571 -0.02926474 0.0315997 0.0133571 -0.02926474 0.0315746 0.01559525 -0.02926474 0.0315746 0.01559525 -0.02936536 0.03147399 0.01758199 -0.02944082 0.03075724 0.02173137 -0.02947854 0.02949988 0.02572995 -0.02947854 0.02781492 0.02957755 -0.02950364 0.02553904 0.0330857 -0.02950364 0.02553904 0.0330857 -0.02950364 0.01661151 0.02562934 -0.02950364 0.01661151 0.02562934 -0.02950364 0.01522839 0.02755314 -0.02950364 0.01522839 0.02755314 -0.02951622 0.01515293 0.02749031 -0.02951622 0.01354342 0.02922552 -0.02954137 0.0134806 0.02916264 -0.02954137 0.01169508 0.03068411 -0.02959167 0.0116322 0.03060865 -0.02959167 0.009683251 0.03190374 -0.03091198 0.008765339 0.03030687 -0.03096222 0.00684148 0.03117448 -0.03098738 0.004829645 0.03177803 -0.03098738 0.00680381 0.03107386 -0.03098738 0.008677303 0.03014338 -0.03098738 0.01041251 0.02898657 -0.03098738 0.01200944 0.0276286 -0.03098738 0.01343029 0.02609455 -0.03098738 0.01466256 0.02439707 -0.03098738 0.01566845 0.02256125 -0.03098738 0.01644802 0.02061229 -0.03098738 0.01698875 0.01858788 -0.03098738 0.01729053 0.01651316 -0.03098738 0.0173282 0.01442587 -0.03098738 0.01711446 0.01233863 -0.03098738 0.01666182 0.01030158 -0.03098738 0.01595765 0.008327484 -0.03098738 0.01501458 0.00645399 -0.03098738 0.01387035 0.004706203 -0.03098738 0.01251238 0.003109276 -0.03098738 0.01096576 0.00168842 -0.03098738 0.009268283 4.68768e-4 -0.03098738 0.00743246 -5.49726e-4 -0.03098738 0.005496084 -0.001329302 -0.03098738 0.003471672 -0.001869976 -0.03098738 0.001396954 -0.002159178 -0.03098738 -7.02873e-4 -0.002209484 -0.03098738 -0.002777576 -0.001995682 -0.03098738 -0.004827141 -0.001530468 -0.03098738 -0.006801247 -8.26351e-4 -0.03098738 -0.0086748 1.04122e-4 -0.03096222 -0.008725047 1.61082e-5 -0.03091198 -0.008762776 -5.93364e-5 -0.02959167 -0.007593393 -0.002699851 -0.02954137 -0.005418121 -0.003567457 -0.02954137 -0.003117084 -0.004082977 -0.02951622 -7.90894e-4 -0.004422485 -0.02950364 0.001585543 -0.004472792 -0.02950364 0.001585543 -0.004472792 -0.02950364 0.003936886 -0.004133284 -0.02950364 0.003936886 -0.004133284 -0.02950364 0.009582638 -0.01459485 -0.02950364 0.009582638 -0.01459485 -0.02947854 0.009620368 -0.01470804 -0.02947854 0.01350575 -0.01316142 -0.02947854 0.01716476 -0.01111185 -0.02944082 0.01722764 -0.01121246 -0.02936536 0.01727795 -0.01128792 -0.02926474 0.02006936 -0.009288609 -0.02926474 0.02006936 -0.009288609 -0.02926474 0.02069807 -0.008810818 -0.02568119 0.02585339 -0.006786406 -0.02568119 0.02585339 -0.006786406 -0.02568119 0.036403 -0.01132559 -0.02568119 0.036403 -0.01132559 -0.02559316 0.03236675 -0.01614147 -0.02559316 0.03236675 -0.01614147 -0.02559316 0.03180092 -0.01668214 -0.02559316 0.03180092 -0.01668214 -0.02554285 0.03017884 -0.0183922 -0.02554285 0.02777725 -0.02041661 -0.01900434 0.03776097 -0.02681678 -0.01900434 0.03776097 -0.02681678 -0.01900434 0.05445927 -0.04864531 -0.01900434 0.05445927 -0.04864531 -0.01900434 0.04929137 -0.05271929 -0.01900434 0.04929137 -0.05271929 -0.01900434 0.04382169 -0.0563783 -0.01900434 0.04382169 -0.0563783 -0.01900434 0.03807532 -0.05959725 -0.01900434 0.03807532 -0.05959725 -0.01880317 0.03283196 -0.06414902 -0.01880317 0.02651983 -0.06648778 -0.01880317 0.02003163 -0.06831103 -0.01880317 0.01341772 -0.06963133 -0.01880317 0.006728351 -0.07042348 -0.01880317 1.2666e-6 -0.07068753 -0.01880317 -0.006738364 -0.07042348 -0.01823735 -0.01371693 -0.07147967 -0.01823735 -0.02046918 -0.07013428 -0.01731944 -0.02763634 -0.06990796 -0.01731944 -0.03421258 -0.06748116 -0.01607459 -0.04127919 -0.0658968 -0.006933331 -0.04610759 -0.07361727 -0.006933331 -0.04610759 -0.07361727 -0.006933331 -0.04950255 -0.07184433 -0.006933331 -0.04950255 -0.07184433 -0.006933331 -0.05531179 -0.06824815 -0.006933331 -0.05531179 -0.06824815 -0.006933331 -0.05578958 -0.06795895 -0.006933331 -0.06177479 -0.06360834 -0.006933331 -0.06382441 -0.06186056 -0.006933331 -0.06382441 -0.06186056 -0.006933331 -0.06742054 -0.05883026 -0.006933331 -0.06742054 -0.05883026 -0.005411863 -0.06825041 -0.05974811 -0.005411863 -0.07359439 -0.05450475 -0.003689229 -0.07925271 -0.04946261 -0.003689229 -0.08380448 -0.04342705 -0.0018031 -0.08839398 -0.03737896 1.45823e-4 -0.08916103 -0.0363605 1.45823e-4 -0.08916103 -0.0363605 1.45823e-4 -0.09220391 -0.0307902 1.45823e-4 -0.09220391 -0.0307902 1.45823e-4 -0.09402716 -0.02674138 1.45823e-4 -0.09402716 -0.02674138 1.45823e-4 -0.09533488 -0.02384936 1.45823e-4 -0.09533488 -0.02384936 1.45823e-4 -0.09796285 -0.0167073 1.45823e-4 -0.09796285 -0.0167073 1.45823e-4 -0.1000375 -0.009389221 1.45823e-4 -0.1000375 -0.009389221 0.01285809 -0.1007291 -0.006283462 0.01285809 -0.1007291 -0.006283462 0.01285809 -0.10088 -0.005667328 0.01285809 -0.10088 -0.005667328 0.01285809 -0.1021374 0.001839339 0.01285809 -0.1021374 0.001839339 0.01285809 -0.1023763 0.004366695 0.01285809 -0.1023763 0.004366695 0.01285809 -0.1028416 0.009421467 0.01285809 -0.1028416 0.009421467 0.01285809 -0.1029421 0.01513004 0.01285809 -0.1029421 0.01513004 0.01285809 -0.1029798 0.01702868 0.01285809 -0.1029798 0.01702868 0.01285809 -0.1025649 0.02462339 0.01285809 -0.1025649 0.02462339 0.01285809 -0.1024014 0.02588081 0.01285809 -0.1024014 0.02588081 0.01285809 -0.1015841 0.03218036 0.01285809 -0.1015841 0.03218036 0.01285809 -0.1006788 0.03653103 0.01285809 -0.1006788 0.03653103 0.01285809 -0.1000375 0.03963679 0.01285809 -0.1000375 0.03963679 0.01285809 -0.09796285 0.04695487 0.01285809 -0.09796285 0.04695487 0.01285809 -0.09533488 0.05409687 0.01285809 -0.09533488 0.05409687 0.01285809 -0.09402716 0.05698889 0.01285809 -0.09402716 0.05698889 0.01285809 -0.09220391 0.06103771 0.01285809 -0.09220391 0.06103771 0.01285809 -0.08916103 0.06660807 0.01285809 -0.08916103 0.06660807 0.01285809 -0.08855748 0.06771457 0.01285809 -0.08855748 0.06771457 0.01285809 -0.08443319 0.07411473 0.01285809 -0.08443319 0.07411473 0.01285809 -0.08328896 0.0756362 0.01285809 -0.08328896 0.0756362 0.01285809 -0.07984369 0.08018797 0.01285809 -0.07984369 0.08018797 0.01285809 -0.07649898 0.0839979 0.01285809 -0.07649898 0.0839979 0.01285809 -0.07482665 0.08590912 0.01285809 -0.07482665 0.08590912 0.01285809 -0.06939464 0.09124052 0.01285809 -0.06939464 0.09124052 0.01285809 -0.06890428 0.09165549 0.01285809 -0.06890428 0.09165549 0.01285809 -0.06358546 0.09615695 0.01285809 -0.06358546 0.09615695 0.01285809 -0.06050485 0.09839516 0.01285809 -0.06050485 0.09839516 0.01285809 -0.05742418 0.1006333 0.01285809 -0.05742418 0.1006333 1.45823e-4 -0.05421781 0.1026955 1.45823e-4 -0.05421781 0.1026955 -0.0018031 -0.05411726 0.102532 -0.0018031 -0.04751586 0.1062916 -0.0018031 -0.04065048 0.1095483 -0.0018031 -0.0335713 0.112302 -0.003689229 -0.03338271 0.1117613 -0.003689229 -0.02615267 0.1139618 -0.005411863 -0.02592629 0.113069 -0.005411863 -0.01862078 0.1147162 -0.006933331 -0.01838189 0.1134966 -0.006933331 -0.01107639 0.1145779 -0.006933331 -0.01063632 0.1146156 -0.006933331 -0.01063632 0.1146156 -0.006933331 -0.003695487 0.1151311 -0.006933331 -0.003695487 0.1151311 -0.006933331 1.2666e-6 0.1151311 -0.006933331 1.2666e-6 0.1151311 -0.006933331 0.003697991 0.1151311 -0.006933331 0.003697991 0.1151311 -0.006933331 0.01063883 0.1146156 -0.006933331 0.01063883 0.1146156 -0.01607459 0.009658098 0.1054743 -0.01607459 0.009658098 0.1054743 -0.01607459 0.01422244 0.1049336 -0.01607459 0.01422244 0.1049336 -0.01607459 0.01921433 0.1039403 -0.01607459 0.01921433 0.1039403 -0.01607459 0.02122616 0.1035379 -0.01607459 0.02810412 0.1016015 -0.01607459 0.02855682 0.1014381 -0.01607459 0.02855682 0.1014381 -0.01607459 0.03479355 0.099137 -0.01607459 0.03479355 0.099137 -0.01607459 0.03754723 0.09786701 -0.01607459 0.03754723 0.09786701 -0.01607459 0.0412817 0.09614437 -0.01607459 0.0412817 0.09614437 -0.01607459 0.0461353 0.09341585 -0.01607459 0.0461353 0.09341585 -0.01607459 0.04750585 0.0926488 -0.01607459 0.0534408 0.08868801 -0.01607459 0.0542078 0.08808445 -0.01607459 0.0542078 0.08808445 -0.01731944 0.05806803 0.08311772 -0.01731944 0.06322336 0.07835215 -0.01823735 0.06200367 0.07711994 -0.01880317 0.06067085 0.07579964 -0.01880317 0.06524777 0.07085806 -0.01900434 0.06376403 0.06958806 -0.01900434 0.06376403 0.06958806 -0.01900434 0.06783801 0.06442016 -0.01900434 0.06783801 0.06442016 -0.01900434 0.04787051 0.04503101 -0.01900434 0.04787051 0.04503101 -0.01900434 0.05156725 0.03807759 -0.01900434 0.05156725 0.03807759 -0.02554285 0.0412063 0.03347551 -0.02554285 0.04238826 0.03054577 -0.02559316 0.04228764 0.03052061 -0.02559316 0.04228764 0.03052061 -0.02559316 0.04276543 0.0290243 -0.02559316 0.04276543 0.0290243 -0.02559316 0.04325586 0.02752798 -0.02559316 0.04325586 0.02752798 -0.02568119 0.04445034 0.02215892 -0.02568119 0.04445034 0.02215892 -0.02568119 0.03388822 0.01563298 -0.02568119 0.03388822 0.01563298 -0.02926474 0.03154945 0.01759451 -0.02926474 0.03154945 0.01759451 -0.02926474 0.03102129 0.021241 -0.02926474 0.03102129 0.021241 -0.02936536 0.03085786 0.02175652 -0.02944082 0.02961301 0.0257802 -0.02944082 0.02792811 0.02962785 -0.02947854 0.02563965 0.03314858 -0.02950364 0.02292364 0.0363298 -0.02950364 0.02292364 0.0363298 -0.02950364 0.01361888 0.02930092 -0.02950364 0.01361888 0.02930092 -0.02950364 0.01180821 0.03083497 -0.02950364 0.01180821 0.03083497 -0.02951622 0.01174539 0.03075951 -0.02951622 0.009783804 0.03206723 -0.02954137 0.009733498 0.0319792 -0.02954137 0.007621109 0.03302288 -0.02959167 0.007595956 0.03294742 -0.03091198 0.006866633 0.03124994 -0.03096222 0.004854798 0.03187859 -0.03098738 0.002780079 0.03224325 -0.03096222 0.002792656 0.03234386 -0.03098738 6.92837e-4 0.03245705 -0.03096222 7.05414e-4 0.03254503 -0.03098738 -0.001394391 0.03240674 -0.03099995 -0.003443956 0.03201693 -0.03099995 -0.003443956 0.03201693 -0.03099995 -0.001381874 0.03230613 -0.03099995 -0.001381874 0.03230613 -0.03099995 6.92837e-4 0.03234386 -0.03099995 6.92837e-4 0.03234386 -0.03099995 0.002767503 0.03214269 -0.03099995 0.002767503 0.03214269 -0.03099995 0.004791915 0.03167742 -0.03099995 0.004791915 0.03167742 -0.03099995 0.006753504 0.03098589 -0.03099995 0.006753504 0.03098589 -0.03099995 0.00861442 0.0300554 -0.03099995 0.00861442 0.0300554 -0.03099995 0.0103622 0.02891117 -0.03099995 0.0103622 0.02891117 -0.03099995 0.01194655 0.02755314 -0.03099995 0.01194655 0.02755314 -0.03099995 0.01335483 0.02603173 -0.03099995 0.01335483 0.02603173 -0.03099995 0.01457452 0.02433419 -0.03099995 0.01457452 0.02433419 -0.03099995 0.01558041 0.022511 -0.03099995 0.01558041 0.022511 -0.03099995 0.01634746 0.02058714 -0.03099995 0.01634746 0.02058714 -0.03099995 0.01688814 0.01857531 -0.03099995 0.01688814 0.01857531 -0.03099995 0.01718991 0.01651316 -0.03099995 0.01718991 0.01651316 -0.03099995 0.01722764 0.01442587 -0.03099995 0.01722764 0.01442587 -0.03099995 0.0170139 0.01236373 -0.03099995 0.0170139 0.01236373 -0.03099995 0.01656121 0.01032674 -0.03099995 0.01656121 0.01032674 -0.03099995 0.01585704 0.008365213 -0.03099995 0.01585704 0.008365213 -0.03099995 0.01492661 0.006504297 -0.03099995 0.01492661 0.006504297 -0.03099995 0.01378238 0.004769027 -0.03099995 0.01378238 0.004769027 -0.03099995 0.01243692 0.003184735 -0.03099995 0.01243692 0.003184735 -0.03099995 0.01090288 0.00176388 -0.03099995 0.01090288 0.00176388 -0.03099995 0.009217977 5.56789e-4 -0.03099995 0.009217977 5.56789e-4 -0.03099995 0.007394731 -4.49136e-4 -0.03099995 0.007394731 -4.49136e-4 -0.03099995 0.005458354 -0.00122869 -0.03099995 0.005458354 -0.00122869 -0.03099995 0.003446519 -0.001769363 -0.03099995 0.003446519 -0.001769363 -0.03099995 0.001384377 -0.002058565 -0.03099995 0.001384377 -0.002058565 -0.03099995 -6.90304e-4 -0.002096295 -0.03099995 -6.90304e-4 -0.002096295 -0.03099995 -0.002764999 -0.001895129 -0.03099995 -0.002764999 -0.001895129 -0.03099995 -0.004801988 -0.001429855 -0.03099995 -0.004801988 -0.001429855 -0.03099995 -0.006763517 -7.38338e-4 -0.03099995 -0.006763517 -7.38338e-4 -0.03099995 -0.008624494 1.92143e-4 -0.03099995 -0.008624494 1.92143e-4 -0.03099995 -0.0103597 0.001336336 -0.03099995 -0.0103597 0.001336336 -0.03098738 -0.01042258 0.001260936 -0.03096222 -0.01047283 0.001185476 -0.03091198 -0.01053571 0.001110017 -0.02959167 -0.009680688 -0.001656234 -0.02954137 -0.007631123 -0.002775311 -0.02951622 -0.005443274 -0.003655493 -0.02951622 -0.003142178 -0.00418359 -0.02950364 -7.90894e-4 -0.004523098 -0.02950364 -7.90894e-4 -0.004523098 -0.02950364 0.001396954 -0.01606601 -0.02950364 0.001396954 -0.01606601 -0.02950364 0.005533814 -0.0156008 -0.02950364 0.005533814 -0.0156008 -0.02947854 0.005558967 -0.0157265 -0.02944082 0.00558412 -0.01583969 -0.02944082 0.009658098 -0.01482117 -0.02944082 0.013556 -0.01327461 -0.02936536 0.0136063 -0.01336258 -0.02926474 0.01364403 -0.01343804 -0.02926474 0.01364403 -0.01343804 -0.02926474 0.01537925 -0.01245731 -0.02926474 0.01537925 -0.01245731 -0.02926474 0.0173282 -0.01136332 -0.02926474 0.0173282 -0.01136332 -0.02568119 0.02152794 -0.01104897 -0.02568119 0.02152794 -0.01104897 -0.02568119 0.03182607 -0.01669472 -0.02568119 0.03182607 -0.01669472 -0.02559316 0.03011602 -0.01831674 -0.02559316 0.03011602 -0.01831674 -0.02559316 0.02770179 -0.02034121 -0.02559316 0.02770179 -0.02034121 -0.02559316 0.02643179 -0.02125906 -0.02559316 0.02643179 -0.02125906 -0.02554285 0.02522468 -0.02227759 -0.02554285 0.02255898 -0.02393734 -0.01900434 0.03156203 -0.03167039 -0.01900434 0.03156203 -0.03167039 -0.01900434 0.02474689 -0.03560602 -0.01900434 0.02474689 -0.03560602 -0.01900434 0.03209012 -0.06235092 -0.01900434 0.03209012 -0.06235092 -0.01900434 0.02591627 -0.06462687 -0.01900434 0.02591627 -0.06462687 -0.01900434 0.01957899 -0.06641238 -0.01900434 0.01957899 -0.06641238 -0.01900434 0.01311594 -0.06770747 -0.01900434 0.01311594 -0.06770747 -0.01900434 0.006577432 -0.06847453 -0.01900434 0.006577432 -0.06847453 -0.01900434 1.2666e-6 -0.06873857 -0.01900434 -0.006574928 -0.06847453 -0.01900434 -0.006574928 -0.06847453 -0.01880317 -0.01342773 -0.06963133 -0.01880317 -0.02002912 -0.06831103 -0.01823735 -0.02709567 -0.0682733 -0.01823735 -0.03355872 -0.06588423 -0.01731944 -0.0405876 -0.06453883 -0.01607459 -0.04190784 -0.06554478 -0.01607459 -0.04190784 -0.06554478 -0.01607459 -0.04751586 -0.06240123 -0.01607459 -0.04751586 -0.06240123 -0.01607459 -0.05023187 -0.06059062 -0.01607459 -0.05023187 -0.06059062 -0.01607459 -0.05345082 -0.05844044 -0.01607459 -0.05345082 -0.05844044 -0.01607459 -0.05800259 -0.05484426 -0.01607459 -0.05800259 -0.05484426 -0.01607459 -0.05905884 -0.05401438 -0.01607459 -0.0643022 -0.04917341 -0.006933331 -0.07167059 -0.05465567 -0.006933331 -0.07167059 -0.05465567 -0.006933331 -0.07268905 -0.05364972 -0.006933331 -0.07867431 -0.04664599 -0.006933331 -0.07867431 -0.04664599 -0.006933331 -0.07758033 -0.048092 -0.005411863 -0.07853597 -0.04887163 -0.005411863 -0.08305007 -0.04289895 -0.003689229 -0.08790361 -0.03707718 -0.0018031 -0.0920279 -0.03070217 -0.0018031 -0.09515881 -0.0237739 -0.0018031 -0.0977742 -0.01664441 -0.0018031 -0.0998615 -0.009338915 1.45823e-4 -0.1006788 -0.006283462 1.45823e-4 -0.1006788 -0.006283462 1.45823e-4 -0.1015841 -0.001932859 1.45823e-4 -0.1015841 -0.001932859 1.45823e-4 -0.1024014 0.004366695 1.45823e-4 -0.1024014 0.004366695 1.45823e-4 -0.1024014 0.004366695 1.45823e-4 -0.1025649 0.005624115 1.45823e-4 -0.1025649 0.005624115 1.45823e-4 -0.1029798 0.01321876 1.45823e-4 -0.1029798 0.01321876 1.45823e-4 -0.1029421 0.01511746 1.45823e-4 -0.1029421 0.01511746 1.45823e-4 -0.1028416 0.02082604 1.45823e-4 -0.1028416 0.02082604 1.45823e-4 -0.1023763 0.02588081 1.45823e-4 -0.1023763 0.02588081 1.45823e-4 -0.1021374 0.02840816 1.45823e-4 -0.1021374 0.02840816 1.45823e-4 -0.10088 0.03591489 1.45823e-4 -0.10088 0.03591489 1.45823e-4 -0.1007291 0.03653103 1.45823e-4 -0.1007291 0.03653103 1.45823e-4 -0.09906935 0.04330837 1.45823e-4 -0.09906935 0.04330837 1.45823e-4 -0.09788739 0.04692971 1.45823e-4 -0.09788739 0.04692971 1.45823e-4 -0.09671801 0.05055099 1.45823e-4 -0.09671801 0.05055099 1.45823e-4 -0.09407746 0.05701404 1.45823e-4 -0.09407746 0.05701404 1.45823e-4 -0.09383857 0.05759245 1.45823e-4 -0.09383857 0.05759245 1.45823e-4 -0.09044355 0.06440758 1.45823e-4 -0.09044355 0.06440758 1.45823e-4 -0.08914846 0.06659549 1.45823e-4 -0.08914846 0.06659549 1.45823e-4 -0.08655822 0.07095867 1.45823e-4 -0.08655822 0.07095867 1.45823e-4 -0.08328896 0.0756362 1.45823e-4 -0.08328896 0.0756362 1.45823e-4 -0.08219504 0.07719534 1.45823e-4 -0.08219504 0.07719534 1.45823e-4 -0.07739174 0.08309257 1.45823e-4 -0.07739174 0.08309257 1.45823e-4 -0.07651156 0.08402305 1.45823e-4 -0.07651156 0.08402305 1.45823e-4 -0.07216095 0.08862513 1.45823e-4 -0.07216095 0.08862513 1.45823e-4 -0.06887912 0.09161776 1.45823e-4 -0.06887912 0.09161776 1.45823e-4 -0.06652778 0.0937553 1.45823e-4 -0.06652778 0.0937553 1.45823e-4 -0.06054258 0.09845799 1.45823e-4 -0.06054258 0.09845799 -0.0018031 -0.06042939 0.09829455 -0.003689229 -0.06008988 0.09784185 -0.003689229 -0.05382806 0.1020542 -0.003689229 -0.04725182 0.1057887 -0.003689229 -0.04042416 0.1090328 -0.005411863 -0.0400595 0.1081777 -0.005411863 -0.03308093 0.1108812 -0.006933331 -0.02559936 0.1118619 -0.006933331 -0.02559936 0.1118619 -0.006933331 -0.02113562 0.1128678 -0.006933331 -0.02113562 0.1128678 -0.01607459 -0.01421993 0.1049336 -0.01607459 -0.01421993 0.1049336 -0.01607459 -0.009655535 0.1054743 -0.01607459 -0.009655535 0.1054743 -0.01607459 -0.007128179 0.1057761 -0.01607459 -0.007128179 0.1057761 -0.01607459 1.2666e-6 0.1060527 -0.01607459 0.007130682 0.1057761 -0.01607459 0.007130682 0.1057761 -0.01607459 1.2666e-6 0.1060527 -0.01731944 1.2666e-6 0.1045312 -0.01731944 0.007017552 0.1042672 -0.01731944 0.01398354 0.1034373 -0.01731944 0.02087408 0.1020668 -0.01731944 0.02762633 0.1001555 -0.01731944 0.03421515 0.09772872 -0.01731944 0.04059016 0.0947864 -0.01731944 0.0467137 0.09136629 -0.01731944 0.05256062 0.08745574 -0.01823735 0.0515421 0.08606004 -0.01823735 0.05694895 0.08179742 -0.01880317 0.05572926 0.08037656 -0.01900434 0.05445927 0.07889282 -0.01900434 0.05445927 0.07889282 -0.01900434 0.0593003 0.07441651 -0.01900434 0.0593003 0.07441651 -0.01900434 0.04324328 0.05140602 -0.01900434 0.04324328 0.05140602 -0.02554285 0.03649103 0.04163604 -0.02554285 0.03825139 0.03903323 -0.02554285 0.03982311 0.03630465 -0.02559316 0.04007458 0.03555023 -0.02559316 0.04007458 0.03555023 -0.02559316 0.04110568 0.03342521 -0.02559316 0.04110568 0.03342521 -0.02568119 0.04280316 0.0290243 -0.02568119 0.04280316 0.0290243 -0.02568119 0.03324693 0.02166855 -0.02568119 0.03324693 0.02166855 -0.02926474 0.03094589 0.0217691 -0.02926474 0.02977651 0.02584308 -0.02936536 0.02970105 0.02580535 -0.02936536 0.02801614 0.02967816 -0.02944082 0.02574026 0.03322404 -0.02947854 0.02301168 0.03640526 -0.02950364 0.01989334 0.03918409 -0.02950364 0.01989334 0.03918409 -0.02950364 0.0165109 0.04162347 -0.02950364 0.0165109 0.04162347 -0.02950364 0.00983411 0.03215527 -0.02950364 0.00983411 0.03215527 -0.02950364 0.007709085 0.03321146 -0.02950364 0.007709085 0.03321146 -0.02951622 0.007671415 0.03311085 -0.02951622 0.005445778 0.03390306 -0.02954137 0.005408048 0.03381502 -0.02959167 0.005382895 0.03372699 -0.03091198 0.004879951 0.03196662 -0.03091198 0.002817809 0.0324319 -0.03091198 7.05414e-4 0.03264564 -0.03096222 -0.001406967 0.0325073 -0.03098738 -0.003469109 0.03211754 -0.03099995 -0.005455851 0.03147625 -0.03099995 -0.005455851 0.03147625 -0.03098738 -0.005493521 0.03157687 -0.03099995 -0.007392227 0.03069669 -0.03099995 -0.007392227 0.03069669 -0.03099995 -0.003695487 0.02153021 -0.03099995 -0.001909971 0.02227205 -0.03099995 1.2666e-6 0.02252358 -0.03099995 0.001912474 0.02227205 -0.03099995 0.003697991 0.02153021 -0.03099995 0.005232036 0.02036082 -0.03099995 0.006413996 0.01882678 -0.03099995 0.007143259 0.01704126 -0.03099995 0.007394731 0.01513004 -0.03099995 0.007143259 0.01320624 -0.03099995 0.006413996 0.01142072 -0.03099995 0.005232036 0.009886682 -0.03099995 0.003697991 0.008717298 -0.03099995 0.001912474 0.007975399 -0.03099995 1.2666e-6 0.007723927 -0.03099995 -0.001909971 0.007975399 -0.03099995 -0.003695487 0.008717298 -0.03099995 -0.005229473 0.009886682 -0.03099995 -0.01194399 0.002694368 -0.03099995 -0.01194399 0.002694368 -0.03098738 -0.01201945 0.002618908 -0.03096222 -0.01208233 0.002543449 -0.03091198 -0.01214522 0.002480566 -0.02959167 -0.01164221 -3.61115e-4 -0.02954137 -0.009730994 -0.001731634 -0.02951622 -0.007668852 -0.002863287 -0.02950364 -0.005468428 -0.003756046 -0.02950364 -0.005468428 -0.003756046 -0.02950364 -0.003154754 -0.004284203 -0.02950364 -0.003154754 -0.004284203 -0.02950364 -0.002777576 -0.01597803 -0.02950364 -0.002777576 -0.01597803 -0.02947854 -0.002790153 -0.01610374 -0.02947854 0.001396954 -0.01619178 -0.02944082 0.001396954 -0.01630491 -0.02936536 0.00140953 -0.01641809 -0.02936536 0.005596697 -0.0159403 -0.02936536 0.009683251 -0.01492178 -0.02926474 0.009708404 -0.01499724 -0.02926474 0.01021134 -0.01479607 -0.02926474 0.01021134 -0.01479607 -0.02568119 0.01649832 -0.01446914 -0.02568119 0.01649832 -0.01446914 -0.02568119 0.02644437 -0.02128422 -0.02568119 0.02644437 -0.02128422 -0.02559316 0.02516186 -0.02217698 -0.02559316 0.02516186 -0.02217698 -0.02559316 0.02249616 -0.02384936 -0.02559316 0.02249616 -0.02384936 -0.02559316 0.02042144 -0.02495586 -0.02559316 0.02042144 -0.02495586 -0.02554285 0.01978015 -0.02542108 -0.02554285 0.01690071 -0.02670365 -0.02554285 0.01393324 -0.02777242 -0.02554285 0.01091545 -0.02864003 -0.01900434 0.01744139 -0.03856092 -0.01900434 0.01744139 -0.03856092 -0.01900434 0.00979638 -0.04045963 -0.01900434 0.00979638 -0.04045963 -0.01900434 0.001975357 -0.0412895 -0.01900434 0.001975357 -0.0412895 -0.01900434 1.2666e-6 -0.06873857 -0.01900434 -0.005895912 -0.04101288 -0.01900434 -0.005895912 -0.04101288 -0.01900434 -0.01311337 -0.06770747 -0.01900434 -0.01311337 -0.06770747 -0.01900434 -0.01957643 -0.06641238 -0.01900434 -0.01957643 -0.06641238 -0.01880317 -0.02651727 -0.06648778 -0.01880317 -0.03284204 -0.06414902 -0.01823735 -0.03980803 -0.06300479 -0.01731944 -0.04672372 -0.06111872 -0.01731944 -0.05255806 -0.05720818 -0.01731944 -0.05806547 -0.05287015 -0.01731944 -0.06322085 -0.04810458 -0.01607459 -0.0651195 -0.04828065 -0.01607459 -0.0651195 -0.04828065 -0.01607459 -0.06914317 -0.04393005 -0.01607459 -0.06914317 -0.04393005 -0.01607459 -0.07146936 -0.04098773 -0.01607459 -0.07146936 -0.04098773 -0.01607459 -0.07356923 -0.03832203 -0.01607459 -0.07356923 -0.03832203 -0.006933331 -0.08203154 -0.04219484 -0.006933331 -0.08203154 -0.04219484 -0.006933331 -0.08478528 -0.03791964 -0.006933331 -0.08478528 -0.03791964 -0.006933331 -0.08604264 -0.03597068 -0.005411863 -0.08711147 -0.03661197 -0.003689229 -0.09152495 -0.0304507 -0.003689229 -0.09463071 -0.02356016 -0.003689229 -0.09723353 -0.0164684 -0.003689229 -0.09930825 -0.009200632 -0.0018031 -0.101383 -0.001895129 -0.0018031 -0.1023637 0.005636632 -0.0018031 -0.1027913 0.01321876 -0.0018031 -0.1026529 0.02082604 -0.0018031 -0.1019488 0.02838301 -0.0018031 -0.1006914 0.03587716 -0.0018031 -0.0988807 0.04325807 -0.0018031 -0.09652936 0.05048817 -0.0018031 -0.0936625 0.05751705 -0.0018031 -0.09026753 0.06431955 -0.0018031 -0.08639472 0.07084548 -0.0018031 -0.08204412 0.07708221 -0.0018031 -0.07724088 0.0829668 -0.0018031 -0.07202261 0.08848685 -0.0018031 -0.06640207 0.09360444 -0.003689229 -0.06603741 0.0931769 -0.005411863 -0.06544643 0.09247279 -0.005411863 -0.05954921 0.09708744 -0.005411863 -0.05333763 0.101262 -0.005411863 -0.04682433 0.1049714 -0.006933331 -0.04132944 0.1062036 -0.006933331 -0.04132944 0.1062036 -0.006933331 -0.03956913 0.1070335 -0.006933331 -0.03267854 0.1097118 -0.006933331 -0.03142112 0.110089 -0.006933331 -0.03142112 0.110089 -0.01607459 -0.02810162 0.1016015 -0.01607459 -0.0212236 0.1035379 -0.01607459 -0.01921176 0.1039403 -0.01607459 -0.01921176 0.1039403 -0.01731944 -0.01399356 0.1034373 -0.01731944 -0.007014989 0.1042672 -0.01823735 -0.006876707 0.102532 -0.01823735 1.2666e-6 0.1028086 -0.01823735 0.00687921 0.102532 -0.01823735 0.01371949 0.1017273 -0.01823735 0.02047175 0.1003819 -0.01823735 0.02709823 0.09852087 -0.01823735 0.03356128 0.0961318 -0.01823735 0.03981053 0.09325236 -0.01823735 0.04582095 0.08988255 -0.01880317 0.04484015 0.08828562 -0.01880317 0.0504356 0.08453857 -0.01900434 0.04929137 0.0829668 -0.01900434 0.04929137 0.0829668 -0.01900434 0.03776097 0.05706435 -0.01900434 0.03776097 0.05706435 -0.02554285 0.03244221 0.04646444 -0.02554285 0.0345546 0.04411309 -0.02559316 0.03446662 0.04405027 -0.02559316 0.03446662 0.04405027 -0.02559316 0.036403 0.04157316 -0.02559316 0.036403 0.04157316 -0.02559316 0.03816336 0.03897035 -0.02559316 0.03816336 0.03897035 -0.02559316 0.03973513 0.03625434 -0.02559316 0.03973513 0.03625434 -0.02568119 0.04009974 0.03555023 -0.02568119 0.04009974 0.03555023 -0.02568119 0.03154945 0.02750289 -0.02568119 0.03154945 0.02750289 -0.02926474 0.02941185 0.02666038 -0.02926474 0.02941185 0.02666038 -0.02926474 0.02807903 0.02971589 -0.02926474 0.02807903 0.02971589 -0.02926474 0.02685934 0.03172773 -0.02926474 0.02685934 0.03172773 -0.02936536 0.02582824 0.03327435 -0.02944082 0.02309972 0.0364933 -0.02947854 0.01996874 0.0392847 -0.02947854 0.01657378 0.04173666 -0.02950364 0.01282674 0.043585 -0.02950364 0.01282674 0.043585 -0.02950364 0.008916199 0.04504358 -0.02950364 0.008916199 0.04504358 -0.02950364 0.005470931 0.03400361 -0.02950364 0.005470931 0.03400361 -0.02950364 0.003157317 0.03453171 -0.02950364 0.003157317 0.03453171 -0.02951622 0.003132164 0.03443115 -0.02954137 0.003119587 0.03433054 -0.02959167 0.003107011 0.03424251 -0.02959167 7.80858e-4 0.03448146 -0.02959167 -0.001557886 0.03443115 -0.03091198 -0.001406967 0.03259533 -0.03096222 -0.003494262 0.03221809 -0.03096222 -0.005518674 0.03166484 -0.03098738 -0.007429957 0.03079724 -0.03099995 -0.009215474 0.02969074 -0.03099995 -0.009215474 0.02969074 -0.03099995 -0.01090037 0.02848362 -0.03099995 -0.01090037 0.02848362 -0.03099995 -0.005229473 0.02036082 -0.03099995 -0.01243442 0.02706277 -0.03099995 -0.01243442 0.02706277 -0.03099995 -0.01377981 0.02547842 -0.03099995 -0.01377981 0.02547842 -0.03099995 -0.006411433 0.01882678 -0.03099995 -0.01492404 0.02374321 -0.03099995 -0.01492404 0.02374321 -0.03099995 -0.01585453 0.02188229 -0.03099995 -0.01585453 0.02188229 -0.03099995 -0.007153332 0.01704126 -0.03099995 -0.01655864 0.01992076 -0.03099995 -0.01655864 0.01992076 -0.03099995 -0.01701134 0.01788371 -0.03099995 -0.01701134 0.01788371 -0.03099995 -0.007404804 0.01513004 -0.03099995 -0.01722508 0.01582163 -0.03099995 -0.01722508 0.01582163 -0.03099995 -0.01718735 0.01373434 -0.03099995 -0.01718735 0.01373434 -0.03099995 -0.007153332 0.01320624 -0.03099995 -0.01688557 0.01167219 -0.03099995 -0.01688557 0.01167219 -0.03099995 -0.01635748 0.009660363 -0.03099995 -0.01635748 0.009660363 -0.03099995 -0.006411433 0.01142072 -0.03099995 -0.01557791 0.007736504 -0.03099995 -0.01557791 0.007736504 -0.03099995 -0.01457196 0.005913317 -0.03099995 -0.01457196 0.005913317 -0.03099995 -0.01335227 0.004215776 -0.03099995 -0.01335227 0.004215776 -0.03098738 -0.01342773 0.004152953 -0.03096222 -0.01351577 0.00409007 -0.03091198 -0.01357865 0.004039764 -0.02959167 -0.01341515 0.001160323 -0.02954137 -0.01169252 -4.36559e-4 -0.02951622 -0.009781301 -0.00181967 -0.02950364 -0.007706582 -0.0029639 -0.02950364 -0.007706582 -0.0029639 -0.02950364 -0.00690186 -0.01532417 -0.02950364 -0.00690186 -0.01532417 -0.02947854 -0.006927013 -0.01544988 -0.02944082 -0.006952106 -0.01556307 -0.02944082 -0.002802729 -0.01621693 -0.02936536 -0.002815306 -0.01631748 -0.02926474 -0.002815306 -0.01639294 -0.02926474 -0.002815306 -0.01639294 -0.02926474 -9.41783e-4 -0.01644325 -0.02926474 -9.41783e-4 -0.01644325 -0.02926474 0.00140953 -0.01649355 -0.02926474 0.00140953 -0.01649355 -0.02926474 0.004716515 -0.01611632 -0.02926474 0.004716515 -0.01611632 -0.02926474 0.005609273 -0.0160157 -0.02568119 0.01095318 -0.01694619 -0.02568119 0.01095318 -0.01694619 -0.02568119 0.02043402 -0.02496844 -0.02568119 0.02043402 -0.02496844 -0.02559316 0.01972985 -0.02532047 -0.02559316 0.01972985 -0.02532047 -0.02559316 0.01686298 -0.02660304 -0.02559316 0.01686298 -0.02660304 -0.02559316 0.01390808 -0.02767181 -0.02559316 0.01390808 -0.02767181 -0.02559316 0.01089036 -0.02853941 -0.02559316 0.01089036 -0.02853941 -0.02554285 0.007834851 -0.02929389 -0.02554285 0.004716515 -0.02973395 -0.02554285 0.001572966 -0.02996033 -0.02554285 -0.001570463 -0.02996033 -0.02554285 -0.004713952 -0.02973395 -0.02554285 -0.007832288 -0.02929389 -0.02554285 -0.01091295 -0.02864003 -0.02554285 -0.01689815 -0.02670365 -0.02554285 -0.01394325 -0.02777242 -0.01900434 -0.01365405 -0.03964227 -0.01900434 -0.01365405 -0.03964227 -0.01900434 -0.02591371 -0.06462687 -0.01900434 -0.02591371 -0.06462687 -0.01900434 -0.03208756 -0.06235092 -0.01900434 -0.03208756 -0.06235092 -0.01880317 -0.038953 -0.06133246 -0.01823735 -0.04581838 -0.05963498 -0.01823735 -0.05153954 -0.05581247 -0.01823735 -0.05694639 -0.05154991 -0.01823735 -0.06200116 -0.04688495 -0.01731944 -0.06798636 -0.04294925 -0.01731944 -0.07233697 -0.03742927 -0.01607459 -0.07706481 -0.03309124 -0.01607459 -0.07706481 -0.03309124 -0.01607459 -0.07753008 -0.03238707 -0.01607459 -0.08101308 -0.02616298 -0.006933331 -0.08957594 -0.02948248 -0.005411863 -0.09069502 -0.03003573 -0.005411863 -0.09377568 -0.02322065 -0.005411863 -0.09635335 -0.0161792 -0.005411863 -0.09840291 -0.00898683 -0.003689229 -0.1008297 -0.001807093 -0.003689229 -0.1017979 0.005686938 -0.003689229 -0.1022254 0.01323133 -0.003689229 -0.1020871 0.02078837 -0.003689229 -0.101383 0.02830761 -0.003689229 -0.1001381 0.03576397 -0.003689229 -0.09834003 0.04310721 -0.003689229 -0.09600126 0.05028694 -0.003689229 -0.09314697 0.05727809 -0.003689229 -0.08977717 0.06404292 -0.003689229 -0.08591693 0.0705437 -0.003689229 -0.08159148 0.07673013 -0.003689229 -0.07681334 0.08258962 -0.003689229 -0.07162028 0.08808445 -0.005411863 -0.07097899 0.08741801 -0.006933331 -0.0678355 0.08859997 -0.006933331 -0.0678355 0.08859997 -0.006933331 -0.06464171 0.09151715 -0.006933331 -0.06464171 0.09151715 -0.006933331 -0.0596624 0.09542769 -0.006933331 -0.0596624 0.09542769 -0.006933331 -0.05881989 0.09608155 -0.006933331 -0.05268383 0.1002058 -0.006933331 -0.05077254 0.1012871 -0.006933331 -0.05077254 0.1012871 -0.006933331 -0.0462585 0.1038649 -0.006933331 -0.0462585 0.1038649 -0.01607459 -0.03754466 0.09786701 -0.01607459 -0.03754466 0.09786701 -0.01607459 -0.03479099 0.099137 -0.01607459 -0.03479099 0.099137 -0.01607459 -0.02855426 0.1014381 -0.01607459 -0.02855426 0.1014381 -0.01731944 -0.02763634 0.1001555 -0.01731944 -0.02087157 0.1020668 -0.01823735 -0.02046918 0.1003819 -0.01823735 -0.01371693 0.1017273 -0.01880317 -0.01342773 0.09987884 -0.01880317 -0.006738364 0.1006711 -0.01880317 1.2666e-6 0.1009351 -0.01880317 0.006728351 0.1006711 -0.01880317 0.01341772 0.09987884 -0.01880317 0.02003163 0.0985586 -0.01880317 0.02651983 0.09673535 -0.01880317 0.03283196 0.09439659 -0.01880317 0.0389555 0.09158003 -0.01900434 0.03807532 0.08984482 -0.01900434 0.03807532 0.08984482 -0.01900434 0.04382169 0.08662587 -0.01900434 0.04382169 0.08662587 -0.01900434 0.03156203 0.0619179 -0.01900434 0.03156203 0.0619179 -0.02554285 0.02777725 0.05066418 -0.02554285 0.03017884 0.04863977 -0.02559316 0.03011602 0.04856431 -0.02559316 0.03011602 0.04856431 -0.02559316 0.03180092 0.04692971 -0.02559316 0.03180092 0.04692971 -0.02559316 0.03236675 0.04638904 -0.02559316 0.03236675 0.04638904 -0.02568119 0.036403 0.04157316 -0.02568119 0.036403 0.04157316 -0.02568119 0.02883344 0.03293484 -0.02568119 0.02883344 0.03293484 -0.02926474 0.02589112 0.03332465 -0.02926474 0.02589112 0.03332465 -0.02926474 0.02350205 0.03627949 -0.02926474 0.02350205 0.03627949 -0.02936536 0.02317512 0.03655612 -0.02944082 0.0200442 0.03937274 -0.02944082 0.01663666 0.04183721 -0.02947854 0.01287704 0.04371076 -0.02947854 0.008953928 0.04516935 -0.02950364 0.004854798 0.04596149 -0.02950364 0.004854798 0.04596149 -0.02950364 6.92837e-4 0.04633873 -0.02950364 6.92837e-4 0.04633873 -0.02950364 7.93435e-4 0.03477066 -0.02950364 7.93435e-4 0.03477066 -0.02951622 7.93435e-4 0.03467005 -0.02954137 7.80858e-4 0.03456944 -0.02954137 -0.001570463 0.03451913 -0.02954137 -0.003896653 0.03419226 -0.02959167 -0.0038715 0.03410422 -0.03091198 -0.003506839 0.03230613 -0.03091198 -0.005556404 0.03175288 -0.03096222 -0.007480263 0.03088527 -0.03098738 -0.00926572 0.02977877 -0.03098738 -0.01096326 0.02855908 -0.03098738 -0.01250982 0.02713823 -0.03098738 -0.01386785 0.0255413 -0.03098738 -0.01502466 0.02379351 -0.03098738 -0.01595515 0.02192002 -0.03098738 -0.01665925 0.01994585 -0.03098738 -0.01711195 0.01790887 -0.03098738 -0.01732569 0.01582163 -0.03098738 -0.01728796 0.01373434 -0.03098738 -0.01698619 0.01165962 -0.03098738 -0.01644551 0.00963521 -0.03098738 -0.01566594 0.007686197 -0.03098738 -0.01466 0.005850434 -0.03096222 -0.01473546 0.005800127 -0.03091198 -0.01481086 0.005749821 -0.02959167 -0.0149995 0.00287038 -0.02954137 -0.01347804 0.001084864 -0.02951622 -0.01174283 -5.12004e-4 -0.02950364 -0.009831607 -0.001907706 -0.02950364 -0.009831607 -0.001907706 -0.02950364 -0.01090037 -0.01414221 -0.02950364 -0.01090037 -0.01414221 -0.02947854 -0.0109381 -0.01425534 -0.02944082 -0.01097583 -0.01436853 -0.02936536 -0.0110135 -0.01445657 -0.02936536 -0.00697726 -0.01566368 -0.02926474 -0.006989836 -0.01573908 -0.02926474 -0.006574928 -0.01580196 -0.02926474 -0.006574928 -0.01580196 -0.02568119 -0.001017212 -0.01874428 -0.02568119 -0.001017212 -0.01874428 -0.02568119 0.005056023 -0.0183922 -0.02568119 0.005056023 -0.0183922 -0.02568119 0.01390808 -0.02767181 -0.02568119 0.01390808 -0.02767181 -0.02559316 0.007809698 -0.02919328 -0.02559316 0.007809698 -0.02919328 -0.02559316 0.007042706 -0.02930647 -0.02559316 0.007042706 -0.02930647 -0.02559316 0.004703938 -0.0296334 -0.02559316 0.004703938 -0.0296334 -0.02559316 0.001572966 -0.02984714 -0.02559316 0.001572966 -0.02984714 -0.02559316 1.2666e-6 -0.02984714 -0.02559316 1.2666e-6 -0.02984714 -0.02559316 -0.001570463 -0.02984714 -0.02559316 -0.001570463 -0.02984714 -0.02559316 -0.004701375 -0.0296334 -0.02559316 -0.004701375 -0.0296334 -0.02559316 -0.007040143 -0.02930647 -0.02559316 -0.007040143 -0.02930647 -0.02559316 -0.007819712 -0.02919328 -0.02559316 -0.007819712 -0.02919328 -0.02559316 -0.0108878 -0.02853941 -0.02559316 -0.0108878 -0.02853941 -0.02559316 -0.01390558 -0.02767181 -0.02559316 -0.01390558 -0.02767181 -0.02559316 -0.01686042 -0.02660304 -0.02559316 -0.01686042 -0.02660304 -0.02554285 -0.01977759 -0.02542108 -0.01900434 -0.0211482 -0.03720295 -0.01900434 -0.0211482 -0.03720295 -0.01900434 -0.03807282 -0.05959725 -0.01900434 -0.03807282 -0.05959725 -0.01880317 -0.04483759 -0.05803805 -0.01880317 -0.05043303 -0.054291 -0.01880317 -0.0557267 -0.05012899 -0.01880317 -0.06068086 -0.04555207 -0.01823735 -0.0666787 -0.0418176 -0.01823735 -0.07094126 -0.03641074 -0.01731944 -0.07623493 -0.03159493 -0.01731944 -0.07966762 -0.02547138 -0.01607459 -0.08172976 -0.02461636 -0.01607459 -0.08172976 -0.02461636 -0.006933331 -0.08996576 -0.02862745 -0.006933331 -0.08996576 -0.02862745 -0.006933331 -0.09263145 -0.0227428 -0.006933331 -0.09263145 -0.0227428 -0.006933331 -0.09407746 -0.01880717 -0.006933331 -0.09407746 -0.01880717 -0.006933331 -0.09517139 -0.01580196 -0.006933331 -0.0971958 -0.008685111 -0.006933331 -0.09720838 -0.008622229 -0.006933331 -0.09720838 -0.008622229 -0.006933331 -0.09869211 -0.001442432 -0.006933331 -0.09869211 -0.001442432 -0.005411863 -0.0999118 -0.001643657 -0.005411863 -0.10088 0.005774974 -0.005411863 -0.1012949 0.01325649 -0.005411863 -0.1011566 0.02073806 -0.005411863 -0.1004651 0.02819442 -0.005411863 -0.09923279 0.03557538 -0.005411863 -0.09744727 0.04285573 -0.005411863 -0.09513366 0.04997259 -0.005411863 -0.09230452 0.05690091 -0.005411863 -0.08895981 0.06360286 -0.005411863 -0.0851373 0.07004076 -0.005411863 -0.08084958 0.07617688 -0.005411863 -0.07612174 0.08198606 -0.006933331 -0.07519131 0.08116877 -0.006933331 -0.07009881 0.08653783 -0.01607459 -0.0616365 0.08188545 -0.01607459 -0.0616365 0.08188545 -0.01607459 -0.05905884 0.08426195 -0.01607459 -0.05905884 0.08426195 -0.01607459 -0.05420523 0.08808445 -0.01607459 -0.05420523 0.08808445 -0.01607459 -0.05345082 0.08868801 -0.01607459 -0.04751586 0.0926488 -0.01607459 -0.04613274 0.09341585 -0.01607459 -0.04613274 0.09341585 -0.01607459 -0.04127919 0.09614437 -0.01607459 -0.04127919 0.09614437 -0.01731944 -0.03421258 0.09772872 -0.01823735 -0.03355872 0.0961318 -0.01823735 -0.02709567 0.09852087 -0.01880317 -0.02651727 0.09673535 -0.01880317 -0.02002912 0.0985586 -0.01900434 -0.01957643 0.09665995 -0.01900434 -0.01957643 0.09665995 -0.01900434 -0.01311337 0.09795504 -0.01900434 -0.01311337 0.09795504 -0.01900434 -0.006574928 0.09872204 -0.01900434 -0.006574928 0.09872204 -0.01900434 1.2666e-6 0.09898614 -0.01900434 1.2666e-6 0.09898614 -0.01900434 0.006577432 0.09872204 -0.01900434 0.006577432 0.09872204 -0.01900434 0.01311594 0.09795504 -0.01900434 0.01311594 0.09795504 -0.01900434 0.01957899 0.09665995 -0.01900434 0.01957899 0.09665995 -0.01900434 0.02591627 0.09487444 -0.01900434 0.02591627 0.09487444 -0.01900434 0.03209012 0.09259849 -0.01900434 0.03209012 0.09259849 -0.01900434 0.02474689 0.06585359 -0.01900434 0.02474689 0.06585359 -0.02554285 0.02255898 0.05418491 -0.02554285 0.02522468 0.05252516 -0.02559316 0.02516186 0.05242455 -0.02559316 0.02516186 0.05242455 -0.02559316 0.02643179 0.05150663 -0.02559316 0.02643179 0.05150663 -0.02559316 0.02770179 0.05058872 -0.02559316 0.02770179 0.05058872 -0.02568119 0.03182607 0.04694229 -0.02568119 0.03182607 0.04694229 -0.02568119 0.02518695 0.03780096 -0.02568119 0.02518695 0.03780096 -0.02926474 0.023238 0.03660643 -0.02926474 0.02015739 0.03951102 -0.02936536 0.02010709 0.03946071 -0.02936536 0.01668697 0.04191267 -0.02944082 0.01292735 0.04381138 -0.02944082 0.008991658 0.04528248 -0.02947854 0.004867374 0.04608726 -0.02947854 6.92837e-4 0.04646444 -0.02950364 -0.003469109 0.04615008 -0.02950364 -0.003469109 0.04615008 -0.02950364 -0.001583039 0.03472036 -0.02950364 -0.001583039 0.03472036 -0.02951622 -0.001570463 0.03461974 -0.02951622 -0.00390923 0.03428024 -0.02951622 -0.00619769 0.03367668 -0.02954137 -0.006159961 0.03357613 -0.02959167 -0.006134808 0.03350067 -0.02959167 -0.008297562 0.03262048 -0.03091198 -0.007517933 0.03096073 -0.03096222 -0.009316027 0.02986675 -0.03096222 -0.01102608 0.02863454 -0.03096222 -0.0125727 0.02720111 -0.03096222 -0.01394325 0.02560418 -0.03096222 -0.01510006 0.02384382 -0.03096222 -0.01604312 0.02195775 -0.03096222 -0.01674729 0.01997101 -0.03096222 -0.01721251 0.01792144 -0.03096222 -0.01742631 0.01582163 -0.03096222 -0.01738858 0.01372176 -0.03096222 -0.0170868 0.01163446 -0.03096222 -0.01654613 0.00959748 -0.03096222 -0.01575392 0.007648527 -0.03091198 -0.01584196 0.007610797 -0.02959167 -0.01637005 0.004769027 -0.02954137 -0.01507496 0.002820074 -0.02951622 -0.0135535 0.001021981 -0.02950364 -0.01180571 -5.87448e-4 -0.02950364 -0.01180571 -5.87448e-4 -0.02950364 -0.01469773 -0.01241958 -0.02950364 -0.01469773 -0.01241958 -0.02947854 -0.01476061 -0.01253271 -0.02944082 -0.01481086 -0.01263332 -0.02936536 -0.01486116 -0.01272135 -0.02926474 -0.01198172 -0.01411706 -0.02926474 -0.01198172 -0.01411706 -0.02926474 -0.01103866 -0.01453197 -0.02568119 -0.007040143 -0.01802754 -0.02568119 -0.007040143 -0.01802754 -0.02568119 1.2666e-6 -0.02987229 -0.02568119 0.007042706 -0.02931904 -0.02568119 0.007042706 -0.02931904 -0.02568119 1.2666e-6 -0.02987229 -0.02568119 -0.007040143 -0.02931904 -0.02568119 -0.007040143 -0.02931904 -0.02568119 -0.01390558 -0.02767181 -0.02568119 -0.01390558 -0.02767181 -0.02559316 -0.01972734 -0.02532047 -0.02559316 -0.01972734 -0.02532047 -0.02559316 -0.02041888 -0.02495586 -0.02559316 -0.02041888 -0.02495586 -0.02554285 -0.02255648 -0.02393734 -0.02554285 -0.02522218 -0.02227759 -0.01900434 -0.02821475 -0.03375768 -0.01900434 -0.02821475 -0.03375768 -0.01900434 -0.04381912 -0.0563783 -0.01900434 -0.04381912 -0.0563783 -0.01900434 -0.0492888 -0.05271929 -0.01900434 -0.0492888 -0.05271929 -0.01900434 -0.05445671 -0.04864531 -0.01900434 -0.05445671 -0.04864531 -0.01900434 -0.05929774 -0.04416894 -0.01900434 -0.05929774 -0.04416894 -0.01880317 -0.06524527 -0.04061049 -0.01880317 -0.0694198 -0.03531682 -0.01823735 -0.07476377 -0.03068959 -0.01823735 -0.07813364 -0.02467924 -0.01731944 -0.08260995 -0.01909637 -0.01607459 -0.08400565 -0.01967477 -0.01607459 -0.08400565 -0.01967477 -0.01607459 -0.08547681 -0.01570135 -0.01607459 -0.08547681 -0.01570135 -0.01607459 -0.08648276 -0.01297283 -0.01607459 -0.08648276 -0.01297283 -0.01607459 -0.08831858 -0.006446897 -0.01607459 -0.08831858 -0.006446897 -0.01607459 -0.08841913 -0.006107389 -0.01607459 -0.08981484 8.9629e-4 -0.01607459 -0.09006637 0.003058969 -0.01607459 -0.09006637 0.003058969 -0.006933331 -0.09911966 0.001851856 -0.006933331 -0.09911966 0.001851856 -0.006933331 -0.09964776 0.005888164 -0.006933331 -0.09964776 0.005888164 -0.006933331 -0.1000124 0.01246434 -0.006933331 -0.1000124 0.01246434 -0.006933331 -0.1000501 0.01326906 -0.006933331 -0.0999118 0.0206626 -0.006933331 -0.09969806 0.02310198 -0.006933331 -0.09969806 0.02310198 -0.006933331 -0.09923279 0.02803099 -0.006933331 -0.09923279 0.02803099 -0.006933331 -0.09828972 0.03365153 -0.006933331 -0.09828972 0.03365153 -0.006933331 -0.0980131 0.03532391 -0.006933331 -0.09625273 0.04250365 -0.006933331 -0.09576237 0.04399996 -0.006933331 -0.09576237 0.04399996 -0.006933331 -0.09396427 0.0495451 -0.006933331 -0.09396427 0.0495451 -0.006933331 -0.09214103 0.0540089 -0.006933331 -0.09214103 0.0540089 -0.006933331 -0.09117287 0.05638533 -0.006933331 -0.08786588 0.06301188 -0.006933331 -0.0875138 0.06360286 -0.006933331 -0.0875138 0.06360286 -0.006933331 -0.08409368 0.06936174 -0.006933331 -0.08409368 0.06936174 -0.006933331 -0.08183038 0.07260584 -0.006933331 -0.08183038 0.07260584 -0.006933331 -0.07985627 0.07543498 -0.006933331 -0.07985627 0.07543498 -0.006933331 -0.07530444 0.08101785 -0.006933331 -0.07530444 0.08101785 -0.01607459 -0.06840133 0.07498234 -0.01607459 -0.06840133 0.07498234 -0.01607459 -0.0643022 0.07942098 -0.01607459 -0.0643022 0.07942098 -0.01731944 -0.05806547 0.08311772 -0.01731944 -0.05255806 0.08745574 -0.01731944 -0.04672372 0.09136629 -0.01731944 -0.0405876 0.0947864 -0.01823735 -0.03980803 0.09325236 -0.01880317 -0.038953 0.09158003 -0.01880317 -0.03284204 0.09439659 -0.01900434 -0.03208756 0.09259849 -0.01900434 -0.03208756 0.09259849 -0.01900434 -0.02591371 0.09487444 -0.01900434 -0.02591371 0.09487444 -0.01900434 -0.01365405 0.06988984 -0.01900434 -0.01365405 0.06988984 -0.01900434 -0.005895912 0.07126045 -0.01900434 -0.005895912 0.07126045 -0.01900434 1.2666e-6 0.07156223 -0.01900434 0.001975357 0.07153707 -0.01900434 0.001975357 0.07153707 -0.01900434 0.00979638 0.0707072 -0.01900434 0.00979638 0.0707072 -0.01900434 0.01744139 0.06880849 -0.01900434 0.01744139 0.06880849 -0.02554285 0.01393324 0.05801999 -0.02554285 0.01690071 0.05695116 -0.02554285 0.01978015 0.05566865 -0.02559316 0.02042144 0.05520337 -0.02559316 0.02042144 0.05520337 -0.02559316 0.02249616 0.05409687 -0.02559316 0.02249616 0.05409687 -0.02568119 0.02644437 0.05153179 -0.02568119 0.02644437 0.05153179 -0.02568119 0.0207358 0.04193782 -0.02568119 0.0207358 0.04193782 -0.02926474 0.01932752 0.04011458 -0.02926474 0.01932752 0.04011458 -0.02926474 0.01672464 0.04198813 -0.02926474 0.01672464 0.04198813 -0.02926474 0.01454937 0.04315751 -0.02926474 0.01454937 0.04315751 -0.02936536 0.01296502 0.04389935 -0.02936536 0.009016811 0.04537051 -0.02944082 0.004892528 0.04621297 -0.02944082 7.05414e-4 0.04657763 -0.02947854 -0.003481686 0.04627585 -0.02950364 -0.007580816 0.04540824 -0.02950364 -0.007580816 0.04540824 -0.02950364 -0.003934383 0.03438085 -0.02950364 -0.003934383 0.03438085 -0.02950364 -0.006222844 0.03377729 -0.02950364 -0.006222844 0.03377729 -0.02950364 -0.008423268 0.03288453 -0.02950364 -0.008423268 0.03288453 -0.02951622 -0.008385598 0.0327965 -0.02954137 -0.008347868 0.03270852 -0.02954137 -0.01039743 0.03157687 -0.02959167 -0.01034712 0.03148883 -0.03091198 -0.009366333 0.02994221 -0.03091198 -0.01108896 0.02869737 -0.03091198 -0.01264816 0.02726393 -0.03091198 -0.01401871 0.02565449 -0.03091198 -0.01517552 0.02389413 -0.03091198 -0.01613116 0.02199542 -0.03091198 -0.01683533 0.01999616 -0.03091198 -0.01730054 0.01793402 -0.03091198 -0.01751428 0.01583421 -0.03091198 -0.01747655 0.01370918 -0.03091198 -0.01717478 0.01162189 -0.03091198 -0.0166341 0.009572327 -0.02959167 -0.01750171 0.006818592 -0.02954137 -0.01644551 0.00471878 -0.02951622 -0.01515036 0.002757191 -0.02950364 -0.01361638 9.46581e-4 -0.02950364 -0.01361638 9.46581e-4 -0.02950364 -0.01824361 -0.01021909 -0.02950364 -0.01824361 -0.01021909 -0.02947854 -0.01830643 -0.0103197 -0.02944082 -0.01838189 -0.01042032 -0.02936536 -0.01844477 -0.01049572 -0.02926474 -0.0184825 -0.0105586 -0.02926474 -0.0184825 -0.0105586 -0.02926474 -0.01699876 -0.01148909 -0.02926474 -0.01699876 -0.01148909 -0.02926474 -0.01489889 -0.01279675 -0.02926474 -0.01489889 -0.01279675 -0.02568119 -0.01284933 -0.01622951 -0.02568119 -0.01284933 -0.01622951 -0.02568119 -0.02043145 -0.02496844 -0.02568119 -0.02043145 -0.02496844 -0.02559316 -0.02250617 -0.02384936 -0.02559316 -0.02250617 -0.02384936 -0.02559316 -0.02515929 -0.02217698 -0.02559316 -0.02515929 -0.02217698 -0.02559316 -0.02642929 -0.02125906 -0.02559316 -0.02642929 -0.02125906 -0.02554285 -0.02777469 -0.02041661 -0.02554285 -0.03018891 -0.0183922 -0.01900434 -0.03475326 -0.02935677 -0.01900434 -0.03475326 -0.02935677 -0.01900434 -0.04060018 -0.02408826 -0.01900434 -0.04060018 -0.02408826 -0.01900434 -0.06376153 -0.03934049 -0.01900434 -0.06376153 -0.03934049 -0.01900434 -0.06784808 -0.03417259 -0.01900434 -0.06784808 -0.03417259 -0.01880317 -0.0731669 -0.0297088 -0.01880317 -0.07646125 -0.02383679 -0.01823735 -0.08101308 -0.01842993 -0.01731944 -0.08503675 -0.01250755 -0.01731944 -0.08694797 -0.005755364 -0.01731944 -0.08831858 0.00113517 -0.01731944 -0.08913588 0.008113741 -0.01607459 -0.09064477 0.007987976 -0.01607459 -0.09064477 0.007987976 -0.01607459 -0.09083336 0.01270323 -0.01607459 -0.09083336 0.01270323 -0.01607459 -0.09093397 0.01513004 -0.01607459 -0.09093397 0.01513004 -0.01607459 -0.09064477 0.02225947 -0.01607459 -0.09064477 0.02225947 -0.01607459 -0.0906322 0.02237266 -0.01607459 -0.0906322 0.02237266 -0.01607459 -0.08981484 0.02935123 -0.01607459 -0.08981484 0.02935123 -0.01607459 -0.08928674 0.03195405 -0.01607459 -0.08928674 0.03195405 -0.01607459 -0.08841913 0.03635495 -0.01607459 -0.08841913 0.03635495 -0.01607459 -0.08699828 0.04135942 -0.01607459 -0.08699828 0.04135942 -0.01607459 -0.08648276 0.0432204 -0.01607459 -0.08400565 0.04992234 -0.01607459 -0.08375418 0.05047559 -0.01607459 -0.08375418 0.05047559 -0.01607459 -0.08101308 0.05641049 -0.01607459 -0.08101308 0.05641049 -0.01607459 -0.07947903 0.05915164 -0.01607459 -0.07947903 0.05915164 -0.01607459 -0.07753008 0.06263464 -0.01607459 -0.07753008 0.06263464 -0.01607459 -0.07437396 0.06736248 -0.01607459 -0.07437396 0.06736248 -0.01607459 -0.07356923 0.0685696 -0.01607459 -0.06914317 0.07417762 -0.01731944 -0.06798636 0.07319682 -0.01731944 -0.06322085 0.07835215 -0.01823735 -0.06200116 0.07711994 -0.01823735 -0.05694639 0.08179742 -0.01823735 -0.05153954 0.08606004 -0.01823735 -0.04581838 0.08988255 -0.01880317 -0.04483759 0.08828562 -0.01900434 -0.04381912 0.08662587 -0.01900434 -0.04381912 0.08662587 -0.01900434 -0.03807282 0.08984482 -0.01900434 -0.03807282 0.08984482 -0.01900434 -0.0211482 0.06745052 -0.01900434 -0.0211482 0.06745052 -0.02554285 -0.01394325 0.05801999 -0.02554285 -0.01091295 0.0588876 -0.02554285 -0.007832288 0.05954146 -0.02554285 -0.004713952 0.05998152 -0.02554285 -0.001570463 0.06020784 -0.01900434 1.2666e-6 0.07156223 -0.02554285 0.001572966 0.06020784 -0.02554285 0.004716515 0.05998152 -0.02554285 0.007834851 0.05954146 -0.02554285 0.01091545 0.0588876 -0.02559316 0.01089036 0.05878698 -0.02559316 0.01089036 0.05878698 -0.02559316 0.01390808 0.05791938 -0.02559316 0.01390808 0.05791938 -0.02559316 0.01686298 0.05685061 -0.02559316 0.01686298 0.05685061 -0.02559316 0.01972985 0.05556803 -0.02559316 0.01972985 0.05556803 -0.02568119 0.02043402 0.05521595 -0.02568119 0.02043402 0.05521595 -0.02568119 0.01560556 0.04520708 -0.02568119 0.01560556 0.04520708 -0.02926474 0.01300275 0.04397481 -0.02926474 0.01300275 0.04397481 -0.02926474 0.00931859 0.04534536 -0.02926474 0.00931859 0.04534536 -0.02926474 0.009041965 0.04545855 -0.02926474 0.004917681 0.04638904 -0.02936536 0.004905104 0.04631358 -0.02936536 7.05414e-4 0.04667824 -0.02944082 -0.003494262 0.04638904 -0.02947854 -0.007605969 0.04553401 -0.02950364 -0.01154166 0.04413825 -0.02950364 -0.01154166 0.04413825 -0.02950364 -0.01531386 0.04234021 -0.02950364 -0.01531386 0.04234021 -0.02950364 -0.01051056 0.0317403 -0.02950364 -0.01051056 0.0317403 -0.02951622 -0.01044768 0.03165227 -0.02951622 -0.01237154 0.03026914 -0.02954137 -0.01230865 0.03019368 -0.02959167 -0.01224577 0.0301308 -0.02959167 -0.0139684 0.02854651 -0.02959167 -0.01548987 0.02676099 -0.02959167 -0.01677244 0.02481204 -0.02959167 -0.01781606 0.02271217 -0.02959167 -0.01860821 0.02051168 -0.02959167 -0.01912379 0.0182358 -0.02959167 -0.01935011 0.01590961 -0.02959167 -0.01931238 0.01357084 -0.02959167 -0.01897287 0.01124465 -0.02959167 -0.01836931 0.008993923 -0.02954137 -0.01757717 0.006780922 -0.02951622 -0.01653355 0.004668474 -0.02950364 -0.01522582 0.002694368 -0.02950364 -0.01522582 0.002694368 -0.02950364 -0.02144998 -0.007565975 -0.02950364 -0.02144998 -0.007565975 -0.02947854 -0.02153795 -0.007654011 -0.02944082 -0.02162599 -0.007742047 -0.02936536 -0.02168887 -0.00780493 -0.02926474 -0.02175176 -0.007867753 -0.02926474 -0.0215128 -0.008056402 -0.02926474 -0.0215128 -0.008056402 -0.02568119 -0.01824361 -0.01343804 -0.02568119 -0.01824361 -0.01343804 -0.02568119 -0.02645438 -0.02128422 -0.02568119 -0.02645438 -0.02128422 -0.02559316 -0.02769923 -0.02034121 -0.02559316 -0.02769923 -0.02034121 -0.02559316 -0.03011345 -0.01831674 -0.02559316 -0.03011345 -0.01831674 -0.02559316 -0.03181093 -0.01668214 -0.02559316 -0.03181093 -0.01668214 -0.02554285 -0.03245222 -0.01621693 -0.02554285 -0.03455209 -0.01386559 -0.02554285 -0.03648847 -0.01138848 -0.02554285 -0.03824883 -0.008785665 -0.01900434 -0.04566752 -0.01805269 -0.01900434 -0.04566752 -0.01805269 -0.01900434 -0.07149451 -0.02869033 -0.01900434 -0.07149451 -0.02869033 -0.01900434 -0.07471346 -0.02294403 -0.01900434 -0.07471346 -0.02294403 -0.01880317 -0.07927787 -0.01771324 -0.01823735 -0.08338952 -0.01196688 -0.01823735 -0.08526307 -0.005340397 -0.01823735 -0.08660846 0.001411795 -0.01823735 -0.08741325 0.008239507 -0.01731944 -0.08941251 0.01513004 -0.01731944 -0.08913588 0.02213376 -0.01731944 -0.08831858 0.02911233 -0.01731944 -0.08694797 0.03600287 -0.01731944 -0.08503675 0.04275512 -0.01731944 -0.08260995 0.04934394 -0.01731944 -0.07966762 0.05571895 -0.01731944 -0.07623493 0.0618425 -0.01731944 -0.07233697 0.06767684 -0.01823735 -0.07094126 0.06665831 -0.01823735 -0.0666787 0.07206517 -0.01880317 -0.06524527 0.07085806 -0.01880317 -0.06068086 0.07579964 -0.01880317 -0.0557267 0.08037656 -0.01880317 -0.05043303 0.08453857 -0.01900434 -0.0492888 0.0829668 -0.01900434 -0.0492888 0.0829668 -0.01900434 -0.02821475 0.06400525 -0.01900434 -0.02821475 0.06400525 -0.02554285 -0.01977759 0.05566865 -0.02554285 -0.01689815 0.05695116 -0.02559316 -0.01686042 0.05685061 -0.02559316 -0.01686042 0.05685061 -0.02559316 -0.01390558 0.05791938 -0.02559316 -0.01390558 0.05791938 -0.02559316 -0.0108878 0.05878698 -0.02559316 -0.0108878 0.05878698 -0.02559316 -0.007819712 0.05944085 -0.02559316 -0.007819712 0.05944085 -0.02559316 -0.007040143 0.05955404 -0.02559316 -0.007040143 0.05955404 -0.02559316 -0.004701375 0.05988091 -0.02559316 -0.004701375 0.05988091 -0.02559316 -0.001570463 0.06009471 -0.02559316 -0.001570463 0.06009471 -0.02559316 1.2666e-6 0.06009471 -0.02559316 1.2666e-6 0.06009471 -0.02559316 0.001572966 0.06009471 -0.02559316 0.001572966 0.06009471 -0.02559316 0.004703938 0.05988091 -0.02559316 0.004703938 0.05988091 -0.02559316 0.007042706 0.05955404 -0.02559316 0.007042706 0.05955404 -0.02559316 0.007809698 0.05944085 -0.02559316 0.007809698 0.05944085 -0.02568119 0.01390808 0.05791938 -0.02568119 0.01390808 0.05791938 -0.02568119 0.009985029 0.04750812 -0.02568119 0.009985029 0.04750812 -0.02568119 0.004050076 0.04876554 -0.02568119 0.004050076 0.04876554 -0.02926474 0.00377345 0.04648959 -0.02926474 0.00377345 0.04648959 -0.02926474 7.05414e-4 0.04676622 -0.02926474 7.05414e-4 0.04676622 -0.02926474 -0.001884818 0.04665309 -0.02926474 -0.001884818 0.04665309 -0.02936536 -0.003506839 0.04648959 -0.02944082 -0.007631123 0.04564714 -0.02947854 -0.01159197 0.04425144 -0.02947854 -0.01537674 0.04244077 -0.02950364 -0.01879686 0.04005169 -0.02950364 -0.01879686 0.04005169 -0.02950364 -0.01243442 0.03035718 -0.02950364 -0.01243442 0.03035718 -0.02950364 -0.0141822 0.02874767 -0.02950364 -0.0141822 0.02874767 -0.02951622 -0.01410675 0.02867221 -0.02954137 -0.01403129 0.02860939 -0.02954137 -0.01555275 0.0268113 -0.02954137 -0.01684784 0.02484977 -0.02954137 -0.0179041 0.0227499 -0.02954137 -0.01869624 0.02053683 -0.02954137 -0.01921176 0.01824837 -0.02954137 -0.01943814 0.01590961 -0.02954137 -0.01940041 0.01355826 -0.02954137 -0.0190609 0.01123207 -0.02954137 -0.01845735 0.008956193 -0.02951622 -0.0176652 0.006743192 -0.02950364 -0.01662153 0.004618167 -0.02950364 -0.01662153 0.004618167 -0.02950364 -0.02429169 -0.004497945 -0.02950364 -0.02429169 -0.004497945 -0.02947854 -0.02437973 -0.004573404 -0.02944082 -0.02448028 -0.004648804 -0.02936536 -0.02455574 -0.004711687 -0.02926474 -0.02527248 -0.003831505 -0.02926474 -0.02527248 -0.003831505 -0.02926474 -0.02461862 -0.004761993 -0.02568119 -0.02304685 -0.009716153 -0.02568119 -0.02304685 -0.009716153 -0.02568119 -0.03182351 -0.01669472 -0.02568119 -0.03182351 -0.01669472 -0.02559316 -0.03236418 -0.01614147 -0.02559316 -0.03236418 -0.01614147 -0.02559316 -0.03447663 -0.0138027 -0.02559316 -0.03447663 -0.0138027 -0.02559316 -0.03640043 -0.01132559 -0.02559316 -0.03640043 -0.01132559 -0.02559316 -0.0381608 -0.008722782 -0.02559316 -0.0381608 -0.008722782 -0.02554285 -0.03983318 -0.006057143 -0.01900434 -0.04982948 -0.0113759 -0.01900434 -0.04982948 -0.0113759 -0.01900434 -0.07747977 -0.01697134 -0.01900434 -0.07747977 -0.01697134 -0.01880317 -0.08160406 -0.01138848 -0.01880317 -0.08343982 -0.004912853 -0.01880317 -0.08474755 0.001700997 -0.01880317 -0.08553969 0.008390367 -0.01823735 -0.08768987 0.01513004 -0.01823735 -0.08741325 0.022008 -0.01823735 -0.08660846 0.02883571 -0.01823735 -0.08526307 0.03558796 -0.01823735 -0.08338952 0.04221445 -0.01823735 -0.08101308 0.0486775 -0.01823735 -0.07813364 0.05492675 -0.01823735 -0.07476377 0.06093716 -0.01880317 -0.0731669 0.05995637 -0.01880317 -0.0694198 0.06556439 -0.01900434 -0.06784808 0.06442016 -0.01900434 -0.06784808 0.06442016 -0.01900434 -0.06376153 0.06958806 -0.01900434 -0.06376153 0.06958806 -0.01900434 -0.05929774 0.07441651 -0.01900434 -0.05929774 0.07441651 -0.01900434 -0.05445671 0.07889282 -0.01900434 -0.05445671 0.07889282 -0.01900434 -0.03475326 0.05960428 -0.01900434 -0.03475326 0.05960428 -0.02554285 -0.02522218 0.05252516 -0.02554285 -0.02255648 0.05418491 -0.02559316 -0.02250617 0.05409687 -0.02559316 -0.02250617 0.05409687 -0.02559316 -0.02041888 0.05520337 -0.02559316 -0.02041888 0.05520337 -0.02559316 -0.01972734 0.05556803 -0.02559316 -0.01972734 0.05556803 -0.02568119 -0.01390558 0.05791938 -0.02568119 -0.01390558 0.05791938 -0.02568119 1.2666e-6 0.06011986 -0.02568119 0.007042706 0.05956655 -0.02568119 0.007042706 0.05956655 -0.02568119 1.2666e-6 0.06011986 -0.02568119 -0.007040143 0.05956655 -0.02568119 -0.007040143 0.05956655 -0.02568119 -0.0020231 0.04895412 -0.02568119 -0.0020231 0.04895412 -0.02926474 -0.003519415 0.04657763 -0.02926474 -0.003519415 0.04657763 -0.02926474 -0.007505416 0.04586088 -0.02926474 -0.007505416 0.04586088 -0.02936536 -0.007656276 0.04574775 -0.02944082 -0.01162964 0.04436463 -0.02944082 -0.01542699 0.04254138 -0.02947854 -0.01887232 0.04015231 -0.02950364 -0.02195292 0.03732317 -0.02950364 -0.02195292 0.03732317 -0.02950364 -0.02471917 0.03420484 -0.02950364 -0.02471917 0.03420484 -0.02950364 -0.01571619 0.026937 -0.02950364 -0.01571619 0.026937 -0.02951622 -0.01564079 0.02687418 -0.02951622 -0.01693588 0.02490001 -0.02951622 -0.01799213 0.02278763 -0.02951622 -0.01878428 0.02056199 -0.02951622 -0.0192998 0.01826095 -0.02951622 -0.0195387 0.01590961 -0.02951622 -0.01948839 0.01354569 -0.02951622 -0.01916152 0.01120692 -0.02951622 -0.01854538 0.00893104 -0.02950364 -0.01776576 0.006692886 -0.02950364 -0.01776576 0.006692886 -0.02950364 -0.02668076 -0.001090407 -0.02950364 -0.02668076 -0.001090407 -0.02947854 -0.02679389 -0.00115323 -0.02944082 -0.0268945 -0.001216113 -0.02936536 -0.02698254 -0.001266419 -0.02926474 -0.0282399 9.9688e-4 -0.02926474 -0.0282399 9.9688e-4 -0.02926474 -0.02704536 -0.001304149 -0.02926474 -0.02704536 -0.001304149 -0.02568119 -0.02712082 -0.005202054 -0.02568119 -0.02712082 -0.005202054 -0.02568119 -0.03640043 -0.01132559 -0.02568119 -0.03640043 -0.01132559 -0.02559316 -0.03973257 -0.006006836 -0.02559316 -0.03973257 -0.006006836 -0.02559316 -0.04007208 -0.005302667 -0.02559316 -0.04007208 -0.005302667 -0.02554285 -0.04120373 -0.003227949 -0.02554285 -0.04238569 -2.98247e-4 -0.01900434 -0.05303585 -0.00418359 -0.01900434 -0.05303585 -0.00418359 -0.01900434 -0.07975566 -0.01078492 -0.01900434 -0.07975566 -0.01078492 -0.01900434 -0.08154118 -0.004447638 -0.01900434 -0.08154118 -0.004447638 -0.01900434 -0.08282369 0.002002775 -0.01900434 -0.08282369 0.002002775 -0.01900434 -0.08360332 0.008541285 -0.01900434 -0.08360332 0.008541285 -0.01880317 -0.08580374 0.01513004 -0.01880317 -0.08553969 0.02185714 -0.01880317 -0.08474755 0.02854651 -0.01880317 -0.08343982 0.03516042 -0.01880317 -0.08160406 0.04163604 -0.01880317 -0.07927787 0.04796075 -0.01880317 -0.07646125 0.0540843 -0.01900434 -0.07471346 0.05319154 -0.01900434 -0.07471346 0.05319154 -0.01900434 -0.07149451 0.0589379 -0.01900434 -0.07149451 0.0589379 -0.01900434 -0.04566752 0.04830026 -0.01900434 -0.04566752 0.04830026 -0.01900434 -0.04060018 0.05433577 -0.01900434 -0.04060018 0.05433577 -0.02554285 -0.03018891 0.04863977 -0.02554285 -0.02777469 0.05066418 -0.02559316 -0.02769923 0.05058872 -0.02559316 -0.02769923 0.05058872 -0.02559316 -0.02642929 0.05150663 -0.02559316 -0.02642929 0.05150663 -0.02559316 -0.02515929 0.05242455 -0.02559316 -0.02515929 0.05242455 -0.02568119 -0.02043145 0.05521595 -0.02568119 -0.02043145 0.05521595 -0.02568119 -0.008033514 0.04804879 -0.02568119 -0.008033514 0.04804879 -0.02926474 -0.007681429 0.04582321 -0.02926474 -0.0117051 0.04452806 -0.02936536 -0.01166737 0.0444526 -0.02936536 -0.01547729 0.04264199 -0.02944082 -0.01894772 0.04024034 -0.02947854 -0.02204096 0.03741115 -0.02947854 -0.02481979 0.03428024 -0.02950364 -0.02704536 0.03073436 -0.02950364 -0.02704536 0.03073436 -0.02950364 -0.01702392 0.02495032 -0.02950364 -0.01702392 0.02495032 -0.02950364 -0.01809269 0.02282536 -0.02950364 -0.01809269 0.02282536 -0.02950364 -0.01888489 0.02059972 -0.02950364 -0.01888489 0.02059972 -0.02950364 -0.01940041 0.01827353 -0.02950364 -0.01940041 0.01827353 -0.02950364 -0.01963931 0.01590961 -0.02950364 -0.01963931 0.01590961 -0.02950364 -0.01960158 0.01354569 -0.02950364 -0.01960158 0.01354569 -0.02950364 -0.01926207 0.01119434 -0.02950364 -0.01926207 0.01119434 -0.02950364 -0.01864594 0.008893311 -0.02950364 -0.01864594 0.008893311 -0.02950364 -0.02860456 0.002618908 -0.02950364 -0.02860456 0.002618908 -0.02947854 -0.02871775 0.002568602 -0.02944082 -0.02883088 0.002518296 -0.02936536 -0.02891892 0.002480566 -0.02926474 -0.02899438 0.002442836 -0.02926474 -0.02899438 0.002442836 -0.02926474 -0.03036493 0.006252765 -0.02926474 -0.03036493 0.006252765 -0.02568119 -0.03031462 -3.41907e-5 -0.02568119 -0.03031462 -3.41907e-5 -0.02568119 -0.04009723 -0.005302667 -0.02568119 -0.04009723 -0.005302667 -0.02559316 -0.0411157 -0.003177642 -0.02559316 -0.0411157 -0.003177642 -0.02559316 -0.04228508 -2.73094e-4 -0.02559316 -0.04228508 -2.73094e-4 -0.02559316 -0.04277551 0.001223206 -0.02559316 -0.04277551 0.001223206 -0.02554285 -0.04336643 0.002694368 -0.02554285 -0.0441209 0.005749821 -0.01900434 -0.05521118 0.003385901 -0.01900434 -0.05521118 0.003385901 -0.01900434 -0.05630511 0.01118177 -0.01900434 -0.05630511 0.01118177 -0.01900434 -0.08385479 0.01513004 -0.01900434 -0.08385479 0.01513004 -0.01900434 -0.08360332 0.02170622 -0.01900434 -0.08360332 0.02170622 -0.01900434 -0.08282369 0.02824473 -0.01900434 -0.08282369 0.02824473 -0.01900434 -0.08154118 0.0346952 -0.01900434 -0.08154118 0.0346952 -0.01900434 -0.07975566 0.04103249 -0.01900434 -0.07975566 0.04103249 -0.01900434 -0.07747977 0.04721891 -0.01900434 -0.07747977 0.04721891 -0.01900434 -0.04982948 0.04162347 -0.01900434 -0.04982948 0.04162347 -0.02554285 -0.03648847 0.04163604 -0.02554285 -0.03455209 0.04411309 -0.02554285 -0.03245222 0.04646444 -0.02559316 -0.03181093 0.04692971 -0.02559316 -0.03181093 0.04692971 -0.02559316 -0.03011345 0.04856431 -0.02559316 -0.03011345 0.04856431 -0.02568119 -0.02645438 0.05153179 -0.02568119 -0.02645438 0.05153179 -0.02568119 -0.01377981 0.04608726 -0.02568119 -0.01377981 0.04608726 -0.02926474 -0.01284933 0.04397481 -0.02926474 -0.01284933 0.04397481 -0.02926474 -0.01551502 0.04270482 -0.02926474 -0.01551502 0.04270482 -0.02926474 -0.01779091 0.04122108 -0.02926474 -0.01779091 0.04122108 -0.02936536 -0.0190106 0.04032832 -0.02944082 -0.02212893 0.03749918 -0.02944082 -0.02490782 0.03434312 -0.02947854 -0.02714598 0.03079724 -0.02950364 -0.02888119 0.02698731 -0.02950364 -0.02888119 0.02698731 -0.02950364 -0.03020149 0.0230391 -0.02950364 -0.03020149 0.0230391 -0.02950364 -0.03099364 0.01893997 -0.02950364 -0.03099364 0.01893997 -0.02950364 -0.03121995 0.01477795 -0.02950364 -0.03121995 0.01477795 -0.02950364 -0.03089302 0.01061594 -0.02950364 -0.03089302 0.01061594 -0.02950364 -0.03002542 0.006541967 -0.02950364 -0.03002542 0.006541967 -0.02947854 -0.03013861 0.006504297 -0.02944082 -0.03025174 0.006479144 -0.02936536 -0.03035235 0.006441414 -0.02926474 -0.03042781 0.006428837 -0.02926474 -0.03132057 0.01055312 -0.02568119 -0.03252768 0.005624115 -0.02568119 -0.03252768 0.005624115 -0.02568119 -0.0428006 0.001223206 -0.02568119 -0.0428006 0.001223206 -0.02559316 -0.0432533 0.002719461 -0.02559316 -0.0432533 0.002719461 -0.02559316 -0.04402029 0.005762398 -0.02559316 -0.04402029 0.005762398 -0.02559316 -0.04442268 0.008088588 -0.02559316 -0.04442268 0.008088588 -0.02554285 -0.04467415 0.008843004 -0.02554285 -0.04500108 0.01197397 -0.02554285 -0.0451017 0.01513004 -0.02554285 -0.0451017 0.01513004 -0.02554285 -0.04500108 0.01827353 -0.01900434 -0.05630511 0.01906567 -0.01900434 -0.05630511 0.01906567 -0.01900434 -0.05521118 0.0268616 -0.01900434 -0.05521118 0.0268616 -0.01900434 -0.05303585 0.03443115 -0.01900434 -0.05303585 0.03443115 -0.02554285 -0.03983318 0.03630465 -0.02554285 -0.03824883 0.03903323 -0.02559316 -0.0381608 0.03897035 -0.02559316 -0.0381608 0.03897035 -0.02559316 -0.03640043 0.04157316 -0.02559316 -0.03640043 0.04157316 -0.02559316 -0.03447663 0.04405027 -0.02559316 -0.03447663 0.04405027 -0.02559316 -0.03236418 0.04638904 -0.02559316 -0.03236418 0.04638904 -0.02568119 -0.03182351 0.04694229 -0.02568119 -0.03182351 0.04694229 -0.02568119 -0.01908606 0.04311978 -0.02568119 -0.01908606 0.04311978 -0.02926474 -0.0190609 0.0403912 -0.02926474 -0.0190609 0.0403912 -0.02926474 -0.02220439 0.03766268 -0.02926474 -0.02220439 0.03766268 -0.02936536 -0.02219182 0.03757464 -0.02936536 -0.0249958 0.034406 -0.02944082 -0.02724659 0.03086012 -0.02947854 -0.02899438 0.02703762 -0.02947854 -0.0303272 0.02306425 -0.02947854 -0.03110682 0.01895254 -0.02947854 -0.03134572 0.01477795 -0.02947854 -0.03101879 0.01060336 -0.02944082 -0.03113192 0.01057827 -0.02936536 -0.03123253 0.01056569 -0.02926474 -0.03140854 0.01182305 -0.02926474 -0.03140854 0.01182305 -0.02926474 -0.0316475 0.01476538 -0.02926474 -0.0316475 0.01476538 -0.02568119 -0.03369706 0.01158416 -0.02568119 -0.03369706 0.01158416 -0.02568119 -0.04444783 0.008088588 -0.02568119 -0.04444783 0.008088588 -0.02559316 -0.04456096 0.008855581 -0.02559316 -0.04456096 0.008855581 -0.02559316 -0.0448879 0.01198655 -0.02559316 -0.0448879 0.01198655 -0.02559316 -0.04500108 0.01513004 -0.02559316 -0.04500108 0.01513004 -0.02559316 -0.0448879 0.01826095 -0.02559316 -0.0448879 0.01826095 -0.02554285 -0.04467415 0.02140444 -0.02554285 -0.0441209 0.02449768 -0.02554285 -0.04336643 0.02755314 -0.02554285 -0.04238569 0.03054577 -0.02554285 -0.04120373 0.03347551 -0.02559316 -0.0411157 0.03342521 -0.02559316 -0.0411157 0.03342521 -0.02559316 -0.04007208 0.03555023 -0.02559316 -0.04007208 0.03555023 -0.02559316 -0.03973257 0.03625434 -0.02559316 -0.03973257 0.03625434 -0.02568119 -0.03640043 0.04157316 -0.02568119 -0.03640043 0.04157316 -0.02568119 -0.02378875 0.03925955 -0.02568119 -0.02378875 0.03925955 -0.02926474 -0.0222547 0.03762495 -0.02926474 -0.02505868 0.03445631 -0.02926474 -0.02582573 0.0332995 -0.02926474 -0.02582573 0.0332995 -0.02936536 -0.02733457 0.03091043 -0.02944082 -0.02910751 0.02708792 -0.02944082 -0.03044039 0.02310198 -0.02944082 -0.03123253 0.01896512 -0.02944082 -0.03145885 0.01477795 -0.02936536 -0.03155946 0.01477795 -0.02926474 -0.03149658 0.01748138 -0.02926474 -0.03149658 0.01748138 -0.02568119 -0.03388565 0.01513004 -0.02568119 -0.03388565 0.01513004 -0.02568119 -0.04500108 0.01513004 -0.02568119 -0.04500108 0.01513004 -0.02559316 -0.04456096 0.02139186 -0.02559316 -0.04456096 0.02139186 -0.02559316 -0.04442268 0.02215892 -0.02559316 -0.04442268 0.02215892 -0.02559316 -0.04402029 0.02448511 -0.02559316 -0.04402029 0.02448511 -0.02559316 -0.0432533 0.02752798 -0.02559316 -0.0432533 0.02752798 -0.02559316 -0.04277551 0.0290243 -0.02559316 -0.04277551 0.0290243 -0.02559316 -0.04228508 0.03052061 -0.02559316 -0.04228508 0.03052061 -0.02568119 -0.04009723 0.03555023 -0.02568119 -0.04009723 0.03555023 -0.02568119 -0.0277118 0.03463232 -0.02568119 -0.0277118 0.03463232 -0.02926474 -0.02741003 0.03094816 -0.02926474 -0.02741003 0.03094816 -0.02926474 -0.02865487 0.02839559 -0.02926474 -0.02865487 0.02839559 -0.02936536 -0.02919554 0.02712565 -0.02936536 -0.03054094 0.02312713 -0.02936536 -0.03133314 0.0189777 -0.02926474 -0.03140854 0.01899027 -0.02926474 -0.03140854 0.01899027 -0.02568119 -0.03379762 0.01765739 -0.02568119 -0.03379762 0.01765739 -0.02568119 -0.04444783 0.02215892 -0.02568119 -0.04444783 0.02215892 -0.02568119 -0.0428006 0.0290243 -0.02568119 -0.0428006 0.0290243 -0.02568119 -0.03075474 0.02936381 -0.02568119 -0.03075474 0.02936381 -0.02926474 -0.029271 0.0271508 -0.02926474 -0.0306164 0.02313965 -0.02926474 -0.03062897 0.0230894 -0.02926474 -0.03062897 0.0230894 -0.02568119 -0.03280431 0.02365523 -0.02568119 -0.03280431 0.02365523</float_array>
          <technique_common>
            <accessor source="#Mesh_0_002-mesh-positions-array" count="4396" stride="3">
              <param name="X" type="float"/>
              <param name="Y" type="float"/>
              <param name="Z" type="float"/>
            </accessor>
          </technique_common>
        </source>
        <source id="Mesh_0_002-mesh-normals">
          <float_array id="Mesh_0_002-mesh-normals-array" count="12321">-1 0 0 -1 -2.05416e-6 0 -1 2.05275e-6 0 -1 -2.05372e-6 0 -1 2.05426e-6 0 -1 -1.02637e-6 0 0 0.8660485 -0.4999601 0 0.9659444 -0.2587498 0 0.8660465 -0.4999637 0 0.9658514 -0.259097 0 1 3.20022e-5 0 1 2.8572e-5 0 0.9659357 0.2587822 0 0.9659366 0.2587791 0 0.8660469 0.4999629 0 0.8660483 0.4999604 0 0.7057743 0.7084369 0 0.7057766 0.7084345 0 0.4999606 0.8660482 0 0.4999631 0.8660467 0 0.258749 0.9659446 0 0.258752 0.9659438 0 -3.22702e-5 1 0 -2.87048e-5 1 0 -0.2587831 0.9659355 0 -0.2587791 0.9659366 0 -0.4999626 0.866047 0 -0.4999591 0.8660491 0 -0.7057774 0.7084338 0 -0.7057746 0.7084366 0 -0.8660485 0.4999601 0 -0.8660465 0.4999637 0 -0.9659366 0.2587791 0 -0.9659357 0.2587828 0 -1 2.89153e-5 0 -1 3.23407e-5 0 -0.9659436 -0.2587527 -1.36357e-7 -0.9658523 -0.2590932 0 -0.8660469 -0.499963 0 -0.8660483 -0.4999603 7.20752e-7 -0.7084336 -0.7057775 0 -0.7084359 -0.7057752 0 -0.4999606 -0.8660482 0 -0.4999637 -0.8660464 0 -0.2587792 -0.9659366 0 -0.2587828 -0.9659357 0 -2.90385e-5 -1 0 -3.25907e-5 -1 0 0.2590971 -0.9658513 0 0.2587502 -0.9659443 0 0.4999635 -0.8660464 0 0.4999604 -0.8660482 0 0.7084367 -0.7057744 0 0.7084698 -0.7057412 0.7083956 0.6169912 -0.3427795 0.708398 0.6169943 -0.3427686 0.7074571 0.6295257 -0.3212506 0.7077558 0.6196964 -0.3392024 0.7075202 0.6432394 -0.2926743 0.7064902 0.6521329 -0.2749443 0.7064857 0.6521505 -0.274914 0.7086951 0.6512435 -0.2713545 0.7057995 0.6998623 -0.1097263 0.7083785 0.6933639 -0.1320848 0.7083748 0.6933728 -0.1320583 0.7059445 0.6939269 -0.1418018 0.7080736 0.6866398 -0.1647958 0.7088245 0.6778942 -0.1950057 0.7089468 0.6747472 -0.2052093 0.7089455 0.6747435 -0.2052254 0.706947 0.6725196 -0.2189599 0.7076216 0.6634024 -0.2432464 0.7076013 0.6634206 -0.2432563 0.709549 0.6488333 -0.274874 0.5543656 0.7580499 -0.3435686 0.5570004 0.7285002 -0.3987957 0.7083662 0.6170157 -0.342796 0.557252 0.6974977 -0.450519 0.7054553 0.5967223 -0.3824335 0.7054916 0.5966921 -0.3824137 0.706425 0.6045897 -0.368015 0.7086193 0.5761746 -0.4072856 0.7086191 0.5761788 -0.4072802 0.7063891 0.5737324 -0.4145428 0.707412 0.5646299 -0.4251604 0.7070208 0.5369414 -0.4602342 0.7073541 0.5305227 -0.4671143 0.7073572 0.5304948 -0.4671416 0.7073466 0.5305215 -0.4671272 0.7080581 0.4976821 -0.5009653 0.7080347 0.4943069 -0.5043289 0.7077433 0.4773398 -0.5208131 0.7077178 0.4774304 -0.5207646 0.7068208 0.4567855 -0.5401403 0.7070261 0.4602175 -0.5369487 0.7071027 0.4216147 -0.5676679 0.7071026 0.421609 -0.5676723 0.7067407 0.4180807 -0.5707242 0.7067694 0.4180637 -0.5707013 0.7094949 0.1515846 -0.6882144 0.7080477 0.1647996 -0.6866656 0.8313181 0.1292727 -0.5405541 0.7069538 0.2189597 -0.6725125 0.8311462 0.1740203 -0.5281221 0.7079505 0.2223987 -0.670332 0.8320309 0.2133494 -0.5120613 0.7078467 0.2678264 -0.6536223 0.7106127 0.2925969 -0.6398569 0.8313744 0.2534335 -0.4945588 0.7074481 0.3212545 -0.6295338 0.830838 0.2904422 -0.4747123 0.7108343 0.3570433 -0.605999 0.7069884 0.3715661 -0.6017526 0.8308485 0.3273155 -0.4500616 0.7097658 0.4178747 -0.5671097 0.8311516 0.3603139 -0.4235103 0.707027 0.4602315 -0.5369356 0.7106286 0.4770751 -0.5171135 0.8319958 0.3922894 -0.3922909 0.7080848 0.4976382 -0.5009712 0.7101167 0.5300841 -0.4634062 0.8311415 0.4235168 -0.3603297 0.8308678 0.4500362 -0.3273015 0.7082182 0.5791528 -0.4037438 0.8308113 0.4747442 -0.2904664 0.7064642 0.6045601 -0.3679884 0.8314005 0.4945121 -0.2534383 0.7114747 0.6135097 -0.3426508 0.707433 0.6295458 -0.3212643 0.7095831 0.6487979 -0.2748692 0.8320221 0.5120754 -0.2133499 0.8302549 0.5305477 -0.1708688 0.707929 0.6768387 -0.2018067 0.8313292 0.5405386 -0.1292667 0.7080394 0.6866743 -0.164799 0.8320398 0.5479975 -0.08607316 0.7101504 0.6921594 -0.1288484 0.7058188 0.6998438 -0.1097205 0.7074006 0.7044691 -0.05751329 0.8311956 0.5541747 -0.04476958 0.7060773 0.7060325 -0.05452615 0.7085094 0.7057014 -1.71736e-6 0.830778 0.5566039 -1.86176e-6 0.8320292 0.5480127 0.0860778 0.8311988 0.5541697 0.04477226 0.7060783 0.7060307 0.05453497 0.7097901 0.7041394 0.01964092 0.7069709 0.7069699 0.01963919 0.7057368 0.7084742 -3.74508e-6 0.7070376 0.7070379 0.01397007 0.707971 0.7051189 -0.03980505 0.7060651 0.7060438 -0.05453604 0.7073701 0.7044994 -0.05751764 0.7073726 0.7044971 -0.05751413 0.7071129 0.7012266 -0.09095489 0.7070729 0.7012666 -0.0909571 0.7113265 0.6903449 -0.1320552 0.5571338 0.8131179 -0.1686455 0.5538558 0.8013893 -0.2258739 0.7078943 0.6768699 -0.2018237 0.5554542 0.7809116 -0.2857409 0.3839873 0.8663049 -0.3194833 0.3832269 0.8418231 -0.3800938 0.1957145 0.8939647 -0.4031417 0.3844121 0.8104383 -0.4420601 0.3832806 0.7764056 -0.5002902 0.5554361 0.6632412 -0.5015994 0.7112001 0.5756021 -0.4035798 0.7074066 0.5646486 -0.4251443 0.7073214 0.5305454 -0.467138 0.5548334 0.6258845 -0.5481136 0.5554862 0.5827918 -0.593118 0.7106011 0.4770944 -0.5171335 0.5543593 0.5374522 -0.635477 0.7068195 0.4567865 -0.540141 0.7097367 0.4178925 -0.5671329 0.5545276 0.490633 -0.6721446 0.7069827 0.3715788 -0.6017514 0.7077868 0.3571801 -0.6094753 0.7077857 0.3571684 -0.6094835 0.7081226 0.3248503 -0.6269248 0.7074793 0.3212459 -0.6295031 0.7075422 0.2926592 -0.6432222 0.7075402 0.2926501 -0.6432285 0.707324 0.2784592 -0.6497334 0.7078385 0.2678455 -0.6536234 0.7068394 0.2293424 -0.6691638 0.7079348 0.2224085 -0.6703453 0.7079334 0.2223948 -0.6703513 0.7075074 0.1814981 -0.683002 0.706467 0.1516435 -0.6913095 0.7064778 0.151566 -0.6913154 0.7071707 0.1288564 -0.6952019 0.707023 0.1128943 -0.6981214 0.7070352 0.1128895 -0.6981098 0.8320314 0.08607703 -0.5480095 0.7094611 0.0756005 -0.7006779 0.8312031 0.04477083 -0.5541633 0.9240711 -0.02872592 -0.38114 0.8307342 -4.33182e-6 -0.5566692 0.923462 1.23232e-6 -0.38369 0.9240736 0.02872508 -0.3811335 0.9239118 0.0585817 -0.3780941 0.9241963 0.08943694 -0.3712984 0.9242236 0.1182748 -0.3630731 0.924159 0.144751 -0.3535215 0.9237864 0.1746161 -0.3407754 0.9242793 0.1984762 -0.3260599 0.9242802 0.2253626 -0.3080875 0.9242532 0.2460999 -0.2918745 0.9235963 0.2724924 -0.2696626 0.9243638 0.2890637 -0.2489855 0.9242614 0.3081326 -0.2253779 0.9242753 0.3260672 -0.1984825 0.923768 0.3408254 -0.1746166 0.9246904 0.3509373 -0.1476168 0.9242136 0.3630968 -0.1182792 0.9241988 0.3712925 -0.08943575 0.9239183 0.3780797 -0.05857282 0.9240742 0.3811324 -0.02872109 0.9234765 0.3836551 -3.50089e-6 0.9240677 0.3811476 0.02872812 0.9239177 0.3780813 0.05857336 0.9246926 0.3509318 0.1476166 0.9242182 0.3630855 0.118278 0.8320516 0.5120289 0.2133459 0.8302578 0.5305442 0.170865 0.9241809 0.3713351 0.08944278 0.8313363 0.5405294 0.1292597 0.7080494 0.6866626 0.1648043 0.7058031 0.6998588 0.1097257 0.7113015 0.6965672 0.09404516 0.7083673 0.6995483 0.09406411 0.706082 0.7060267 0.05453914 0.708384 0.7026883 0.06649243 0.70697 0.7069716 0.01961511 0.7097594 0.7041703 0.01964253 0.5545921 0.8319602 0.01642537 0.5541611 0.8311983 -0.044887 0.710213 0.701633 -0.05752241 0.5561736 0.8240528 -0.1077405 0.3830137 0.9159989 -0.1193587 0.3841106 0.9040039 -0.1877128 0.3817382 0.8888269 -0.2535012 0.1953855 0.9436967 -0.2669475 0.1965234 0.9200554 -0.3389346 7.86036e-6 0.9141314 -0.4054184 3.27081e-6 0.9113391 -0.4116569 4.73186e-5 0.8660921 -0.4998847 3.02121e-5 0.8785018 -0.4777391 0.1939069 0.8620087 -0.4683387 0.1941427 0.8249664 -0.530791 0.3841228 0.7354782 -0.5581411 0.3828375 0.693213 -0.6106482 0.3835425 0.6480519 -0.6579696 0.3823175 0.5967252 -0.7055158 0.3830929 0.5436525 -0.7467811 0.5558545 0.4393416 -0.7056944 0.7108039 0.3570536 -0.6060286 0.5545669 0.3839221 -0.7382814 0.7081159 0.3248385 -0.6269386 0.5547002 0.3289278 -0.7642737 0.7097764 0.2890788 -0.6423792 0.5555396 0.2714472 -0.785934 0.7079268 0.2224043 -0.6703552 0.5568904 0.2122854 -0.8029994 0.707529 0.1815109 -0.6829763 0.5550307 0.1522456 -0.8177788 0.7112772 0.1483147 -0.6870862 0.7078239 0.07864761 -0.7019971 0.706542 0.07561272 -0.70362 0.7065361 0.07560348 -0.703627 0.7074067 0.05747407 -0.7044661 0.7073897 0.05750572 -0.7044807 0.7071124 0.002775549 -0.7070958 0.709465 -0.07559835 -0.7006742 0.707404 -0.05750113 -0.7044667 0.8312091 -0.04477304 -0.5541542 0.9239202 -0.05856889 -0.3780756 0.8320139 -0.08608847 -0.5480343 0.9241987 -0.08943736 -0.3712922 0.9807136 -0.1027242 -0.1662786 0.9237799 -0.1746186 -0.340792 0.9808305 -0.09004437 -0.1728109 0.9241577 -0.144753 -0.3535239 0.980777 -0.07245832 -0.18118 0.9242225 -0.1182758 -0.3630752 0.9809681 -0.05996078 -0.1846795 0.9806521 -0.0456714 -0.190357 0.9806469 -0.03066271 -0.1933692 0.9809764 -0.01629638 -0.193442 0.9805953 5.01663e-5 -0.1960433 0.9809759 0.0162931 -0.1934447 0.9805849 0.03068768 -0.1936791 0.9806536 0.04566925 -0.1903496 0.9809633 0.05996918 -0.1847018 0.980777 0.07244515 -0.1811856 0.9808257 0.09001374 -0.1728538 0.9807004 0.102693 -0.1663758 0.9808365 0.1152104 -0.1571195 0.9807716 0.1278239 -0.147473 0.9808253 0.1378305 -0.137785 0.9807716 0.1474737 -0.1278233 0.9808526 0.1569915 -0.1152475 0.9807029 0.1663773 -0.1026663 0.9806276 0.1751652 -0.08767443 0.9810299 0.1788002 -0.07490664 0.9809682 0.184679 -0.05996072 0.9806482 0.1904479 -0.04537349 0.9806779 0.1932215 -0.03060179 0.9809874 0.1933839 -0.01632249 0.9807057 0.19549 4.03355e-5 0.9809867 0.193388 0.01631969 0.9806667 0.1932725 0.03063595 0.9806522 0.1904439 0.04530638 0.9809455 0.1847863 0.05999916 0.9810118 0.1788991 0.07490712 0.9237561 0.340854 0.174623 0.9806283 0.1752005 0.08759605 0.9242802 0.3260589 0.1984735 0.9807099 0.1663044 0.1027181 0.9242793 0.3080896 0.2253634 0.9808461 0.1570348 0.1152434 0.9243554 0.2890843 0.2489926 0.9807731 0.1474587 0.127829 0.9236007 0.2724888 0.2696509 0.980832 0.1377798 0.137787 0.9242487 0.2461134 0.2918778 0.9807747 0.1278326 0.1474442 0.9807773 0.07244157 0.1811859 0.9808247 0.09000223 0.1728659 0.9241513 0.1447657 0.3535355 0.9237797 0.174619 0.3407924 0.9806932 0.102689 0.1664207 0.9242702 0.1984935 0.326075 0.9808472 0.1152186 0.157046 0.9242725 0.2253682 0.3081066 0.8308225 0.327337 0.4500939 0.8311661 0.3602963 0.423497 0.8320081 0.3922768 0.3922774 0.8311607 0.423501 0.3603041 0.8308622 0.4500437 0.3273052 0.8308373 0.4747177 0.2904354 0.8314042 0.4945064 0.2534376 0.7087134 0.6512286 0.2713425 0.7097538 0.6624043 0.2397292 0.7069564 0.6725112 0.2189555 0.7091889 0.6846811 0.1681162 0.7061521 0.6878039 0.1681517 0.7063949 0.6875777 0.168057 0.7053217 0.6993186 0.1160811 0.7083724 0.6995429 0.09406518 0.7112648 0.6966043 0.09404784 0.7083978 0.702673 0.06650793 0.554363 0.8286912 0.0771529 0.3826043 0.9200711 0.08416235 0.3837558 0.9232569 0.01812028 0.3817957 0.9228744 -0.05034953 0.1948843 0.9792637 -0.05534416 0.195127 0.9725089 -0.1270908 0.1962739 0.9601579 -0.1989309 2.16663e-5 0.9795901 -0.2010057 3.80576e-5 0.9779026 -0.2090614 2.94447e-5 0.9619777 -0.2731283 8.46386e-6 0.9513593 -0.3080835 3.10913e-5 0.9389865 -0.343954 1.20527e-5 0.9389858 -0.3439562 -3.31027e-7 0.9141354 -0.4054091 -1.83177e-5 0.9259909 -0.3775458 -1.72588e-5 0.9141222 -0.4054387 -4.6316e-5 0.9113599 -0.4116104 -0.1951014 0.8778437 -0.437408 -2.91243e-5 0.9141275 -0.405427 -3.00631e-5 0.8949514 -0.4461639 -1.97599e-5 0.8949535 -0.4461595 2.37452e-5 0.8784948 -0.477752 -1.71608e-6 0.8661109 -0.4998521 4.22448e-6 0.8660898 -0.4998885 -4.06674e-5 0.8605666 -0.5093381 3.39691e-5 0.8410829 -0.5409065 1.78516e-5 0.8410912 -0.5408935 4.59701e-5 0.8090941 -0.5876793 0.1966952 0.7806776 -0.5931724 0.1946332 0.738367 -0.6457028 0.1949648 0.6873168 -0.699703 0.194384 0.6325081 -0.7497656 0.19606 0.5760738 -0.793536 0.3818531 0.4854952 -0.7864368 0.3825104 0.4271669 -0.8192767 0.3811796 0.3654764 -0.8491933 0.3843038 0.301983 -0.8724203 0.3816918 0.2366616 -0.8934779 0.3827575 0.1685502 -0.9083434 0.5569619 0.09234589 -0.8253882 0.7081099 0.07255148 -0.7023651 0.5544126 0.03073078 -0.8316745 0.7068752 0.0253486 -0.7068839 0.7068296 0.02538394 -0.7069283 0.7085544 0 -0.7056562 0.7084619 -2.57532e-7 -0.705749 0.7068906 -0.02533769 -0.706869 0.7073787 -0.05750358 -0.7044919 0.7065355 -0.07560342 -0.7036276 0.7065421 -0.07561266 -0.7036199 0.7077972 -0.07865685 -0.702023 0.7071587 -0.128855 -0.6952143 0.7070271 -0.1128886 -0.698118 0.7070441 -0.1128839 -0.6981017 0.7094935 -0.1515808 -0.6882167 0.8313349 -0.1292603 -0.5405313 0.8311442 -0.1740224 -0.5281245 0.8320417 -0.2133467 -0.5120449 0.8313975 -0.2534385 -0.4945173 0.9242707 -0.1984939 -0.3260737 0.9808589 -0.1152468 -0.1569525 1 -1.10865e-5 -2.34991e-5 1 -1.17272e-5 -2.49818e-5 1 -1.77324e-5 -2.72989e-5 1 -1.5758e-5 -3.4906e-5 1 -1.35973e-6 -1.54302e-5 1 -5.77048e-6 -3.5651e-5 1 3.48501e-6 -1.11461e-5 1 -6.49691e-6 -3.5353e-5 1 1.24983e-6 -2.98172e-5 1 4.69713e-6 -1.29491e-5 1 1.75158e-6 -3.3386e-5 1 1.37975e-5 -4.55752e-5 1 7.14324e-6 -2.62111e-5 1 6.23986e-6 -1.46255e-5 1 1.79634e-5 -3.37958e-5 1 7.81938e-6 1.01328e-6 1 2.58163e-5 -2.99513e-5 1 6.21378e-6 3.72529e-7 1 7.55861e-6 -8.37445e-6 1 1.03191e-5 -1.71363e-6 1 2.32682e-5 -1.91629e-5 1 7.79331e-6 1.51992e-6 1 1.23456e-5 -3.54648e-6 1 4.09782e-5 -1.94274e-5 1 8.87364e-6 4.4927e-6 1 2.37375e-5 -2.37301e-6 1 2.87741e-5 4.26546e-7 1 3.89367e-5 -2.76789e-6 1 2.68146e-5 1.017e-6 1 1.33589e-5 4.9544e-6 1 3.24398e-5 1.51759e-6 1 3.98159e-5 6.71297e-6 1 3.91454e-5 1.49645e-5 1 1.42604e-5 1.253e-5 1 2.1182e-5 1.21817e-5 1 3.36468e-5 1.87978e-5 1 3.60236e-5 2.85283e-5 1 1.98111e-5 1.54302e-5 1 8.13603e-6 1.30609e-5 1 4.57466e-6 1.20774e-5 1 1.11163e-5 2.31937e-5 1 1.22972e-5 2.52724e-5 1 1.82427e-5 2.76491e-5 1 0 1.44914e-5 1 1.63764e-5 3.72454e-5 1 6.4075e-6 3.5204e-5 0.980962 0.05997127 0.1847079 0.9242164 0.1182787 0.3630899 0.8311398 0.174023 0.5281313 0.8320513 0.2133464 0.5120292 0.8313893 0.2534373 0.4945318 0.8307855 0.2904908 0.4747744 0.7069992 0.3715625 0.6017421 0.7095084 0.3893775 0.5873526 0.706783 0.418056 0.57069 0.7093771 0.4495787 0.5428289 0.7070245 0.4602305 0.5369397 0.7080698 0.497649 0.5009818 0.7080304 0.5076287 0.4909237 0.7070256 0.5369383 0.4602307 0.7113334 0.5517467 0.4354083 0.706393 0.5737274 0.414543 0.7075215 0.5989001 0.3751428 0.7064517 0.6045674 0.3680005 0.7074322 0.6295487 0.3212602 0.7106372 0.6331136 0.3068582 0.7083215 0.6339416 0.3104816 0.7086744 0.6512681 0.2713493 0.7077302 0.653774 0.267764 0.7066846 0.6656585 0.2397825 0.7066811 0.6656678 0.2397671 0.7069411 0.6725264 0.218958 0.7069426 0.6725277 0.2189491 0.7061299 0.6878311 0.1681337 0.7061247 0.6878368 0.1681323 0.5562717 0.8069033 0.1986683 0.5563362 0.8197288 0.1361432 0.7052863 0.6993568 0.1160661 0.382102 0.9113929 0.1528433 0.1944379 0.9672212 0.1633314 0.1952848 0.9764727 0.09146112 0.1965296 0.9803193 0.01871633 1.6436e-5 0.9998394 0.01792854 1.68458e-5 1 -1.49125e-6 3.06368e-5 0.9984476 -0.05570006 3.08901e-5 0.9944238 -0.1054583 1.37761e-5 0.9915877 -0.1294369 -1.33691e-6 0.9915882 -0.1294337 -1.23811e-6 0.9795888 -0.201012 1.13063e-5 0.9863942 -0.1643971 4.52436e-6 0.977903 -0.2090591 1.28692e-6 0.9779011 -0.2090686 -2.54638e-5 0.9709753 -0.23918 1.26795e-5 0.9619774 -0.2731289 4.82285e-6 0.9513601 -0.3080814 4.59608e-7 0.9513594 -0.3080832 -1.61603e-5 0.9513592 -0.3080841 -3.92199e-5 0.9259926 -0.3775417 -0.1960191 0.9327676 -0.3025246 -0.1963973 0.9069725 -0.3725978 -0.3822681 0.8547187 -0.3511796 -0.3842733 0.8257569 -0.4128676 -0.195771 0.843527 -0.5001361 -1.62683e-5 0.8660967 -0.4998767 -3.59938e-5 0.8661007 -0.4998696 -2.51979e-5 0.8605528 -0.5093614 -4.15519e-5 0.8201267 -0.5721821 1.9665e-5 0.8201354 -0.5721696 2.9942e-7 0.809087 -0.5876889 -9.91626e-7 0.8090886 -0.5876868 9.57807e-6 0.7976942 -0.6030622 3.1963e-6 0.797693 -0.6030637 4.83319e-5 0.7512071 -0.6600667 4.12017e-6 0.743434 -0.6688094 4.29749e-5 0.700155 -0.7139909 2.16812e-6 0.6688156 -0.7434285 6.04987e-6 0.6453254 -0.7639079 6.66082e-6 0.5876829 -0.8090915 3.41907e-5 0.4998692 -0.866101 1.99825e-5 0.5251493 -0.8510102 0.1966131 0.5142009 -0.8348298 0.1960482 0.451634 -0.8703975 0.1945893 0.3891835 -0.9003728 0.1948995 0.3220118 -0.926457 0.1962561 0.2480865 -0.94865 0.1939027 0.1807913 -0.964218 0.3821043 0.104483 -0.9181936 0.3828886 0.0340867 -0.9231655 0.5544123 -0.03079557 -0.8316723 0.7112282 5.09505e-6 -0.7029612 0.7068471 -0.02534854 -0.7069121 0.708108 -0.07254624 -0.7023675 0.5569224 -0.09231305 -0.8254185 0.5551237 -0.1521836 -0.8177273 0.7112737 -0.1483239 -0.6870879 0.7064803 -0.1516112 -0.6913028 0.7064729 -0.1515982 -0.6913132 0.7080366 -0.1648017 -0.6866765 0.7069408 -0.2189605 -0.672526 0.707945 -0.222404 -0.670336 0.7078459 -0.2678253 -0.6536237 0.710633 -0.2925894 -0.6398377 0.7074612 -0.3212499 -0.6295215 0.7108331 -0.3570432 -0.6060004 0.7069938 -0.3715686 -0.6017446 0.8307953 -0.2904794 -0.4747641 0.9242736 -0.2253674 -0.3081039 0.980778 -0.1278492 -0.147408 1 -2.93404e-5 -3.54797e-5 1 0 0 1 -4.22546e-7 0 1 8.42811e-7 0 1 -8.42811e-7 0 1 4.22546e-7 0 1 -4.22491e-7 0 1 2.10625e-7 0 1 0 0 1 -4.21907e-7 0 1 4.22268e-7 0 1 -8.43544e-7 0 1 8.44146e-7 0 1 1.31904e-7 0 1 -3.98979e-6 3.20971e-5 1 -1.9609e-6 1.02594e-5 0.9809865 -0.0163151 0.1933887 0.9806617 -4.22887e-6 0.1957112 1 -9.2946e-7 2.68221e-5 0.9809737 0.01628994 0.1934564 1 4.84474e-6 3.68655e-5 0.9805738 0.03070443 0.1937325 1 1.96137e-6 2.05487e-5 0.980659 0.04531556 0.190406 0.9241865 0.08943969 0.371322 0.8313566 0.1292479 0.5405009 0.7116712 0.1848506 0.6777569 0.70697 0.2189541 0.6724973 0.7104254 0.2536914 0.6564575 0.7078453 0.2678216 0.6536259 0.7074387 0.3212647 0.6295391 0.7081403 0.3248306 0.626915 0.7081316 0.3248521 0.6269139 0.7069683 0.3715929 0.6017596 0.7065466 0.3500393 0.615032 0.7069178 0.3930935 0.5880007 0.7069049 0.3931101 0.588005 0.7069046 0.3931022 0.5880107 0.7067536 0.4180769 0.570711 0.7083572 0.4356521 0.5553714 0.7066311 0.4533122 0.5433052 0.7066361 0.4532917 0.5433159 0.7076083 0.4739992 0.5240375 0.7080489 0.5043179 0.4942977 0.7080488 0.5043055 0.4943106 0.7079096 0.5142312 0.4841799 0.7070187 0.5369374 0.4602422 0.706181 0.5496159 0.4463528 0.708356 0.5553999 0.4356178 0.7082899 0.5554425 0.4356707 0.7082492 0.5791357 0.4037141 0.7063883 0.5737342 0.4145416 0.7075086 0.5989157 0.3751423 0.7075083 0.5989161 0.375142 0.7083529 0.6067112 0.3607462 0.7059851 0.6347457 0.3141385 0.7083227 0.6339296 0.3105033 0.7075626 0.6365067 0.3069439 0.707819 0.6536462 0.2678414 0.555014 0.7701065 0.3144767 0.5553975 0.7907759 0.2573073 0.7097069 0.6624481 0.2397471 0.3809797 0.8798009 0.2842622 0.3813599 0.8978553 0.2200466 0.1944165 0.9530355 0.232219 4.21554e-5 0.970973 0.2391895 3.13148e-5 0.9779066 0.2090426 3.74913e-5 0.9863941 0.1643984 2.63229e-5 0.9944223 0.1054722 3.75807e-5 0.9958057 0.09149384 6.71856e-6 0.9958041 0.09151047 4.1551e-5 0.9998401 0.01788634 2.66032e-6 0.9984476 0.05569928 -1.81561e-6 1 1.31102e-5 1.81701e-6 1 -1.31195e-5 -4.15455e-5 0.9998401 -0.01788634 4.91815e-5 0.9984472 -0.05570602 1.01002e-5 0.9958046 -0.09150695 -1.55065e-7 0.9944229 -0.1054664 2.04996e-6 0.9944252 -0.1054446 -2.63378e-5 0.9944223 -0.1054722 -3.78937e-5 0.9863941 -0.1643983 -0.1944579 0.9672136 -0.163352 -0.1943968 0.9530388 -0.2322217 -3.13819e-5 0.9779059 -0.2090459 -4.27067e-5 0.9709728 -0.2391898 -0.3811052 0.8979983 -0.2199042 -0.380978 0.8798107 -0.2842338 -0.5554338 0.7907486 -0.2573128 -0.5550328 0.770097 -0.3144666 -0.5554949 0.7450332 -0.3692573 -0.3840504 0.7939988 -0.4712445 -0.1956059 0.803654 -0.5620308 -2.74703e-5 0.8090884 -0.5876871 -0.1940668 0.7608638 -0.6192128 -8.367e-6 0.7762808 -0.6303874 -2.75273e-5 0.7762702 -0.6304003 5.60245e-5 0.7512555 -0.6600116 -1.02983e-5 0.74345 -0.6687916 1.42737e-6 0.7434229 -0.6688217 -4.59114e-5 0.7275296 -0.6860764 -1.09314e-6 0.7001545 -0.7139915 2.15508e-6 0.6745966 -0.7381866 -4.62402e-7 0.6688198 -0.7434246 -8.25524e-6 0.6688017 -0.7434409 4.21307e-6 0.6453262 -0.7639071 1.371e-5 0.6183115 -0.7859333 -1.51447e-5 0.5876837 -0.8090909 1.91666e-6 0.587684 -0.8090906 -4.35754e-5 0.5565934 -0.8307851 4.12308e-5 0.5251603 -0.8510034 -1.16815e-6 0.4999005 -0.8660828 2.41674e-5 0.4998561 -0.8661085 -2.90755e-7 0.4935749 -0.8697033 1.19575e-5 0.4619339 -0.8869145 2.42889e-6 0.4619331 -0.8869149 1.21593e-5 0.4054244 -0.9141286 8.367e-6 0.3960901 -0.9182117 1.2517e-6 0.3259117 -0.9454002 2.07797e-5 0.3080787 -0.9513609 2.88487e-5 0.2560226 -0.9666708 3.63663e-5 0.2090582 -0.9779032 6.88434e-6 0.1825012 -0.9832056 4.24534e-5 0.1101844 -0.9939112 0.1950306 0.1074888 -0.9748894 0.1945813 0.03793597 -0.9801525 0.3829534 -0.03409725 -0.9231382 0.3821066 -0.1044918 -0.9181918 0.3827583 -0.1685345 -0.9083459 0.556906 -0.2122721 -0.8029922 0.7075258 -0.1815055 -0.682981 0.7075405 -0.1815021 -0.6829667 0.7079336 -0.2223939 -0.6703514 0.7079346 -0.2224087 -0.6703455 0.7068465 -0.2293354 -0.6691587 0.7078368 -0.267843 -0.6536263 0.7073094 -0.2784659 -0.6497462 0.7075417 -0.2926648 -0.6432201 0.7075425 -0.2926594 -0.6432218 0.7081307 -0.3248663 -0.6269074 0.7074321 -0.3212645 -0.6295467 0.7077862 -0.3571665 -0.6094841 0.7077866 -0.3571801 -0.6094757 0.7069699 -0.3715828 -0.601764 0.70675 -0.4180815 -0.5707121 0.7067616 -0.4180729 -0.570704 0.8308438 -0.3273224 -0.4500651 0.9242557 -0.2460933 -0.2918727 0.9808339 -0.1377754 -0.1377784 1 -1.65999e-5 -2.08281e-5 0.9807744 -0.1474422 -0.1278372 1 -3.28273e-5 -2.6457e-5 0.9808464 -0.1570279 -0.1152504 1 -3.80278e-5 -2.88375e-5 0.9806949 -0.1664631 -0.1026043 1 -2.09436e-5 -1.52402e-5 0.9806284 -0.1751778 -0.08763968 1 -2.95788e-6 -3.5502e-6 1 4.22124e-7 0 1 -2.10749e-7 0 1 0 0 1 4.21907e-7 0 1 -4.21744e-7 0 1 8.43543e-7 0 1 -8.44146e-7 0 1 -1.31904e-7 0 1 -6.83218e-6 8.50856e-6 0.9806334 -0.03067463 0.1934351 0.9239042 -0.05859261 0.3781108 0.9240655 -0.02873665 0.3811524 0.9234443 2.51244e-6 0.3837326 0.9240735 0.02872264 0.3811345 0.9239143 0.05857861 0.3780886 0.8320269 0.08608126 0.5480159 0.707031 0.1128885 0.6981143 0.7070554 0.1128892 0.6980894 0.7080658 0.1647897 0.6866494 0.7080336 0.1648367 0.6866712 0.7066912 0.188234 0.6820232 0.7066987 0.1882104 0.6820219 0.7069257 0.2086525 0.6758108 0.706925 0.2189686 0.6725398 0.7073335 0.2537569 0.6597626 0.7082432 0.2572585 0.6574267 0.7082421 0.2572742 0.6574216 0.7067934 0.3033905 0.6390597 0.7081162 0.3248475 0.6269336 0.7111778 0.3247418 0.6235135 0.7065653 0.3500336 0.6150138 0.555199 0.4098208 0.7237409 0.7068953 0.3931066 0.5880189 0.5554597 0.4651184 0.6892963 0.5563306 0.5124897 0.6541029 0.7093547 0.4495976 0.5428425 0.5553111 0.5620763 0.6129436 0.707588 0.4739986 0.5240655 0.5555649 0.6029749 0.5725111 0.7080067 0.5076426 0.4909436 0.5572603 0.6417638 0.5268778 0.7083272 0.5554004 0.4356641 0.5566149 0.6807543 0.4761865 0.7081979 0.5791633 0.4037644 0.5537902 0.7163637 0.4244286 0.7105324 0.5954067 0.3750129 0.5555005 0.7450314 0.3692527 0.3842377 0.825778 0.4128586 0.3822383 0.8547394 0.3511617 0.1964053 0.9069697 0.3726003 0.1960352 0.9327645 0.3025238 1.55196e-5 0.9513587 0.3080857 -4.7395e-6 0.9513601 0.3080813 2.52603e-5 0.9709754 0.2391797 -1.25393e-5 0.9619774 0.2731289 -1.35463e-6 0.9779008 0.20907 2.26377e-5 0.9779114 0.2090203 1.59463e-6 0.9795885 0.2010134 -1.12185e-5 0.9863942 0.1643971 1.28639e-6 0.9915881 0.1294338 1.6964e-6 0.9944203 0.1054916 -8.57096e-6 0.9944262 0.1054351 -3.09199e-5 0.9944238 0.1054576 -3.07411e-5 0.9984476 0.05570101 -0.1949092 0.9792612 0.05529928 -0.196424 0.9803407 -0.0187028 -1.69948e-5 1 3.43623e-6 -1.66371e-5 0.9998393 -0.0179286 -3.74764e-5 0.9958057 -0.09149354 -0.1952976 0.9764694 -0.09146815 -0.3826702 0.920046 -0.08413559 -0.3821275 0.9113852 -0.1528258 -0.5563431 0.8197259 -0.1361315 -0.5562697 0.8069047 -0.1986678 -0.7061493 0.6878122 -0.1681293 -0.7069294 0.6725372 -0.2189626 -0.7097219 0.6624333 -0.2397435 -0.7078312 0.6536369 -0.267832 -0.7075398 0.6365326 -0.3069428 -0.7059965 0.6347367 -0.314131 -0.7083395 0.6067242 -0.3607506 -0.5538159 0.7163128 -0.4244807 -0.3821294 0.7576741 -0.5290625 -0.3818012 0.7175192 -0.5825754 -0.1949927 0.7118535 -0.6747166 -3.74019e-5 0.7434392 -0.6688036 -1.36867e-5 0.7275491 -0.6860557 -1.00285e-5 0.6746002 -0.7381833 -0.1949272 0.6619461 -0.7237616 -8.56817e-6 0.6688094 -0.743434 -0.1937459 0.6056734 -0.7717658 -4.30644e-5 0.6183031 -0.7859398 -3.42801e-5 0.5876858 -0.8090894 -0.194946 0.5482739 -0.81326 -1.09971e-5 0.5565799 -0.8307941 -4.43161e-5 0.4998841 -0.8660925 -0.194995 0.485978 -0.8519403 -7.24942e-6 0.4935573 -0.8697133 -1.61454e-5 0.4304414 -0.9026187 -1.92947e-6 0.4304379 -0.9026203 1.54611e-6 0.4054318 -0.9141253 -1.54555e-5 0.4053847 -0.9141463 -3.92769e-5 0.3960511 -0.9182285 -1.86497e-7 0.3622019 -0.9320996 3.51842e-6 0.3259113 -0.9454004 4.74975e-7 0.3080794 -0.9513607 4.56348e-7 0.3080876 -0.951358 -6.51774e-6 0.2905002 -0.956875 1.80237e-5 0.2560153 -0.9666728 -2.38419e-7 0.2199016 -0.9755221 6.71647e-6 0.2090284 -0.9779096 2.824e-6 0.209069 -0.9779009 4.3374e-6 0.1825047 -0.983205 -8.26735e-6 0.1467115 -0.9891794 0 0.1102126 -0.9939081 -1.91135e-5 0.1054898 -0.9944204 -7.04895e-7 0.1054604 -0.9944236 2.25604e-5 0.1054631 -0.9944232 5.47618e-6 0.03649061 -0.9993341 2.33799e-5 -4.61923e-6 -1 4.64916e-6 -0.03649097 -0.9993341 0.194579 -0.03793358 -0.9801532 0.1949774 -0.107489 -0.9749001 0.1939029 -0.1807899 -0.9642181 0.3815396 -0.2368075 -0.8935043 0.5555838 -0.2714417 -0.7859046 0.707912 -0.2224026 -0.6703714 0.5546724 -0.328936 -0.7642905 0.7097846 -0.2890774 -0.6423707 0.554494 -0.384074 -0.7382572 0.7081192 -0.3248333 -0.6269375 0.5558751 -0.439352 -0.7056718 0.7108085 -0.3570537 -0.6060231 0.5545154 -0.4906523 -0.6721407 0.7097355 -0.4178923 -0.5671345 0.7069554 -0.4217131 -0.5677782 0.7071029 -0.4216257 -0.5676594 0.7097669 -0.4178749 -0.5671082 0.7106444 -0.4770652 -0.517101 0.7070448 -0.4602172 -0.5369244 0.8311491 -0.3603165 -0.4235129 0.9236027 -0.2724946 -0.2696385 0.9243765 -0.2890319 -0.2489756 0.9242793 -0.3080897 -0.2253631 0.924287 -0.3260471 -0.1984614 0.9237515 -0.3408622 -0.1746314 0.9810182 -0.1788652 -0.0749039 1 -2.19792e-5 -1.35675e-5 0.9809551 -0.1847407 -0.05998271 1 -3.99128e-5 -1.49142e-5 0.9806374 -0.1904861 -0.04544776 1 -4.42564e-5 -9.50228e-6 0.9807279 -0.192972 -0.03057312 1 -7.04825e-6 -2.25776e-6 0.9809793 -0.1934274 -0.01629489 1 -2.90126e-5 -1.36113e-6 0.9806788 -0.1956253 -6.60947e-6 1 -3.68059e-6 -7.47852e-6 0.9809777 -0.1934359 0.01629215 1 -1.99676e-6 -5.71646e-6 0.9806779 -0.1932212 0.03060173 1 -2.87816e-5 -2.45869e-7 0.9806563 -0.1904295 0.04527676 1 -2.88934e-5 1.47521e-6 0.9809631 -0.1847026 0.05996894 1 -3.53903e-5 9.93907e-6 0.9810289 -0.1788058 0.0749064 1 -3.16948e-5 1.15298e-5 0.9806282 -0.1752008 0.08759605 1 -1.47e-5 6.56769e-6 0.9806966 -0.1664364 0.1026316 1 -1.76728e-5 8.00937e-6 0.9808582 -0.1569535 0.1152516 1 -2.72393e-5 1.48416e-5 0.9807742 -0.1474447 0.1278362 1 -3.49954e-5 2.79769e-5 0.9808406 -0.1377509 0.1377551 1 -1.66036e-5 1.51023e-5 0.980776 -0.1278363 0.1474324 1 -6.35535e-6 -5.66244e-7 0.9808364 -0.1152102 0.1571199 1 -2.60547e-5 3.01376e-5 0.9806882 -0.1026607 0.1664676 1 -8.08761e-6 -5.66244e-7 0.9808277 -0.09002661 0.172836 1 -8.22172e-6 1.35005e-5 0.9807755 -0.07249379 0.1811743 1 -1.58381e-5 4.20362e-5 0.9809615 -0.0599718 0.1847106 1 -7.04639e-6 2.56077e-5 0.9806607 -0.04520964 0.1904224 0.9241834 -0.08944249 0.3713288 0.831357 -0.1292462 0.5405009 0.8320265 -0.0860809 0.5480165 0.8311938 -0.04476392 0.5541779 0.8307908 1.60401e-6 0.556585 0.8312039 0.04476714 0.5541624 0.7073813 0.05750721 0.704489 0.7062535 0.1034317 0.7003628 0.7070284 0.1128906 0.6981166 0.7070283 0.1128816 0.698118 0.7075555 0.1549007 0.6894716 0.7076026 0.1548956 0.6894244 0.7116453 0.1848435 0.677786 0.5551872 0.2432904 0.7953471 0.5553853 0.3000146 0.7755892 0.708239 0.257255 0.6574326 0.5563245 0.3545883 0.7515121 0.7067938 0.3033922 0.6390585 0.3822238 0.3979796 0.8339768 0.3824303 0.4563466 0.8034271 0.381218 0.5180657 0.7656899 0.3811757 0.5718374 0.7264345 0.3831852 0.6209885 0.6837707 0.3833763 0.6710083 0.6346421 0.3818055 0.7175111 0.5825827 0.3820735 0.7576903 0.5290797 0.3840604 0.7939968 0.4712395 0.1957752 0.8435012 0.5001777 0.1951333 0.8778389 0.4374037 2.90126e-5 0.9141276 0.4054268 3.53456e-5 0.9259929 0.377541 1.80374e-5 0.9259911 0.3775455 -1.17375e-5 0.9389857 0.3439563 0 0.9513596 0.3080829 -9.12696e-6 0.9513592 0.3080839 -2.83346e-5 0.9619777 0.2731282 -0.1953495 0.9437012 0.266958 -3.50028e-5 0.9779019 0.2090641 -0.1962972 0.9601435 0.198977 -2.15396e-5 0.9795901 0.2010055 -1.42679e-5 0.9915877 0.129437 -0.1948641 0.9726081 0.1267338 -0.3825634 0.9161795 0.1194165 -0.3818405 0.9228543 0.05037683 -0.3838092 0.9232341 -0.0181486 -0.5545979 0.8319561 -0.01644414 -0.5543215 0.82872 -0.07714152 -0.7084078 0.7026633 -0.06650382 -0.7112713 0.6965973 -0.09404957 -0.7052634 0.6993784 -0.116075 -0.7061457 0.6878152 -0.1681327 -0.7063938 0.6875694 -0.1680956 -0.706152 0.6878045 -0.1681499 -0.7069427 0.6725277 -0.2189489 -0.7066813 0.6656677 -0.239767 -0.7066845 0.6656587 -0.2397823 -0.8320369 0.5120539 -0.2133442 -0.7097538 0.6624044 -0.2397293 -0.7087126 0.6512293 -0.2713428 -0.7086415 0.6513041 -0.271349 -0.7077301 0.6537742 -0.2677639 -0.7083207 0.633942 -0.3104825 -0.7083229 0.633928 -0.3105062 -0.7074316 0.6295491 -0.3212606 -0.7064521 0.6045659 -0.368002 -0.7075089 0.5989152 -0.3751425 -0.710507 0.595428 -0.3750272 -0.7082137 0.5791509 -0.4037545 -0.5566301 0.6807448 -0.4761822 -0.5572527 0.6417691 -0.5268794 -0.3834004 0.6709994 -0.6346369 -0.3831932 0.6209668 -0.683786 -0.3812187 0.571839 -0.7264107 -0.3812221 0.5180748 -0.7656817 -0.3823823 0.4563741 -0.8034343 -0.1940587 0.4233781 -0.8849251 -2.51457e-5 0.4054124 -0.9141339 -0.1948829 0.3553356 -0.9141976 -3.54424e-5 0.3621969 -0.9321016 -0.1942835 0.2859002 -0.9383575 -3.40939e-5 0.3080888 -0.9513576 -2.54214e-5 0.2904798 -0.9568812 -7.96467e-6 0.2199051 -0.9755213 -0.1955001 0.2169458 -0.956407 -3.73274e-5 0.2090478 -0.9779055 -0.194543 0.1435606 -0.9703316 -5.1707e-6 0.1467055 -0.9891803 -0.195146 0.07313424 -0.9780437 -7.06315e-6 0.1054713 -0.9944224 -4.19468e-6 -0.07333111 -0.9973077 -0.1956677 1.43455e-6 -0.9806703 -2.45199e-5 -1.86235e-6 -1 -1.72779e-5 0.07332754 -0.997308 -2.00793e-5 0.1054659 -0.9944229 -4.21978e-5 0.07334905 -0.9973064 5.17913e-5 0.0364921 -0.999334 1.80451e-5 -1.29127e-7 -1 -9.24896e-6 2.85124e-7 -1 5.17191e-5 -0.03649181 -0.999334 -4.19039e-5 -0.07334887 -0.9973064 1.43633e-6 -0.1054407 -0.9944257 2.9318e-5 -0.1054592 -0.9944237 2.31788e-5 -0.1101921 -0.9939104 4.28185e-5 -0.1825013 -0.9832056 3.66047e-5 -0.209061 -0.9779027 1.03414e-5 -0.2560221 -0.9666709 0.1962637 -0.2480761 -0.948651 0.384341 -0.301983 -0.8724038 0.3809466 -0.3653224 -0.849364 0.3825331 -0.4271653 -0.819267 0.3818647 -0.4854894 -0.7864348 0.3831773 -0.5436645 -0.746729 0.5544416 -0.5375466 -0.6353253 0.7068023 -0.4567958 -0.5401557 0.7071184 -0.4568072 -0.5397322 0.7070199 -0.4602469 -0.5369318 0.7077108 -0.4773775 -0.5208227 0.7077342 -0.4773795 -0.520789 0.7080219 -0.4943173 -0.5043366 0.7080644 -0.4976454 -0.5009928 0.7080959 -0.4976252 -0.5009685 0.8319721 -0.3923161 -0.3923144 0.8311449 -0.4235112 -0.3603282 0.8308606 -0.4500458 -0.3273066 0.8307734 -0.4747852 -0.2905076 0.8313912 -0.4945271 -0.25344 0.924699 -0.3509145 -0.1476178 0.9242182 -0.3630856 -0.1182777 0.9241819 -0.3713324 -0.08944272 0.9239062 -0.3781059 -0.0585938 0.92408 -0.381119 -0.02871459 0.9234368 -0.3837509 9.61918e-7 0.9240788 -0.381122 0.02871638 0.9239116 -0.3780946 0.0585829 0.9242059 -0.3712751 0.08943271 0.9242149 -0.3630936 0.118279 0.9246764 -0.3509755 0.1476134 0.9237718 -0.3408114 0.1746232 0.9242728 -0.326071 0.1984885 0.9242617 -0.3081322 0.2253776 0.9243783 -0.2890279 0.2489736 0.9235973 -0.2724933 0.2696585 0.92425 -0.2461095 0.2918773 0.9242619 -0.2253764 0.3081324 0.9242846 -0.1984658 0.3260511 0.9237741 -0.1746205 0.3408067 0.9241527 -0.1447623 0.353533 0.9242018 -0.1182858 0.3631248 0.8311646 -0.1740381 0.5280874 0.7116855 -0.1848496 0.6777422 0.7080649 -0.1648007 0.6866475 0.7070535 -0.1128844 0.6980921 0.7070303 -0.1128857 0.6981153 0.707396 -0.05750787 0.7044742 0.7094638 -0.03688758 0.7037759 0.7085075 -2.35625e-7 0.7057033 0.7094913 0.03688269 0.7037484 0.706625 0.0368967 0.7066256 0.7075801 0.05156558 0.7047492 0.554961 0.06238001 0.8295343 0.5552065 0.123352 0.8225144 0.7099412 0.1129018 0.6951523 0.5555098 0.1851248 0.8106403 0.3810723 0.203643 0.9018389 0.3817631 0.2705126 0.8837873 0.3829234 0.3334722 0.8614906 0.1948958 0.3553373 0.9141942 0.1940326 0.4233461 0.8849461 0.1949895 0.4859656 0.8519487 0.1949607 0.5483433 0.8132097 0.1937283 0.6057013 0.7717483 0.1948712 0.6619345 0.7237873 0.1950047 0.711845 0.6747222 0.1940931 0.7608575 0.6192123 0.1956259 0.8035774 0.5621335 4.3638e-5 0.8201268 0.5721818 2.71872e-5 0.8605534 0.5093603 1.31652e-5 0.8660977 0.4998748 3.00556e-5 0.8949509 0.4461646 -5.78561e-6 0.8949504 0.4461659 2.46661e-6 0.914129 0.4054237 3.19816e-6 0.914134 0.4054121 -1.00434e-5 0.9141293 0.4054229 -3.15756e-5 0.9389865 0.3439541 -0.1965669 0.9200279 0.338984 -0.3840004 0.8662978 0.3194869 -0.3816393 0.8889099 0.2533591 -0.3840956 0.9040207 0.1876626 -0.5571272 0.8131226 0.1686446 -0.5561191 0.8240906 0.1077324 -0.5541431 0.8312159 0.04478389 -0.7079529 0.7051372 0.03980189 -0.7070262 0.7070493 -0.01397067 -0.7097414 0.7041883 -0.01964819 -0.706971 0.7069692 -0.01966297 -0.7084167 0.7026545 -0.06650245 -0.7060486 0.7060608 -0.05453127 -0.7083675 0.699548 -0.09406411 -0.7083508 0.6995694 -0.09403121 -0.7058032 0.6998587 -0.1097258 -0.7052935 0.699351 -0.1160581 -0.7080504 0.6866622 -0.164802 -0.709187 0.6846811 -0.1681236 -0.8313359 0.5405188 -0.1293063 -0.8303039 0.530457 -0.1709118 -0.7069554 0.6725121 -0.2189557 -0.9242351 0.3630342 -0.1183038 -0.9246825 0.3509646 -0.1476016 -0.8314008 0.4945051 -0.2534512 -0.7106384 0.633109 -0.3068652 -0.8307846 0.4748235 -0.290413 -0.707523 0.5989028 -0.3751356 -0.7075077 0.5989153 -0.3751445 -0.7063888 0.5737345 -0.4145402 -0.708218 0.5791493 -0.4037492 -0.7083215 0.5554091 -0.4356623 -0.7083528 0.5553729 -0.4356573 -0.7083274 0.5554003 -0.4356639 -0.7061629 0.5496248 -0.4463706 -0.7079858 0.507647 -0.4909692 -0.7078989 0.5142348 -0.484192 -0.5555662 0.6029796 -0.5725049 -0.555332 0.5621047 -0.6128987 -0.5563229 0.5124955 -0.6541049 -0.5554453 0.4650936 -0.6893247 -0.5551996 0.4098089 -0.7237473 -0.382233 0.3980012 -0.8339624 -0.3828151 0.3335186 -0.8615208 -0.3817678 0.2705415 -0.8837764 -0.3810802 0.2036424 -0.9018358 -0.3839018 0.1345097 -0.9135243 -0.3839092 0.06713241 -0.9209272 -0.3837161 1.55213e-6 -0.9234513 -0.1951373 -0.07315105 -0.9780442 -1.15335e-5 -0.1054759 -0.994422 6.58166e-6 -0.1054627 -0.9944233 -3.37663e-7 -0.1102126 -0.9939081 0 -0.1467097 -0.9891796 1.54402e-5 -0.1825214 -0.9832019 -1.71771e-6 -0.2090266 -0.97791 7.40937e-6 -0.2090757 -0.9778996 -9.06906e-5 -0.2198142 -0.9755418 -1.48374e-5 -0.2560256 -0.96667 -6.99027e-6 -0.2905008 -0.9568747 -7.6578e-7 -0.3080872 -0.9513581 3.71113e-5 -0.3080726 -0.9513629 0.1948636 -0.3219437 -0.9264883 0.1945818 -0.3891668 -0.9003817 0.1960634 -0.4515751 -0.8704248 0.1966019 -0.5142101 -0.8348268 0.1961089 -0.5760144 -0.7935671 0.3824149 -0.5966966 -0.7054871 0.5555818 -0.5827715 -0.5930483 0.710605 -0.4770926 -0.5171298 0.7073447 -0.5305281 -0.4671224 0.7073569 -0.5304979 -0.4671386 0.710119 -0.5300818 -0.4634053 0.7070488 -0.5369213 -0.4602148 0.7064079 -0.5737138 -0.4145364 0.7082464 -0.5791327 -0.4037233 0.7064608 -0.6045604 -0.3679944 0.7114455 -0.613534 -0.3426681 0.707433 -0.629545 -0.3212657 0.7095828 -0.6487979 -0.2748702 0.8320511 -0.5120298 -0.2133463 0.8302621 -0.5305362 -0.1708695 0.831301 -0.5405781 -0.1292832 0.8320179 -0.548029 -0.0860846 0.8311904 -0.5541832 -0.04476326 0.8307549 -0.5566384 5.22354e-6 0.8312147 -0.5541455 0.04477846 0.8320263 -0.5480172 0.08607834 0.831324 -0.5405454 0.1292714 0.8302504 -0.5305326 0.1709368 0.8320291 -0.5120644 0.2133489 0.8313925 -0.4945247 0.2534403 0.830777 -0.474784 0.2904992 0.8308272 -0.4500915 0.3273283 0.8311601 -0.4235 0.3603063 0.8319748 -0.3923152 0.3923093 0.8311677 -0.3602933 0.4234961 0.8308341 -0.3273234 0.4500826 0.8307982 -0.2904812 0.4747582 0.8313984 -0.2534374 0.4945159 0.8320493 -0.2133461 0.5120328 0.7069616 -0.2189583 0.6725048 0.7069334 -0.218967 0.6725316 0.7066962 -0.1882658 0.6820093 0.7067057 -0.1882237 0.682011 0.7076959 -0.1548183 0.689346 0.7080337 -0.1648043 0.6866789 0.7070286 -0.112904 0.698114 0.7070278 -0.1129018 0.6981153 0.7062407 -0.1034302 0.7003758 0.7075946 -0.05156528 0.7047348 0.7066272 -0.03685843 0.7066255 0.7066258 -0.03687626 0.7066259 0.7084254 -3.14684e-6 0.7057857 0.7084581 -2.59955e-6 0.7057529 0.7066257 0.03688925 0.7066253 0.7094537 0.03688573 0.7037862 0.708483 -3.96906e-6 0.705728 0.7094315 -0.03688055 0.7038087 0.5565678 0 0.8308022 0.3837245 2.289e-6 0.9234476 0.383914 0.06712955 0.9209256 0.3839216 0.1344919 0.9135187 0.194624 0.1434286 0.970335 0.1955355 0.2168948 0.9564114 0.1946007 0.2859126 0.9382882 3.52636e-5 0.3080941 0.9513559 3.42876e-5 0.3621973 0.9321015 2.62558e-5 0.4054121 0.914134 1.79261e-5 0.4304405 0.902619 1.27256e-5 0.493551 0.8697169 4.27589e-5 0.4998838 0.8660926 1.22115e-5 0.5565787 0.8307949 2.69637e-5 0.587683 0.8090913 4.62458e-5 0.6183021 0.7859406 4.54485e-6 0.6688115 0.7434321 5.65499e-6 0.6745991 0.7381843 1.10418e-5 0.7275498 0.686055 2.87816e-5 0.7434378 0.6688052 1.15484e-5 0.7762816 0.6303864 2.79844e-5 0.8090879 0.5876877 8.98493e-7 0.8090887 0.5876867 1.91615e-5 0.8201188 0.5721933 1.02026e-6 0.8090876 0.5876881 -3.43728e-5 0.8410828 0.5409066 2.71131e-7 0.8605529 0.5093612 -4.90248e-6 0.8660897 0.4998887 3.71621e-6 0.8661112 0.4998515 -2.38721e-5 0.8784947 0.477752 2.20817e-5 0.9113447 0.4116444 -3.48687e-6 0.911337 0.4116615 -0.1957332 0.8939558 0.4031521 -0.3832393 0.8418196 0.3800891 -0.5539672 0.7582913 0.3436782 -0.5555012 0.780894 0.2856974 -0.5538658 0.801392 0.2258402 -0.7088105 0.6779068 0.1950135 -0.7059698 0.6939021 0.1417977 -0.7113303 0.6903399 0.1320604 -0.7070843 0.701255 0.0909577 -0.7102214 0.701625 0.05751585 -0.7073701 0.7044994 0.05751758 -0.7060671 0.7060419 0.05453705 -0.705748 0.708463 7.52693e-6 -0.7069685 0.7069726 -0.019629 -0.7098017 0.7041276 -0.01964658 -0.706078 0.706031 -0.05453497 -0.8311858 0.5541947 -0.04470515 -0.8320199 0.5480254 -0.08608806 -0.7113017 0.6965671 -0.09404462 -0.9239146 0.3780878 -0.05858004 -0.9241601 0.3713884 -0.08943718 -0.9806544 0.1904484 -0.04523664 -0.9809713 0.1846637 -0.05995535 -0.9810185 0.1788578 -0.0749185 -0.9238119 0.3407469 -0.1745368 -0.924264 0.3260762 -0.198521 -0.8307943 0.4501684 -0.3273061 -0.7063936 0.5737274 -0.414542 -0.7113324 0.5517453 -0.4354117 -0.8311548 0.4234108 -0.3604234 -0.7070572 0.5369146 -0.4602096 -0.7070418 0.5369417 -0.4602017 -0.7080484 0.5043387 -0.4942772 -0.7080488 0.504319 -0.4942968 -0.7080692 0.4976485 -0.5009832 -0.7075846 0.4740411 -0.5240315 -0.707605 0.4739881 -0.524052 -0.709324 0.449619 -0.5428649 -0.7083436 0.4356642 -0.5553792 -0.7068963 0.3931111 -0.5880148 -0.706903 0.3931003 -0.588014 -0.7065756 0.350026 -0.6150062 -0.7111542 0.3247585 -0.6235316 -0.5562956 0.3546342 -0.7515118 -0.555333 0.3000443 -0.7756151 -0.5551797 0.2432725 -0.7953578 -0.5555608 0.1851826 -0.8105922 -0.5551999 0.1233502 -0.8225193 -0.5548638 0.06220871 -0.8296121 -0.5565777 -1.2714e-7 -0.8307956 -0.3839325 -0.06712335 -0.9209182 -0.1945713 -0.1434776 -0.9703382 -4.16934e-5 -0.1467154 -0.9891788 -0.1955112 -0.2169342 -0.9564074 -2.56747e-5 -0.2090482 -0.9779054 -3.97488e-5 -0.2199084 -0.9755205 -2.8111e-5 -0.290485 -0.9568796 -0.1940479 -0.285649 -0.9384828 -2.59355e-5 -0.3080884 -0.9513577 -1.17277e-6 -0.3080801 -0.9513605 3.40736e-6 -0.3259113 -0.9454004 2.21729e-5 -0.3259189 -0.9453978 9.0003e-6 -0.396085 -0.9182139 4.71324e-5 -0.4054279 -0.9141271 3.35276e-5 -0.4619312 -0.8869158 4.28408e-5 -0.4998704 -0.8661003 1.40071e-6 -0.5251466 -0.8510119 1.47447e-5 -0.5876806 -0.8090931 0.1943792 -0.6324866 -0.749785 0.3834958 -0.6480427 -0.6580059 0.5548921 -0.6258863 -0.5480521 0.707327 -0.530543 -0.4671324 0.7073535 -0.5305303 -0.4671068 0.7074227 -0.5646269 -0.4251465 0.7086127 -0.576183 -0.4072851 0.708619 -0.5761862 -0.4072697 0.7054906 -0.5966876 -0.3824228 0.7064616 -0.6045509 -0.3680085 0.7083975 -0.6169945 -0.3427695 0.708406 -0.6169718 -0.3427926 0.7077575 -0.6196961 -0.3391994 0.7074341 -0.6295455 -0.3212624 0.707534 -0.6432253 -0.292672 0.7064884 -0.6521493 -0.2749098 0.7064905 -0.6521369 -0.2749339 0.7087198 -0.6512218 -0.2713422 0.7069627 -0.6725048 -0.2189548 0.7079339 -0.6768364 -0.2017973 0.7080428 -0.6866701 -0.1648019 0.7101629 -0.692147 -0.1288452 0.7058031 -0.6998586 -0.1097273 0.7073771 -0.7044931 -0.05750918 0.7060697 -0.7060395 -0.05453377 0.7057495 -0.7084616 -3.37395e-6 0.7098033 -0.7041262 0.01964151 0.7060618 -0.7060481 0.05452567 0.7113101 -0.6965587 0.09404259 0.7058072 -0.6998548 0.1097249 0.7080391 -0.6866731 0.1648054 0.7091897 -0.6846797 0.1681182 0.7069705 -0.6724972 0.2189527 0.7097593 -0.6623992 0.2397271 0.7087066 -0.6512356 0.2713432 0.710654 -0.6330975 0.3068526 0.7074303 -0.6295474 0.321267 0.706441 -0.6045746 0.3680092 0.7075209 -0.5989018 0.3751413 0.7063928 -0.5737287 0.4145414 0.7113115 -0.5517593 0.4354283 0.7070522 -0.5369203 0.4602107 0.7080193 -0.5076363 0.4909321 0.7080861 -0.49764 0.5009676 0.7070248 -0.4602272 0.5369421 0.7093621 -0.4495922 0.5428373 0.7067603 -0.4180709 0.5707071 0.709506 -0.3893764 0.5873562 0.7069973 -0.3715676 0.6017411 0.7081344 -0.3248319 0.6269211 0.7074548 -0.3212528 0.6295272 0.707831 -0.2678341 0.6536363 0.7104111 -0.2537037 0.6564682 0.7082433 -0.257259 0.6574263 0.7073444 -0.2537551 0.6597518 0.7069293 -0.2086596 0.6758048 0.7116523 -0.1848431 0.6777788 0.5551054 -0.2432141 0.7954275 0.5555487 -0.1851602 0.8106057 0.7075973 -0.1548961 0.6894298 0.555211 -0.1233519 0.8225115 0.7099533 -0.1128903 0.6951419 0.5549281 -0.06232225 0.8295607 0.3839308 -0.06712359 0.920919 0.1951681 -0.07314425 0.9780385 0.1956686 -6.60999e-7 0.9806702 0.1951273 0.07316738 0.9780449 1.05873e-5 0.1054767 0.9944218 4.83915e-5 0.1467062 0.9891801 4.52921e-5 0.2090483 0.9779053 1.29417e-5 0.2199047 0.9755215 3.34159e-5 0.2904804 0.956881 6.61798e-6 0.2905002 0.9568749 -8.36328e-7 0.3080787 0.9513608 3.77651e-7 0.3080856 0.9513587 -4.25854e-5 0.3258823 0.9454104 2.36959e-5 0.3622033 0.9320992 1.68192e-5 0.3961029 0.9182061 2.16952e-6 0.4054263 0.9141278 4.21493e-6 0.4054005 0.9141392 1.87499e-6 0.4304379 0.9026203 -1.22001e-5 0.4619339 0.8869145 4.01145e-7 0.493571 0.8697056 -2.45543e-5 0.4998559 0.8661087 1.21615e-6 0.4998964 0.8660853 -4.09633e-5 0.5251604 0.8510034 -1.06986e-6 0.5565778 0.8307955 1.49652e-5 0.5876837 0.8090909 -1.52551e-6 0.5876839 0.8090907 -1.4293e-5 0.6183117 0.785933 -3.4899e-6 0.6453259 0.7639074 -5.17588e-5 0.6687881 0.7434531 -9.42079e-6 0.6688227 0.743422 -1.15672e-5 0.6746509 0.7381371 -1.96889e-5 0.7001553 0.7139906 5.49131e-6 0.7275476 0.6860572 -3.05125e-7 0.7434224 0.6688222 1.0066e-5 0.7434501 0.6687915 -5.52465e-5 0.7512547 0.6600125 -1.1974e-5 0.7762877 0.6303788 -9.81835e-6 0.7976943 0.6030621 -6.66082e-6 0.7976932 0.6030636 -4.88907e-5 0.8090943 0.5876789 -0.1966924 0.7806758 0.5931758 -0.1940978 0.8249978 0.5307588 -1.4998e-5 0.841091 0.5408936 -0.1938869 0.8620515 0.4682683 -4.97922e-5 0.8660925 0.4998839 -3.05474e-5 0.8785059 0.4777317 -0.3843817 0.8104528 0.4420601 -0.5570284 0.7284644 0.3988221 -0.7083963 0.6169906 0.3427789 -0.7077363 0.6197141 0.3392106 -0.7075425 0.6432175 0.2926687 -0.709537 0.6488485 0.2748692 -0.7076098 0.6634142 0.2432485 -0.7079042 0.6768624 0.2018142 -0.7089462 0.674743 0.2052249 -0.7089462 0.6747478 0.2052091 -0.7080736 0.6866397 0.1647958 -0.7083836 0.6933501 0.1321305 -0.708375 0.6933726 0.1320583 -0.7058305 0.6998285 0.1097425 -0.7070786 0.7012609 0.09095633 -0.7073728 0.704497 0.05751407 -0.7074042 0.7044655 0.05751329 -0.7060819 0.7060275 0.05453002 -0.8312256 0.5541272 0.04480177 -0.7057348 0.7084762 -2.52062e-6 -0.8308823 0.5564483 2.19207e-4 -0.9234449 0.3837312 9.06675e-7 -0.924076 0.3811269 -0.02873605 -0.9809798 0.1934241 -0.01630622 -0.9806639 0.1932857 -0.03064322 -1 3.12403e-5 -5.15021e-6 -1 1.42157e-5 -8.801e-6 -1 0 0 -1 1.21668e-5 -1.26567e-5 -1 3.25814e-5 -1.73487e-5 -0.9806241 0.1752129 -0.08761763 -0.9807047 0.1663302 -0.1027266 -0.9242797 0.3080872 -0.2253649 -0.924387 0.2889851 -0.2489908 -0.8319674 0.3923164 -0.392324 -0.708032 0.5076278 -0.4909223 -0.7070226 0.4602324 -0.5369405 -0.706636 0.453292 -0.5433157 -0.706631 0.4533132 -0.5433046 -0.7067537 0.418077 -0.5707108 -0.7069048 0.3931104 -0.588005 -0.7069181 0.393093 -0.5880007 -0.7069685 0.3715928 -0.6017594 -0.7065461 0.3500394 -0.6150326 -0.7081305 0.3248541 -0.626914 -0.7081156 0.3248479 -0.6269339 -0.7074385 0.3212658 -0.6295389 -0.7067934 0.3033906 -0.6390597 -0.7067978 0.3033918 -0.6390542 -0.708229 0.2572622 -0.6574405 -0.7073214 0.25376 -0.6597745 -0.7069204 0.208656 -0.6758153 -0.7116236 0.1848529 -0.6778063 -0.7076094 0.1548895 -0.6894187 -0.7099461 0.1128955 -0.6951484 -0.7062396 0.1034259 -0.7003776 -0.7075985 0.05156284 -0.704731 -0.7094345 0.03688108 -0.7038058 -0.7070851 0.002766609 -0.7071231 -0.7094483 -0.03688305 -0.7037917 -0.7075722 -0.0515725 -0.7047566 -0.5549131 -0.06224113 -0.8295767 -0.3838882 -0.1345392 -0.9135256 -0.381157 -0.2036666 -0.9017979 -0.3817664 -0.2705447 -0.883776 -0.1948841 -0.3553398 -0.9141957 -7.6741e-6 -0.3621978 -0.9321013 0 -0.3622018 -0.9320997 -3.13646e-6 -0.3960952 -0.9182094 1.75042e-6 -0.4054238 -0.9141289 5.41913e-7 -0.405441 -0.9141213 -1.44776e-5 -0.4304275 -0.9026253 -3.10873e-5 -0.4619253 -0.8869189 5.0487e-6 -0.4935585 -0.8697127 -7.0082e-7 -0.4998711 -0.8660999 1.09526e-5 -0.4998627 -0.8661047 -5.49154e-6 -0.5251471 -0.8510116 -1.90893e-5 -0.556582 -0.8307927 4.43598e-5 -0.5876834 -0.809091 6.46059e-6 -0.5876842 -0.8090906 -7.37444e-6 -0.6183051 -0.7859382 2.22796e-5 -0.6453301 -0.7639039 4.72739e-5 -0.6453255 -0.7639077 4.21405e-5 -0.6688199 -0.7434245 2.68668e-5 -0.7001571 -0.7139889 0.1952181 -0.6872158 -0.6997317 0.3828724 -0.6931927 -0.6106494 0.5554515 -0.6632218 -0.5016081 0.7074072 -0.5646458 -0.4251472 0.7112123 -0.575594 -0.4035698 0.557263 -0.69749 -0.4505172 0.7054561 -0.5967217 -0.3824329 0.7083646 -0.6170179 -0.3427953 0.5570163 -0.728475 -0.3988198 0.5542662 -0.758204 -0.3433886 0.7095469 -0.6488356 -0.2748737 0.5554254 -0.7809339 -0.2857357 0.7075917 -0.6634294 -0.24326 0.7075859 -0.6634383 -0.2432527 0.7089486 -0.674744 -0.2052131 0.7089461 -0.6747481 -0.2052083 0.7088165 -0.6779003 -0.1950138 0.7080715 -0.6866536 -0.1647476 0.7059698 -0.6939021 -0.1417976 0.7083776 -0.6933688 -0.1320641 0.7083702 -0.6933737 -0.1320778 0.7071023 -0.7012372 -0.09095573 0.7057802 -0.699877 -0.1097571 0.7073727 -0.7044975 -0.05750817 0.7073705 -0.7044978 -0.05753099 0.7060822 -0.7060256 -0.05455005 0.7079499 -0.7051402 -0.0398041 0.7084813 -0.7057297 7.57917e-5 0.7070202 -0.7070555 0.01397347 0.7069745 -0.7069655 0.01967298 0.70697 -0.7069713 0.01962411 0.7084802 -0.7025994 0.06640821 0.7061884 -0.7059273 0.05444961 0.7083621 -0.6995589 0.09402447 0.7083671 -0.6995491 0.09405928 0.7053142 -0.6993277 0.1160722 0.7061529 -0.6878098 0.1681243 0.706152 -0.6878089 0.1681316 0.7061563 -0.6878052 0.1681284 0.7069391 -0.6725278 0.2189604 0.7069374 -0.6725293 0.2189608 0.7066804 -0.6656711 0.2397602 0.7066855 -0.6656517 0.2397988 0.7077473 -0.6537364 0.2678107 0.7086565 -0.6513026 0.2713136 0.7083207 -0.6339424 0.3104816 0.7083222 -0.6339413 0.3104807 0.7059843 -0.6347467 0.3141382 0.7083401 -0.6067222 0.3607527 0.7075083 -0.598915 0.3751438 0.7075083 -0.5989027 0.3751634 0.7081906 -0.5791718 0.403765 0.7063719 -0.5737552 0.4145404 0.7083494 -0.5553923 0.4356381 0.7083582 -0.5553497 0.4356783 0.7061687 -0.5496222 0.4463646 0.7070192 -0.5369409 0.4602374 0.7079021 -0.5142387 0.484183 0.7079443 -0.5043868 0.4943774 0.7080481 -0.5043162 0.4943007 0.7076022 -0.4740043 0.5240412 0.7066284 -0.4533209 0.5433015 0.7066305 -0.4533195 0.5433 0.7083553 -0.4356565 0.5553703 0.706771 -0.4180479 0.5707108 0.7068976 -0.3931064 0.5880164 0.7069213 -0.393085 0.588002 0.7069092 -0.3930743 0.5880239 0.7066028 -0.3500108 0.6149837 0.7069637 -0.3715848 0.6017701 0.7081297 -0.3248537 0.6269151 0.7081322 -0.324823 0.6269281 0.7067251 -0.3034159 0.6391232 0.7082415 -0.2572742 0.6574222 0.7082371 -0.2572541 0.6574349 0.5553939 -0.3000166 0.7755822 0.3829132 -0.3334727 0.8614948 0.3817605 -0.2705555 0.8837753 0.3810184 -0.2036167 0.9018676 0.3839032 -0.1345083 0.9135239 0.1945986 -0.1434071 0.9703431 1.08331e-5 -0.1054762 0.9944218 4.14476e-5 -0.0733304 0.9973078 2.87592e-5 -1.84833e-6 1 1.48565e-5 0.07332646 0.9973081 -1.91587e-5 -1.28061e-7 1 -3.65963e-6 0.07332968 0.9973078 -5.19035e-5 0.0364921 0.999334 -4.81785e-7 0.1054543 0.9944242 -1.48169e-5 0.1054542 0.9944242 5.79807e-7 0.1102073 0.9939087 7.76327e-6 0.1467114 0.9891794 -3.84497e-6 0.1825041 0.9832051 1.20723e-7 0.2090582 0.9779032 -6.31134e-6 0.2090704 0.9779007 1.45952e-5 0.2198665 0.97553 1.35235e-5 0.2560254 0.96667 -1.56686e-5 0.2560242 0.9666705 -2.06903e-5 0.3080781 0.9513611 -0.194876 0.3219831 0.926472 -9.6783e-6 0.3259109 0.9454005 -9.90927e-6 0.3960937 0.9182101 -0.1945883 0.3891866 0.9003717 -1.15335e-5 0.4054222 0.9141296 -0.1960365 0.4515979 0.8704189 -7.30157e-6 0.4619336 0.8869146 -0.1965975 0.5142127 0.8348262 -3.58075e-5 0.4998684 0.8661014 -2.1942e-5 0.5251481 0.8510109 -1.06245e-5 0.5876834 0.8090911 -0.1961308 0.5760027 0.7935703 -2.00421e-6 0.6453236 0.7639095 -0.194386 0.6325104 0.7497631 -4.02331e-6 0.6688154 0.7434285 -0.1950431 0.687307 0.6996909 -4.59552e-5 0.7001562 0.7139897 -0.1946356 0.7383767 0.645691 -2.48663e-5 0.7434337 0.6688097 -4.32208e-5 0.7434281 0.668816 -6.78748e-6 0.7512079 0.6600658 -0.3828749 0.6931911 0.6106496 -0.3841143 0.7354969 0.5581223 -0.3833305 0.7763947 0.5002689 -0.5572786 0.6974776 0.4505171 -0.7054654 0.5967175 0.3824223 -0.7054914 0.5966923 0.3824139 -0.7083985 0.616994 0.3427684 -0.7083796 0.6169852 0.3428231 -0.707389 0.6295843 0.3212859 -0.7064905 0.6521318 0.2749464 -0.7064859 0.6521502 0.2749143 -0.7086931 0.6512481 0.2713487 -0.7076212 0.6634029 0.2432464 -0.7069472 0.6725195 0.2189594 -0.7079294 0.6768383 0.2018066 -0.8302658 0.5305398 0.1708405 -0.8313543 0.5404577 0.1294438 -0.7080735 0.686641 0.1647911 -0.8320125 0.5480361 0.08609181 -0.7101499 0.6921592 0.1288523 -0.7058202 0.6998424 0.1097208 -0.9239208 0.378077 0.05855065 -0.9240763 0.3811258 0.02874493 -0.9809841 0.1934018 0.01631045 -0.980668 0.1956794 0 -1 4.66183e-5 -5.20842e-6 -1 3.8445e-6 -8.67294e-6 -0.8650413 0.491061 -0.1027759 -0.8655985 0.4958181 -0.0700255 -0.8654416 0.4820603 -0.1364879 -0.8654405 0.4820541 -0.136516 -0.9202526 0.3763714 -0.1071437 -0.9300476 0.3491254 -0.1145558 -0.866651 0.4687052 -0.1709719 -0.8660418 0.4568805 -0.2030559 -0.865979 0.4569113 -0.2032544 -1 0 0 -1 1.56537e-5 -9.00403e-6 -1 2.39164e-6 -7.79703e-6 -0.9808609 0.1569369 -0.1152513 -0.980771 0.1474811 -0.127819 -0.9236084 0.2724848 -0.2696288 -0.8311629 0.3603113 -0.4234904 -0.7093766 0.4495792 -0.5428292 -0.8308181 0.3272312 -0.4501791 -0.7067828 0.4180555 -0.5706906 -0.8309177 0.290282 -0.4746708 -0.7095086 0.3893731 -0.5873552 -0.7069994 0.3715613 -0.6017426 -0.7081402 0.3248262 -0.6269175 -0.8313971 0.253414 -0.4945304 -0.7078472 0.2678222 -0.6536235 -0.7082439 0.2572352 -0.6574349 -0.7082437 0.2572599 -0.6574255 -0.7069246 0.2189688 -0.6725403 -0.706711 0.1882671 -0.6819935 -0.7066996 0.1882569 -0.6820082 -0.7080154 0.1649806 -0.6866555 -0.7075895 0.1548945 -0.6894381 -0.7070295 0.1128922 -0.6981151 -0.7070285 0.1128912 -0.6981163 -0.7070353 0.1128903 -0.6981096 -0.7073812 0.05750817 -0.704489 -0.7066255 0.03689718 -0.7066251 -0.7066256 0.03688937 -0.7066254 -0.7071045 -0.002764105 -0.7071037 -0.7071042 -0.002772748 -0.7071039 -0.7066261 -0.03687703 -0.7066256 -0.7066249 -0.03690665 -0.7066252 -0.7073953 -0.05750864 -0.7044748 -0.7062625 -0.1034305 -0.7003539 -0.7099661 -0.1128848 -0.6951297 -0.5552091 -0.1231976 -0.8225359 -0.5555403 -0.1851562 -0.8106123 -0.5550957 -0.24325 -0.7954233 -0.3829739 -0.3336117 -0.8614141 -0.1940214 -0.4233296 -0.8849564 -2.45571e-5 -0.4054102 -0.9141349 -4.36604e-6 -0.4304349 -0.9026216 -3.50848e-5 -0.4935577 -0.8697132 -0.1948282 -0.486028 -0.85195 -2.94671e-5 -0.4998823 -0.8660935 -0.1949353 -0.5482619 -0.8132706 -3.91453e-5 -0.5565832 -0.8307918 -1.67936e-5 -0.5876876 -0.8090881 -0.1936874 -0.6057145 -0.7717482 -8.59797e-6 -0.6183052 -0.7859382 -1.91331e-5 -0.6688139 -0.74343 -6.64251e-7 -0.6687988 -0.7434434 8.35583e-6 -0.6688196 -0.7434247 2.88908e-7 -0.6745693 -0.7382116 -2.27843e-5 -0.7001511 -0.7139948 4.98327e-6 -0.7275496 -0.6860552 9.39006e-7 -0.7434272 -0.668817 4.74676e-5 -0.743423 -0.6688215 3.06964e-6 -0.7512078 -0.6600658 0.1946506 -0.7383577 -0.6457082 0.3841263 -0.7354736 -0.5581448 0.383339 -0.7763923 -0.5002662 0.3843825 -0.8104513 -0.4420621 0.3832194 -0.841832 -0.3800814 0.383961 -0.8663209 -0.3194718 0.5538818 -0.8013632 -0.225903 0.7078926 -0.6768702 -0.2018286 0.5571068 -0.8131401 -0.1686275 0.7113367 -0.6903332 -0.1320614 0.556153 -0.8240677 -0.1077333 0.7070823 -0.7012571 -0.09095734 0.5541813 -0.8311897 -0.04479873 0.7102321 -0.7016142 -0.05751407 0.554654 -0.8319189 0.01643496 0.7097598 -0.7041699 0.01964282 0.5543969 -0.8286686 0.07715183 0.7084099 -0.7026613 0.06650149 0.556313 -0.8197413 0.1361624 0.7112699 -0.6965984 0.09405308 0.7052868 -0.6993569 0.1160629 0.7061215 -0.6878416 0.1681261 0.5562616 -0.8069192 0.1986315 0.5553919 -0.790781 0.2573038 0.7097181 -0.6624391 0.2397393 0.5550047 -0.770107 0.3144919 0.7078189 -0.6536479 0.2678372 0.7075625 -0.6365085 0.3069402 0.5555216 -0.7449958 0.3692925 0.5538129 -0.716319 0.4244744 0.7105116 -0.5954222 0.3750277 0.5566529 -0.6807306 0.4761759 0.7081902 -0.579171 0.4037669 0.5572763 -0.6417419 0.5268876 0.7083367 -0.5553902 0.4356616 0.555546 -0.603033 0.5724682 0.7079839 -0.5076522 0.4909666 0.555313 -0.5620902 0.6129292 0.7075912 -0.4740006 0.5240593 0.5563244 -0.5124943 0.6541047 0.7093462 -0.4496015 0.5428503 0.5554702 -0.4651339 0.6892774 0.7069008 -0.393105 0.5880134 0.5552077 -0.409788 0.723753 0.7065806 -0.3500275 0.6149997 0.5563309 -0.3545658 0.7515178 0.7111553 -0.3247539 0.6235327 0.7067921 -0.3033936 0.6390597 0.3822736 -0.3979159 0.8339844 0.1940339 -0.4233283 0.8849543 0.1949299 -0.3553207 0.9141934 0.1944268 -0.2858886 0.9383316 0.1955515 -0.216903 0.9564062 4.74006e-5 -0.2199087 0.9755205 2.61962e-5 -0.2090483 0.9779053 1.2964e-6 -0.1467154 0.9891788 4.65428e-6 -0.1467097 0.9891797 -2.63471e-6 -0.1054641 0.9944232 1.38953e-6 -0.1054654 0.994423 -3.68408e-6 -0.07332974 0.9973078 -5.19417e-5 -0.03649181 0.999334 9.84874e-6 2.85124e-7 1 -1.78143e-5 -4.61923e-6 1 -4.82127e-5 0.03649085 0.999334 -0.1945618 0.03793299 0.9801566 -2.89455e-5 0.1054661 0.994423 -0.1949653 0.1074892 0.9749024 -4.2215e-5 0.1101882 0.9939108 -5.54323e-6 0.1824996 0.983206 -0.1939758 0.1807913 0.9642034 -3.63812e-5 0.2090574 0.9779034 -0.1962712 0.2480681 0.9486517 -0.3816251 0.2366976 0.8934968 -0.3843027 0.3019766 0.8724228 -0.3809462 0.3653442 0.8493549 -0.3825129 0.4271652 0.8192764 -0.3819183 0.4854212 0.7864509 -0.3831423 0.5436531 0.7467553 -0.3823868 0.5967052 0.7054951 -0.3834809 0.6480315 0.6580255 -0.5556766 0.5827832 0.592948 -0.5548578 0.6259002 0.5480711 -0.5554607 0.6632136 0.5016087 -0.707417 0.5646401 0.4251386 -0.7112057 0.5755962 0.4035785 -0.7086177 0.5761814 0.4072788 -0.7086191 0.5761743 0.4072863 -0.7064253 0.6045897 0.3680146 -0.7064635 0.6045609 0.3679886 -0.7114736 0.6135109 0.3426512 -0.8313991 0.49452 0.2534278 -0.7074334 0.6295494 0.3212562 -0.7095825 0.6487975 0.2748718 -0.8320669 0.5120013 0.213353 -0.9246947 0.3509238 0.1476227 -0.9242094 0.3631169 0.1182511 -0.9241677 0.371367 0.0894472 -0.9806568 0.1904375 0.04523235 -0.9806524 0.193343 0.0306496 -1 3.09721e-5 1.03004e-6 -1 4.52772e-5 4.61005e-7 -0.8660802 0.4999052 3.48146e-5 -0.8660157 0.5000168 1.97997e-4 -0.8659999 0.4987735 -0.03562605 -0.8655976 0.4958196 -0.07002645 -0.9265194 0.3716854 -0.05841171 -0.9192866 0.3850877 -0.08136129 5.66244e-6 0.9778998 -0.2090742 1.46627e-5 0.9611657 -0.2759724 6.1363e-5 0.9513581 -0.3080875 2.74181e-5 0.9513602 -0.3080809 2.8789e-5 0.9400666 -0.3409911 -0.9191737 0.3704639 -0.1337029 -0.9200965 0.3573507 -0.1603842 -0.9271781 0.3333768 -0.1708821 -0.866261 0.4406499 -0.2354138 -0.8667625 0.4227433 -0.2645955 -0.8664717 0.3809868 -0.3226081 -0.8662604 0.4040405 -0.2938439 -0.8667548 0.4227594 -0.2645953 -1 3.53307e-5 -2.66619e-5 -1 2.64049e-5 -2.93925e-5 -0.9808517 0.1377121 -0.1377148 -0.9242444 0.2461726 -0.2918412 -0.9242655 0.2253432 -0.3081457 -0.9242729 0.1985116 -0.3260565 -0.9237781 0.1746098 -0.3408012 -0.8320322 0.2133264 -0.5120688 -0.7103965 0.253708 -0.6564825 -0.8311534 0.1740048 -0.5281161 -0.7069712 0.2189538 -0.6724961 -0.8312627 0.1293532 -0.5406202 -0.7116698 0.1848509 -0.6777584 -0.7080642 0.1647904 -0.6866507 -0.7070626 0.1128902 -0.6980819 -0.8320211 0.0860942 -0.5480227 -0.8312267 0.04471623 -0.5541325 -0.7094892 0.03688222 -0.7037505 -0.8308573 6.32039e-5 -0.5564856 -0.7071164 0.002765834 -0.7070919 -0.8312387 -0.04466944 -0.554118 -0.7094632 -0.03688794 -0.7037765 -0.7070327 -0.1128881 -0.6981124 -0.7070283 -0.1129044 -0.6981143 -0.707027 -0.1129124 -0.6981143 -0.7080004 -0.1648238 -0.6867086 -0.7076658 -0.154848 -0.6893702 -0.707605 -0.1548962 -0.6894218 -0.711629 -0.1848492 -0.6778016 -0.7069149 -0.2086621 -0.6758191 -0.7082282 -0.2572681 -0.657439 -0.7073341 -0.2537612 -0.6597604 -0.5553657 -0.3000258 -0.7755988 -0.3822063 -0.398055 -0.8339489 -0.3824335 -0.4563438 -0.803427 -0.3812226 -0.5180813 -0.7656769 -0.3812413 -0.5718575 -0.7263844 -0.1948775 -0.6618649 -0.7238492 -3.01152e-5 -0.674597 -0.7381862 -1.65626e-5 -0.7275483 -0.6860566 -0.1949885 -0.7118515 -0.67472 -6.4671e-6 -0.7434364 -0.6688067 -3.19281e-6 -0.7434383 -0.6688047 3.54936e-6 -0.7511969 -0.6600782 -3.13972e-5 -0.7762714 -0.6303989 2.15544e-5 -0.7977035 -0.6030499 -1.00001e-6 -0.8090901 -0.5876847 -1.78827e-5 -0.8201193 -0.5721926 0 -0.8090872 -0.5876885 4.28706e-5 -0.8090963 -0.5876762 2.17035e-5 -0.7976884 -0.60307 0.1966915 -0.7806824 -0.5931675 0.194117 -0.82498 -0.5307794 0.1939112 -0.8620097 -0.4683351 0.1957209 -0.8939464 -0.4031791 0.1965553 -0.9200313 -0.3389816 0.3817329 -0.8888251 -0.2535153 0.384105 -0.9040042 -0.1877229 0.3830085 -0.9160021 -0.1193509 0.3818593 -0.9228467 -0.05037361 0.3837594 -0.9232551 0.0181356 0.3826695 -0.9200462 0.08413732 0.3821456 -0.9113743 0.1528461 0.3814848 -0.8978047 0.2200365 0.3809643 -0.8798191 0.2842265 0.382246 -0.854735 0.3511638 0.3842673 -0.8257594 0.4128682 0.3840698 -0.7939941 0.4712364 0.3820697 -0.7576845 0.5290907 0.3818306 -0.7174885 0.5825939 0.3834418 -0.6709865 0.6346256 0.3831817 -0.6209927 0.6837689 0.3811853 -0.5718262 0.7264383 0.381224 -0.5180762 0.7656797 0.3823786 -0.4563829 0.8034309 0.1950456 -0.4859672 0.8519349 3.37288e-5 -0.4935548 0.8697147 1.23009e-5 -0.4304422 0.9026182 2.44305e-5 -0.4054111 0.9141345 9.93162e-6 -0.3621974 0.9321015 2.95714e-5 -0.3080884 0.9513579 2.79769e-5 -0.2904853 0.9568795 -8.24116e-6 -0.2904567 0.9568881 9.03446e-5 -0.2198146 0.9755417 1.41794e-5 -0.2560256 0.96667 -7.77468e-6 -0.2090749 0.9778997 1.15123e-6 -0.2090263 0.9779101 -1.48697e-5 -0.182521 0.983202 -7.255e-6 -0.1102043 0.993909 -2.06232e-5 -0.1101856 0.9939111 -3.53903e-5 -0.1054639 0.9944232 -0.1950077 -0.1074882 0.9748941 -0.1945896 -0.03795808 0.9801501 -4.71622e-5 -0.03649133 0.999334 -0.3830139 -0.03412395 0.9231121 -0.3829034 0.03409773 0.9231589 -0.3821254 0.1044599 0.9181875 -0.3827643 0.1685425 0.908342 -0.5550159 0.1522432 0.8177893 -0.5568673 0.2122917 0.8030138 -0.5554375 0.2714692 0.7859985 -0.5546427 0.328943 0.7643089 -0.5546497 0.3840301 0.7381631 -0.5558729 0.4393721 0.7056611 -0.5545166 0.4906494 0.6721418 -0.5546672 0.5373928 0.6352585 -0.7068303 0.4567823 0.5401305 -0.7106056 0.4770884 0.5171329 -0.7080476 0.4943009 0.5043167 -0.7073303 0.5305333 0.4671386 -0.7073353 0.5305325 0.4671319 -0.7073546 0.5305236 0.4671128 -0.7074114 0.5646302 0.4251611 -0.7070214 0.536941 0.4602338 -0.7063898 0.5737332 0.4145405 -0.7082185 0.5791485 0.4037494 -0.8308385 0.4500854 0.327308 -0.8308028 0.4747617 0.2904621 -0.9242849 0.326051 0.1984651 -0.9237943 0.340773 0.1745797 -0.9806295 0.175195 0.08759444 -0.9810235 0.1788329 0.07491141 -0.9809652 0.184693 0.05996501 -1 2.39536e-5 1.69128e-6 -1 4.81382e-5 3.74578e-6 -1 0 0 -0.8655682 0.4958793 0.06996703 -0.8656101 0.4957973 0.07003039 -0.8660119 0.4987531 0.03562158 -0.8661007 0.4998697 -2.24716e-6 -0.9192324 0.3928434 0.02618992 -0.9195414 0.3929931 -1.84379e-6 -0.9192416 0.3928221 -0.02618551 -0.9196153 0.3891854 -0.0533151 1.25766e-5 0.9902626 -0.139212 5.71609e-5 0.9876344 -0.1567752 2.79397e-5 0.9876357 -0.1567671 -1 -1.84426e-7 0 -0.9788317 0.2019465 -0.03326171 -1 2.3216e-5 -2.5928e-6 -0.9790271 0.1953366 -0.05787646 -0.9787256 0.1635417 -0.1238963 -0.9786612 0.1774901 -0.1035359 -1 4.15519e-5 -1.36346e-5 -1 1.37538e-5 -5.98654e-6 -0.9788721 0.1879773 -0.08046126 -1 4.2446e-5 -9.58145e-6 -1 -5.26969e-7 0 -1 2.65911e-5 6.61332e-6 -0.9791734 0.202812 -0.009322047 -0.9156383 0.4016987 -0.01564836 -0.9159637 0.396018 -0.0646553 -0.9153533 0.3871587 -0.1106191 -0.9154082 0.3701285 -0.1582173 -0.915001 0.3499401 -0.2007866 -0.9162601 0.3208141 -0.2398872 -0.9152971 0.2905625 -0.2789348 -0.9158547 0.2550376 -0.3101067 -0.9786451 0.1490294 -0.1415769 -1 4.10303e-5 -2.46465e-5 -1 -3.02889e-7 0 -1 1.06052e-6 0 -1 2.25455e-5 -2.18414e-5 -1 3.57926e-5 -1.2299e-5 -0.968307 0.2364397 -0.08048498 -0.874169 0.4604077 -0.1544453 -0.9679191 0.246844 -0.04691338 -1 3.05325e-5 -4.85592e-6 -0.9686017 0.2481973 -0.0144543 -1 2.60472e-5 -2.63564e-6 -1 3.02621e-7 0 -1 5.33041e-7 0 -1 3.09795e-5 1.14772e-5 -0.9787936 0.2041893 0.01642817 -0.9155172 0.4010313 0.03166049 -0.9788464 0.2005311 0.04058498 -0.9165112 0.3916016 0.08158063 -0.8134276 0.5696834 0.1174584 -0.8147132 0.5778802 0.04792577 -0.8125894 0.5824143 -0.02218747 -0.8139429 0.5735038 -0.0926851 -0.8135781 0.5583987 -0.1621156 -0.8143525 0.533605 -0.2282452 -0.8143994 0.5030695 -0.2892659 -0.8127604 0.4653158 -0.3505734 -0.8132258 0.4194306 -0.4034128 -0.8140302 0.3671042 -0.4500993 -0.8132157 0.3132658 -0.4904536 -0.9154311 0.2158887 -0.3396734 -0.8139932 0.2485301 -0.5250219 -0.9152052 0.1733698 -0.363789 -0.812981 0.1850475 -0.5521045 -0.8134284 0.1174576 -0.5696825 -0.9158956 0.1252689 -0.38137 -0.9785032 0.08828383 -0.1863802 -0.9786278 0.1112005 -0.1729806 -0.9789009 0.1288542 -0.1585868 -1 3.03239e-5 -2.16514e-5 -1 3.00363e-7 0 -1 1.80304e-5 -3.33562e-5 -1 3.32445e-5 -2.1264e-5 -0.9680876 0.2085179 -0.1390209 -0.9683713 0.2241691 -0.1095679 -0.874154 0.4355637 -0.2148002 -0.7249112 0.6186366 -0.3029727 -0.5644284 0.7768871 -0.279047 -0.7249718 0.6531141 -0.2187643 -0.8744256 0.476689 -0.09026485 -0.8755056 0.4824475 -0.02710437 -0.9682351 0.2492904 0.01936507 -1 3.6478e-5 5.60284e-6 -1 6.05576e-7 0 -1 -5.32062e-7 0 -1 2.45422e-5 1.22748e-5 -1 4.61638e-5 2.25361e-5 -0.9788542 0.1938185 0.06541216 -0.9165304 0.3788787 0.1281527 -0.8129894 0.5520935 0.1850441 -0.9152076 0.3637849 0.1733662 -0.8139912 0.5248336 0.2489337 -0.8127586 0.4933318 0.3099151 -0.8127599 0.4933333 0.3099094 -0.8139755 0.5250442 0.2485408 -0.8129988 0.5520809 0.1850401 -0.813436 0.5696706 0.1174618 -0.8147063 0.5778898 0.04792892 -0.8126044 0.5823931 -0.02218937 -0.813942 0.5735045 -0.0926879 -0.8136 0.5583691 -0.1621083 -0.8143464 0.5336146 -0.2282443 -0.8143908 0.5030826 -0.2892674 -0.812754 0.465319 -0.3505841 -0.8132365 0.4194163 -0.4034062 -0.8140207 0.3671123 -0.4501101 -0.8132296 0.3132514 -0.4904399 -0.8139797 0.2485415 -0.5250374 -0.8129947 0.1850405 -0.5520867 -0.813419 0.1174682 -0.5696938 -0.8134742 0.04503768 -0.5798547 -0.8134742 0.04503768 -0.5798547 -0.8138706 -0.02498763 -0.5805087 -0.8139294 -0.09269249 -0.5735217 -0.8138756 -0.02499574 -0.5805015 -0.9155187 0.03165566 -0.4010282 -0.915733 0.07879805 -0.3939847 -0.9788582 0.06540584 -0.1938006 -1 2.43336e-5 -4.69163e-5 -1 1.10902e-5 -1.48937e-5 -1 3.42727e-5 -2.94521e-5 -1 -1.07138e-6 0 -1 3.00191e-7 0 -1 2.0057e-5 -3.47942e-5 -0.9679177 0.1889365 -0.1656458 -0.8751221 0.3628488 -0.3201596 -0.8748366 0.4025934 -0.2694058 -0.7268141 0.5689371 -0.3847751 -0.5309726 0.7045495 -0.4708272 -0.5997591 0.6924982 -0.4009183 -0.531453 0.7596004 -0.3749203 -0.5313954 0.7596486 -0.374904 -0.5312403 0.7968547 -0.2877613 -0.5312225 0.7968698 -0.287752 -0.5305017 0.8035535 -0.2699442 -0.53086 0.8320203 -0.1610283 -0.7247721 0.6768467 -0.1287788 -0.7234959 0.6893322 -0.03708046 -0.8744114 0.4836751 0.03825432 -0.9680887 0.2451527 0.05200457 -1 5.12153e-5 6.25104e-6 -1 1.06401e-6 0 -1 5.34321e-7 0 -1 1.97142e-5 1.41338e-5 -0.9785081 0.1863594 0.0882734 -0.9784675 0.175443 0.1087251 -0.9154314 0.3396697 0.2158937 -0.9158512 0.3101119 0.2550436 -0.8140401 0.450088 0.3670962 -0.8140243 0.4503857 0.3667659 -0.8132547 0.4033902 0.4193962 -0.8132389 0.4031276 0.4196794 -0.9153968 0.2037236 0.3471966 -0.8127384 0.3505921 0.4653404 -0.9162639 0.2398848 0.3208051 -0.9152949 0.2789394 0.2905654 -0.9158613 0.3100917 0.255032 -0.91543 0.3396731 0.2158939 -0.9151985 0.3638029 0.1733754 -0.916541 0.3788567 0.1281411 -0.9165132 0.3915973 0.08158069 -0.9155237 0.4010165 0.03165894 -0.9156269 0.4017245 -0.01565164 -0.915964 0.3960171 -0.06465655 -0.9153511 0.3871651 -0.1106157 -0.915419 0.3701049 -0.1582105 -0.9150146 0.3499133 -0.200771 -0.9162696 0.320788 -0.2398861 -0.9152965 0.2905617 -0.2789378 -0.915845 0.2550539 -0.3101217 -0.9154348 0.2158862 -0.3396652 -0.915211 0.1733638 -0.3637772 -0.9158957 0.1252715 -0.381369 -0.9157287 0.07880127 -0.3939941 -0.9155159 0.03166425 -0.4010337 -0.9156213 -0.01565223 -0.4017372 -0.9159706 -0.06465244 -0.3960024 -0.8135945 -0.162104 -0.5583783 -0.9153615 -0.1106109 -0.3871417 -0.9154116 -0.1582202 -0.370119 -0.814341 -0.2282544 -0.5336185 -0.8135975 -0.1621106 -0.558372 -0.8139377 -0.09269028 -0.5735102 -0.9156226 -0.01565533 -0.4017339 -0.9787928 0.01642811 -0.2041933 -0.9788428 0.04058635 -0.2005482 -1 1.34148e-5 -2.40058e-5 -1 2.12439e-6 0 -1 -1.20908e-6 0 -1 2.12698e-6 0 -1 -6.04691e-7 0 -1 -2.14168e-6 0 -1 9.04214e-7 0 -1 3.27826e-5 -4.20064e-5 -0.9679246 0.165628 -0.1889165 -0.8750119 0.3170533 -0.3658297 -0.7266151 0.447947 -0.5209357 -0.7241411 0.5181946 -0.455076 -0.5306031 0.6353847 -0.5610229 -0.5647429 0.6289782 -0.5342771 -0.5299804 0.6481266 -0.5468571 -0.5309272 0.7045756 -0.4708393 -0.5283236 0.7363576 -0.4226722 -0.5283249 0.7363609 -0.4226647 -1 2.19384e-7 0 -1 -3.65743e-7 0 4.54485e-5 0.8917909 -0.4524477 2.55406e-5 0.9141312 -0.4054187 3.84301e-5 0.8917863 -0.4524568 -3.93391e-6 0.883576 -0.4682879 -0.9197837 0.3463365 -0.1845241 -0.9201093 0.3314859 -0.2086046 -0.9194773 0.3189399 -0.2298672 -0.9196367 0.2998362 -0.253706 -0.8654584 0.360351 -0.3480358 -0.866462 0.3810013 -0.3226171 -1 0 0 -1 -1.25915e-6 -6.86944e-6 -0.9807757 0.1278092 -0.1474583 -0.9808521 0.1152672 -0.1569796 -0.9807028 0.102731 -0.1663378 -0.9808253 0.0900529 -0.1728362 -0.9241495 0.1448059 -0.3535239 -0.924206 0.1182851 -0.3631144 -0.9241782 0.08940809 -0.3713503 -0.9239127 0.05867004 -0.3780787 -0.9240829 0.02878105 -0.3811069 -0.9235323 2.11018e-4 -0.3835207 -0.924086 -0.02885144 -0.3810942 -0.8320146 -0.08610218 -0.5480311 -0.7070577 -0.1128863 -0.6980875 -0.8313165 -0.1293039 -0.5405493 -0.7080641 -0.1648012 -0.6866483 -0.7116842 -0.1848423 -0.6777455 -0.706696 -0.1882667 -0.6820092 -0.7067055 -0.1882245 -0.682011 -0.7069634 -0.2189358 -0.6725101 -0.7082428 -0.2572602 -0.6574262 -0.7082433 -0.2572351 -0.6574356 -0.7078316 -0.2678266 -0.6536386 -0.706725 -0.303416 -0.6391233 -0.7068008 -0.3033917 -0.639051 -0.5562907 -0.3546504 -0.7515078 -0.555187 -0.4098335 -0.7237431 -0.5554533 -0.4651075 -0.689309 -0.5563005 -0.5125089 -0.6541135 -0.3831769 -0.620996 -0.6837686 -0.3834052 -0.6709949 -0.6346388 -0.1936371 -0.760833 -0.619385 -3.11956e-5 -0.7762823 -0.6303856 -0.1955428 -0.8035607 -0.5621861 -1.06767e-5 -0.8090911 -0.5876834 -3.52189e-5 -0.8201293 -0.5721783 -3.51518e-5 -0.8605526 -0.5093616 -3.37325e-6 -0.8605516 -0.5093632 -4.76721e-6 -0.841091 -0.5408938 2.90126e-5 -0.8410902 -0.5408949 2.59802e-5 -0.8660919 -0.4998849 2.56002e-5 -0.878502 -0.4777387 2.55182e-5 -0.9113373 -0.4116605 6.73532e-6 -0.9141322 -0.405416 3.46079e-5 -0.9389864 -0.3439544 4.12762e-5 -0.9513592 -0.3080841 8.78423e-6 -0.961979 -0.2731237 0.1953291 -0.9437206 -0.2669045 0.1962583 -0.9601632 -0.1989207 0.1949598 -0.972568 -0.1268948 0.1948354 -0.9792753 -0.05530893 0.1965142 -0.9803224 0.01871621 0.1952427 -0.9764764 0.09151071 0.1945248 -0.9672049 0.1633247 0.1943909 -0.9530487 0.2321863 0.1960791 -0.9327428 0.3025621 0.1964513 -0.9069414 0.3726451 0.1951078 -0.8778238 0.4374454 0.1957301 -0.843505 0.5001891 0.1955507 -0.803563 0.5621801 0.1940868 -0.7608807 0.6191857 0.1950095 -0.7118861 0.6746775 0.1948934 -0.6618949 0.7238175 0.1937203 -0.6057105 0.7717431 0.1949416 -0.5482838 0.8132544 2.81259e-5 -0.4998822 0.8660934 1.5942e-4 -0.4998924 0.8660875 8.68824e-5 -0.4935675 0.8697076 -2.51508e-5 -0.4998553 0.866109 -9.51718e-6 -0.4619349 0.8869138 -2.08048e-5 -0.4304569 0.9026111 -3.78059e-7 -0.4054363 0.9141233 -1.49966e-6 -0.4054228 0.9141293 9.37143e-7 -0.3960925 0.9182107 -5.84172e-7 -0.3622019 0.9320998 -4.26689e-5 -0.3258821 0.9454104 -5.80912e-7 -0.3080797 0.9513607 -7.38539e-7 -0.3080858 0.9513586 -3.84077e-5 -0.3080722 0.951363 -1.03116e-5 -0.2560223 0.9666709 -0.1962659 -0.2480728 0.9486515 -0.1939329 -0.1807831 0.9642135 -3.3088e-5 -0.2090612 0.9779026 -4.0397e-5 -0.1825004 0.9832059 -0.3827719 -0.1685031 0.908346 -0.3821395 -0.1044375 0.9181842 -0.5569022 -0.09231609 0.8254319 -0.5540267 -0.03080475 0.8319289 -0.5543994 0.03051954 0.831691 -0.5569602 0.09234666 0.8253894 -0.707817 0.07865422 0.7020034 -0.7071578 0.1288539 0.6952155 -0.7112548 0.1483238 0.6871076 -0.7075402 0.1815105 0.6829648 -0.7079061 0.222405 0.6703768 -0.7068277 0.2293475 0.6691744 -0.7073114 0.2784621 0.6497458 -0.709785 0.2890785 0.6423698 -0.7081249 0.324836 0.6269295 -0.7108185 0.3570472 0.6060152 -0.7069665 0.3715851 0.6017666 -0.7067279 0.4180927 0.5707314 -0.7097298 0.4178935 0.5671409 -0.7071032 0.4216146 0.5676674 -0.7068892 0.4567408 0.5400884 -0.7070358 0.4601387 0.5370035 -0.7077176 0.4774309 0.5207644 -0.7077434 0.4773398 0.5208129 -0.7080582 0.4976819 0.5009654 -0.7073565 0.5304942 0.4671431 -0.710118 0.5300837 0.4634047 -0.8311732 0.4234411 0.3603456 -0.9243615 0.2890814 0.2489737 -0.9242542 0.3081728 0.2253521 -0.9808582 0.1569496 0.1152563 -0.9807022 0.166343 0.1027299 -1 1.90511e-5 8.07271e-6 -1 2.04295e-5 9.54792e-6 -1 2.26274e-5 8.49366e-7 -1 1.60408e-7 0 -1 0 0 -0.8654456 0.4820533 0.1364865 -0.865427 0.4820844 0.1364948 -0.8650482 0.4910481 0.1027784 -0.9192894 0.3850823 0.0813564 -0.9265219 0.3716788 0.05841279 -0.9196143 0.3891877 0.05331647 1.45137e-5 0.9902588 0.1392387 -6.38366e-5 0.9976258 0.06886845 -3.05641e-5 1 1.47069e-6 0 1 7.11953e-5 -4.97997e-5 0.9976206 -0.06894415 -1 0 0 -0.5301816 0.8365076 -0.1384292 -0.5301795 0.8365079 -0.1384354 -0.5687422 0.8116424 -0.1333005 -0.5294116 0.8470413 -0.04737579 -0.5991016 0.800597 0.01103866 -0.7258403 0.6857001 0.05450934 -0.8744983 0.4741371 0.1022098 -0.9683275 0.2345052 0.08572793 -1 3.40492e-5 6.81728e-6 -0.9681829 0.2222617 0.1149853 -1 3.03686e-5 1.65254e-5 -1 -5.37887e-7 0 -1 1.14813e-5 1.52737e-5 -1 1.88872e-5 1.67862e-5 -0.9789002 0.1585907 0.1288543 -0.9786477 0.1415705 0.1490193 -0.9153053 0.2792165 0.2902665 -0.9162561 0.2398983 0.3208171 -0.8127539 0.350582 0.465321 -0.8143827 0.2892835 0.5030866 -0.8143967 0.289266 0.503074 -0.9154229 0.158209 0.3700957 -0.9787031 0.05544066 0.1976527 -0.9788685 0.08055132 0.1879573 -0.9786611 0.1035348 0.1774911 -0.9787303 0.1238804 0.1635262 -0.9786424 0.1415861 0.149039 -0.9788972 0.1586011 0.1288647 -0.9784756 0.1754078 0.1087086 -0.9785086 0.1863558 0.08827459 -0.978855 0.1938152 0.06541103 -0.9788462 0.2005318 0.04058682 -0.9787881 0.2042151 0.01643109 -0.9791736 0.202811 -0.009323596 -0.9788346 0.2019321 -0.03325974 -0.9790309 0.1953188 -0.0578711 -0.9788712 0.1879445 -0.08054804 -0.9786629 0.1774829 -0.1035322 -0.9787263 0.1635411 -0.1238924 -0.9786438 0.1490339 -0.1415814 -0.9788986 0.1288607 -0.1585955 -0.9786272 0.1112024 -0.1729829 -0.9785094 0.08827233 -0.1863534 -0.9788535 0.06541562 -0.1938219 -0.9788492 0.0405839 -0.2005174 -0.9787906 0.01642996 -0.2042036 -0.9787297 -0.006993412 -0.2050349 -0.9788366 -0.03325754 -0.2019231 -0.9786972 -0.0554471 -0.1976804 -0.9788671 -0.08055478 -0.1879637 -0.9786677 -0.103519 -0.177464 -0.9153883 -0.2037352 -0.3472121 -0.8143874 -0.2892718 -0.5030856 -0.8143405 -0.2282577 -0.533618 -0.9153501 -0.1106213 -0.3871656 -0.9159668 -0.0646547 -0.3960109 -0.9787266 -0.006991922 -0.2050495 -1 9.61311e-6 -1.53184e-5 -1 1.67172e-5 -4.31538e-5 -1 1.5144e-7 0 -1 9.5889e-6 -3.12328e-5 -1 3.70294e-6 -3.94285e-5 -0.9682658 0.07526373 -0.2383206 -0.9680564 0.1069997 -0.2267553 -1 2.70084e-5 -4.24385e-5 -0.9680841 0.1390157 -0.2085375 -0.8744357 0.2662897 -0.405527 -0.7258936 0.3777285 -0.574804 -0.5709499 0.520242 -0.6351099 -0.5303142 0.5539627 -0.6417884 -0.5299798 0.6481332 -0.54685 -1 2.21925e-7 0 -1.64211e-5 0.8090896 -0.5876855 -5.44489e-5 0.8470769 -0.5314705 0 0.8091086 -0.5876592 -3.47197e-5 0.7663686 -0.6424012 -6.55651e-7 0.7194696 -0.694524 -0.9200937 0.2826783 -0.2711468 -0.9269727 0.2652562 -0.2652562 -0.8652007 0.3356068 -0.3725531 -0.8657169 0.3100498 -0.3929419 -0.8651977 0.3356097 -0.3725576 -1 0 0 -1 -3.34531e-6 -6.54906e-6 -1 1.31354e-5 -2.76417e-5 -1 6.63102e-6 -2.66805e-5 -1 -5.62519e-7 -1.31503e-5 -0.9807711 0.07249939 -0.1811959 -0.9809632 0.05996865 -0.1847027 -0.9806659 0.04521483 -0.1903947 -0.9806593 0.03064614 -0.1933088 -0.9809787 0.01630699 -0.1934298 -0.9806706 0 -0.1956661 -0.9809844 -0.01631093 -0.1934001 -0.9239147 -0.05858963 -0.378086 -0.9241425 -0.08941781 -0.3714365 -0.8311548 -0.1740132 -0.5281109 -0.7069612 -0.2189586 -0.6725051 -0.8320478 -0.2133442 -0.5120361 -0.7104152 -0.2537022 -0.6564645 -0.7074545 -0.3212545 -0.6295267 -0.7081297 -0.3248537 -0.6269149 -0.7111648 -0.3247486 -0.6235247 -0.7065582 -0.3500409 -0.6150178 -0.7069001 -0.3931073 -0.5880128 -0.7069164 -0.3930949 -0.5880014 -0.7083433 -0.4356638 -0.5553799 -0.7093454 -0.4496046 -0.5428488 -0.70761 -0.473984 -0.5240491 -0.5553014 -0.5620909 -0.612939 -0.5555311 -0.6030436 -0.5724716 -0.3817828 -0.7175345 -0.5825686 -0.3821545 -0.7576834 -0.529031 -0.1957982 -0.8435355 -0.5001111 -1.52066e-5 -0.8660953 -0.499879 3.33274e-6 -0.8661036 -0.4998647 -1.09535e-6 -0.8661028 -0.4998661 2.3558e-5 -0.8784949 -0.4777518 -2.01757e-5 -0.8949536 -0.4461594 2.56084e-5 -0.9113283 -0.4116807 -1.8538e-5 -0.9141219 -0.4054394 0 -0.9141298 -0.4054219 -7.9521e-6 -0.9259917 -0.3775439 1.61515e-5 -0.9389855 -0.3439569 1.12131e-5 -0.9513608 -0.3080791 2.33022e-5 -0.9513587 -0.3080857 -7.54837e-6 -0.9619793 -0.2731227 9.20449e-6 -0.9709711 -0.239197 -4.62122e-6 -0.9779006 -0.2090702 3.46303e-5 -0.9779025 -0.2090614 7.87526e-6 -0.9795902 -0.2010052 4.0099e-5 -0.991588 -0.1294351 1.58101e-5 -0.9944235 -0.1054608 1.22264e-5 -0.9984478 -0.05569493 2.61441e-5 -1 -2.12954e-6 3.09497e-5 -0.9998393 0.01792919 2.82526e-5 -0.9958056 0.09149461 3.65004e-5 -0.9944214 0.1054813 3.0987e-5 -0.9863934 0.1644024 1.91554e-5 -0.9779053 0.2090486 3.5435e-5 -0.9709728 0.2391903 7.43568e-6 -0.9513593 0.3080836 3.31998e-5 -0.9259925 0.377542 1.94237e-5 -0.9141277 0.4054264 4.43459e-5 -0.8949529 0.4461607 1.54376e-5 -0.866096 0.4998777 3.69698e-5 -0.860553 0.5093612 3.73274e-5 -0.8201292 0.5721786 1.47074e-5 -0.809086 0.5876904 2.95192e-5 -0.776282 0.6303859 6.482e-6 -0.7434366 0.6688064 1.38208e-5 -0.7275491 0.6860557 2.74852e-5 -0.6745946 0.7381884 1.48118e-5 -0.6688131 0.7434306 1.29417e-5 -0.6183058 0.7859378 2.36258e-5 -0.587683 0.8090913 4.17754e-5 -0.5565771 0.830796 1.95026e-5 -0.5565821 0.8307927 6.04545e-6 -0.525147 0.8510115 -6.07967e-6 -0.5251535 0.8510076 -4.85554e-5 -0.4998696 0.8661007 -0.196572 -0.5142266 0.8348238 -0.1960045 -0.4516271 0.8704109 -3.74764e-5 -0.4619322 0.8869153 -0.1945979 -0.3891931 0.9003669 -4.45768e-5 -0.4054203 0.9141305 -9.92417e-6 -0.4054204 0.9141304 -4.66406e-5 -0.3960875 0.9182128 -2.43187e-5 -0.3259162 0.9453986 -0.1949033 -0.3220075 0.9264577 -0.3843188 -0.3019456 0.8724265 -0.3816353 -0.2366932 0.8934937 -0.5568599 -0.2122976 0.8030172 -0.5549969 -0.1523005 0.8177915 -0.707174 -0.1288585 0.6951982 -0.7078241 -0.07864671 0.7019971 -0.7081272 -0.07255613 0.7023472 -0.7068588 -0.02534395 0.7069005 -0.7112364 5.28935e-6 0.7029529 -0.7068575 0.02535539 0.7069014 -0.7081337 0.07255411 0.7023409 -0.7065362 0.07559835 0.7036274 -0.7065421 0.07561266 0.7036199 -0.7070231 0.1128941 0.6981213 -0.7064713 0.151615 0.6913112 -0.7064735 0.151597 0.6913129 -0.7080471 0.1648011 0.6866658 -0.7075068 0.1814982 0.6830027 -0.7069505 0.2189579 0.6725165 -0.7079337 0.2223929 0.6703516 -0.707935 0.2224134 0.6703434 -0.7078387 0.2678458 0.6536231 -0.7075448 0.2926905 0.6432049 -0.707542 0.2926586 0.6432226 -0.7074794 0.3212459 0.6295031 -0.7081226 0.3248506 0.6269247 -0.7077858 0.3571684 0.6094835 -0.7077869 0.3571792 0.6094758 -0.7069904 0.371572 0.6017466 -0.7067703 0.4180637 0.5707002 -0.7071021 0.4216097 0.5676724 -0.7097659 0.4178749 0.5671092 -0.7070279 0.4602318 0.5369342 -0.8311677 0.3602988 0.4234917 -0.7106298 0.4770763 0.5171107 -0.831962 0.3923225 0.3923295 -0.7080835 0.4976397 0.5009718 -0.9236146 0.2724592 0.2696332 -0.9808681 0.1376552 0.1376551 -0.9807676 0.1474982 0.1278254 -1 4.96954e-6 2.5928e-6 -1 2.19718e-5 8.55327e-6 -1 1.61212e-7 0 -1 -1.34672e-7 0 -0.8660367 0.4567743 0.2033174 -0.866021 0.4569123 0.2030734 -0.8666543 0.4686982 0.1709744 -0.9191762 0.3704583 0.1337003 -0.9300447 0.3491322 0.1145589 -0.9202665 0.3763411 0.1071313 4.50611e-5 0.9611675 0.2759661 -2.0206e-5 0.9779052 0.2090488 5.35399e-5 0.9876324 0.1567876 5.56409e-5 0.9876339 0.1567776 -1 0 0 -0.5311858 0.8471459 0.01362961 -0.5293942 0.847052 -0.04738008 -0.5311768 0.8471516 0.01361852 -0.5298956 0.8455812 0.06483119 -0.5299168 0.8455686 0.06482422 -0.5607523 0.8125908 0.1589123 -0.7248249 0.6735078 0.1449698 -0.8746185 0.4563005 0.1638053 -0.8739829 0.4310016 0.2244811 -0.9684002 0.2034674 0.1442292 -1 3.94881e-5 3.50326e-5 -1 2.16034e-6 0 -1 2.63856e-7 0 -1 8.01682e-6 1.67266e-5 -1 3.02568e-5 4.24236e-5 -0.9787214 0.1237972 0.1636425 -0.9786581 0.1035447 0.1775016 -0.9153865 0.2037399 0.3472139 -0.9154127 0.1582179 0.3701173 -0.8143258 0.2282614 0.5336387 -0.8143207 0.2282667 0.5336441 -0.9153582 0.1106173 0.3871476 -0.9788342 0.03326034 0.2019344 -0.9159707 0.06465226 0.3960022 -0.9787294 0.006990253 0.2050366 -0.9156336 0.0156551 0.4017091 -0.9787887 -0.01642942 0.2042126 -1 -2.20351e-6 5.11855e-5 -1 3.52785e-6 1.29491e-5 -1 8.7237e-6 2.16141e-5 -1 9.13534e-6 2.26945e-5 -1 9.60939e-6 3.1665e-5 -1 8.55699e-6 8.88854e-6 -1 9.11206e-6 9.45479e-6 -1 2.6688e-5 1.51768e-5 -1 3.58075e-5 3.65302e-5 -1 3.3848e-5 2.49818e-5 -1 4.44278e-5 2.65464e-5 -1 3.18661e-5 1.02632e-5 -1 2.70903e-5 2.38046e-6 -1 3.92199e-5 -2.01911e-6 -1 1.16602e-5 -9.8832e-6 -1 4.59924e-5 -5.13415e-6 -1 4.24236e-5 -1.07279e-5 -1 2.78875e-5 -9.19402e-6 -1 3.9719e-5 -1.70283e-5 -1 1.97813e-5 -1.5527e-5 -1 1.81198e-5 -1.83806e-5 -1 7.27922e-6 -1.93566e-5 -1 2.00644e-5 -2.66954e-5 -1 2.89828e-6 -1.06692e-5 -1 1.23195e-5 -2.9929e-5 -1 3.37139e-6 -2.60323e-5 -1 -3.72529e-7 -4.34145e-5 -1 1.2964e-6 -1.0401e-5 -1 -1.014e-5 -1.72853e-5 -1 -1.18483e-5 -2.65315e-5 -1 -7.95349e-6 -4.24683e-6 -1 -2.58759e-5 -4.57168e-5 -1 -1.54674e-5 -2.28062e-5 -1 -2.83197e-5 -3.20897e-5 -0.9787303 -0.1238805 -0.1635255 -0.9162495 -0.2399009 -0.3208341 -0.8127554 -0.3505823 -0.465318 -0.814386 -0.289278 -0.5030842 -0.915408 -0.1582229 -0.3701266 -0.9787001 -0.05544394 -0.1976664 -0.9788313 -0.03326159 -0.2019478 -1 7.00355e-6 -1.57133e-5 -1 2.27202e-7 0 -1 5.1558e-6 -6.50287e-5 -0.9681606 0.0443452 -0.2463709 -0.8743368 0.08434265 -0.4779347 -0.8744501 0.1481635 -0.4619358 -0.8748095 0.2082888 -0.4374064 -0.7263956 0.2957454 -0.6203903 -0.5300731 0.3674581 -0.7641971 -0.60083 0.3862512 -0.6998667 -0.5301027 0.4633941 -0.7101106 -0.5300673 0.4634309 -0.7101131 -0.5295925 0.539715 -0.6544001 -0.5296056 0.5397061 -0.6543968 -1 -3.75933e-7 0 4.17829e-5 0.7084839 -0.7057271 5.64754e-5 0.7084848 -0.7057261 3.5733e-5 0.668794 -0.7434478 -0.9199414 0.2624285 -0.2912718 -0.9202893 0.2415869 -0.3077393 -0.929599 0.214766 -0.2995353 -0.866474 0.2776247 -0.4149063 -0.8664099 0.2483943 -0.4331676 -0.8664557 0.2776596 -0.4149212 -1 -2.69031e-7 0 -1 3.21575e-7 0 -1 -3.22008e-7 0 -1 1.21067e-7 0 -1 6.89924e-6 -3.81768e-5 -1 9.52557e-6 -4.8846e-5 -1 8.02241e-6 -4.84586e-5 -1 2.42703e-6 -2.6837e-5 -1 6.49132e-7 -4.67896e-5 -1 -2.09268e-6 -4.41596e-5 -1 -1.35368e-6 -1.73599e-6 -0.980662 -0.03064435 -0.1932954 -0.9806584 -0.04522895 -0.1904298 -0.9242147 -0.1182785 -0.3630941 -0.9241523 -0.1447857 -0.3535249 -0.831398 -0.2534211 -0.4945251 -0.7081639 -0.3248264 -0.6268906 -0.7081329 -0.3248242 -0.6269267 -0.7069634 -0.3715852 -0.6017702 -0.7066034 -0.3500105 -0.6149833 -0.70692 -0.3931059 -0.5879898 -0.7069222 -0.3930844 -0.5880015 -0.706771 -0.418048 -0.5707107 -0.7066308 -0.4533203 -0.543299 -0.7066281 -0.4533215 -0.5433015 -0.7070237 -0.4602288 -0.5369421 -0.7076022 -0.4740045 -0.5240411 -0.7080869 -0.4976387 -0.5009678 -0.7080484 -0.5043165 -0.4943 -0.708003 -0.5076378 -0.4909539 -0.7078887 -0.5142449 -0.4841963 -0.7083395 -0.5553901 -0.435657 -0.7061606 -0.5496312 -0.4463661 -0.5572904 -0.6417263 -0.5268917 -0.5566259 -0.6807467 -0.4761845 -0.3840997 -0.7939876 -0.471223 -0.195062 -0.8778371 -0.4374391 -4.36306e-5 -0.8949531 -0.4461604 -0.19643 -0.9069575 -0.3726172 -1.80751e-5 -0.9141281 -0.4054255 -3.64184e-5 -0.9259909 -0.377546 -8.88109e-6 -0.9513595 -0.3080829 -0.1960521 -0.9327553 -0.3025414 -3.58149e-5 -0.9709728 -0.2391902 -0.1944295 -0.9530463 -0.232164 -1.97738e-5 -0.9779052 -0.2090492 3.32622e-6 -0.9779032 -0.2090584 -2.32421e-5 -0.9863908 -0.1644185 -1.84057e-5 -0.9795868 -0.2010216 1.41147e-5 -0.9915888 -0.129428 7.78469e-7 -0.9944228 -0.1054672 5.587e-6 -0.9944244 -0.1054526 -1.22859e-6 -0.9958051 -0.09149998 1.67396e-5 -0.998448 -0.05569386 -3.13703e-5 -0.9998403 -0.01787698 1.89687e-6 -1 -1.1698e-5 -1.89641e-6 -1 1.16868e-5 3.15862e-5 -0.9998403 0.0178771 -1.67533e-5 -0.998448 0.05569392 1.22428e-6 -0.9958052 0.09150034 -5.61657e-6 -0.9944244 0.1054525 -7.65431e-7 -0.9944227 0.1054675 -5.97814e-5 -0.991591 0.1294115 3.22994e-5 -0.9863911 0.1644161 -1.57496e-5 -0.9795905 0.2010039 -5.34905e-6 -0.9779031 0.2090591 -9.08692e-7 -0.9779005 0.2090712 -9.28366e-6 -0.9709711 0.2391971 -3.96855e-5 -0.9619761 0.2731336 -1.11677e-5 -0.9513608 0.3080793 -2.29925e-5 -0.9513587 0.3080853 -1.58874e-5 -0.9389854 0.343957 7.64732e-6 -0.9259918 0.3775439 -2.7183e-7 -0.9141317 0.4054176 1.81142e-5 -0.9141221 0.4054391 4.30924e-5 -0.9113581 0.4116143 2.04272e-5 -0.8949534 0.4461597 -2.37471e-5 -0.8784949 0.4777518 1.71445e-6 -0.8661108 0.4998522 -3.86522e-6 -0.8660903 0.4998877 0 -0.8605527 0.5093615 1.07174e-5 -0.8410931 0.5408905 -2.11395e-5 -0.820136 0.5721688 -2.35159e-7 -0.8090878 0.587688 8.62637e-7 -0.8090903 0.5876845 -2.18351e-5 -0.7977036 0.6030498 -1.37209e-5 -0.7762929 0.6303724 -4.57466e-6 -0.7512089 0.6600645 6.3777e-6 -0.7434166 0.6688286 -3.91155e-7 -0.7434272 0.6688169 -4.55952e-6 -0.7275496 0.6860552 2.31732e-5 -0.700151 0.7139948 0 -0.6746036 0.7381802 -6.81682e-6 -0.6688188 0.7434255 2.8353e-7 -0.6687973 0.7434449 -2.21138e-5 -0.64533 0.763904 6.58725e-6 -0.6183053 0.7859381 4.38374e-6 -0.5876839 0.8090907 -6.84569e-6 -0.5876839 0.8090907 -1.9379e-5 -0.5876808 0.8090929 -0.1960994 -0.5760217 0.7935642 -0.383176 -0.5436627 0.7467309 -0.3819272 -0.4853973 0.7864611 -0.3824799 -0.4271563 0.8192965 -0.3809835 -0.3653547 0.8493336 -0.5546035 -0.3289906 0.7643169 -0.5554858 -0.2714576 0.7859684 -0.7075386 -0.1815056 0.6829677 -0.7112787 -0.1483212 0.6870834 -0.7064805 -0.1516113 0.6913027 -0.7070274 -0.1128884 0.6981178 -0.7065423 -0.07561272 0.7036198 -0.7065352 -0.07559835 0.7036284 -0.7074066 -0.05747395 0.7044662 -0.7068293 -0.02538412 0.7069286 -0.7057141 -2.95011e-7 0.7084967 -0.705716 0 0.7084948 -0.7068597 0.02536123 0.706899 -0.7073782 0.05750411 0.7044924 -0.7057567 5.40633e-6 0.7084543 -0.707391 0.05750596 0.7044793 -0.8308737 -1.51477e-5 0.5564613 -0.8312236 0.04472368 0.5541366 -0.7094621 0.07560002 0.700677 -0.8320086 0.08610183 0.5480403 -0.7070336 0.1128905 0.6981112 -0.8313317 0.1292843 0.5405305 -0.7094969 0.1515809 0.6882132 -0.8311575 0.1739816 0.5281171 -0.7079449 0.2224059 0.6703355 -0.8320302 0.2133291 0.5120709 -0.7078469 0.2678266 0.653622 -0.7106107 0.2925984 0.6398584 -0.8313933 0.2533755 0.4945566 -0.7074471 0.3212633 0.6295304 -0.8308308 0.2904317 0.4747313 -0.7108353 0.3570402 0.6059996 -0.8308417 0.3271101 0.4502234 -0.924252 0.2253231 0.3082007 -0.9242569 0.2460932 0.2918688 -0.9807721 0.1278167 0.1474758 -1 2.39462e-5 2.67103e-5 -1 3.89367e-5 2.97278e-5 -1 0 0 -0.86646 0.3810029 0.3226203 -0.8667532 0.4227591 0.2646013 -0.8662589 0.4040379 0.293852 -0.8667688 0.4227344 0.264589 -0.8662644 0.4406452 0.2354102 -0.9271878 0.3333532 0.1708757 -0.9200961 0.3573516 0.1603845 3.89218e-5 0.9141263 0.4054296 3.54648e-5 0.9400935 0.3409168 6.29425e-5 0.9513612 0.3080778 1.67787e-5 0.9513604 0.3080804 -1 0 0 -0.5284108 0.8329572 0.1642091 -0.5284322 0.8329494 0.1641791 -0.5291528 0.8297789 0.1773822 -0.5312406 0.7968575 0.287753 -0.7258692 0.6473332 0.2325376 -0.724839 0.6115904 0.3171207 -0.8740546 0.397579 0.2792125 -0.967987 0.1838731 0.1708564 -1 2.20016e-5 4.41074e-6 -1 1.2136e-6 0 -1 -1.85162e-6 0 -1 1.58995e-5 4.6052e-5 -1 -3.76999e-6 9.92417e-6 -0.9788722 0.08054441 0.1879416 -0.9786985 0.05544531 0.1976742 -0.915352 0.1106162 0.3871626 -0.8135804 0.1621127 0.5583963 -0.8135731 0.1627906 0.5582097 -0.8139466 0.09268695 0.5734983 -0.8138696 0.02500355 0.5805093 -0.9155123 -0.03165996 0.4010421 -0.9788475 -0.0405839 0.2005254 -1 7.37607e-7 2.67774e-5 -0.9788545 -0.06541246 0.1938171 -1 -7.9684e-6 3.65525e-5 -1 3.04604e-6 0 -1 -2.82736e-6 0 -1 2.84849e-6 0 -1 -1.43054e-6 0 -1 1.51873e-6 0 -1 -7.65079e-7 0 -1 3.56062e-7 0 -1 5.30881e-7 0 -1 -3.81562e-7 0 -1 1.77484e-7 0 -1 1.89467e-7 0 -1 7.10277e-7 0 -1 -1.42444e-6 0 -1 1.52439e-6 0 -1 -2.85149e-6 0 -1 2.84895e-6 0 -1 -3.04604e-6 0 -1 2.82737e-6 0 -1 -2.84849e-6 0 -1 -3.54694e-7 0 -1 -2.01836e-5 -1.27405e-5 -0.9786502 -0.1415628 -0.1490095 -0.91529 -0.2789499 -0.2905704 -0.8132336 -0.4034112 -0.419417 -0.8127518 -0.3505908 -0.465318 -0.9153995 -0.2037234 -0.3471894 -0.9788688 -0.08055114 -0.1879559 -1 -7.07805e-7 -1.46031e-5 -1 1.30944e-6 -4.05759e-5 -1 -2.11256e-6 0 -1 0 0 -1 -3.19304e-6 -3.18289e-5 -1 -1.37649e-5 -5.62221e-5 -0.9680305 -0.0218333 -0.2498803 -0.9680558 0.01204043 -0.2504459 -0.8751047 0.02160149 -0.4834513 -0.7262635 0.03108817 -0.6867131 -0.7252575 0.1223706 -0.6775154 -0.725969 0.2118639 -0.6542804 -0.5313614 0.2594326 -0.8064427 -0.5582043 0.2680608 -0.785208 -0.5313651 0.2735531 -0.8017606 -0.5300432 0.3674544 -0.7642196 -0.5302931 0.411729 -0.7411266 -0.5303062 0.4117298 -0.7411167 -1 3.74823e-7 0 3.30806e-5 0.5876796 -0.8090937 5.28991e-5 0.6152606 -0.7883239 5.58197e-5 0.5876784 -0.8090947 3.8445e-5 0.5596687 -0.8287165 -0.9200075 0.2206715 -0.3238676 -0.9200296 0.1965534 -0.3389873 -0.9271908 0.1708773 -0.3333438 -0.8653318 0.2193259 -0.4506629 -0.8653132 0.2193337 -0.450695 -0.8664829 0.1869343 -0.4628855 -0.8666074 0.1551581 -0.474255 -0.8667815 0.1209472 -0.4837992 -0.8665727 0.155146 -0.4743222 -1 6.45606e-7 0 -1 -5.36519e-7 0 -1 6.45306e-7 0 -1 -1.21435e-5 -4.09409e-5 -1 -1.72481e-6 -4.41074e-6 -0.9809626 -0.05996912 -0.1847055 -0.9807751 -0.07247817 -0.1811826 -0.9237788 -0.1746028 -0.3408029 -0.8308187 -0.2904936 -0.4747146 -0.7069971 -0.3715665 -0.601742 -0.7095069 -0.3893721 -0.5873579 -0.8308854 -0.3272747 -0.4500232 -0.7067607 -0.4180776 -0.5707018 -0.8311692 -0.3603296 -0.4234624 -0.7093592 -0.4495884 -0.5428441 -0.8319904 -0.3922981 -0.3922937 -0.7080193 -0.5076359 -0.4909322 -0.7079454 -0.5043854 -0.4943772 -0.7070518 -0.5369235 -0.4602077 -0.7083649 -0.5553153 -0.4357112 -0.7083491 -0.5553936 -0.435637 -0.7063716 -0.5737558 -0.4145402 -0.7081906 -0.5791719 -0.4037649 -0.7082033 -0.5791648 -0.4037528 -0.7105225 -0.5954158 -0.3750171 -0.7083611 -0.6067067 -0.3607374 -0.5538157 -0.7163133 -0.4244803 -0.3842885 -0.8257473 -0.4128727 -0.3822628 -0.8547258 -0.3511682 -0.380963 -0.879823 -0.2842159 -0.3814446 -0.8978183 -0.2200509 -0.1944875 -0.9672124 -0.1633244 -3.1285e-5 -0.9863933 -0.1644027 -0.1952512 -0.9764679 -0.09158319 -1.38208e-5 -0.9944221 -0.1054737 -3.06144e-5 -0.9944224 -0.1054717 -2.81781e-5 -0.9958057 -0.09149384 -3.11509e-5 -0.9998394 -0.01792371 -0.196499 -0.9803254 -0.01871651 -2.62186e-5 -1 1.3212e-6 -0.1949303 -0.979254 0.05535304 -1.2286e-5 -0.998448 0.05569434 -0.195003 -0.9725918 0.1266451 -1.68979e-5 -0.9944231 0.1054649 -4.05312e-5 -0.9915879 0.1294352 -8.07643e-6 -0.9795899 0.2010068 -0.1962558 -0.9601633 0.1989224 -3.4079e-5 -0.9779024 0.2090621 -0.1953423 -0.9437226 0.2668877 -2.47583e-5 -0.9619771 0.27313 -1.04308e-5 -0.951358 0.3080878 -0.1965313 -0.9200464 0.3389546 -3.40417e-5 -0.9389834 0.3439624 -8.91835e-6 -0.9141317 0.4054176 -0.1957156 -0.8939503 0.403173 -2.77832e-5 -0.9113388 0.4116573 -2.55182e-5 -0.8785016 0.4777396 -0.1938844 -0.8620111 0.4683437 -2.53841e-5 -0.8660919 0.4998852 -0.1941114 -0.8249828 0.5307769 -2.85581e-5 -0.8410906 0.5408944 -0.1966841 -0.7806825 0.5931696 -4.58881e-5 -0.8090968 0.5876755 -2.44081e-5 -0.7976884 0.6030699 -6.4224e-6 -0.7512066 0.6600673 -0.1946416 -0.7383593 0.6457092 -4.94719e-6 -0.7434304 0.6688134 -0.1948348 -0.6870676 0.699984 -2.5481e-5 -0.7001569 0.713989 -0.194406 -0.6324755 0.7497873 -4.65587e-5 -0.6688198 0.7434245 -3.6478e-5 -0.6453243 0.7639088 -0.3824295 -0.5966911 0.7054837 -0.5543127 -0.5376665 0.6353363 -0.554519 -0.4906101 0.6721685 -0.5558744 -0.4393787 0.7056558 -0.5545164 -0.3839549 0.7383022 -0.7097822 -0.2890762 0.6423739 -0.7073228 -0.2784554 0.6497361 -0.7068392 -0.2293418 0.6691642 -0.7079285 -0.2224045 0.6703532 -0.7079329 -0.2223931 0.6703524 -0.7075403 -0.1815019 0.6829668 -0.7069402 -0.2189579 0.6725273 -0.7080364 -0.1648027 0.6866765 -0.7064725 -0.1515993 0.6913134 -0.7094923 -0.1515777 0.6882187 -0.7070438 -0.1128836 0.6981021 -0.832036 -0.08607685 0.5480027 -0.8312174 -0.04477155 0.554142 -0.7094331 -0.07559895 0.7007064 -0.707403 -0.05750125 0.7044677 -0.9240809 -0.02875596 0.3811136 -0.9235306 -2.06706e-4 0.3835244 -0.9240802 0.02870917 0.381119 -0.9239118 0.05862677 0.3780874 -0.9241378 0.08942437 0.3714466 -0.9242225 0.1182772 0.363075 -0.9241627 0.144733 0.3535193 -0.9237751 0.174591 0.3408193 -0.9242728 0.1985177 0.326053 -0.9807043 0.1027277 0.1663314 -0.9808622 0.1152479 0.1569305 -1 7.03335e-6 0 -1 -3.21881e-7 0 -1 -1.34116e-7 0 -0.8652022 0.3356058 0.3725509 -0.8654679 0.3603397 0.348024 -0.8664649 0.3809966 0.3226148 -0.9196339 0.2998424 0.2537087 -0.9194771 0.3189409 0.2298665 -0.9201145 0.3314747 0.2086 -0.9197854 0.3463343 0.1845192 -5.84125e-6 0.8835836 0.4682735 4.33922e-5 0.8917884 0.4524528 4.14252e-5 0.8917889 0.4524518 -0.5290052 0.7903149 0.3091213 -0.5290033 0.7903205 0.3091102 -0.5759102 0.7614359 0.2975617 -0.5303704 0.7529545 0.3895728 -0.5990108 0.6821884 0.4192913 -0.7251645 0.5636377 0.3955366 -0.8754007 0.3537979 0.3293948 -0.9683362 0.1575275 0.1936759 -1 3.48315e-5 4.83245e-5 -0.9682041 0.1310217 0.213106 -1 1.33067e-5 2.45422e-5 -1 1.21318e-6 0 -1 -2.12056e-6 0 -1 5.30343e-7 0 -1 1.00955e-6 1.77994e-5 -1 -2.70084e-7 2.05562e-5 -0.9788314 0.03326153 0.2019474 -0.9159585 0.0646612 0.3960292 -0.8139414 0.09311681 0.5734359 -0.8138624 0.02499938 0.5805198 -0.8134878 -0.04503625 0.5798356 -0.8134812 -0.04503303 0.5798452 -0.9157209 -0.07880204 0.3940123 -0.9158827 -0.1252749 0.381399 -0.9785095 -0.0882709 0.1863529 -1 -1.35526e-5 3.34606e-5 -1 -2.84896e-6 0 -1 1.42575e-6 0 -1 -3.04878e-6 0 -1 1.41844e-6 0 -1 -1.51858e-6 0 -1 7.10662e-7 0 -1 -3.55582e-7 0 -1 -1.78344e-7 0 -1 -3.55416e-7 0 -1 -3.54368e-7 0 -1 -1.51872e-6 0 -1 7.15268e-7 0 -1 -4.26099e-5 -3.24771e-5 -0.9789026 -0.1585818 -0.1288468 -0.9158561 -0.3101048 -0.2550348 -0.8140188 -0.4501113 -0.3671147 -0.8132321 -0.4034152 -0.419416 -0.9162636 -0.2398835 -0.3208069 -0.9786683 -0.1035173 -0.1774617 -1 -1.27405e-5 -5.04181e-5 -1 1.1373e-6 0 -1 -1.64341e-5 -2.18451e-5 -0.9682658 -0.05710178 -0.2433121 -0.8744871 -0.1082361 -0.4728186 -0.8747482 -0.04386997 -0.4825879 -0.7256588 -0.06047821 -0.6853917 -0.5301093 -0.07370203 -0.8447203 -0.5993869 -0.02508413 -0.8000665 -0.5291092 0.03877943 -0.8476672 -0.5753585 0.1239251 -0.8084586 -0.5300187 0.1480517 -0.8349617 -0.5313661 0.2735389 -0.8017647 -1 3.75028e-7 0 1.97142e-5 0.452475 -0.8917772 -2.71797e-5 0.499849 -0.8661126 3.71039e-5 0.4524825 -0.8917733 3.16799e-5 0.4398635 -0.8980647 -0.9193336 0.1725645 -0.3536202 -0.9201305 0.1454405 -0.3636026 -0.9194337 0.121857 -0.3738886 -0.9202232 0.09556877 -0.3795471 -0.865957 0.08772057 -0.4923655 -0.86594 0.08767271 -0.4924039 -0.8657979 0.04979181 -0.4979103 -0.8656175 0.01622998 -0.5004429 -0.8656178 0.01621794 -0.5004428 -0.8656183 -0.01622819 -0.5004414 -0.8657993 -0.04979008 -0.4979081 -0.8658042 -0.04982066 -0.4978966 -0.8659549 -0.08772146 -0.4923689 -0.8668017 -0.1209374 -0.4837654 -0.8664695 -0.1869449 -0.4629064 -0.8665989 -0.1551619 -0.4742692 -0.8667824 -0.1209473 -0.4837976 -1 -6.44295e-7 0 -1 1.61487e-7 0 -1 -5.53764e-6 -9.96143e-6 -1 -3.27453e-6 -1.18464e-6 -0.9808248 -0.09005308 -0.1728386 -0.9242799 -0.1985433 -0.3260171 -0.9242737 -0.225357 -0.3081111 -0.924255 -0.2461045 -0.2918657 -0.9236083 -0.272468 -0.2696463 -0.8311722 -0.4234679 -0.3603162 -0.7070512 -0.5369209 -0.4602115 -0.8309003 -0.4500078 -0.3272579 -0.7113136 -0.5517569 -0.4354279 -0.706393 -0.5737292 -0.4145406 -0.7075212 -0.598901 -0.3751419 -0.7075077 -0.5988994 -0.3751698 -0.7075086 -0.5989146 -0.3751438 -0.7064401 -0.6045781 -0.3680052 -0.7074302 -0.6295479 -0.3212664 -0.7059682 -0.6347622 -0.3141431 -0.5555031 -0.7449933 -0.3693255 -0.5550309 -0.7700957 -0.3144733 -0.5553941 -0.7907782 -0.2573082 -0.5562335 -0.8069422 -0.1986171 -0.3820711 -0.9114077 -0.152832 -0.3826872 -0.9200406 -0.08411866 -0.3837542 -0.9232574 -0.01812684 -0.3818389 -0.9228559 0.05036014 -0.3830529 -0.9159828 0.1193569 -0.38408 -0.9040174 0.1877103 -0.381697 -0.8888442 0.2535026 -0.3839966 -0.8662999 0.3194857 -0.3832028 -0.8418349 0.3800916 -0.3843601 -0.8104605 0.4420648 -0.383305 -0.7763999 0.5002805 -0.384145 -0.735453 0.5581589 -0.3828816 -0.6931878 0.6106493 -0.3835442 -0.6480526 0.6579678 -0.5556308 -0.5827875 0.5929868 -0.7106106 -0.4770839 0.51713 -0.7068151 -0.4567905 0.5401434 -0.709725 -0.4179009 0.5671414 -0.7067423 -0.4180827 0.5707209 -0.7069569 -0.3715857 0.6017775 -0.7107914 -0.3570596 0.6060396 -0.7081294 -0.3248308 0.6269272 -0.7081308 -0.3248664 0.6269073 -0.7075415 -0.2926639 0.6432209 -0.7075425 -0.2926601 0.6432213 -0.707837 -0.2678438 0.6536257 -0.7079352 -0.2224137 0.6703431 -0.7079435 -0.2224021 0.6703382 -0.8311559 -0.1740145 0.5281089 -0.8313384 -0.1292632 0.5405254 -0.9241622 -0.08938038 0.3713964 -0.9239152 -0.05865174 0.3780751 -0.9806562 -0.0306496 0.1933239 -0.9809891 -0.01631367 0.1933762 -0.9806616 3.61295e-7 0.195711 -0.980984 0.0163111 0.1934021 -0.9806609 0.03064531 0.1933007 -0.9806559 0.04523324 0.1904416 -0.9809645 0.05996716 0.1846963 -0.9807779 0.07246392 0.1811736 -0.9808233 0.09005361 0.1728474 -1 2.91057e-5 3.99053e-5 -1 2.3175e-5 2.48328e-5 -1 2.01613e-7 0 -0.8664566 0.2776435 0.4149305 -0.8657276 0.310038 0.3929277 -0.8651953 0.3356117 0.3725613 -0.9199304 0.2624502 0.2912869 -0.9269689 0.2652593 0.2652666 -0.9201017 0.2826674 0.2711315 1.90735e-5 0.7194765 0.6945169 -3.61502e-5 0.7664363 0.6423203 -1.48751e-5 0.8090893 0.5876857 0 0.8090515 0.5877379 -4.15146e-5 0.8470874 0.5314537 -1 -1.87707e-7 0 -1 -4.26107e-7 0 -0.5314442 0.7207446 0.4450781 -0.5303378 0.7529776 0.3895725 -0.5314311 0.7207553 0.4450762 -0.5292272 0.6933539 0.4890592 -0.5292782 0.6933426 0.4890203 -0.5552671 0.6161651 0.5585868 -0.7246013 0.5052555 0.4686895 -0.8745262 0.3077712 0.3748081 -0.8751007 0.2564932 0.4103779 -0.9681813 0.1016318 0.2286834 -1 7.81938e-6 1.91927e-5 -0.9681999 0.07005083 0.2401708 -1 2.00383e-5 5.67734e-5 -1 -1.73098e-6 0 -1 1.33924e-6 4.30718e-5 -0.9787226 0.006991267 0.2050688 -0.9156208 0.01564973 0.4017387 -0.9155259 -0.03166002 0.4010114 -0.9157364 -0.07879924 0.3939766 -0.8134454 -0.1174589 0.5696579 -0.8134415 -0.1174581 0.5696638 -0.8129958 -0.1850414 0.5520846 -0.9152078 -0.173367 0.3637839 -0.9786261 -0.1112062 0.1729865 -1 -9.26107e-6 1.83135e-5 -0.9788985 -0.1288607 0.1585961 -1 -1.95429e-5 3.16873e-5 -0.9786528 -0.1489988 0.1415564 -1 -1.14962e-5 1.27554e-5 -0.9787301 -0.1635259 0.1238818 -1 -9.79751e-6 1.65179e-5 -0.9786675 -0.1774662 0.1035171 -1 -4.55976e-5 2.35252e-5 -0.9788662 -0.187967 0.08055728 -1 -1.40071e-5 8.58866e-6 -0.9790309 -0.1953193 0.05787175 -1 -1.83582e-5 1.36094e-5 -0.9788396 -0.201909 0.03325802 -1 -1.19433e-5 5.11878e-6 -0.9791687 -0.2028344 0.009327709 -1 -1.17868e-5 9.79006e-6 -0.9787886 -0.2042131 -0.01642936 -1 -2.18078e-5 5.74626e-6 -0.9788484 -0.2005218 -0.04058074 -1 -1.40369e-5 -1.58697e-6 -0.9788532 -0.1938229 -0.06541526 -1 -3.8527e-5 -7.46548e-6 -0.9785087 -0.1863557 -0.0882743 -1 -4.27589e-5 -1.49161e-5 -0.9784767 -0.1754032 -0.1087066 -0.9154252 -0.3396826 -0.2158995 -0.81277 -0.4933184 -0.3099064 -0.8140358 -0.4500949 -0.3670971 -0.9152958 -0.2789449 -0.290557 -0.9787271 -0.1238926 -0.1635361 -1 -1.65924e-5 -4.7408e-5 -1 2.14572e-6 0 -1 -4.50321e-7 0 -1 -2.30819e-5 -1.35899e-5 -0.967954 -0.08845394 -0.2350339 -0.8742319 -0.170152 -0.4547163 -0.7247843 -0.2394946 -0.6460109 -0.72534 -0.154785 -0.6707634 -0.5287467 -0.1873179 -0.8278521 -0.5547731 -0.1718456 -0.8140615 -0.5291367 -0.1773588 -0.8297942 -0.5300928 -0.07369369 -0.8447312 -0.5295664 -0.02471822 -0.8479084 -0.5296003 -0.02469217 -0.8478879 -0.5291214 0.03876107 -0.8476604 -0.5292213 0.1257141 -0.8391191 -0.5292114 0.1257101 -0.8391259 -1 -1.86604e-7 0 1.27349e-5 0.3080836 -0.9513593 -3.40045e-5 0.3744212 -0.9272589 0 0.3083878 -0.9512608 -3.41833e-5 0.2419306 -0.9702936 1.53482e-5 0.1746943 -0.9846227 -0.9195372 0.06722813 -0.3872103 -0.9272858 0.06110495 -0.3693336 -0.919505 0.03963768 -0.391075 -0.9201288 0.01296108 -0.3914017 -0.929688 -1.96544e-6 -0.3683483 -0.9201291 -0.01296341 -0.3914005 -0.9195134 -0.03963398 -0.3910555 -0.9272804 -0.06110602 -0.369347 -0.9195517 -0.06721901 -0.3871774 -0.9202221 -0.09557038 -0.3795492 -0.9194394 -0.1218544 -0.3738753 -0.9201384 -0.1454362 -0.3635844 -0.8653154 -0.2193354 -0.4506899 -0.8664901 -0.1869263 -0.4628753 -1 -1.20836e-7 0 -1 -2.88747e-5 -3.94955e-5 -0.9807043 -0.1027281 -0.1663317 -0.9808527 -0.1152672 -0.1569763 -0.9807705 -0.1278194 -0.1474839 -0.9808654 -0.1376644 -0.1376642 -0.9243699 -0.2890509 -0.2489779 -0.9242683 -0.3081259 -0.225359 -0.8308361 -0.4747055 -0.2904585 -0.83139 -0.4945324 -0.2534335 -0.7106534 -0.6330974 -0.3068543 -0.7083216 -0.6339428 -0.3104787 -0.708321 -0.6339404 -0.3104849 -0.7075721 -0.6364996 -0.3069365 -0.7078282 -0.6536397 -0.2678329 -0.7097302 -0.6624275 -0.2397353 -0.7069182 -0.6725483 -0.2189643 -0.7061368 -0.6878244 -0.1681327 -0.7061173 -0.6878465 -0.1681238 -0.7052633 -0.6993802 -0.1160645 -0.5563167 -0.8197405 -0.136152 -0.554373 -0.8286844 -0.07715344 -0.5546563 -0.8319178 -0.01641023 -0.5541679 -0.8311989 0.04479521 -0.5561563 -0.8240652 0.1077355 -0.5571339 -0.8131178 0.1686457 -0.5538582 -0.8013865 0.225878 -0.5554481 -0.7809244 0.2857176 -0.5542601 -0.7582785 0.3432338 -0.5570456 -0.7284458 0.3988319 -0.5572512 -0.697497 0.4505209 -0.5554192 -0.6632452 0.5016129 -0.5548792 -0.6258881 0.5480632 -0.7073589 -0.5305131 0.467118 -0.7080444 -0.4943035 0.5043186 -0.7077354 -0.4773867 0.5207808 -0.7077263 -0.477419 0.5207635 -0.707033 -0.460204 0.5369512 -0.7068375 -0.4567762 0.5401262 -0.7071036 -0.4216263 0.5676583 -0.7069563 -0.4217129 0.5677773 -0.7067624 -0.4180731 0.570703 -0.7069931 -0.3715675 0.6017462 -0.7077865 -0.3571786 0.6094767 -0.7077859 -0.3571668 0.6094843 -0.7074008 -0.3212621 0.6295831 -0.7074623 -0.32125 0.6295202 -0.7106328 -0.2925891 0.639838 -0.8320462 -0.2133423 0.5120392 -0.7078469 -0.2678251 0.6536226 -0.9241545 -0.1447737 0.3535238 -0.9242265 -0.1182747 0.3630654 -0.9809592 -0.0599755 0.1847214 -0.9806643 -0.04521763 0.1904023 -1 -2.41958e-6 3.85419e-5 -1 -3.38629e-6 1.9893e-5 -1 1.93715e-7 4.59999e-5 -1 5.27687e-6 4.63054e-5 -1 -8.15839e-7 4.45545e-6 -1 1.28029e-5 3.69251e-5 -1 1.62981e-6 4.32879e-6 -1 1.11423e-5 2.94968e-5 -1 1.75349e-5 3.30284e-5 -0.865279 0.2193858 0.450735 -0.8664049 0.2483952 0.4331771 -0.866473 0.277625 0.4149084 -0.9200065 0.2206805 0.3238644 -0.9296023 0.2147596 0.2995293 -0.9202999 0.2415733 0.3077182 2.99215e-5 0.6153102 0.7882851 -4.02331e-6 0.6688043 0.7434386 3.26633e-5 0.705713 0.7084978 1.92523e-5 0.7084773 0.7057335 -1 7.25971e-7 0 -1 -4.43385e-7 0 -0.5308512 0.6289064 0.5680438 -0.5308527 0.6289072 0.5680416 -0.5310575 0.6223618 0.5750163 -0.5296095 0.5397099 0.6543905 -0.7260259 0.4376193 0.5304486 -0.7244062 0.3671299 0.5834821 -0.874813 0.1986843 0.441845 -0.8738967 0.1388901 0.4658479 -0.9679293 0.03930723 0.2481287 -1 3.27919e-6 3.32892e-5 -0.9683952 0.007185518 0.2493176 -1 8.00192e-6 2.75671e-5 -1 -8.09142e-7 0 -1 -1.11146e-5 5.30109e-5 -0.9787935 -0.01643067 0.20419 -0.9788436 -0.04058611 0.2005447 -0.978849 -0.06541973 0.1938424 -0.9158937 -0.125272 0.3813733 -0.8129809 -0.1850458 0.5521052 -0.813987 -0.2485358 0.5250287 -0.8139869 -0.2485349 0.5250294 -0.9154193 -0.2159066 0.3396939 -0.9158432 -0.2550567 0.3101247 -0.9152985 -0.290555 0.2789382 -0.9162627 -0.3208056 0.2398886 -0.914995 -0.3499516 0.2007942 -0.9154069 -0.3701296 0.158223 -0.9153516 -0.3871628 0.1106188 -0.9159607 -0.3960245 0.06465846 -0.9156304 -0.4017165 0.01565438 -0.9155231 -0.4010182 -0.03165566 -0.9164964 -0.3916347 -0.0815894 -0.916547 -0.3788437 -0.1281372 -0.9152098 -0.3637813 -0.1733618 -0.8139867 -0.5250295 -0.2485353 -0.8127704 -0.4933193 -0.309904 -0.9158626 -0.3100906 -0.2550286 -0.9786475 -0.1415719 -0.1490185 -1 -1.69128e-6 -1.26511e-5 -1 -1.50642e-7 0 -1 -3.77819e-5 -4.38541e-5 -0.968447 -0.117545 -0.2197577 -0.8745284 -0.2276029 -0.4282488 -0.7261547 -0.3242249 -0.6062818 -0.5792804 -0.3121464 -0.7529933 -0.5293167 -0.2947752 -0.79557 -0.5291399 -0.1774027 -0.8297827 -1 8.67984e-7 0 -1 -2.78809e-7 0 2.28286e-5 0.1567622 -0.9876365 2.23517e-5 0.1567606 -0.9876368 -2.80142e-6 0.1054392 -0.9944258 6.74129e-5 2.65427e-6 -1 3.7998e-5 0.0343753 -0.9994091 3.86536e-5 1.31765e-5 -1 3.46601e-5 -0.0344128 -0.9994078 1.55717e-6 -0.1567624 -0.9876363 -4.73857e-6 -0.1055099 -0.9944183 3.76701e-5 -0.1567577 -0.9876372 2.10404e-5 -0.1747171 -0.9846187 1.25822e-5 -0.3080822 -0.9513598 -4.34518e-5 -0.2420375 -0.9702669 0 -0.3083879 -0.9512608 -3.49879e-5 -0.3745202 -0.9272189 -8.34465e-6 -0.4398639 -0.8980646 -0.9193416 -0.1725583 -0.3536028 -0.9271894 -0.1708803 -0.3333465 -0.8664001 -0.2483996 -0.4331843 -0.8664796 -0.2776204 -0.4148977 -0.8663823 -0.2484366 -0.4331988 -1 -1.61495e-7 0 -1 -2.28398e-5 -2.43485e-5 -1 -7.52509e-6 0 -1 -3.17246e-5 -3.18736e-5 -1 -1.21221e-5 -3.74764e-6 -0.9807717 -0.1474776 -0.1278173 -0.9808531 -0.1569739 -0.1152671 -0.9242711 -0.3260634 -0.1985084 -0.9237756 -0.3408206 -0.174585 -0.8320399 -0.5120493 -0.2133428 -0.7087073 -0.6512348 -0.2713434 -0.708707 -0.6512306 -0.2713541 -0.7077469 -0.6537367 -0.2678108 -0.7066797 -0.6656733 -0.2397562 -0.7066805 -0.665671 -0.2397601 -0.7069651 -0.6725128 -0.2189221 -0.7061505 -0.6878108 -0.1681302 -0.7061528 -0.6878117 -0.1681166 -0.7080401 -0.6866726 -0.1648029 -0.7058072 -0.6998549 -0.109725 -0.7052845 -0.6993608 -0.116053 -0.7083672 -0.699549 -0.0940594 -0.7083691 -0.6995456 -0.09406995 -0.7112751 -0.6965931 -0.09405303 -0.7084249 -0.7026463 -0.06650048 -0.7097421 -0.7041877 -0.01964896 -0.7070424 -0.7070332 -0.01397144 -0.7079696 -0.7051203 0.03980571 -0.7102205 -0.7016257 0.05751758 -0.7070926 -0.7012462 0.09096133 -0.7113072 -0.6903643 0.1320582 -0.7059482 -0.693924 0.141798 -0.7088391 -0.6778804 0.1950007 -0.7079026 -0.6768615 0.2018228 -0.7076016 -0.6634189 0.2432602 -0.709527 -0.6488551 0.2748795 -0.70752 -0.6432401 0.2926735 -0.7077438 -0.6197054 0.3392107 -0.7083922 -0.6169956 0.3427783 -0.7054629 -0.5967136 0.3824331 -0.7111826 -0.575614 0.4035936 -0.7074165 -0.5646387 0.4251413 -0.7073436 -0.5305244 0.4671286 -0.7073535 -0.5305183 0.4671204 -0.7073572 -0.5304968 0.4671391 -0.7080644 -0.4976453 0.500993 -0.7080937 -0.497627 0.5009699 -0.7106441 -0.4770685 0.5170984 -0.8311768 -0.3602715 0.4234969 -0.7070459 -0.4602174 0.5369228 -0.7097685 -0.4178745 0.5671064 -0.8309847 -0.3272537 0.4498549 -0.8308203 -0.2904672 0.4747279 -0.710833 -0.3570441 0.6060002 -0.8313913 -0.2534102 0.4945421 -0.9237783 -0.1746104 0.3408005 -0.9808254 -0.09005284 0.1728357 -0.9807776 -0.07246571 0.1811743 -1 -1.36308e-5 4.41521e-5 -1 -9.12696e-6 4.81456e-5 -1 -6.44295e-7 0 -1 -6.46789e-7 0 -1 5.37879e-7 0 -1 -6.44225e-7 0 -1 6.45306e-7 0 -1 -5.36519e-7 0 -1 1.34068e-7 0 -0.8665877 0.1551702 0.4742868 -0.8665933 0.1551666 0.4742779 -0.8664668 0.1869406 0.462913 -0.8653326 0.219318 0.4506654 -0.9271821 0.170888 0.3333628 -0.9200277 0.1965554 0.3389914 2.95937e-5 0.4999151 0.8660745 3.41237e-5 0.5597236 0.8286794 2.90275e-5 0.5876813 0.8090927 5.20646e-5 0.5876859 0.8090891 -1 7.30649e-7 0 -1 -2.19419e-7 0 -0.5284178 0.5216979 0.6697806 -0.528423 0.5216771 0.6697927 -0.5799169 0.4989899 0.6439763 -0.5282743 0.4485171 0.720943 -0.5976122 0.3677439 0.7124775 -0.7262796 0.2815515 0.627094 -0.7248229 0.1982569 0.6597924 -0.8750677 0.07548719 0.4780777 -0.8742366 0.01072591 0.4853819 -0.9681275 -0.02926242 0.2487428 -1 -4.4778e-6 2.81632e-5 -1 1.20276e-6 0 -1 -1.33911e-7 0 -1 -2.05971e-5 4.79519e-5 -1 -4.06243e-6 1.20401e-5 -1 -2.42107e-5 3.72007e-5 -0.9785092 -0.08827203 0.1863541 -0.915211 -0.1733595 0.3637793 -0.9154222 -0.2158983 0.3396914 -0.8132181 -0.3132525 0.4904582 -0.8132317 -0.3132485 0.4904381 -0.8140294 -0.3671056 0.4500998 -0.8132544 -0.4193986 0.4033883 -0.8127484 -0.4653238 0.3505906 -0.8143829 -0.50309 0.2892767 -0.8143451 -0.5336139 0.2282505 -0.8135771 -0.5584003 0.1621156 -0.813927 -0.5735254 0.0926904 -0.8125965 -0.582404 0.02219194 -0.8147181 -0.5778737 -0.0479198 -0.8134257 -0.5696866 -0.1174556 -0.81298 -0.5521058 -0.1850484 -0.8139809 -0.5250382 -0.2485359 -0.9154247 -0.339686 -0.215896 -0.978897 -0.158604 -0.1288624 -1 -5.22286e-6 -1.67564e-5 -1 3.01163e-7 0 -1 -2.61143e-5 -2.0206e-5 -0.9678841 -0.1470857 -0.2038781 -0.8743731 -0.2823379 -0.3946604 -0.7259342 -0.402561 -0.5576418 -0.5299565 -0.4963911 -0.6875624 -0.5975077 -0.4339532 -0.6742917 -0.5285534 -0.4005112 -0.7484799 -0.5285412 -0.4005113 -0.7484884 -0.531406 -0.3201253 -0.7843006 -0.5314087 -0.3201221 -0.7843002 -1 -1.87701e-7 0 5.5328e-5 -0.4524781 -0.8917756 2.60472e-5 -0.4524702 -0.8917797 4.47035e-7 -0.4998731 -0.8660988 -0.9200394 -0.1965444 -0.338966 -0.9199895 -0.2207362 -0.3238749 -0.9296141 -0.2147415 -0.2995059 -0.8657183 -0.3100494 -0.3929392 -0.8652036 -0.3356034 -0.3725495 -0.8657115 -0.310058 -0.3929477 -1 3.21639e-7 0 -1 -3.2346e-7 0 -1 2.68751e-7 0 -1 0 0 -1 -1.04904e-5 -2.6077e-7 -1 -1.72406e-5 -6.54161e-6 -0.9807019 -0.1663431 -0.1027317 -0.9806321 -0.1751866 -0.08758193 -0.9246798 -0.3509749 -0.1475943 -0.8302655 -0.5305379 -0.1708478 -0.7097574 -0.6623995 -0.2397319 -0.70697 -0.6724977 -0.2189528 -0.7091872 -0.6846826 -0.1681171 -0.8313059 -0.5405509 -0.1293647 -0.8320009 -0.548053 -0.08609604 -0.7113103 -0.696559 -0.09403878 -0.8311911 -0.5541871 -0.04470199 -0.7060713 -0.7060384 -0.05452615 -0.7059644 -0.7061405 -0.05458873 -0.7084154 -0.7026535 -0.06652647 -0.7069703 -0.7069703 -0.01964414 -0.7069737 -0.7069664 -0.01966536 -0.7057419 -0.7084691 -3.39875e-6 -0.7060862 -0.7060214 0.05455338 -0.7073731 -0.7044971 0.05750817 -0.7073705 -0.7044979 0.05753099 -0.7057803 -0.6998768 0.1097572 -0.7071021 -0.7012372 0.09095609 -0.7083703 -0.6933737 0.1320778 -0.7083776 -0.6933688 0.1320641 -0.7080715 -0.6866536 0.1647476 -0.708947 -0.6747467 0.2052098 -0.708948 -0.6747449 0.2052125 -0.7069626 -0.6725047 0.2189551 -0.7075859 -0.6634383 0.2432529 -0.7087184 -0.6512225 0.271344 -0.7064908 -0.652136 0.2749354 -0.7064877 -0.6521494 0.2749115 -0.7074338 -0.6295458 0.3212625 -0.7084063 -0.616971 0.3427934 -0.7083979 -0.6169969 0.3427642 -0.7064322 -0.604588 0.3680042 -0.7054904 -0.5966885 0.3824216 -0.7086189 -0.5761851 0.4072713 -0.7086121 -0.576184 0.4072849 -0.7064075 -0.5737142 0.4145365 -0.7074231 -0.5646268 0.4251461 -0.7070492 -0.536921 0.4602146 -0.7101185 -0.53008 0.4634079 -0.8311713 -0.4233721 0.3604307 -0.8316964 -0.3925725 0.3926422 -0.9236101 -0.2724719 0.2696358 -0.9242485 -0.2461417 0.2918543 -0.9242605 -0.225335 0.3081666 -0.9242812 -0.1985012 0.3260393 -0.9807031 -0.1027308 0.1663373 -1 -1.48118e-5 2.19941e-5 -1 -1.47186e-5 3.23132e-5 -0.8665919 -0.1551658 0.4742805 -0.8664545 -0.1869438 0.4629349 -0.8667896 -0.1209496 0.4837839 -0.8668094 -0.1209379 0.4837515 -0.8659463 -0.08771973 0.4923841 -0.8658064 -0.04979145 0.4978956 -0.8658012 -0.0497955 0.4979043 -0.8656376 -0.0162363 0.5004078 -0.8660967 6.97837e-6 0.4998766 -0.8656288 0.01622992 0.5004233 -0.8656215 0.01625496 0.5004351 -0.8657968 0.04979074 0.4979124 -0.865948 0.08772337 0.4923807 -0.8659344 0.08771121 0.4924069 -0.8667905 0.1209455 0.4837836 -0.9202176 0.09557437 0.3795591 -0.9194342 0.1218584 0.3738868 -0.9201286 0.1454464 0.3636052 -0.919337 0.1725619 0.3536124 1.35303e-5 0.4398576 0.8980675 1.71214e-5 0.4524738 0.8917777 2.79695e-5 0.4524725 0.8917784 -1 6.50288e-7 0 -0.5303522 0.3895753 0.7529658 -0.5282362 0.4485411 0.7209561 -0.5303415 0.3895741 0.7529742 -0.5301812 0.3491278 0.7726692 -0.5302334 0.3491461 0.7726251 -0.5464855 0.2498124 0.7993419 -0.5303391 0.241904 0.812541 -0.5314223 0.1321226 0.8367401 -0.7249134 0.1065219 0.680554 -0.7249755 0.01679247 0.6885699 -0.8742567 -0.05240136 0.4826277 -0.9679626 -0.05973815 0.243885 -1 -1.75908e-5 4.61191e-5 -1 -1.21118e-6 0 -1 7.90263e-7 0 -1 -2.00607e-5 2.32756e-5 -0.9786311 -0.1111911 0.1729674 -0.9789 -0.1288563 0.1585901 -0.9158498 -0.2550457 0.3101144 -0.8140259 -0.367109 0.4501034 -0.8132466 -0.4194048 0.4033977 -0.8127441 -0.465332 0.3505901 -0.8143813 -0.5030905 0.2892805 -0.8143528 -0.5336026 0.2282494 -0.8135929 -0.5583788 0.1621107 -0.8139526 -0.5734902 0.09268367 -0.8126026 -0.5823956 0.02219045 -0.8146992 -0.5779005 -0.04791921 -0.8134266 -0.5696845 -0.1174592 -0.812991 -0.5520939 -0.1850354 -0.915205 -0.3637899 -0.173369 -0.9784748 -0.1754145 -0.1087055 -1 -3.27304e-5 -4.00245e-5 -1 -6.05345e-7 0 -1 -4.03225e-5 -3.85493e-5 -0.9680368 -0.1734248 -0.1811867 -0.8754342 -0.3324909 -0.3508062 -0.7247763 -0.4754152 -0.4986779 -0.5312189 -0.5819275 -0.6157653 -0.5485395 -0.5688063 -0.6128327 -0.5310439 -0.5750036 -0.6223852 -0.5299322 -0.4964017 -0.6875735 -0.5291802 -0.4559845 -0.7155743 -0.5292145 -0.455953 -0.715569 4.46737e-5 -0.5876774 -0.8090955 3.92497e-5 -0.5596865 -0.8287045 3.74615e-5 -0.5876672 -0.8091027 2.16365e-5 -0.6152796 -0.7883091 -0.9202844 -0.2415939 -0.3077486 -0.9199363 -0.2624398 -0.2912775 -0.9269657 -0.2652661 -0.2652711 -0.8654667 -0.3603439 -0.3480224 -0.8654423 -0.3603715 -0.3480547 -0.8664555 -0.3810063 -0.3226285 -0.8662485 -0.4040561 -0.2938575 -0.8667663 -0.4227396 -0.264589 -0.8662047 -0.4041286 -0.293887 -1 -2.03922e-5 -9.68203e-6 -1 -3.10764e-5 -1.04122e-5 -0.9810217 -0.1788423 -0.07491338 -0.9242337 -0.3630299 -0.1183276 -0.9240609 -0.3716506 -0.08937323 -0.9239279 -0.3780481 -0.05862599 -0.9240801 -0.3811188 -0.02871733 -0.83098 -0.5563023 -1.16399e-4 -0.7097869 -0.7041425 -0.01964527 -0.7057505 -0.7084605 3.93414e-6 -0.7060724 -0.7060371 0.0545293 -0.8311916 -0.5541858 0.04470455 -0.7073788 -0.7044914 0.057509 -0.8320113 -0.5480365 0.08610033 -0.7058046 -0.6998569 0.1097276 -0.7101633 -0.692147 0.1288445 -0.8313209 -0.5405426 0.129303 -0.7080434 -0.6866695 0.1648017 -0.8302884 -0.5304967 0.1708636 -0.7079334 -0.6768346 0.2018053 -0.8320342 -0.5120601 0.2133387 -0.7095831 -0.648797 0.2748715 -0.8313784 -0.4945572 0.2534227 -0.7074337 -0.6295442 0.321266 -0.7114455 -0.6135338 0.3426684 -0.8308346 -0.4746927 0.2904837 -0.7064605 -0.6045606 0.3679948 -0.8309139 -0.4499995 0.3272349 -0.7082461 -0.5791294 0.4037284 -0.9242658 -0.3081344 0.2253576 -0.9243674 -0.2890596 0.2489767 -0.9807659 -0.147507 0.1278281 -0.9808598 -0.1376847 0.1376847 -0.9807699 -0.1278207 0.1474867 -0.9808521 -0.1152669 0.15698 -1 -1.24499e-5 2.73585e-5 -1 3.21901e-7 0 -1 -1.34391e-7 0 -0.8663786 -0.2484444 0.4332016 -0.8653202 -0.2193379 0.4506796 -0.8664786 -0.1869416 0.4628906 -0.9201396 -0.1454331 0.3635829 -0.9194458 -0.1218485 0.3738616 -0.9202215 -0.09557002 0.3795509 -0.9195469 -0.06721985 0.3871886 -0.9272796 -0.06110423 0.3693493 -0.9195047 -0.03963887 0.3910754 -0.9201347 -0.01296091 0.3913876 -0.9296988 1.96544e-6 0.3683207 -0.9201347 0.01296037 0.3913873 -0.9195042 0.03963774 0.3910768 -0.9272831 0.06110644 0.36934 -0.919551 0.0672205 0.3871788 -5.48363e-6 0.1746996 0.9846218 -6.92606e-5 0.2420344 0.9702677 1.19936e-5 0.3080843 0.951359 0 0.3080698 0.9513638 -4.37498e-5 0.3745233 0.9272175 -1 3.23162e-7 0 -0.5295488 0.2523157 0.8098858 -0.5295423 0.2523043 0.8098936 -0.5304007 0.1008839 0.841723 -0.5304005 0.100892 0.8417221 -0.5845912 0.09597718 0.8056312 -0.5304366 0.01913911 0.8475086 -0.5970445 -0.04809904 0.8007649 -0.7250212 -0.07860982 0.6842257 -0.8753171 -0.1172769 0.469112 -0.9682947 -0.09105265 0.2326261 -1 -1.61901e-5 2.88487e-5 -0.9682291 -0.1229625 0.2177444 -1 3.27826e-7 2.46912e-5 -1 -1.2149e-6 0 -1 2.65054e-7 0 -1 -2.93553e-5 3.18438e-5 -1 -4.16115e-5 2.89679e-5 -0.9786497 -0.1490127 0.1415625 -0.9152916 -0.2905697 0.2789455 -0.9162563 -0.3208206 0.2398934 -0.9150115 -0.3499191 0.200775 -0.9154245 -0.3700913 0.1582098 -0.9153579 -0.3871484 0.1106166 -0.9159621 -0.3960213 0.06465899 -0.9156298 -0.4017181 0.0156517 -0.9155135 -0.4010397 -0.03166151 -0.9165142 -0.3915947 -0.08158081 -0.9165301 -0.3788815 -0.1281468 -0.9785051 -0.1863716 -0.08828079 -1 -3.19406e-5 -2.96272e-5 -1 -2.72244e-5 -5.0962e-6 -0.9683307 -0.1936993 -0.157532 -0.8743468 -0.3777656 -0.3046487 -0.7257931 -0.5335966 -0.4341648 -0.5860145 -0.6466242 -0.488328 -0.5291854 -0.6605885 -0.5325277 -0.531031 -0.5750123 -0.6223881 -1 -3.74329e-7 0 1.89543e-5 -0.7084794 -0.7057316 -4.91738e-6 -0.6688544 -0.7433935 3.10242e-5 -0.7084814 -0.7057296 -1.5974e-5 -0.7194488 -0.6945455 -0.9201014 -0.2826684 -0.2711308 -0.9196426 -0.2998272 -0.2536951 -0.9194769 -0.3189404 -0.2298678 -0.920112 -0.331481 -0.2086008 -0.8662477 -0.4406679 -0.2354291 -0.8662353 -0.4407039 -0.2354077 -1 0 0 -1 -3.40194e-5 -9.574e-6 -0.98096 -0.1847181 -0.05997383 -0.9806567 -0.1904378 -0.04523259 -0.9806523 -0.1933434 -0.03064972 -0.9809795 -0.1934252 -0.01630771 -0.9234843 -0.3836364 -3.64176e-7 -0.9240704 -0.381136 0.02880227 -0.9239373 -0.3780198 0.05865985 -0.9240757 -0.3716291 0.08930832 -0.9242633 -0.3629481 0.1183474 -0.9246916 -0.350934 0.1476177 -0.9237594 -0.3409098 0.1744972 -0.9242805 -0.3260549 0.1984788 -0.9807047 -0.1663296 0.1027271 -0.9808537 -0.1569714 0.1152651 -1 -3.21716e-5 2.64868e-5 -1 -3.39895e-5 3.56734e-5 -1 -3.96371e-6 1.16676e-5 -1 3.24845e-6 6.10203e-6 -1 -3.23461e-7 0 -1 0 0 -0.8664739 -0.2776228 0.414908 -0.8657158 -0.3100252 0.392964 -0.8664073 -0.2483966 0.4331713 -0.9200279 -0.1965562 0.33899 -0.9271807 -0.1708929 0.333364 -0.9193317 -0.1725661 0.3536245 1.48118e-5 -0.4398524 0.89807 -5.59986e-5 -0.3744249 0.9272573 1.05184e-5 -0.3080829 0.9513596 0 -0.3083937 0.9512588 -2.43783e-5 -0.2419386 0.9702916 3.01003e-5 -0.1747172 0.9846187 1.58697e-5 -0.1567611 0.9876366 2.5928e-5 -0.1567539 0.9876378 2.86698e-5 -0.1054391 0.9944258 6.68466e-5 -2.63797e-6 1 3.29614e-5 -0.03437757 0.999409 3.88026e-5 -1.31787e-5 1 3.5733e-5 0.0344128 0.9994078 2.29105e-5 0.1567584 0.987637 6.4671e-6 0.1055089 0.9944184 3.49134e-5 0.1567613 0.9876366 -0.5305721 -0.05025964 0.8461486 -0.5303797 0.01914489 0.8475441 -0.5305835 -0.05026406 0.846141 -0.5303297 -0.09176129 0.842811 -0.5303667 -0.09172528 0.8427916 -0.5398476 -0.2012775 0.8173445 -0.7258259 -0.1646782 0.6678757 -0.8745236 -0.1796096 0.4504985 -0.8742229 -0.2373177 0.4235737 -0.9681311 -0.1523221 0.1987972 -1 -9.32813e-6 1.55866e-5 -1 -7.9518e-7 0 -1 -1.24946e-5 2.67476e-6 -0.9787286 -0.1634303 0.1240204 -0.9786621 -0.177487 0.1035331 -0.9788706 -0.1879467 0.0805515 -0.9790264 -0.1953389 0.05788022 -0.9788382 -0.2019156 0.03325527 -0.9791744 -0.2028066 0.009321749 -0.9787883 -0.2042148 -0.01643109 -0.9788423 -0.2005507 -0.04058641 -0.9788503 -0.1938366 -0.06541812 -1 -4.26322e-5 -2.28994e-5 -1 3.03699e-7 0 -1 -2.42442e-5 -8.53837e-6 -0.968208 -0.213195 -0.1308487 -0.8742673 -0.4159978 -0.2502049 -0.7257483 -0.5884736 -0.3563542 -0.5962027 -0.7174226 -0.3603432 -0.530977 -0.7233884 -0.4413308 -0.5309075 -0.7234313 -0.4413441 -0.5309143 -0.6787596 -0.5073613 -0.5308909 -0.6787558 -0.5073909 -1 -3.73843e-7 0 -2.49352e-5 -0.8090918 -0.5876823 -6.08563e-5 -0.7664241 -0.6423349 0 -0.809093 -0.5876807 -2.64645e-5 -0.8470851 -0.5314573 2.98023e-7 -0.8835808 -0.4682788 -0.9197821 -0.3463405 -0.1845241 -0.9271954 -0.3333337 -0.1708722 -0.8660261 -0.4569043 -0.2030695 -0.8666507 -0.4687042 -0.1709767 -0.8666174 -0.4687588 -0.1709952 -1 1.34236e-7 0 -1 -2.82377e-5 -7.37607e-7 -1 -4.81382e-5 -3.78862e-6 -1 -4.64991e-5 -6.48201e-7 -1 -9.6336e-6 7.59214e-6 -0.9806666 -0.1956863 3.47849e-7 -0.9809812 -0.1934166 0.01630872 -0.9806582 -0.1933144 0.03064733 -0.9806545 -0.1904482 0.04523593 -0.9809618 -0.1847094 0.05997073 -0.9810273 -0.178814 0.0749076 -0.980624 -0.1752132 0.08761864 -1 -1.45212e-5 1.2856e-5 -1 -6.60866e-6 9.9726e-6 -0.865212 -0.3355942 0.3725383 -0.8654901 -0.3603166 0.3479927 -0.8657214 -0.3100473 0.3929343 -0.9202861 -0.2415912 0.3077456 -0.9296098 -0.2147498 0.2995133 -0.9200131 -0.220629 0.3238808 4.33326e-5 -0.5596974 0.8286972 -5.87106e-6 -0.4998368 0.8661196 4.08292e-5 -0.452471 0.8917791 6.30468e-5 -0.4524744 0.8917774 -1 2.12975e-7 0 -0.5292942 -0.2007544 0.8243454 -0.5292886 -0.2007321 0.8243544 -0.5303173 -0.2041961 0.8228412 -0.5298071 -0.3127815 0.7883351 -0.7254422 -0.253437 0.6399245 -0.7258 -0.3384895 0.598865 -0.8751866 -0.2917265 0.3859328 -0.968056 -0.175997 0.1785848 -1 -1.72704e-5 1.67042e-5 -0.9681337 -0.1987873 0.1523182 -1 -1.00136e-5 2.28882e-5 -1 3.02217e-7 0 -1 -3.07336e-5 8.89599e-6 -1 -2.8722e-5 1.92598e-6 -1 -4.89801e-5 1.31279e-5 -1 -1.36048e-5 -8.42288e-6 -1 -1.05426e-5 5.96978e-7 -1 -3.62545e-5 -4.06662e-6 -1 -6.09457e-6 -9.28342e-6 -1 -3.61353e-6 -1.10231e-5 -1 -5.30393e-7 0 -1 3.02898e-7 0 -1 -5.98878e-5 -2.40058e-5 -0.9678574 -0.2311642 -0.09907221 -0.8741772 -0.4444838 -0.1955722 -0.7246432 -0.6320766 -0.2745387 -0.5280168 -0.7790654 -0.3380173 -0.5293855 -0.8141961 -0.2384025 -0.5279795 -0.7790827 -0.3380352 -0.5284047 -0.7600167 -0.378369 -0.5284314 -0.7599916 -0.3783823 -1 -8.62161e-7 0 -1 3.71239e-7 0 3.82364e-5 -0.8917876 -0.4524544 4.30346e-5 -0.8917884 -0.4524528 5.48363e-6 -0.9141572 -0.4053601 -0.9200944 -0.3573553 -0.160386 -0.9191801 -0.3704493 -0.133699 -0.9300492 -0.3491222 -0.114553 -0.865447 -0.4820519 -0.1364821 -0.8650628 -0.4910234 -0.1027733 -0.8650599 -0.4910233 -0.1027989 -1 0 0 -1 -1.90958e-5 1.52737e-6 -1 -1.4551e-5 3.15486e-6 -1 -3.53083e-5 8.38283e-6 -1 -1.42679e-5 8.68738e-6 -1 -2.44528e-5 1.47596e-5 -1 -4.17307e-5 2.00197e-5 -1 -1.34295e-7 0 -0.8662356 -0.4407024 0.2354086 -0.8662312 -0.404119 0.2938222 -0.866248 -0.4040531 0.2938631 -0.8664552 -0.3810072 0.3226284 -0.8654658 -0.3603495 0.348019 -0.9269631 -0.26527 0.2652761 -0.9199298 -0.2624481 0.2912907 5.87106e-6 -0.6688094 0.743434 4.37796e-5 -0.6152539 0.788329 2.39909e-5 -0.5876937 0.8090837 4.84884e-5 -0.5876886 0.8090873 -1 -2.22152e-7 0 -0.5294609 -0.3454427 0.7748165 -0.5294592 -0.3454549 0.7748122 -0.5867893 -0.3306785 0.7391414 -0.5308878 -0.4154665 0.7386108 -0.5932275 -0.4557785 0.6635866 -0.7244188 -0.4167813 0.5491001 -0.8738895 -0.342212 0.3452653 -0.8736927 -0.3866104 0.2952855 -0.9684577 -0.2152373 0.12555 -1 -4.75198e-5 2.63117e-5 -1 1.50577e-7 0 -1 1.33202e-7 0 -1 -5.42928e-7 0 -1 6.07771e-7 0 -1 -5.26606e-7 0 -1 3.03268e-7 0 -1 -3.73423e-5 -8.42661e-6 -0.9682005 -0.2401686 -0.07005017 -0.8740658 -0.4673338 -0.1326962 -0.7246125 -0.6629862 -0.1881119 -0.5391094 -0.8086493 -0.2354726 -0.5310602 -0.8150795 -0.2315613 -0.5315013 -0.838131 -0.1226491 -0.529388 -0.8142023 -0.238376 6.65337e-5 -0.9513597 -0.3080826 4.51803e-5 -0.940089 -0.3409294 4.50015e-5 -0.951358 -0.3080876 3.11732e-5 -0.9611712 -0.2759531 -0.9202524 -0.3763726 -0.1071416 -0.9192925 -0.3850756 -0.0813533 -0.9265248 -0.3716727 -0.05840659 -0.8656015 -0.4958122 -0.07003003 -0.8660121 -0.4987523 -0.03562772 -0.8659934 -0.4987845 -0.03563106 -0.8660946 -0.4998802 1.57501e-7 -0.8660129 -0.4987507 0.03562742 -0.8660166 -0.4987451 0.03561979 -1 0 0 -1 0 0 -1 -1.61198e-7 0 -1 0 0 -1 1.34236e-7 0 -0.8666356 -0.4687327 0.1709753 -0.8662618 -0.4406478 0.2354148 -0.8667732 -0.422726 0.2645881 -0.9201088 -0.3314863 0.2086064 -0.9194689 -0.3189554 0.2298791 -0.9196463 -0.2998188 0.2536918 -0.9200903 -0.2826846 0.271152 1.25766e-5 -0.7194802 0.6945129 3.20524e-5 -0.7084776 0.7057333 2.93404e-5 -0.7057181 0.7084929 -1 -2.18821e-7 0 -0.5313234 -0.4745375 0.7017903 -0.5308653 -0.4154686 0.7386257 -0.5313366 -0.4745488 0.7017728 -0.5312205 -0.511012 0.6757748 -0.5312145 -0.5110207 0.675773 -0.5348491 -0.5923507 0.6025423 -0.7248593 -0.4854597 0.488782 -0.7247309 -0.5460212 0.420269 -0.8751727 -0.4180146 0.2435913 -0.9682554 -0.2306595 0.0963211 -1 -2.86549e-5 2.06381e-5 -0.967665 -0.2444117 0.0623492 -1 -5.40167e-5 7.23917e-6 -0.9686391 -0.2464391 0.03171747 -1 -6.51777e-5 6.88806e-6 -0.9679924 -0.2509682 -0.002390623 -1 -2.48551e-5 2.96906e-6 -0.9681714 -0.2475735 -0.03676438 -0.8749238 -0.4792245 -0.06965792 -0.7253053 -0.6810894 -0.1002478 -0.5862914 -0.8057603 -0.0837419 -0.5287514 -0.8487378 -0.008133709 -0.5291905 -0.8438553 -0.08868861 -0.529192 -0.8438546 -0.08868718 4.71771e-5 -0.9876326 -0.1567863 -2.08914e-5 -0.977905 -0.2090501 4.5836e-5 -0.9876325 -0.1567866 -1.3113e-5 -0.9902575 -0.1392489 -0.9196107 -0.3891956 -0.05331927 -0.9192338 -0.3928401 -0.0261895 -0.8660975 -0.4998753 -1.69186e-6 -0.9195417 -0.3929926 1.36613e-6 -0.9192259 -0.3928586 0.02619296 -0.8655921 -0.4958292 0.07002741 -0.8650466 -0.4910511 0.1027786 -0.8650674 -0.4910094 0.1028022 -0.8654457 -0.4820518 0.1364917 -0.8666523 -0.468704 0.1709693 -0.866038 -0.456885 0.2030627 -0.9200937 -0.3573565 0.1603873 -0.927192 -0.3333423 0.1708736 -0.9197756 -0.3463538 0.184532 -8.34465e-6 -0.8835802 0.46828 -2.66731e-5 -0.8470764 0.5314711 -2.35103e-5 -0.8090918 0.5876823 0 -0.809093 0.5876807 -6.78301e-5 -0.7664106 0.6423511 -0.5313196 -0.5922342 0.6057708 -0.5313169 -0.5922131 0.6057937 -0.5313487 -0.5956276 0.6024089 -0.5317782 -0.669754 0.5183065 -0.590518 -0.6609757 0.4630331 -0.7270004 -0.5933393 0.3455705 -0.8752179 -0.4479001 0.1826998 -0.8752109 -0.4677397 0.1233924 -0.8745149 -0.4815041 0.05811721 -0.8737776 -0.4862967 -0.005344152 -0.7263171 -0.6873093 -0.008340239 -0.5287931 -0.8487119 -0.008133351 -0.5925458 -0.803313 0.05981564 -0.5298945 -0.8455818 0.06483429 -0.5314594 -0.8470839 -1.17312e-5 -1 7.50482e-7 0 -3.08976e-5 -1 -9.01273e-7 -6.40452e-5 -0.9976278 -0.06883907 0 -1 7.11953e-5 -2.78354e-5 -0.9976248 0.06888222 -7.15256e-7 -0.9902591 0.1392366 -0.9196174 -0.3891805 0.05331444 -0.9265194 -0.3716854 0.0584113 -0.9192863 -0.3850895 0.08135646 -0.9202556 -0.3763643 0.1071428 -0.9300474 -0.3491259 0.114556 -0.9191792 -0.3704516 0.1336987 3.32892e-5 -0.9400805 0.3409524 -5.33462e-6 -0.9141109 0.4054643 4.16636e-5 -0.8917835 0.4524624 4.82053e-5 -0.8917896 0.4524505 -1 -2.15795e-7 0 -0.5292116 -0.6933678 0.4890564 -0.5292386 -0.693365 0.4890313 -0.5283316 -0.7363452 0.4226837 -0.5283645 -0.7363344 0.4226614 -0.5918469 -0.7316663 0.3382038 -0.7242389 -0.6384636 0.2604656 -0.7261865 -0.6649391 0.1746689 -0.7247305 -0.6838012 0.08474439 -0.5315683 -0.8406071 0.1039952 -0.5315233 -0.8406338 0.1040088 -0.5299026 -0.8455758 0.06484568 6.46561e-5 -0.9876337 0.1567799 4.64916e-5 -0.9876343 0.1567759 -9.0599e-6 -0.9778996 0.2090756 6.80387e-5 -0.9513632 0.3080718 5.0962e-5 -0.9611659 0.2759715 3.77893e-5 -0.951359 0.3080844 -0.5316184 -0.768267 0.3565777 -0.5316324 -0.7682528 0.3565874 -0.5285506 -0.7848269 0.3235447 -0.5297554 -0.8206173 0.2143517 -0.5322983 -0.8198209 0.211074 -0.5297311 -0.8206434 0.2143118 -0.5297323 -0.820636 0.2143373 -1 -2.12905e-7 0</float_array>
          <technique_common>
            <accessor source="#Mesh_0_002-mesh-normals-array" count="4107" stride="3">
              <param name="X" type="float"/>
              <param name="Y" type="float"/>
              <param name="Z" type="float"/>
            </accessor>
          </technique_common>
        </source>
        <source id="Mesh_0_002-mesh-map-0">
          <float_array id="Mesh_0_002-mesh-map-0-array" count="36720">19.31379 -0.5433235 18.90119 0.9994507 18.90119 -0.5971413 18.90119 -0.5971413 18.90119 0.9994507 18.48859 -0.5433235 18.48859 -0.5433235 18.90119 0.9994507 18.10289 -0.3818703 18.10289 -0.3818703 18.90119 0.9994507 17.77102 -0.1307201 17.77102 -0.1307201 18.90119 0.9994507 17.51987 0.2011547 17.51987 0.2011547 18.90119 0.9994507 17.35841 0.5868492 17.35841 0.5868492 18.90119 0.9994507 17.3046 0.9994507 17.3046 0.9994507 18.90119 0.9994507 17.35841 1.412054 17.35841 1.412054 18.90119 0.9994507 17.51987 1.797747 17.51987 1.797747 18.90119 0.9994507 17.77102 2.129623 17.77102 2.129623 18.90119 0.9994507 18.10289 2.380772 18.10289 2.380772 18.90119 0.9994507 18.48859 2.542225 18.48859 2.542225 18.90119 0.9994507 18.90119 2.596043 18.90119 2.596043 18.90119 0.9994507 19.31379 2.542225 19.31379 2.542225 18.90119 0.9994507 19.69948 2.380772 19.69948 2.380772 18.90119 0.9994507 20.03136 2.129623 20.03136 2.129623 18.90119 0.9994507 20.28251 1.797747 20.28251 1.797747 18.90119 0.9994507 20.44396 1.412054 20.44396 1.412054 18.90119 0.9994507 20.49778 0.9994507 20.49778 0.9994507 18.90119 0.9994507 20.44396 0.5868492 20.44396 0.5868492 18.90119 0.9994507 20.28251 0.2011547 20.28251 0.2011547 18.90119 0.9994507 20.03136 -0.1307201 20.03136 -0.1307201 18.90119 0.9994507 19.69948 -0.3818703 18.90119 0.9994507 19.31379 -0.5433235 19.69948 -0.3818703 -5.406476 19.1988 -5.406476 18.81311 -5.191205 19.1988 -5.191205 19.1988 -5.406476 18.81311 -5.191205 18.81311 -5.406476 18.81311 -5.406476 18.40051 -5.191205 18.81311 -5.191205 18.81311 -5.406476 18.40051 -5.191205 18.40051 -5.406476 18.40051 -5.406476 17.98791 -5.191205 18.40051 -5.191205 18.40051 -5.406476 17.98791 -5.191205 17.98791 -5.406476 17.98791 -5.406476 17.60221 -5.191205 17.98791 -5.191205 17.98791 -5.406476 17.60221 -5.191205 17.60221 -5.406476 17.60221 -5.406476 17.27034 -5.191205 17.60221 -5.191205 17.60221 -5.406476 17.27034 -5.191205 17.27034 -5.406476 17.27034 8.406735 0.2011547 -5.191205 17.27034 -5.191205 17.27034 8.406735 0.2011547 8.191464 0.2011547 8.406735 0.2011547 8.406735 0.5868492 8.191464 0.2011547 8.191464 0.2011547 8.406735 0.5868492 8.191464 0.5868492 8.406735 0.5868492 8.406735 0.9994507 8.191464 0.5868492 8.191464 0.5868492 8.406735 0.9994507 8.191464 0.9994507 8.406735 0.9994507 8.406735 1.412054 8.191464 0.9994507 8.191464 0.9994507 8.406735 1.412054 8.191464 1.412054 8.406735 1.412054 8.406735 1.797747 8.191464 1.412054 8.191464 1.412054 8.406735 1.797747 8.191464 1.797747 8.406735 1.797747 8.406735 2.129623 8.191464 1.797747 8.191464 1.797747 8.406735 2.129623 8.191464 2.129623 8.406735 2.129623 -5.406476 -15.60331 8.191464 2.129623 8.191464 2.129623 -5.406476 -15.60331 -5.191205 -15.60331 -5.406476 -15.60331 -5.406476 -15.989 -5.191205 -15.60331 -5.191205 -15.60331 -5.406476 -15.989 -5.191205 -15.989 -5.406476 -15.989 -5.406476 -16.40161 -5.191205 -15.989 -5.191205 -15.989 -5.406476 -16.40161 -5.191205 -16.40161 -5.406476 -16.40161 -5.406476 -16.81421 -5.191205 -16.40161 -5.191205 -16.40161 -5.406476 -16.81421 -5.191205 -16.81421 -5.406476 -16.81421 -5.406476 -17.1999 -5.191205 -16.81421 -5.191205 -16.81421 -5.406476 -17.1999 -5.191205 -17.1999 -5.406476 -17.1999 -5.406476 2.129623 -5.191205 -17.1999 -5.191205 -17.1999 -5.406476 2.129623 -5.191205 2.129623 -5.406476 2.129623 -5.406476 1.797747 -5.191205 2.129623 -5.191205 2.129623 -5.406476 1.797747 -5.191205 1.797747 -5.406476 1.797747 -5.406476 1.412054 -5.191205 1.797747 -5.191205 1.797747 -5.406476 1.412054 -5.191205 1.412054 -5.406476 1.412054 -5.406476 0.9994507 -5.191205 1.412054 -5.191205 1.412054 -5.406476 0.9994507 -5.191205 0.9994507 -5.406476 0.9994507 -5.406476 0.5868492 -5.191205 0.9994507 -5.191205 0.9994507 -5.406476 0.5868492 -5.191205 0.5868492 -5.406476 0.5868492 -5.406476 0.2011547 -5.191205 0.5868492 -5.191205 0.5868492 -5.406476 0.2011547 -5.191205 0.2011547 -5.406476 0.2011547 -5.406476 19.53068 -5.191205 0.2011547 -5.191205 0.2011547 -5.406476 19.53068 -5.191205 19.53068 -5.406476 19.53068 -5.406476 19.1988 -5.191205 19.53068 -5.406476 19.1988 -5.191205 19.1988 -5.191205 19.53068 -0.0289036 0.9205214 -0.03334695 0.9124785 -0.0261476 0.9190028 -0.03334695 0.9124785 -0.03278446 0.912141 -0.0261476 0.9190028 -0.03278446 0.912141 -0.0261476 0.9088226 -0.0261476 0.9190028 -0.0261476 0.9190028 -0.0261476 0.9088226 -0.02024197 0.9162468 -0.0261476 0.9088226 -0.02378535 0.9078664 -0.02024197 0.9162468 -0.02024197 0.9162468 -0.02378535 0.9078664 -0.01967948 0.9159656 9.05968e-4 0.9101725 -0.001737475 0.9107349 -0.003424823 0.9017358 -0.003424823 0.9017358 -0.001737475 0.9107349 -0.005055904 0.902017 -0.001737475 0.9107349 -0.006124556 0.9115785 -0.005055904 0.902017 -0.005055904 0.902017 -0.006124556 0.9115785 -0.01225525 0.9037606 -0.006124556 0.9115785 -0.01113033 0.9129847 -0.01225525 0.9037606 -0.01225525 0.9037606 -0.01113033 0.9129847 -0.01377379 0.9042105 -0.01113033 0.9129847 -0.01298642 0.9135471 -0.01377379 0.9042105 -0.01377379 0.9042105 -0.01298642 0.9135471 -0.01928579 0.9060103 -0.01298642 0.9135471 -0.01967948 0.9159656 -0.01928579 0.9060103 -0.01967948 0.9159656 -0.02378535 0.9078664 -0.01928579 0.9060103 -0.01928579 0.9060103 -0.02378535 0.9078664 0.01839798 1.026655 -0.02378535 0.9078664 -0.0261476 0.9088226 0.01839798 1.026655 -0.0261476 0.9088226 -0.03278446 0.912141 0.01839798 1.026655 0.01839798 1.026655 -0.03278446 0.912141 0.01839798 1.033348 -0.03278446 0.912141 -0.03334695 0.9124785 0.01839798 1.033348 0.01839798 1.033348 -0.03334695 0.9124785 0.01839798 1.039816 0.01839798 1.039816 -0.03334695 0.9124785 -0.0391401 0.9159094 -0.03334695 0.9124785 -0.0289036 0.9205214 -0.0391401 0.9159094 -0.0289036 0.9205214 -0.03239077 0.92249 -0.0391401 0.9159094 -0.0391401 0.9159094 -0.03239077 0.92249 -0.04234606 0.9181592 -0.03239077 0.92249 -0.03711533 0.9256397 -0.04234606 0.9181592 -0.03711533 0.9256397 -0.03829646 0.9264271 -0.04234606 0.9181592 -0.04234606 0.9181592 -0.03829646 0.9264271 -0.04515826 0.9201278 -0.03829646 0.9264271 -0.04392087 0.9308704 -0.04515826 0.9201278 -0.04515826 0.9201278 -0.04392087 0.9308704 -0.05078274 0.9246835 -0.04392087 0.9308704 -0.04470831 0.9316017 -0.05078274 0.9246835 -0.05078274 0.9246835 -0.04470831 0.9316017 -0.05089521 0.924796 -0.04470831 0.9316017 -0.04915165 0.9357075 -0.05089521 0.924796 -0.05089521 0.924796 -0.04915165 0.9357075 -0.05629467 0.9299143 -0.05629467 0.9299143 -0.04915165 0.9357075 -0.05837571 0.9321641 -0.04915165 0.9357075 -0.05162638 0.938351 -0.05837571 0.9321641 -0.05837571 0.9321641 -0.05162638 0.938351 -0.06124418 0.93537 -0.05162638 0.938351 -0.0540449 0.9409382 -0.06124418 0.93537 -0.06124418 0.93537 -0.0540449 0.9409382 -0.06518131 0.9403195 -0.0540449 0.9409382 -0.05781328 0.9457752 -0.06518131 0.9403195 -0.06518131 0.9403195 -0.05781328 0.9457752 -0.06585627 0.9411632 -0.06585627 0.9411632 -0.05781328 0.9457752 -0.05843198 0.9465627 -0.07367426 0.9808156 -0.07328057 0.9787908 -0.07181817 0.9791283 -0.07328057 0.9787908 -0.07136821 0.971929 -0.07181817 0.9791283 -0.07181817 0.9791283 -0.07136821 0.971929 -0.06990587 0.9723789 -0.07136821 0.971929 -0.07119947 0.9714227 -0.06990587 0.9723789 -0.06990587 0.9723789 -0.07119947 0.9714227 -0.06748735 0.9657983 -0.07119947 0.9714227 -0.06889349 0.9651796 -0.06748735 0.9657983 -0.06889349 0.9651796 -0.06759983 0.9624798 -0.06748735 0.9657983 -0.06748735 0.9657983 -0.06759983 0.9624798 -0.06456261 0.9593864 -0.06759983 0.9624798 -0.06591248 0.9587115 -0.06456261 0.9593864 -0.06456261 0.9593864 -0.06591248 0.9587115 -0.06113171 0.9532558 -0.06591248 0.9587115 -0.06315654 0.9538745 -0.06113171 0.9532558 -0.06315654 0.9538745 -0.06242537 0.9524683 -0.06113171 0.9532558 -0.06242537 0.9524683 -0.05843198 0.9465627 -0.06113171 0.9532558 -0.06113171 0.9532558 -0.05843198 0.9465627 -0.05719459 0.9474626 -0.05843198 0.9465627 -0.05781328 0.9457752 -0.05719459 0.9474626 -0.05719459 0.9474626 -0.05781328 0.9457752 -0.05286377 0.9419506 -0.05781328 0.9457752 -0.0540449 0.9409382 -0.05286377 0.9419506 -0.0540449 0.9409382 -0.05162638 0.938351 -0.05286377 0.9419506 -0.05286377 0.9419506 -0.05162638 0.938351 -0.048083 0.9367761 -0.05162638 0.938351 -0.04915165 0.9357075 -0.048083 0.9367761 -0.04915165 0.9357075 -0.04470831 0.9316017 -0.048083 0.9367761 -0.048083 0.9367761 -0.04470831 0.9316017 -0.04296475 0.9319953 -0.04470831 0.9316017 -0.04392087 0.9308704 -0.04296475 0.9319953 -0.04392087 0.9308704 -0.03829646 0.9264271 -0.04296475 0.9319953 -0.04296475 0.9319953 -0.03829646 0.9264271 -0.03745275 0.9276645 -0.03829646 0.9264271 -0.03711533 0.9256397 -0.03745275 0.9276645 -0.03745275 0.9276645 -0.03711533 0.9256397 -0.03160333 0.9237836 -0.03711533 0.9256397 -0.03239077 0.92249 -0.03160333 0.9237836 -0.03160333 0.9237836 -0.03239077 0.92249 -0.0254727 0.9203527 -0.03239077 0.92249 -0.0289036 0.9205214 -0.0254727 0.9203527 -0.0289036 0.9205214 -0.0261476 0.9190028 -0.0254727 0.9203527 -0.0261476 0.9190028 -0.02024197 0.9162468 -0.0254727 0.9203527 -0.0254727 0.9203527 -0.02024197 0.9162468 -0.01911705 0.9173718 -0.02024197 0.9162468 -0.01967948 0.9159656 -0.01911705 0.9173718 -0.01967948 0.9159656 -0.01298642 0.9135471 -0.01911705 0.9173718 -0.01911705 0.9173718 -0.01298642 0.9135471 -0.01248019 0.9149532 -0.01298642 0.9135471 -0.01113033 0.9129847 -0.01248019 0.9149532 -0.01248019 0.9149532 -0.01113033 0.9129847 -0.005730867 0.9130409 -0.01113033 0.9129847 -0.006124556 0.9115785 -0.005730867 0.9130409 -0.005730867 0.9130409 -0.006124556 0.9115785 0.001130938 0.9116911 -0.006124556 0.9115785 -0.001737475 0.9107349 0.001130938 0.9116911 -0.001737475 0.9107349 9.05968e-4 0.9101725 0.001130938 0.9116911 9.05968e-4 0.9101725 0.00788027 0.909385 0.001130938 0.9116911 0.001130938 0.9116911 0.00788027 0.909385 0.008105218 0.9108474 0.00788027 0.909385 0.007992744 0.9093288 0.008105218 0.9108474 0.007992744 0.9093288 0.02908444 0.9848652 0.008105218 0.9108474 0.008105218 0.9108474 0.02908444 0.9848652 0.01513582 0.9105662 0.02908444 0.9116911 0.02216637 0.9108474 0.02227884 0.9093288 0.02227884 0.9093288 0.02216637 0.9108474 0.01755434 0.90916 0.02216637 0.9108474 0.01513582 0.9105662 0.01755434 0.90916 0.01513582 0.9105662 0.02908444 0.9848652 0.01755434 0.90916 0.01755434 0.90916 0.02908444 0.9848652 0.01699185 0.899936 0.01699185 0.899936 0.02908444 0.9848652 0.009567618 0.9001047 0.02908444 0.9848652 0.007992744 0.9093288 0.009567618 0.9001047 0.009567618 0.9001047 0.007992744 0.9093288 0.0071491 0.9003297 0.007992744 0.9093288 0.00788027 0.909385 0.0071491 0.9003297 0.0071491 0.9003297 0.00788027 0.909385 0.00219959 0.9007796 0.00788027 0.909385 9.05968e-4 0.9101725 0.00219959 0.9007796 9.05968e-4 0.9101725 -0.003424823 0.9017358 0.00219959 0.9007796 0.00219959 0.9007796 -0.003424823 0.9017358 0.01839798 1.005338 -0.003424823 0.9017358 -0.005055904 0.902017 0.01839798 1.005338 -0.005055904 0.902017 -0.01225525 0.9037606 0.01839798 1.005338 0.01839798 1.005338 -0.01225525 0.9037606 0.01839798 1.012594 -0.01225525 0.9037606 -0.01377379 0.9042105 0.01839798 1.012594 0.01839798 1.012594 -0.01377379 0.9042105 0.01839798 1.019737 -0.01377379 0.9042105 -0.01928579 0.9060103 0.01839798 1.019737 -0.01928579 0.9060103 0.01839798 1.026655 0.01839798 1.019737 0.01839798 1.019737 0.01839798 1.026655 0.01671063 1.020018 0.01671063 1.020018 0.01839798 1.026655 0.01671063 1.027049 0.01839798 1.026655 0.01839798 1.033348 0.01671063 1.027049 0.01479834 1.027274 0.01671063 1.027049 0.01671063 1.033798 0.01671063 1.027049 0.01839798 1.033348 0.01671063 1.033798 0.01839798 1.033348 0.01839798 1.039816 0.01671063 1.033798 0.01671063 1.033798 0.01839798 1.039816 0.01671063 1.040322 0.01671063 1.040322 0.01839798 1.039816 0.01839798 1.045947 0.01839798 1.039816 -0.0391401 0.9159094 0.01839798 1.045947 -0.0391401 0.9159094 -0.04234606 0.9181592 0.01839798 1.045947 -0.04234606 0.9181592 -0.04515826 0.9201278 0.01839798 1.045947 -0.04515826 0.9201278 -0.05078274 0.9246835 0.01839798 1.045947 0.01839798 1.045947 -0.05078274 0.9246835 0.01839798 1.05174 -0.05078274 0.9246835 -0.05089521 0.924796 0.01839798 1.05174 -0.05089521 0.924796 -0.05629467 0.9299143 0.01839798 1.05174 0.01839798 1.05174 -0.05629467 0.9299143 0.01839798 0.9290143 -0.05629467 0.9299143 -0.05837571 0.9321641 0.01839798 0.9290143 0.01839798 0.9290143 -0.05837571 0.9321641 0.01839798 0.9345826 -0.05837571 0.9321641 -0.06124418 0.93537 0.01839798 0.9345826 -0.06124418 0.93537 -0.06518131 0.9403195 0.01839798 0.9345826 0.01839798 0.9345826 -0.06518131 0.9403195 0.01839798 0.940432 -0.06518131 0.9403195 -0.06585627 0.9411632 0.01839798 0.940432 0.01839798 0.940432 -0.06585627 0.9411632 -0.06996214 0.9472938 -0.06585627 0.9411632 -0.05843198 0.9465627 -0.06996214 0.9472938 -0.05843198 0.9465627 -0.06242537 0.9524683 -0.06996214 0.9472938 -0.06996214 0.9472938 -0.06242537 0.9524683 -0.07103073 0.9492061 -0.06242537 0.9524683 -0.06315654 0.9538745 -0.07103073 0.9492061 -0.07103073 0.9492061 -0.06315654 0.9538745 -0.07361799 0.9537619 -0.06315654 0.9538745 -0.06591248 0.9587115 -0.07361799 0.9537619 -0.07361799 0.9537619 -0.06591248 0.9587115 -0.0759803 0.9586552 -0.06591248 0.9587115 -0.06759983 0.9624798 -0.0759803 0.9586552 -0.0759803 0.9586552 -0.06759983 0.9624798 -0.07676768 0.9603988 -0.06759983 0.9624798 -0.06889349 0.9651796 -0.07676768 0.9603988 -0.07676768 0.9603988 -0.06889349 0.9651796 -0.07946741 0.9673169 -0.06889349 0.9651796 -0.07119947 0.9714227 -0.07946741 0.9673169 -0.07946741 0.9673169 -0.07119947 0.9714227 -0.07986116 0.9685543 -0.07119947 0.9714227 -0.07136821 0.971929 -0.07986116 0.9685543 -0.07986116 0.9685543 -0.07136821 0.971929 -0.08160471 0.9744037 -0.07136821 0.971929 -0.07328057 0.9787908 -0.08160471 0.9744037 -0.08160471 0.9744037 -0.07328057 0.9787908 -0.08261716 0.978847 -0.07328057 0.9787908 -0.07367426 0.9808156 -0.08261716 0.978847 -0.08261716 0.978847 -0.07367426 0.9808156 -0.0832358 0.981603 -0.0832358 0.981603 -0.07367426 0.9808156 -0.07468664 0.9857651 -0.07367426 0.9808156 -0.07181817 0.9791283 -0.07468664 0.9857651 -0.07181817 0.9791283 -0.07316803 0.9859901 -0.07468664 0.9857651 -0.07468664 0.9857651 -0.07316803 0.9859901 -0.07524907 0.9903209 -0.07524907 0.9903209 -0.07316803 0.9859901 -0.07401174 0.9929644 -0.07226812 1.006857 -0.07429295 0.999995 -0.07254934 0.999995 -0.07429295 0.999995 -0.07401174 0.9929644 -0.07254934 0.999995 -0.07254934 0.999995 -0.07401174 0.9929644 -0.07226812 0.9931331 -0.07401174 0.9929644 -0.07316803 0.9859901 -0.07226812 0.9931331 -0.07226812 0.9931331 -0.07316803 0.9859901 -0.07148075 0.9862713 -0.07316803 0.9859901 -0.07181817 0.9791283 -0.07148075 0.9862713 -0.07148075 0.9862713 -0.07181817 0.9791283 -0.07013082 0.9795219 -0.07181817 0.9791283 -0.06990587 0.9723789 -0.07013082 0.9795219 -0.07013082 0.9795219 -0.06990587 0.9723789 -0.06827479 0.9728851 -0.06990587 0.9723789 -0.06748735 0.9657983 -0.06827479 0.9728851 -0.06827479 0.9728851 -0.06748735 0.9657983 -0.06591248 0.966417 -0.06748735 0.9657983 -0.06456261 0.9593864 -0.06591248 0.966417 -0.06591248 0.966417 -0.06456261 0.9593864 -0.0629878 0.9601739 -0.06456261 0.9593864 -0.06113171 0.9532558 -0.0629878 0.9601739 -0.0629878 0.9601739 -0.06113171 0.9532558 -0.0596131 0.9542119 -0.06113171 0.9532558 -0.05719459 0.9474626 -0.0596131 0.9542119 -0.0596131 0.9542119 -0.05719459 0.9474626 -0.05578851 0.948475 -0.05719459 0.9474626 -0.05286377 0.9419506 -0.05578851 0.948475 -0.05578851 0.948475 -0.05286377 0.9419506 -0.05157017 0.9430755 -0.05286377 0.9419506 -0.048083 0.9367761 -0.05157017 0.9430755 -0.05157017 0.9430755 -0.048083 0.9367761 -0.04690188 0.9380135 -0.048083 0.9367761 -0.04296475 0.9319953 -0.04690188 0.9380135 -0.04690188 0.9380135 -0.04296475 0.9319953 -0.04183983 0.9333452 -0.04296475 0.9319953 -0.03745275 0.9276645 -0.04183983 0.9333452 -0.04183983 0.9333452 -0.03745275 0.9276645 -0.03644037 0.9290706 -0.03745275 0.9276645 -0.03160333 0.9237836 -0.03644037 0.9290706 -0.03644037 0.9290706 -0.03160333 0.9237836 -0.03070342 0.925246 -0.03160333 0.9237836 -0.0254727 0.9203527 -0.03070342 0.925246 -0.03070342 0.925246 -0.0254727 0.9203527 -0.02468526 0.9218713 -0.0254727 0.9203527 -0.01911705 0.9173718 -0.02468526 0.9218713 -0.02468526 0.9218713 -0.01911705 0.9173718 -0.01844209 0.9190028 -0.01911705 0.9173718 -0.01248019 0.9149532 -0.01844209 0.9190028 -0.01844209 0.9190028 -0.01248019 0.9149532 -0.01197397 0.9165843 -0.01248019 0.9149532 -0.005730867 0.9130409 -0.01197397 0.9165843 -0.01197397 0.9165843 -0.005730867 0.9130409 -0.005337119 0.9147283 -0.005730867 0.9130409 0.001130938 0.9116911 -0.005337119 0.9147283 -0.005337119 0.9147283 0.001130938 0.9116911 0.001412153 0.9133784 0.001130938 0.9116911 0.008105218 0.9108474 0.001412153 0.9133784 0.001412153 0.9133784 0.008105218 0.9108474 0.008217751 0.912591 0.008105218 0.9108474 0.01513582 0.9105662 0.008217751 0.912591 0.008217751 0.912591 0.01513582 0.9105662 0.01513582 0.9123098 0.01513582 0.9105662 0.02216637 0.9108474 0.01513582 0.9123098 0.01513582 0.9123098 0.02216637 0.9108474 0.02199763 0.912591 0.02216637 0.9108474 0.02908444 0.9116911 0.02199763 0.912591 0.02199763 0.912591 0.02908444 0.9116911 0.02885949 0.9133784 0.04865753 0.9190028 0.04224568 0.9165843 0.04933249 0.9173718 0.04933249 0.9173718 0.04224568 0.9165843 0.04275184 0.9149532 0.04224568 0.9165843 0.03560882 0.9147283 0.04275184 0.9149532 0.04275184 0.9149532 0.03560882 0.9147283 0.03600251 0.9130409 0.03560882 0.9147283 0.02885949 0.9133784 0.03600251 0.9130409 0.02885949 0.9133784 0.02908444 0.9116911 0.03600251 0.9130409 0.03600251 0.9130409 0.02908444 0.9116911 0.03633999 0.9115785 0.03633999 0.9115785 0.02908444 0.9116911 0.02936565 0.9101725 0.02936565 0.9101725 0.02908444 0.9116911 0.02717214 0.9099475 0.02908444 0.9116911 0.02227884 0.9093288 0.02717214 0.9099475 0.02717214 0.9099475 0.02227884 0.9093288 0.02435988 0.9003297 0.02435988 0.9003297 0.02227884 0.9093288 0.01777929 0.8999922 0.02227884 0.9093288 0.01755434 0.90916 0.01777929 0.8999922 0.01755434 0.90916 0.01699185 0.899936 0.01777929 0.8999922 0.01777929 0.8999922 0.01699185 0.899936 0.01839798 0.9830091 0.01699185 0.899936 0.009567618 0.9001047 0.01839798 0.9830091 0.01839798 0.9830091 0.009567618 0.9001047 0.01839798 0.9904896 0.009567618 0.9001047 0.0071491 0.9003297 0.01839798 0.9904896 0.01839798 0.9904896 0.0071491 0.9003297 0.01839798 0.9979702 0.0071491 0.9003297 0.00219959 0.9007796 0.01839798 0.9979702 0.00219959 0.9007796 0.01839798 1.005338 0.01839798 0.9979702 0.01839798 0.9979702 0.01839798 1.005338 0.01671063 0.9980826 0.01671063 0.9980826 0.01839798 1.005338 0.01671063 1.005507 0.01839798 1.005338 0.01839798 1.012594 0.01671063 1.005507 0.01671063 1.005507 0.01839798 1.012594 0.01671063 1.012875 0.01839798 1.012594 0.01839798 1.019737 0.01671063 1.012875 0.01839798 1.019737 0.01671063 1.020018 0.01671063 1.012875 0.01671063 1.012875 0.01671063 1.020018 0.01479834 1.012987 0.01479834 1.012987 0.01671063 1.020018 0.01479834 1.020243 0.01671063 1.020018 0.01671063 1.027049 0.01479834 1.020243 0.01671063 1.027049 0.01479834 1.027274 0.01479834 1.020243 0.01479834 1.020243 0.01479834 1.027274 0.01282978 1.026767 0.01282978 1.026767 0.01479834 1.027274 0.01282978 1.02733 0.01282978 1.036329 0.01282978 1.034135 0.01479834 1.034079 0.01282978 1.034135 0.01282978 1.02733 0.01479834 1.034079 0.01282978 1.02733 0.01479834 1.027274 0.01479834 1.034079 0.01479834 1.027274 0.01671063 1.033798 0.01479834 1.034079 0.01671063 1.033798 0.01671063 1.040322 0.01479834 1.034079 0.01479834 1.034079 0.01671063 1.040322 0.01479834 1.040603 0.01479834 1.040603 0.01671063 1.040322 0.01671063 1.046509 0.01671063 1.040322 0.01839798 1.045947 0.01671063 1.046509 0.01839798 1.045947 0.01839798 1.05174 0.01671063 1.046509 0.01671063 1.046509 0.01839798 1.05174 0.01671063 1.052359 0.01839798 1.05174 0.01839798 0.9290143 0.01671063 1.052359 0.01671063 1.052359 0.01839798 0.9290143 0.01671063 0.9283957 0.01839798 0.9290143 0.01839798 0.9345826 0.01671063 0.9283957 0.01671063 0.9283957 0.01839798 0.9345826 0.01671063 0.9339639 0.01839798 0.9345826 0.01839798 0.940432 0.01671063 0.9339639 0.01671063 0.9339639 0.01839798 0.940432 0.01671063 0.9399258 0.01671063 0.9399258 0.01839798 0.940432 0.01839798 0.9466752 0.01839798 0.940432 -0.06996214 0.9472938 0.01839798 0.9466752 -0.06996214 0.9472938 -0.07103073 0.9492061 0.01839798 0.9466752 0.01839798 0.9466752 -0.07103073 0.9492061 0.01839798 0.9531995 -0.07103073 0.9492061 -0.07361799 0.9537619 0.01839798 0.9531995 0.01839798 0.9531995 -0.07361799 0.9537619 0.01839798 0.9599488 -0.07361799 0.9537619 -0.0759803 0.9586552 0.01839798 0.9599488 -0.0759803 0.9586552 -0.07676768 0.9603988 0.01839798 0.9599488 -0.07676768 0.9603988 -0.07946741 0.9673169 0.01839798 0.9599488 0.01839798 0.9599488 -0.07946741 0.9673169 0.01839798 0.9669232 -0.07946741 0.9673169 -0.07986116 0.9685543 0.01839798 0.9669232 0.01839798 0.9669232 -0.07986116 0.9685543 0.01839798 0.9740663 -0.07986116 0.9685543 -0.08160471 0.9744037 0.01839798 0.9740663 0.01839798 0.9740663 -0.08160471 0.9744037 0.01839798 0.981378 -0.08160471 0.9744037 -0.08261716 0.978847 0.01839798 0.981378 -0.08261716 0.978847 -0.0832358 0.981603 0.01839798 0.981378 0.01839798 0.981378 -0.0832358 0.981603 -0.08436071 0.9889148 -0.0832358 0.981603 -0.07468664 0.9857651 -0.08436071 0.9889148 -0.07468664 0.9857651 -0.07524907 0.9903209 -0.08436071 0.9889148 -0.08436071 0.9889148 -0.07524907 0.9903209 -0.08436071 0.9893648 -0.08436071 0.9893648 -0.07524907 0.9903209 -0.07553035 0.9928519 -0.07524907 0.9903209 -0.07401174 0.9929644 -0.07553035 0.9928519 -0.07401174 0.9929644 -0.07429295 0.999995 -0.07553035 0.9928519 -0.07553035 0.9928519 -0.07429295 0.999995 0.02908444 0.999995 -0.07524907 1.009669 -0.07553035 1.007138 -0.07401174 1.007025 -0.07553035 1.007138 0.02908444 0.999995 -0.07401174 1.007025 0.02908444 0.999995 -0.07429295 0.999995 -0.07401174 1.007025 -0.07429295 0.999995 -0.07226812 1.006857 -0.07401174 1.007025 -0.07226812 1.006857 -0.07148075 1.013719 -0.07401174 1.007025 -0.07401174 1.007025 -0.07148075 1.013719 -0.07316803 1.014 -0.07316803 1.014 -0.07148075 1.013719 -0.07013082 1.020468 -0.05803829 1.044822 -0.0629878 1.039816 -0.06135672 1.038972 -0.0629878 1.039816 -0.06591248 1.033573 -0.06135672 1.038972 -0.06135672 1.038972 -0.06591248 1.033573 -0.06416893 1.032842 -0.06591248 1.033573 -0.06827479 1.027105 -0.06416893 1.032842 -0.06416893 1.032842 -0.06827479 1.027105 -0.06647497 1.026542 -0.06827479 1.027105 -0.07013082 1.020468 -0.06647497 1.026542 -0.06647497 1.026542 -0.07013082 1.020468 -0.068331 1.020018 -0.07013082 1.020468 -0.07148075 1.013719 -0.068331 1.020018 -0.068331 1.020018 -0.07148075 1.013719 -0.06962466 1.013437 -0.07148075 1.013719 -0.07226812 1.006857 -0.06962466 1.013437 -0.06962466 1.013437 -0.07226812 1.006857 -0.07041209 1.006744 -0.07226812 1.006857 -0.07254934 0.999995 -0.07041209 1.006744 -0.07041209 1.006744 -0.07254934 0.999995 -0.07069331 0.999995 -0.07254934 0.999995 -0.07226812 0.9931331 -0.07069331 0.999995 -0.07069331 0.999995 -0.07226812 0.9931331 -0.07041209 0.9932456 -0.07226812 0.9931331 -0.07148075 0.9862713 -0.07041209 0.9932456 -0.07041209 0.9932456 -0.07148075 0.9862713 -0.06962466 0.9865525 -0.07148075 0.9862713 -0.07013082 0.9795219 -0.06962466 0.9865525 -0.06962466 0.9865525 -0.07013082 0.9795219 -0.068331 0.9799719 -0.07013082 0.9795219 -0.06827479 0.9728851 -0.068331 0.9799719 -0.068331 0.9799719 -0.06827479 0.9728851 -0.06647497 0.9735038 -0.06827479 0.9728851 -0.06591248 0.966417 -0.06647497 0.9735038 -0.06647497 0.9735038 -0.06591248 0.966417 -0.06416893 0.9671482 -0.06591248 0.966417 -0.0629878 0.9601739 -0.06416893 0.9671482 -0.06416893 0.9671482 -0.0629878 0.9601739 -0.06135672 0.9610175 -0.0629878 0.9601739 -0.0596131 0.9542119 -0.06135672 0.9610175 -0.06135672 0.9610175 -0.0596131 0.9542119 -0.05803829 0.9551681 -0.0596131 0.9542119 -0.05578851 0.948475 -0.05803829 0.9551681 -0.05803829 0.9551681 -0.05578851 0.948475 -0.0542699 0.9495436 -0.05578851 0.948475 -0.05157017 0.9430755 -0.0542699 0.9495436 -0.0542699 0.9495436 -0.05157017 0.9430755 -0.05010777 0.9442567 -0.05157017 0.9430755 -0.04690188 0.9380135 -0.05010777 0.9442567 -0.05010777 0.9442567 -0.04690188 0.9380135 -0.04555201 0.9393071 -0.04690188 0.9380135 -0.04183983 0.9333452 -0.04555201 0.9393071 -0.04555201 0.9393071 -0.04183983 0.9333452 -0.04060244 0.9347513 -0.04183983 0.9333452 -0.03644037 0.9290706 -0.04060244 0.9347513 -0.04060244 0.9347513 -0.03644037 0.9290706 -0.03531545 0.9305892 -0.03644037 0.9290706 -0.03070342 0.925246 -0.03531545 0.9305892 -0.03531545 0.9305892 -0.03070342 0.925246 -0.02969104 0.9268208 -0.03070342 0.925246 -0.02468526 0.9218713 -0.02969104 0.9268208 -0.02969104 0.9268208 -0.02468526 0.9218713 -0.02384161 0.9235587 -0.02468526 0.9218713 -0.01844209 0.9190028 -0.02384161 0.9235587 -0.02384161 0.9235587 -0.01844209 0.9190028 -0.01771092 0.9207465 -0.01844209 0.9190028 -0.01197397 0.9165843 -0.01771092 0.9207465 -0.01771092 0.9207465 -0.01197397 0.9165843 -0.01141154 0.9183841 -0.01197397 0.9165843 -0.005337119 0.9147283 -0.01141154 0.9183841 -0.01141154 0.9183841 -0.005337119 0.9147283 -0.004887163 0.9165843 -0.005337119 0.9147283 0.001412153 0.9133784 -0.004887163 0.9165843 -0.004887163 0.9165843 0.001412153 0.9133784 0.001693367 0.9152345 0.001412153 0.9133784 0.008217751 0.912591 0.001693367 0.9152345 0.001693367 0.9152345 0.008217751 0.912591 0.008386492 0.914447 0.008217751 0.912591 0.01513582 0.9123098 0.008386492 0.914447 0.008386492 0.914447 0.01513582 0.9123098 0.01513582 0.9141658 0.01513582 0.9123098 0.02199763 0.912591 0.01513582 0.9141658 0.01513582 0.9141658 0.02199763 0.912591 0.02182888 0.914447 0.02199763 0.912591 0.02885949 0.9133784 0.02182888 0.914447 0.02182888 0.914447 0.02885949 0.9133784 0.02852201 0.9152345 0.02885949 0.9133784 0.03560882 0.9147283 0.02852201 0.9152345 0.02852201 0.9152345 0.03560882 0.9147283 0.03515887 0.9165843 0.03560882 0.9147283 0.04224568 0.9165843 0.03515887 0.9165843 0.03515887 0.9165843 0.04224568 0.9165843 0.04162698 0.9183841 0.04224568 0.9165843 0.04865753 0.9190028 0.04162698 0.9183841 0.04162698 0.9183841 0.04865753 0.9190028 0.04798263 0.9207465 0.04865753 0.9190028 0.05495691 0.9218713 0.04798263 0.9207465 0.04798263 0.9207465 0.05495691 0.9218713 0.054057 0.9235587 0.05495691 0.9218713 0.06091886 0.925246 0.054057 0.9235587 0.054057 0.9235587 0.06091886 0.925246 0.05996268 0.9268208 0.06091886 0.925246 0.06665581 0.9290706 0.05996268 0.9268208 0.05996268 0.9268208 0.06665581 0.9290706 0.06558716 0.9305892 0.06665581 0.9290706 0.07205528 0.9333452 0.06558716 0.9305892 0.06558716 0.9305892 0.07205528 0.9333452 0.07087415 0.9347513 0.07205528 0.9333452 0.07711732 0.9380135 0.07087415 0.9347513 0.07087415 0.9347513 0.07711732 0.9380135 0.07582366 0.9393071 0.07711732 0.9380135 0.08178561 0.9430755 0.07582366 0.9393071 0.07582366 0.9393071 0.08178561 0.9430755 0.08037948 0.9442567 0.09438437 0.9671482 0.09157216 0.9610175 0.09612792 0.966417 0.09612792 0.966417 0.09157216 0.9610175 0.09325945 0.9601739 0.09157216 0.9610175 0.08830994 0.9551681 0.09325945 0.9601739 0.09325945 0.9601739 0.08830994 0.9551681 0.08988481 0.9542119 0.08830994 0.9551681 0.08454155 0.9495436 0.08988481 0.9542119 0.08988481 0.9542119 0.08454155 0.9495436 0.08606016 0.948475 0.08454155 0.9495436 0.08037948 0.9442567 0.08606016 0.948475 0.08037948 0.9442567 0.08178561 0.9430755 0.08606016 0.948475 0.08606016 0.948475 0.08178561 0.9430755 0.08746629 0.9474626 0.08746629 0.9474626 0.08178561 0.9430755 0.08313548 0.9419506 0.08178561 0.9430755 0.07711732 0.9380135 0.08313548 0.9419506 0.08313548 0.9419506 0.07711732 0.9380135 0.07835465 0.9367761 0.07711732 0.9380135 0.07205528 0.9333452 0.07835465 0.9367761 0.07835465 0.9367761 0.07205528 0.9333452 0.07318019 0.9319953 0.07205528 0.9333452 0.06665581 0.9290706 0.07318019 0.9319953 0.07318019 0.9319953 0.06665581 0.9290706 0.06766819 0.9276645 0.06665581 0.9290706 0.06091886 0.925246 0.06766819 0.9276645 0.06766819 0.9276645 0.06091886 0.925246 0.06181877 0.9237836 0.06091886 0.925246 0.05495691 0.9218713 0.06181877 0.9237836 0.06181877 0.9237836 0.05495691 0.9218713 0.05574434 0.9203527 0.05495691 0.9218713 0.04865753 0.9190028 0.05574434 0.9203527 0.04865753 0.9190028 0.04933249 0.9173718 0.05574434 0.9203527 0.05574434 0.9203527 0.04933249 0.9173718 0.04989492 0.9159656 0.04989492 0.9159656 0.04933249 0.9173718 0.0459578 0.9145033 0.04933249 0.9173718 0.04275184 0.9149532 0.0459578 0.9145033 0.0459578 0.9145033 0.04275184 0.9149532 0.0432018 0.9135471 0.0432018 0.9135471 0.04275184 0.9149532 0.03667747 0.9116911 0.04275184 0.9149532 0.03600251 0.9130409 0.03667747 0.9116911 0.03600251 0.9130409 0.03633999 0.9115785 0.03667747 0.9116911 0.03667747 0.9116911 0.03633999 0.9115785 0.03887099 0.9028044 0.03887099 0.9028044 0.03633999 0.9115785 0.0316717 0.9012858 0.03633999 0.9115785 0.02936565 0.9101725 0.0316717 0.9012858 0.0316717 0.9012858 0.02936565 0.9101725 0.02840954 0.9008921 0.02936565 0.9101725 0.02717214 0.9099475 0.02840954 0.9008921 0.02717214 0.9099475 0.02435988 0.9003297 0.02840954 0.9008921 0.02840954 0.9008921 0.02435988 0.9003297 0.01839798 0.9755286 0.02435988 0.9003297 0.01777929 0.8999922 0.01839798 0.9755286 0.01777929 0.8999922 0.01839798 0.9830091 0.01839798 0.9755286 0.01839798 0.9755286 0.01839798 0.9830091 0.01671063 0.9754161 0.01671063 0.9754161 0.01839798 0.9830091 0.01671063 0.9830091 0.01839798 0.9830091 0.01839798 0.9904896 0.01671063 0.9830091 0.01671063 0.9830091 0.01839798 0.9904896 0.01671063 0.9905459 0.01839798 0.9904896 0.01839798 0.9979702 0.01671063 0.9905459 0.01839798 0.9979702 0.01671063 0.9980826 0.01671063 0.9905459 0.01671063 0.9905459 0.01671063 0.9980826 0.01479834 0.9905459 0.01479834 0.9905459 0.01671063 0.9980826 0.01479834 0.9981389 0.01671063 0.9980826 0.01671063 1.005507 0.01479834 0.9981389 0.01479834 0.9981389 0.01671063 1.005507 0.01479834 1.005619 0.01671063 1.005507 0.01671063 1.012875 0.01479834 1.005619 0.01671063 1.012875 0.01479834 1.012987 0.01479834 1.005619 0.01282978 1.005676 0.01479834 1.005619 0.01282978 1.006294 0.01479834 1.005619 0.01479834 1.012987 0.01282978 1.006294 0.01282978 1.006294 0.01479834 1.012987 0.01282978 1.013044 0.01282978 1.013044 0.01479834 1.012987 0.01282978 1.0167 0.01479834 1.012987 0.01479834 1.020243 0.01282978 1.0167 0.01282978 1.0167 0.01479834 1.020243 0.01282978 1.020299 0.01479834 1.020243 0.01282978 1.026767 0.01282978 1.020299 0.01282978 1.020299 0.01282978 1.026767 1.18546e-4 1.023843 1.18546e-4 1.023843 0.01282978 1.026767 1.18546e-4 1.026767 0.01282978 1.026767 0.01282978 1.02733 1.18546e-4 1.026767 -0.001793742 1.030704 1.18546e-4 1.026767 1.18546e-4 1.030761 1.18546e-4 1.026767 0.01282978 1.02733 1.18546e-4 1.030761 0.01282978 1.02733 0.01282978 1.034135 1.18546e-4 1.030761 1.18546e-4 1.030761 0.01282978 1.034135 1.18546e-4 1.036385 0.01282978 1.034135 0.01282978 1.036329 1.18546e-4 1.036385 1.18546e-4 1.036385 0.01282978 1.036329 1.18546e-4 1.037454 1.18546e-4 1.037454 0.01282978 1.036329 0.01282978 1.040716 0.01282978 1.036329 0.01479834 1.034079 0.01282978 1.040716 0.01479834 1.034079 0.01479834 1.040603 0.01282978 1.040716 0.01282978 1.040716 0.01479834 1.040603 0.01282978 1.045384 0.01282978 1.045384 0.01479834 1.040603 0.01479834 1.046847 0.01479834 1.040603 0.01671063 1.046509 0.01479834 1.046847 0.01671063 1.046509 0.01671063 1.052359 0.01479834 1.046847 0.01479834 1.046847 0.01671063 1.052359 0.01479834 1.052696 0.01671063 1.052359 0.01671063 0.9283957 0.01479834 1.052696 0.01479834 1.052696 0.01671063 0.9283957 0.01479834 0.9280019 0.01671063 0.9283957 0.01671063 0.9339639 0.01479834 0.9280019 0.01479834 0.9280019 0.01671063 0.9339639 0.01479834 0.9335702 0.01671063 0.9339639 0.01671063 0.9399258 0.01479834 0.9335702 0.01479834 0.9335702 0.01671063 0.9399258 0.01479834 0.9395883 0.01479834 0.9395883 0.01671063 0.9399258 0.01671063 0.946169 0.01671063 0.9399258 0.01839798 0.9466752 0.01671063 0.946169 0.01839798 0.9466752 0.01839798 0.9531995 0.01671063 0.946169 0.01671063 0.946169 0.01839798 0.9531995 0.01671063 0.9527496 0.01839798 0.9531995 0.01839798 0.9599488 0.01671063 0.9527496 0.01671063 0.9527496 0.01839798 0.9599488 0.01671063 0.9595552 0.01839798 0.9599488 0.01839798 0.9669232 0.01671063 0.9595552 0.01671063 0.9595552 0.01839798 0.9669232 0.01671063 0.966642 0.01839798 0.9669232 0.01839798 0.9740663 0.01671063 0.966642 0.01671063 0.966642 0.01839798 0.9740663 0.01671063 0.9738413 0.01839798 0.9740663 0.01839798 0.981378 0.01671063 0.9738413 0.01671063 0.9738413 0.01839798 0.981378 0.01671063 0.9812093 0.01671063 0.9812093 0.01839798 0.981378 0.01839798 0.9888023 0.01839798 0.981378 -0.08436071 0.9889148 0.01839798 0.9888023 -0.08436071 0.9889148 -0.08436071 0.9893648 0.01839798 0.9888023 0.01839798 0.9888023 -0.08436071 0.9893648 0.01839798 0.9962828 0.01839798 0.9962828 -0.08436071 0.9893648 -0.08486694 0.9962828 -0.08436071 0.9893648 -0.07553035 0.9928519 -0.08486694 0.9962828 -0.07553035 0.9928519 0.02908444 0.999995 -0.08486694 0.9962828 -0.08486694 0.9962828 0.02908444 0.999995 0.01991659 0.999995 0.01991659 0.999995 0.02908444 0.999995 -0.08486694 1.003707 0.02908444 0.999995 -0.07553035 1.007138 -0.08486694 1.003707 -0.08486694 1.003707 -0.07553035 1.007138 -0.08436071 1.010625 -0.07553035 1.007138 -0.07524907 1.009669 -0.08436071 1.010625 -0.08436071 1.010625 -0.07524907 1.009669 -0.08436071 1.011075 -0.0832358 1.018387 -0.08436071 1.011075 -0.07468664 1.014225 -0.08436071 1.011075 -0.07524907 1.009669 -0.07468664 1.014225 -0.07524907 1.009669 -0.07401174 1.007025 -0.07468664 1.014225 -0.07401174 1.007025 -0.07316803 1.014 -0.07468664 1.014225 -0.07468664 1.014225 -0.07316803 1.014 -0.07367426 1.019231 -0.07367426 1.019231 -0.07316803 1.014 -0.07181817 1.020862 -0.07316803 1.014 -0.07013082 1.020468 -0.07181817 1.020862 -0.07013082 1.020468 -0.06827479 1.027105 -0.07181817 1.020862 -0.07181817 1.020862 -0.06827479 1.027105 -0.06990587 1.027611 -0.06827479 1.027105 -0.06591248 1.033573 -0.06990587 1.027611 -0.06990587 1.027611 -0.06591248 1.033573 -0.06748735 1.034192 -0.06591248 1.033573 -0.0629878 1.039816 -0.06748735 1.034192 -0.06748735 1.034192 -0.0629878 1.039816 -0.06456261 1.040603 -0.06456261 1.040603 -0.0629878 1.039816 -0.0596131 1.045834 -0.0629878 1.039816 -0.05803829 1.044822 -0.0596131 1.045834 -0.0596131 1.045834 -0.05803829 1.044822 -0.0542699 1.050446 -0.04864543 1.05444 -0.0542699 1.050446 -0.05269503 1.049265 -0.0542699 1.050446 -0.05803829 1.044822 -0.05269503 1.049265 -0.05269503 1.049265 -0.05803829 1.044822 -0.05635094 1.043809 -0.05803829 1.044822 -0.06135672 1.038972 -0.05635094 1.043809 -0.05635094 1.043809 -0.06135672 1.038972 -0.0596131 1.038072 -0.06135672 1.038972 -0.06416893 1.032842 -0.0596131 1.038072 -0.0596131 1.038072 -0.06416893 1.032842 -0.0623691 1.032111 -0.06416893 1.032842 -0.06647497 1.026542 -0.0623691 1.032111 -0.0623691 1.032111 -0.06647497 1.026542 -0.06461888 1.025924 -0.06647497 1.026542 -0.068331 1.020018 -0.06461888 1.025924 -0.06461888 1.025924 -0.068331 1.020018 -0.0664187 1.019568 -0.068331 1.020018 -0.06962466 1.013437 -0.0664187 1.019568 -0.0664187 1.019568 -0.06962466 1.013437 -0.06771236 1.0131 -0.06962466 1.013437 -0.07041209 1.006744 -0.06771236 1.0131 -0.06771236 1.0131 -0.07041209 1.006744 -0.06849974 1.006576 -0.07041209 1.006744 -0.07069331 0.999995 -0.06849974 1.006576 -0.06849974 1.006576 -0.07069331 0.999995 -0.06872475 0.999995 -0.07069331 0.999995 -0.07041209 0.9932456 -0.06872475 0.999995 -0.06872475 0.999995 -0.07041209 0.9932456 -0.06849974 0.9934144 -0.07041209 0.9932456 -0.06962466 0.9865525 -0.06849974 0.9934144 -0.06849974 0.9934144 -0.06962466 0.9865525 -0.06771236 0.98689 -0.06962466 0.9865525 -0.068331 0.9799719 -0.06771236 0.98689 -0.06771236 0.98689 -0.068331 0.9799719 -0.0664187 0.9804219 -0.068331 0.9799719 -0.06647497 0.9735038 -0.0664187 0.9804219 -0.0664187 0.9804219 -0.06647497 0.9735038 -0.06461888 0.9740663 -0.06647497 0.9735038 -0.06416893 0.9671482 -0.06461888 0.9740663 -0.06461888 0.9740663 -0.06416893 0.9671482 -0.0623691 0.9679356 -0.06416893 0.9671482 -0.06135672 0.9610175 -0.0623691 0.9679356 -0.0623691 0.9679356 -0.06135672 0.9610175 -0.0596131 0.9619174 -0.06135672 0.9610175 -0.05803829 0.9551681 -0.0596131 0.9619174 -0.0596131 0.9619174 -0.05803829 0.9551681 -0.05635094 0.9561805 -0.05803829 0.9551681 -0.0542699 0.9495436 -0.05635094 0.9561805 -0.05635094 0.9561805 -0.0542699 0.9495436 -0.05269503 0.9507247 -0.0542699 0.9495436 -0.05010777 0.9442567 -0.05269503 0.9507247 -0.05269503 0.9507247 -0.05010777 0.9442567 -0.04864543 0.9455503 -0.05010777 0.9442567 -0.04555201 0.9393071 -0.04864543 0.9455503 -0.04864543 0.9455503 -0.04555201 0.9393071 -0.04414588 0.9407132 -0.04555201 0.9393071 -0.04060244 0.9347513 -0.04414588 0.9407132 -0.04414588 0.9407132 -0.04060244 0.9347513 -0.03936511 0.9362137 -0.04060244 0.9347513 -0.03531545 0.9305892 -0.03936511 0.9362137 -0.03936511 0.9362137 -0.03531545 0.9305892 -0.03419059 0.9321641 -0.03531545 0.9305892 -0.02969104 0.9268208 -0.03419059 0.9321641 -0.03419059 0.9321641 -0.02969104 0.9268208 -0.02867865 0.9285082 -0.02969104 0.9268208 -0.02384161 0.9235587 -0.02867865 0.9285082 -0.02867865 0.9285082 -0.02384161 0.9235587 -0.0229417 0.9253022 -0.02384161 0.9235587 -0.01771092 0.9207465 -0.0229417 0.9253022 -0.0229417 0.9253022 -0.01771092 0.9207465 -0.01697975 0.9225463 -0.01771092 0.9207465 -0.01141154 0.9183841 -0.01697975 0.9225463 -0.01697975 0.9225463 -0.01141154 0.9183841 -0.01079285 0.9202402 -0.01141154 0.9183841 -0.004887163 0.9165843 -0.01079285 0.9202402 -0.01079285 0.9202402 -0.004887163 0.9165843 -0.004437208 0.9184404 -0.004887163 0.9165843 0.001693367 0.9152345 -0.004437208 0.9184404 -0.004437208 0.9184404 0.001693367 0.9152345 0.002030849 0.9171468 0.001693367 0.9152345 0.008386492 0.914447 0.002030849 0.9171468 0.002030849 0.9171468 0.008386492 0.914447 0.008555173 0.9164156 0.008386492 0.914447 0.01513582 0.9141658 0.008555173 0.9164156 0.008555173 0.9164156 0.01513582 0.9141658 0.01513582 0.9161344 0.01513582 0.9141658 0.02182888 0.914447 0.01513582 0.9161344 0.01513582 0.9161344 0.02182888 0.914447 0.02171641 0.9164156 0.02182888 0.914447 0.02852201 0.9152345 0.02171641 0.9164156 0.02171641 0.9164156 0.02852201 0.9152345 0.02824079 0.9171468 0.02852201 0.9152345 0.03515887 0.9165843 0.02824079 0.9171468 0.02824079 0.9171468 0.03515887 0.9165843 0.03470891 0.9184404 0.03515887 0.9165843 0.04162698 0.9183841 0.03470891 0.9184404 0.03470891 0.9184404 0.04162698 0.9183841 0.04106456 0.9202402 0.04162698 0.9183841 0.04798263 0.9207465 0.04106456 0.9202402 0.04106456 0.9202402 0.04798263 0.9207465 0.04719519 0.9225463 0.04798263 0.9207465 0.054057 0.9235587 0.04719519 0.9225463 0.04719519 0.9225463 0.054057 0.9235587 0.05321335 0.9253022 0.054057 0.9235587 0.05996268 0.9268208 0.05321335 0.9253022 0.05321335 0.9253022 0.05996268 0.9268208 0.0589503 0.9285082 0.05996268 0.9268208 0.06558716 0.9305892 0.0589503 0.9285082 0.0589503 0.9285082 0.06558716 0.9305892 0.06440603 0.9321641 0.06558716 0.9305892 0.07087415 0.9347513 0.06440603 0.9321641 0.06440603 0.9321641 0.07087415 0.9347513 0.06958055 0.9362137 0.07087415 0.9347513 0.07582366 0.9393071 0.06958055 0.9362137 0.06958055 0.9362137 0.07582366 0.9393071 0.07441753 0.9407132 0.07582366 0.9393071 0.08037948 0.9442567 0.07441753 0.9407132 0.07441753 0.9407132 0.08037948 0.9442567 0.07891714 0.9455503 0.08037948 0.9442567 0.08454155 0.9495436 0.07891714 0.9455503 0.07891714 0.9455503 0.08454155 0.9495436 0.08296674 0.9507247 0.08454155 0.9495436 0.08830994 0.9551681 0.08296674 0.9507247 0.08296674 0.9507247 0.08830994 0.9551681 0.08662259 0.9561805 0.08830994 0.9551681 0.09157216 0.9610175 0.08662259 0.9561805 0.08662259 0.9561805 0.09157216 0.9610175 0.08982855 0.9619174 0.09157216 0.9610175 0.09438437 0.9671482 0.08982855 0.9619174 0.08982855 0.9619174 0.09438437 0.9671482 0.09258455 0.9679356 0.09489059 0.9740663 0.09258455 0.9679356 0.09674662 0.9735038 0.09258455 0.9679356 0.09438437 0.9671482 0.09674662 0.9735038 0.09674662 0.9735038 0.09438437 0.9671482 0.09849023 0.9728851 0.09438437 0.9671482 0.09612792 0.966417 0.09849023 0.9728851 0.09849023 0.9728851 0.09612792 0.966417 0.1001775 0.9723789 0.1001775 0.9723789 0.09612792 0.966417 0.097759 0.9657983 0.09612792 0.966417 0.09325945 0.9601739 0.097759 0.9657983 0.097759 0.9657983 0.09325945 0.9601739 0.09477806 0.9593864 0.09325945 0.9601739 0.08988481 0.9542119 0.09477806 0.9593864 0.09477806 0.9593864 0.08988481 0.9542119 0.09134715 0.9532558 0.08988481 0.9542119 0.08606016 0.948475 0.09134715 0.9532558 0.08606016 0.948475 0.08746629 0.9474626 0.09134715 0.9532558 0.09264075 0.9524683 0.09134715 0.9532558 0.09084093 0.9497686 0.09084093 0.9497686 0.09134715 0.9532558 0.08870369 0.9465627 0.09134715 0.9532558 0.08746629 0.9474626 0.08870369 0.9465627 0.08870369 0.9465627 0.08746629 0.9474626 0.08510398 0.9420068 0.08746629 0.9474626 0.08313548 0.9419506 0.08510398 0.9420068 0.08510398 0.9420068 0.08313548 0.9419506 0.08426034 0.9409382 0.08313548 0.9419506 0.07835465 0.9367761 0.08426034 0.9409382 0.08426034 0.9409382 0.07835465 0.9367761 0.0794233 0.9357075 0.0794233 0.9357075 0.07835465 0.9367761 0.07852339 0.9348638 0.07852339 0.9348638 0.07835465 0.9367761 0.07419258 0.9308704 0.07835465 0.9367761 0.07318019 0.9319953 0.07419258 0.9308704 0.07419258 0.9308704 0.07318019 0.9319953 0.07121163 0.9285082 0.07318019 0.9319953 0.06766819 0.9276645 0.07121163 0.9285082 0.07121163 0.9285082 0.06766819 0.9276645 0.06856811 0.9264271 0.06856811 0.9264271 0.06766819 0.9276645 0.06333738 0.92294 0.06766819 0.9276645 0.06181877 0.9237836 0.06333738 0.92294 0.06333738 0.92294 0.06181877 0.9237836 0.06260621 0.92249 0.06181877 0.9237836 0.05574434 0.9203527 0.06260621 0.92249 0.06260621 0.92249 0.05574434 0.9203527 0.05641931 0.9190028 0.05641931 0.9190028 0.05574434 0.9203527 0.05484443 0.9182717 0.05574434 0.9203527 0.04989492 0.9159656 0.05484443 0.9182717 0.05484443 0.9182717 0.04989492 0.9159656 0.05298835 0.9073602 0.05298835 0.9073602 0.04989492 0.9159656 0.04905128 0.9059541 0.04989492 0.9159656 0.0459578 0.9145033 0.04905128 0.9059541 0.04905128 0.9059541 0.0459578 0.9145033 0.04607027 0.9048292 0.0459578 0.9145033 0.0432018 0.9135471 0.04607027 0.9048292 0.04607027 0.9048292 0.0432018 0.9135471 0.03892725 0.9028044 0.0432018 0.9135471 0.03667747 0.9116911 0.03892725 0.9028044 0.03667747 0.9116911 0.03887099 0.9028044 0.03892725 0.9028044 0.03892725 0.9028044 0.03887099 0.9028044 0.01839798 0.9607926 0.01839798 0.9607926 0.03887099 0.9028044 0.01839798 0.9681043 0.03887099 0.9028044 0.0316717 0.9012858 0.01839798 0.9681043 0.0316717 0.9012858 0.02840954 0.9008921 0.01839798 0.9681043 0.02840954 0.9008921 0.01839798 0.9755286 0.01839798 0.9681043 0.01839798 0.9681043 0.01839798 0.9755286 0.01671063 0.9679356 0.01839798 0.9755286 0.01671063 0.9754161 0.01671063 0.9679356 0.01671063 0.9679356 0.01671063 0.9754161 0.01479834 0.9678794 0.01479834 0.9678794 0.01671063 0.9754161 0.01479834 0.9754161 0.01671063 0.9754161 0.01671063 0.9830091 0.01479834 0.9754161 0.01479834 0.9754161 0.01671063 0.9830091 0.01479834 0.9829529 0.01671063 0.9830091 0.01671063 0.9905459 0.01479834 0.9829529 0.01671063 0.9905459 0.01479834 0.9905459 0.01479834 0.9829529 0.01282978 0.9829529 0.01479834 0.9829529 0.01282978 0.9848652 0.01282978 0.9848652 0.01479834 0.9829529 0.01282978 0.9906021 0.01479834 0.9829529 0.01479834 0.9905459 0.01282978 0.9906021 0.01282978 0.9906021 0.01479834 0.9905459 0.01282978 0.9956641 0.01479834 0.9905459 0.01479834 0.9981389 0.01282978 0.9956641 0.01282978 0.9956641 0.01479834 0.9981389 0.01282978 0.9981389 0.01479834 0.9981389 0.01479834 1.005619 0.01282978 0.9981389 0.01479834 1.005619 0.01282978 1.005676 0.01282978 0.9981389 0.01282978 0.9981389 0.01282978 1.005676 1.18546e-4 1.001907 1.18546e-4 1.001907 0.01282978 1.005676 1.18546e-4 1.006294 0.01282978 1.005676 0.01282978 1.006294 1.18546e-4 1.006294 1.18546e-4 1.006294 0.01282978 1.006294 1.18546e-4 1.009388 0.01282978 1.006294 0.01282978 1.013044 1.18546e-4 1.009388 1.18546e-4 1.009388 0.01282978 1.013044 1.18546e-4 1.0167 0.01282978 1.013044 0.01282978 1.0167 1.18546e-4 1.0167 0.01282978 1.0167 0.01282978 1.020299 1.18546e-4 1.0167 0.01282978 1.020299 1.18546e-4 1.023843 1.18546e-4 1.0167 1.18546e-4 1.0167 1.18546e-4 1.023843 -0.001793742 1.016643 -0.001793742 1.016643 1.18546e-4 1.023843 -0.001793742 1.023786 1.18546e-4 1.023843 1.18546e-4 1.026767 -0.001793742 1.023786 1.18546e-4 1.026767 -0.001793742 1.030704 -0.001793742 1.023786 -0.001793742 1.023786 -0.001793742 1.030704 -0.003706037 1.023561 -0.003706037 1.023561 -0.001793742 1.030704 -0.003706037 1.030423 -0.003706037 1.030423 -0.001793742 1.030704 -0.001793742 1.037398 -0.001793742 1.030704 1.18546e-4 1.030761 -0.001793742 1.037398 1.18546e-4 1.030761 1.18546e-4 1.036385 -0.001793742 1.037398 1.18546e-4 1.036385 1.18546e-4 1.037454 -0.001793742 1.037398 -0.001793742 1.037398 1.18546e-4 1.037454 1.18546e-4 1.043866 1.18546e-4 1.037454 0.01282978 1.040716 1.18546e-4 1.043866 0.01282978 1.040716 0.01282978 1.045384 1.18546e-4 1.043866 1.18546e-4 1.043866 0.01282978 1.045384 1.18546e-4 1.045384 1.18546e-4 1.045384 0.01282978 1.045384 0.01282978 1.046959 0.01282978 1.045384 0.01479834 1.046847 0.01282978 1.046959 0.01479834 1.046847 0.01479834 1.052696 0.01282978 1.046959 0.01282978 1.046959 0.01479834 1.052696 0.01282978 1.052865 0.01282978 1.052865 0.01479834 1.052696 0.01282978 1.053765 0.01282978 1.053765 0.01479834 1.052696 0.01282978 0.9278332 0.01479834 1.052696 0.01479834 0.9280019 0.01282978 0.9278332 0.01282978 0.9278332 0.01479834 0.9280019 0.01282978 0.9311516 0.01479834 0.9280019 0.01479834 0.9335702 0.01282978 0.9311516 0.01282978 0.9311516 0.01479834 0.9335702 0.01282978 0.9334577 0.01479834 0.9335702 0.01479834 0.9395883 0.01282978 0.9334577 0.01282978 0.9334577 0.01479834 0.9395883 0.01282978 0.9394758 0.01282978 0.9485312 0.01282978 0.9457752 0.01479834 0.9458877 0.01282978 0.9457752 0.01282978 0.9394758 0.01479834 0.9458877 0.01282978 0.9394758 0.01479834 0.9395883 0.01479834 0.9458877 0.01479834 0.9395883 0.01671063 0.946169 0.01479834 0.9458877 0.01671063 0.946169 0.01671063 0.9527496 0.01479834 0.9458877 0.01479834 0.9458877 0.01671063 0.9527496 0.01479834 0.9524683 0.01671063 0.9527496 0.01671063 0.9595552 0.01479834 0.9524683 0.01479834 0.9524683 0.01671063 0.9595552 0.01479834 0.9593302 0.01671063 0.9595552 0.01671063 0.966642 0.01479834 0.9593302 0.01479834 0.9593302 0.01671063 0.966642 0.01479834 0.966417 0.01671063 0.966642 0.01671063 0.9738413 0.01479834 0.966417 0.01479834 0.966417 0.01671063 0.9738413 0.01479834 0.9736725 0.01671063 0.9738413 0.01671063 0.9812093 0.01479834 0.9736725 0.01479834 0.9736725 0.01671063 0.9812093 0.01479834 0.9810968 0.01479834 0.9810968 0.01671063 0.9812093 0.01671063 0.9886898 0.01671063 0.9812093 0.01839798 0.9888023 0.01671063 0.9886898 0.01839798 0.9888023 0.01839798 0.9962828 0.01671063 0.9886898 0.01671063 0.9886898 0.01839798 0.9962828 0.01671063 0.9962266 0.01671063 0.9962266 0.01839798 0.9962828 0.01839798 1.003763 0.01839798 0.9962828 -0.08486694 0.9962828 0.01839798 1.003763 -0.08486694 0.9962828 -0.08486694 0.999995 0.01839798 1.003763 -0.08486694 0.999995 -0.08486694 1.003707 0.01839798 1.003763 -0.08486694 1.003707 -0.08436071 1.010625 0.01839798 1.003763 0.01839798 1.003763 -0.08436071 1.010625 0.01839798 1.011188 -0.08436071 1.010625 -0.08436071 1.011075 0.01839798 1.011188 -0.08436071 1.011075 -0.0832358 1.018387 0.01839798 1.011188 0.01839798 1.011188 -0.0832358 1.018387 0.01839798 1.018612 0.01839798 1.018612 -0.0832358 1.018387 -0.08261716 1.021143 -0.0832358 1.018387 -0.07468664 1.014225 -0.08261716 1.021143 -0.07468664 1.014225 -0.07367426 1.019231 -0.08261716 1.021143 -0.08261716 1.021143 -0.07367426 1.019231 -0.07328057 1.021199 -0.07367426 1.019231 -0.07181817 1.020862 -0.07328057 1.021199 -0.07181817 1.020862 -0.06990587 1.027611 -0.07328057 1.021199 -0.07328057 1.021199 -0.06990587 1.027611 -0.07136821 1.028117 -0.07136821 1.028117 -0.06990587 1.027611 -0.07119947 1.028567 -0.06990587 1.027611 -0.06748735 1.034192 -0.07119947 1.028567 -0.07119947 1.028567 -0.06748735 1.034192 -0.06889349 1.03481 -0.06889349 1.03481 -0.06748735 1.034192 -0.06759983 1.037566 -0.06759983 1.037566 -0.06748735 1.034192 -0.06591248 1.041278 -0.06748735 1.034192 -0.06456261 1.040603 -0.06591248 1.041278 -0.06591248 1.041278 -0.06456261 1.040603 -0.06315654 1.046115 -0.06242537 1.047522 -0.06315654 1.046115 -0.06113171 1.046734 -0.06315654 1.046115 -0.06456261 1.040603 -0.06113171 1.046734 -0.06456261 1.040603 -0.0596131 1.045834 -0.06113171 1.046734 -0.06113171 1.046734 -0.0596131 1.045834 -0.05578851 1.051515 -0.0596131 1.045834 -0.0542699 1.050446 -0.05578851 1.051515 -0.05578851 1.051515 -0.0542699 1.050446 -0.05010777 1.055733 -0.0542699 1.050446 -0.04864543 1.05444 -0.05010777 1.055733 -0.05010777 1.055733 -0.04864543 1.05444 -0.04414588 1.059277 -0.0229417 1.074744 -0.02867865 1.071482 0.01513582 0.999995 -0.02867865 1.071482 -0.03419059 1.067826 0.01513582 0.999995 -0.03419059 1.067826 -0.03936511 1.063776 0.01513582 0.999995 -0.03936511 1.063776 -0.04414588 1.059277 0.01513582 0.999995 -0.04414588 1.059277 -0.04864543 1.05444 0.01513582 0.999995 -0.04864543 1.05444 -0.05269503 1.049265 0.01513582 0.999995 -0.05269503 1.049265 -0.05635094 1.043809 0.01513582 0.999995 -0.05635094 1.043809 -0.0596131 1.038072 0.01513582 0.999995 -0.0596131 1.038072 -0.0623691 1.032111 0.01513582 0.999995 -0.0623691 1.032111 -0.06461888 1.025924 0.01513582 0.999995 -0.06461888 1.025924 -0.0664187 1.019568 0.01513582 0.999995 -0.0664187 1.019568 -0.06771236 1.0131 0.01513582 0.999995 -0.06771236 1.0131 -0.06849974 1.006576 0.01513582 0.999995 -0.06849974 1.006576 -0.06872475 0.999995 0.01513582 0.999995 -0.06872475 0.999995 -0.06849974 0.9934144 0.01513582 0.999995 -0.06849974 0.9934144 -0.06771236 0.98689 0.01513582 0.999995 -0.06771236 0.98689 -0.0664187 0.9804219 0.01513582 0.999995 -0.0664187 0.9804219 -0.06461888 0.9740663 0.01513582 0.999995 -0.06461888 0.9740663 -0.0623691 0.9679356 0.01513582 0.999995 -0.0623691 0.9679356 -0.0596131 0.9619174 0.01513582 0.999995 -0.0596131 0.9619174 -0.05635094 0.9561805 0.01513582 0.999995 -0.05635094 0.9561805 -0.05269503 0.9507247 0.01513582 0.999995 -0.05269503 0.9507247 -0.04864543 0.9455503 0.01513582 0.999995 -0.04864543 0.9455503 -0.04414588 0.9407132 0.01513582 0.999995 -0.04414588 0.9407132 -0.03936511 0.9362137 0.01513582 0.999995 -0.03936511 0.9362137 -0.03419059 0.9321641 0.01513582 0.999995 -0.03419059 0.9321641 -0.02867865 0.9285082 0.01513582 0.999995 -0.02867865 0.9285082 -0.0229417 0.9253022 0.01513582 0.999995 -0.0229417 0.9253022 -0.01697975 0.9225463 0.01513582 0.999995 -0.01697975 0.9225463 -0.01079285 0.9202402 0.01513582 0.999995 -0.01079285 0.9202402 -0.004437208 0.9184404 0.01513582 0.999995 -0.004437208 0.9184404 0.002030849 0.9171468 0.01513582 0.999995 0.002030849 0.9171468 0.008555173 0.9164156 0.01513582 0.999995 0.008555173 0.9164156 0.01513582 0.9161344 0.01513582 0.999995 0.01513582 0.9161344 0.02171641 0.9164156 0.01513582 0.999995 0.02171641 0.9164156 0.02824079 0.9171468 0.01513582 0.999995 0.02824079 0.9171468 0.03470891 0.9184404 0.01513582 0.999995 0.03470891 0.9184404 0.04106456 0.9202402 0.01513582 0.999995 0.04106456 0.9202402 0.04719519 0.9225463 0.01513582 0.999995 0.04719519 0.9225463 0.05321335 0.9253022 0.01513582 0.999995 0.05321335 0.9253022 0.0589503 0.9285082 0.01513582 0.999995 0.0589503 0.9285082 0.06440603 0.9321641 0.01513582 0.999995 0.06440603 0.9321641 0.06958055 0.9362137 0.01513582 0.999995 0.06958055 0.9362137 0.07441753 0.9407132 0.01513582 0.999995 0.07441753 0.9407132 0.07891714 0.9455503 0.01513582 0.999995 0.07891714 0.9455503 0.08296674 0.9507247 0.01513582 0.999995 0.08296674 0.9507247 0.08662259 0.9561805 0.01513582 0.999995 0.08662259 0.9561805 0.08982855 0.9619174 0.01513582 0.999995 0.08982855 0.9619174 0.09258455 0.9679356 0.01513582 0.999995 0.09258455 0.9679356 0.09489059 0.9740663 0.01513582 0.999995 0.09489059 0.9740663 0.09669041 0.9804219 0.01513582 0.999995 0.09669041 0.9804219 0.09792774 0.98689 0.01513582 0.999995 0.09871518 1.006576 0.01513582 0.999995 0.0989964 0.999995 0.0989964 0.999995 0.01513582 0.999995 0.09871518 0.9934144 0.01513582 0.999995 0.09792774 0.98689 0.09871518 0.9934144 0.09871518 1.006576 0.0989964 0.999995 0.1006838 1.006744 0.1006838 1.006744 0.0989964 0.999995 0.1009087 0.999995 0.0989964 0.999995 0.09871518 0.9934144 0.1009087 0.999995 0.1009087 0.999995 0.09871518 0.9934144 0.1006838 0.9932456 0.09871518 0.9934144 0.09792774 0.98689 0.1006838 0.9932456 0.1006838 0.9932456 0.09792774 0.98689 0.09989631 0.9865525 0.09792774 0.98689 0.09669041 0.9804219 0.09989631 0.9865525 0.09989631 0.9865525 0.09669041 0.9804219 0.09854644 0.9799719 0.09669041 0.9804219 0.09489059 0.9740663 0.09854644 0.9799719 0.09489059 0.9740663 0.09674662 0.9735038 0.09854644 0.9799719 0.09854644 0.9799719 0.09674662 0.9735038 0.1004025 0.9795219 0.09674662 0.9735038 0.09849023 0.9728851 0.1004025 0.9795219 0.1004025 0.9795219 0.09849023 0.9728851 0.1020898 0.9791283 0.09849023 0.9728851 0.1001775 0.9723789 0.1020898 0.9791283 0.1027648 0.976091 0.1020898 0.9791283 0.1015837 0.971929 0.1020898 0.9791283 0.1001775 0.9723789 0.1015837 0.971929 0.1015837 0.971929 0.1001775 0.9723789 0.09978383 0.9669232 0.1001775 0.9723789 0.097759 0.9657983 0.09978383 0.9669232 0.09978383 0.9669232 0.097759 0.9657983 0.09910893 0.9651796 0.097759 0.9657983 0.09477806 0.9593864 0.09910893 0.9651796 0.09910893 0.9651796 0.09477806 0.9593864 0.09612792 0.9587115 0.09612792 0.9587115 0.09477806 0.9593864 0.0957905 0.9580928 0.09477806 0.9593864 0.09134715 0.9532558 0.0957905 0.9580928 0.09134715 0.9532558 0.09264075 0.9524683 0.0957905 0.9580928 0.0957905 0.9580928 0.09264075 0.9524683 0.1020898 0.9504998 0.1020898 0.9504998 0.09264075 0.9524683 0.09849023 0.9447066 0.09264075 0.9524683 0.09084093 0.9497686 0.09849023 0.9447066 0.09849023 0.9447066 0.09084093 0.9497686 0.09820902 0.9442004 0.09084093 0.9497686 0.08870369 0.9465627 0.09820902 0.9442004 0.09820902 0.9442004 0.08870369 0.9465627 0.09387814 0.9382385 0.08870369 0.9465627 0.08510398 0.9420068 0.09387814 0.9382385 0.09387814 0.9382385 0.08510398 0.9420068 0.09213459 0.9361574 0.08510398 0.9420068 0.08426034 0.9409382 0.09213459 0.9361574 0.09213459 0.9361574 0.08426034 0.9409382 0.08909738 0.9325578 0.08426034 0.9409382 0.0794233 0.9357075 0.08909738 0.9325578 0.08909738 0.9325578 0.0794233 0.9357075 0.08487904 0.9283394 0.0794233 0.9357075 0.07852339 0.9348638 0.08487904 0.9283394 0.08487904 0.9283394 0.07852339 0.9348638 0.08392286 0.927327 0.07852339 0.9348638 0.07419258 0.9308704 0.08392286 0.927327 0.08392286 0.927327 0.07419258 0.9308704 0.07835465 0.9224337 0.07835465 0.9224337 0.07419258 0.9308704 0.07689231 0.9213089 0.07419258 0.9308704 0.07121163 0.9285082 0.07689231 0.9213089 0.07689231 0.9213089 0.07121163 0.9285082 0.07244896 0.9179905 0.07121163 0.9285082 0.06856811 0.9264271 0.07244896 0.9179905 0.07244896 0.9179905 0.06856811 0.9264271 0.06817442 0.9152345 0.06856811 0.9264271 0.06333738 0.92294 0.06817442 0.9152345 0.06333738 0.92294 0.06260621 0.92249 0.06817442 0.9152345 0.06817442 0.9152345 0.06260621 0.92249 0.06620585 0.9139409 0.06260621 0.92249 0.05641931 0.9190028 0.06620585 0.9139409 0.06620585 0.9139409 0.05641931 0.9190028 0.05973774 0.9103974 0.05973774 0.9103974 0.05641931 0.9190028 0.05889403 0.9100599 0.05641931 0.9190028 0.05484443 0.9182717 0.05889403 0.9100599 0.05484443 0.9182717 0.05298835 0.9073602 0.05889403 0.9100599 0.05889403 0.9100599 0.05298835 0.9073602 0.01839798 0.9465627 0.01839798 0.9465627 0.05298835 0.9073602 0.01839798 0.9535933 0.05298835 0.9073602 0.04905128 0.9059541 0.01839798 0.9535933 0.04905128 0.9059541 0.04607027 0.9048292 0.01839798 0.9535933 0.04607027 0.9048292 0.03892725 0.9028044 0.01839798 0.9535933 0.03892725 0.9028044 0.01839798 0.9607926 0.01839798 0.9535933 0.01839798 0.9535933 0.01839798 0.9607926 0.01671063 0.9532558 0.01671063 0.9532558 0.01839798 0.9607926 0.01671063 0.9605675 0.01839798 0.9607926 0.01839798 0.9681043 0.01671063 0.9605675 0.01839798 0.9681043 0.01671063 0.9679356 0.01671063 0.9605675 0.01671063 0.9605675 0.01671063 0.9679356 0.01479834 0.9603988 0.01671063 0.9679356 0.01479834 0.9678794 0.01479834 0.9603988 0.01282978 0.9603426 0.01479834 0.9603988 0.01282978 0.9634923 0.01282978 0.9634923 0.01479834 0.9603988 0.01282978 0.9678231 0.01479834 0.9603988 0.01479834 0.9678794 0.01282978 0.9678231 0.01282978 0.9678231 0.01479834 0.9678794 0.01282978 0.9741225 0.01479834 0.9678794 0.01479834 0.9754161 0.01282978 0.9741225 0.01282978 0.9741225 0.01479834 0.9754161 0.01282978 0.9753599 0.01479834 0.9754161 0.01479834 0.9829529 0.01282978 0.9753599 0.01479834 0.9829529 0.01282978 0.9829529 0.01282978 0.9753599 0.01282978 0.9753599 0.01282978 0.9829529 1.18546e-4 0.9791845 1.18546e-4 0.9791845 0.01282978 0.9829529 1.18546e-4 0.9848652 0.01282978 0.9829529 0.01282978 0.9848652 1.18546e-4 0.9848652 1.18546e-4 0.9848652 0.01282978 0.9848652 1.18546e-4 0.9867775 0.01282978 0.9848652 0.01282978 0.9906021 1.18546e-4 0.9867775 1.18546e-4 0.9867775 0.01282978 0.9906021 1.18546e-4 0.9943705 1.18546e-4 0.9943705 0.01282978 0.9906021 1.18546e-4 0.9956641 0.01282978 0.9906021 0.01282978 0.9956641 1.18546e-4 0.9956641 0.01282978 0.9956641 0.01282978 0.9981389 1.18546e-4 0.9956641 0.01282978 0.9981389 1.18546e-4 1.001907 1.18546e-4 0.9956641 1.18546e-4 0.9956641 1.18546e-4 1.001907 -0.001793742 1.001907 -0.001793742 1.001907 1.18546e-4 1.001907 -0.001793742 1.009332 1.18546e-4 1.001907 1.18546e-4 1.006294 -0.001793742 1.009332 1.18546e-4 1.006294 1.18546e-4 1.009388 -0.001793742 1.009332 1.18546e-4 1.009388 1.18546e-4 1.0167 -0.001793742 1.009332 1.18546e-4 1.0167 -0.001793742 1.016643 -0.001793742 1.009332 -0.001793742 1.009332 -0.001793742 1.016643 -0.003706037 1.009219 -0.003706037 1.009219 -0.001793742 1.016643 -0.003706037 1.016475 -0.001793742 1.016643 -0.001793742 1.023786 -0.003706037 1.016475 -0.001793742 1.023786 -0.003706037 1.023561 -0.003706037 1.016475 -0.003706037 1.016475 -0.003706037 1.023561 -0.005393385 1.016193 -0.005393385 1.016193 -0.003706037 1.023561 -0.005393385 1.023224 -0.003706037 1.023561 -0.003706037 1.030423 -0.005393385 1.023224 -0.005393385 1.023224 -0.003706037 1.030423 -0.005393385 1.03003 -0.005393385 1.03003 -0.003706037 1.030423 -0.003706037 1.03706 -0.003706037 1.030423 -0.001793742 1.037398 -0.003706037 1.03706 -0.003706037 1.03706 -0.001793742 1.037398 -0.001793742 1.043753 -0.001793742 1.037398 1.18546e-4 1.043866 -0.001793742 1.043753 1.18546e-4 1.043866 1.18546e-4 1.045384 -0.001793742 1.043753 -0.001793742 1.043753 1.18546e-4 1.045384 -0.001793742 1.049828 -0.001793742 1.049828 1.18546e-4 1.045384 1.18546e-4 1.04994 1.18546e-4 1.045384 0.01282978 1.046959 1.18546e-4 1.04994 0.01282978 1.046959 0.01282978 1.052865 1.18546e-4 1.04994 1.18546e-4 1.04994 0.01282978 1.052865 1.18546e-4 1.053765 0.01282978 1.052865 0.01282978 1.053765 1.18546e-4 1.053765 1.18546e-4 1.053765 0.01282978 1.053765 1.18546e-4 1.055677 0.01282978 1.053765 0.01282978 0.9278332 1.18546e-4 1.055677 1.18546e-4 1.055677 0.01282978 0.9278332 1.18546e-4 0.9305892 1.18546e-4 0.9305892 0.01282978 0.9278332 1.18546e-4 0.9310954 0.01282978 0.9278332 0.01282978 0.9311516 1.18546e-4 0.9310954 0.01282978 0.9311516 0.01282978 0.9334577 1.18546e-4 0.9310954 1.18546e-4 0.9310954 0.01282978 0.9334577 1.18546e-4 0.9364386 0.01282978 0.9334577 0.01282978 0.9394758 1.18546e-4 0.9364386 1.18546e-4 0.9364386 0.01282978 0.9394758 1.18546e-4 0.9394758 1.18546e-4 0.9394758 0.01282978 0.9394758 1.18546e-4 0.9425693 0.01282978 0.9394758 0.01282978 0.9457752 1.18546e-4 0.9425693 1.18546e-4 0.9425693 0.01282978 0.9457752 1.18546e-4 0.9485312 0.01282978 0.9457752 0.01282978 0.9485312 1.18546e-4 0.9485312 1.18546e-4 0.9485312 0.01282978 0.9485312 1.18546e-4 0.9490374 1.18546e-4 0.9490374 0.01282978 0.9485312 0.01282978 0.9524121 0.01282978 0.9485312 0.01479834 0.9458877 0.01282978 0.9524121 0.01479834 0.9458877 0.01479834 0.9524683 0.01282978 0.9524121 0.01282978 0.9524121 0.01479834 0.9524683 0.01282978 0.958149 0.01479834 0.9524683 0.01479834 0.9593302 0.01282978 0.958149 0.01282978 0.958149 0.01479834 0.9593302 0.01282978 0.9592739 0.01479834 0.9593302 0.01479834 0.966417 0.01282978 0.9592739 0.01282978 0.9592739 0.01479834 0.966417 0.01282978 0.9663608 0.01282978 0.9663608 0.01479834 0.966417 0.01282978 0.9681606 0.01282978 0.9681606 0.01479834 0.966417 0.01282978 0.9736725 0.01479834 0.966417 0.01479834 0.9736725 0.01282978 0.9736725 0.01282978 0.9736725 0.01479834 0.9736725 0.01282978 0.978622 0.01479834 0.9736725 0.01479834 0.9810968 0.01282978 0.978622 0.01282978 0.978622 0.01479834 0.9810968 0.01282978 0.9810968 0.01282978 0.9885773 0.01282978 0.9810968 0.01479834 0.9886336 0.01282978 0.9810968 0.01479834 0.9810968 0.01479834 0.9886336 0.01479834 0.9810968 0.01671063 0.9886898 0.01479834 0.9886336 0.01671063 0.9886898 0.01671063 0.9962266 0.01479834 0.9886336 0.01479834 0.9886336 0.01671063 0.9962266 0.01479834 0.9962266 0.01479834 0.9962266 0.01671063 0.9962266 0.01671063 1.003763 0.01671063 0.9962266 0.01839798 1.003763 0.01671063 1.003763 0.01839798 1.003763 0.01839798 1.011188 0.01671063 1.003763 0.01671063 1.003763 0.01839798 1.011188 0.01671063 1.0113 0.01839798 1.011188 0.01839798 1.018612 0.01671063 1.0113 0.01671063 1.0113 0.01839798 1.018612 0.01671063 1.018781 0.01671063 1.018781 0.01839798 1.018612 0.01839798 1.025924 0.01839798 1.018612 -0.08261716 1.021143 0.01839798 1.025924 0.01839798 1.025924 -0.08261716 1.021143 -0.08160471 1.025586 -0.08261716 1.021143 -0.07328057 1.021199 -0.08160471 1.025586 -0.07328057 1.021199 -0.07136821 1.028117 -0.08160471 1.025586 -0.08160471 1.025586 -0.07136821 1.028117 -0.07986116 1.031436 -0.07136821 1.028117 -0.07119947 1.028567 -0.07986116 1.031436 -0.07986116 1.031436 -0.07119947 1.028567 -0.07946741 1.032673 -0.07119947 1.028567 -0.06889349 1.03481 -0.07946741 1.032673 -0.07946741 1.032673 -0.06889349 1.03481 -0.07676768 1.039591 -0.07676768 1.039591 -0.06889349 1.03481 -0.0759803 1.041335 -0.06889349 1.03481 -0.06759983 1.037566 -0.0759803 1.041335 -0.0759803 1.041335 -0.06759983 1.037566 -0.07361799 1.046228 -0.06759983 1.037566 -0.06591248 1.041278 -0.07361799 1.046228 -0.07361799 1.046228 -0.06591248 1.041278 -0.07103073 1.050784 -0.06591248 1.041278 -0.06315654 1.046115 -0.07103073 1.050784 -0.07103073 1.050784 -0.06315654 1.046115 -0.06996214 1.052696 -0.06315654 1.046115 -0.06242537 1.047522 -0.06996214 1.052696 -0.06996214 1.052696 -0.06242537 1.047522 -0.06585627 1.058827 -0.06585627 1.058827 -0.06242537 1.047522 -0.05843198 1.053427 -0.05843198 1.053427 -0.06242537 1.047522 -0.05719459 1.052584 -0.06242537 1.047522 -0.06113171 1.046734 -0.05719459 1.052584 -0.06113171 1.046734 -0.05578851 1.051515 -0.05719459 1.052584 -0.05719459 1.052584 -0.05578851 1.051515 -0.05157017 1.056971 -0.05578851 1.051515 -0.05010777 1.055733 -0.05157017 1.056971 -0.05157017 1.056971 -0.05010777 1.055733 -0.04555201 1.060683 -0.05010777 1.055733 -0.04414588 1.059277 -0.04555201 1.060683 -0.04414588 1.059277 -0.03936511 1.063776 -0.04555201 1.060683 -0.04555201 1.060683 -0.03936511 1.063776 -0.04060244 1.065239 -0.03936511 1.063776 -0.03419059 1.067826 -0.04060244 1.065239 -0.04060244 1.065239 -0.03419059 1.067826 -0.03531545 1.069401 -0.03419059 1.067826 -0.02867865 1.071482 -0.03531545 1.069401 -0.03531545 1.069401 -0.02867865 1.071482 -0.02969104 1.073169 -0.02867865 1.071482 -0.0229417 1.074744 -0.02969104 1.073169 -0.02969104 1.073169 -0.0229417 1.074744 -0.02384161 1.076431 -0.02384161 1.076431 -0.0229417 1.074744 -0.01697975 1.0775 -0.0229417 1.074744 0.01513582 0.999995 -0.01697975 1.0775 -0.01697975 1.0775 0.01513582 0.999995 -0.01079285 1.07975 -0.01079285 1.07975 0.01513582 0.999995 -0.004437208 1.08155 -0.004437208 1.08155 0.01513582 0.999995 0.002030849 1.082843 0.002030849 1.082843 0.01513582 0.999995 0.008555173 1.083574 0.008555173 1.083574 0.01513582 0.999995 0.01513582 1.083855 0.01513582 1.083855 0.01513582 0.999995 0.02171641 1.083574 0.02171641 1.083574 0.01513582 0.999995 0.02824079 1.082843 0.02824079 1.082843 0.01513582 0.999995 0.03470891 1.08155 0.03470891 1.08155 0.01513582 0.999995 0.04106456 1.07975 0.04106456 1.07975 0.01513582 0.999995 0.04719519 1.0775 0.04719519 1.0775 0.01513582 0.999995 0.05321335 1.074744 0.05321335 1.074744 0.01513582 0.999995 0.0589503 1.071482 0.0589503 1.071482 0.01513582 0.999995 0.06440603 1.067826 0.06440603 1.067826 0.01513582 0.999995 0.06958055 1.063776 0.06958055 1.063776 0.01513582 0.999995 0.07441753 1.059277 0.07441753 1.059277 0.01513582 0.999995 0.07891714 1.05444 0.07891714 1.05444 0.01513582 0.999995 0.08296674 1.049265 0.08296674 1.049265 0.01513582 0.999995 0.08662259 1.043809 0.08662259 1.043809 0.01513582 0.999995 0.08982855 1.038072 0.08982855 1.038072 0.01513582 0.999995 0.09258455 1.032111 0.09258455 1.032111 0.01513582 0.999995 0.09489059 1.025924 0.09489059 1.025924 0.01513582 0.999995 0.09669041 1.019568 0.09669041 1.019568 0.01513582 0.999995 0.09792774 1.0131 0.01513582 0.999995 0.09871518 1.006576 0.09792774 1.0131 0.09792774 1.0131 0.09871518 1.006576 0.09989631 1.013437 0.09871518 1.006576 0.1006838 1.006744 0.09989631 1.013437 0.09989631 1.013437 0.1006838 1.006744 0.1017524 1.013719 0.1017524 1.013719 0.1006838 1.006744 0.1025398 1.006857 0.1006838 1.006744 0.1009087 0.999995 0.1025398 1.006857 0.1025398 1.006857 0.1009087 0.999995 0.1028211 0.999995 0.1009087 0.999995 0.1006838 0.9932456 0.1028211 0.999995 0.1028211 0.999995 0.1006838 0.9932456 0.1025398 0.9931331 0.1006838 0.9932456 0.09989631 0.9865525 0.1025398 0.9931331 0.1025398 0.9931331 0.09989631 0.9865525 0.1017524 0.9862713 0.09989631 0.9865525 0.09854644 0.9799719 0.1017524 0.9862713 0.09854644 0.9799719 0.1004025 0.9795219 0.1017524 0.9862713 0.1017524 0.9862713 0.1004025 0.9795219 0.1034398 0.9859901 0.1004025 0.9795219 0.1020898 0.9791283 0.1034398 0.9859901 0.1049583 0.9857651 0.1034398 0.9859901 0.1049021 0.9855401 0.1034398 0.9859901 0.1020898 0.9791283 0.1049021 0.9855401 0.1049021 0.9855401 0.1020898 0.9791283 0.1035522 0.9787908 0.1020898 0.9791283 0.1027648 0.976091 0.1035522 0.9787908 0.1035522 0.9787908 0.1027648 0.976091 0.1115952 0.9736725 0.1115952 0.9736725 0.1027648 0.976091 0.110864 0.9708603 0.1027648 0.976091 0.1015837 0.971929 0.110864 0.9708603 0.110864 0.9708603 0.1015837 0.971929 0.1084455 0.9638298 0.1015837 0.971929 0.09978383 0.9669232 0.1084455 0.9638298 0.1084455 0.9638298 0.09978383 0.9669232 0.108333 0.9635486 0.09978383 0.9669232 0.09910893 0.9651796 0.108333 0.9635486 0.108333 0.9635486 0.09910893 0.9651796 0.1055208 0.9570804 0.09910893 0.9651796 0.09612792 0.9587115 0.1055208 0.9570804 0.1055208 0.9570804 0.09612792 0.9587115 0.1038334 0.9538745 0.09612792 0.9587115 0.0957905 0.9580928 0.1038334 0.9538745 0.0957905 0.9580928 0.1020898 0.9504998 0.1038334 0.9538745 0.1038334 0.9538745 0.1020898 0.9504998 -0.01838588 0.9498811 0.1020898 0.9504998 0.09849023 0.9447066 -0.01838588 0.9498811 -0.01838588 0.9498811 0.09849023 0.9447066 -0.01838588 0.9435254 0.09849023 0.9447066 0.09820902 0.9442004 -0.01838588 0.9435254 0.09820902 0.9442004 0.09387814 0.9382385 -0.01838588 0.9435254 -0.01838588 0.9435254 0.09387814 0.9382385 -0.01838588 0.937451 0.09387814 0.9382385 0.09213459 0.9361574 -0.01838588 0.937451 -0.01838588 0.937451 0.09213459 0.9361574 -0.01838588 0.9317703 0.09213459 0.9361574 0.08909738 0.9325578 -0.01838588 0.9317703 -0.01838588 0.9317703 0.08909738 0.9325578 0.01839798 0.9152345 0.08909738 0.9325578 0.08487904 0.9283394 0.01839798 0.9152345 0.08487904 0.9283394 0.08392286 0.927327 0.01839798 0.9152345 0.08392286 0.927327 0.07835465 0.9224337 0.01839798 0.9152345 0.01839798 0.9152345 0.07835465 0.9224337 0.01839798 0.9208589 0.07835465 0.9224337 0.07689231 0.9213089 0.01839798 0.9208589 0.01839798 0.9208589 0.07689231 0.9213089 0.01839798 0.9268771 0.07689231 0.9213089 0.07244896 0.9179905 0.01839798 0.9268771 0.01839798 0.9268771 0.07244896 0.9179905 0.01839798 0.9331202 0.07244896 0.9179905 0.06817442 0.9152345 0.01839798 0.9331202 0.06817442 0.9152345 0.06620585 0.9139409 0.01839798 0.9331202 0.06620585 0.9139409 0.05973774 0.9103974 0.01839798 0.9331202 0.01839798 0.9331202 0.05973774 0.9103974 0.01839798 0.9397009 0.05973774 0.9103974 0.05889403 0.9100599 0.01839798 0.9397009 0.05889403 0.9100599 0.01839798 0.9465627 0.01839798 0.9397009 0.01839798 0.9397009 0.01839798 0.9465627 0.01671063 0.9393071 0.01671063 0.9393071 0.01839798 0.9465627 0.01671063 0.946169 0.01839798 0.9465627 0.01839798 0.9535933 0.01671063 0.946169 0.01839798 0.9535933 0.01671063 0.9532558 0.01671063 0.946169 0.01671063 0.946169 0.01671063 0.9532558 0.01479834 0.9460002 0.01479834 0.9460002 0.01671063 0.9532558 0.01479834 0.953087 0.01671063 0.9532558 0.01671063 0.9605675 0.01479834 0.953087 0.01671063 0.9605675 0.01479834 0.9603988 0.01479834 0.953087 0.01479834 0.953087 0.01479834 0.9603988 0.01282978 0.9530308 0.01479834 0.9603988 0.01282978 0.9603426 0.01282978 0.9530308 0.01282978 0.9530308 0.01282978 0.9603426 1.18546e-4 0.9566867 1.18546e-4 0.9566867 0.01282978 0.9603426 1.18546e-4 0.9634923 0.01282978 0.9603426 0.01282978 0.9634923 1.18546e-4 0.9634923 1.18546e-4 0.9634923 0.01282978 0.9634923 1.18546e-4 0.9640547 0.01282978 0.9634923 0.01282978 0.9678231 1.18546e-4 0.9640547 1.18546e-4 0.9640547 0.01282978 0.9678231 1.18546e-4 0.9715915 0.01282978 0.9678231 0.01282978 0.9741225 1.18546e-4 0.9715915 1.18546e-4 0.9715915 0.01282978 0.9741225 1.18546e-4 0.9741225 0.01282978 0.9741225 0.01282978 0.9753599 1.18546e-4 0.9741225 0.01282978 0.9753599 1.18546e-4 0.9791845 1.18546e-4 0.9741225 1.18546e-4 0.9741225 1.18546e-4 0.9791845 -0.001793742 0.9791845 -0.001793742 0.9791845 1.18546e-4 0.9791845 -0.001793742 0.9867775 1.18546e-4 0.9791845 1.18546e-4 0.9848652 -0.001793742 0.9867775 1.18546e-4 0.9848652 1.18546e-4 0.9867775 -0.001793742 0.9867775 1.18546e-4 0.9867775 1.18546e-4 0.9943705 -0.001793742 0.9867775 -0.001793742 0.9867775 1.18546e-4 0.9943705 -0.001793742 0.9943705 1.18546e-4 0.9943705 1.18546e-4 0.9956641 -0.001793742 0.9943705 1.18546e-4 0.9956641 -0.001793742 1.001907 -0.001793742 0.9943705 -0.001793742 0.9943705 -0.001793742 1.001907 -0.003706037 0.9943143 -0.003706037 0.9943143 -0.001793742 1.001907 -0.003706037 1.001795 -0.001793742 1.001907 -0.001793742 1.009332 -0.003706037 1.001795 -0.001793742 1.009332 -0.003706037 1.009219 -0.003706037 1.001795 -0.003706037 1.001795 -0.003706037 1.009219 -0.005393385 1.001626 -0.005393385 1.001626 -0.003706037 1.009219 -0.005393385 1.008994 -0.003706037 1.009219 -0.003706037 1.016475 -0.005393385 1.008994 -0.003706037 1.016475 -0.005393385 1.016193 -0.005393385 1.008994 -0.005393385 1.008994 -0.005393385 1.016193 0.008667707 0.9028044 0.008667707 0.9028044 -0.005393385 1.016193 0.01581072 0.9048292 0.01581072 0.9048292 -0.005393385 1.016193 0.01879167 0.9059541 0.01879167 0.9059541 -0.005393385 1.016193 0.0227288 0.9073602 -0.005393385 1.016193 -0.005393385 1.023224 0.0227288 0.9073602 0.0227288 0.9073602 -0.005393385 1.023224 0.02863448 0.9100599 -0.005393385 1.023224 -0.005393385 1.03003 0.02863448 0.9100599 0.02863448 0.9100599 -0.005393385 1.03003 0.02947813 0.9103974 0.03600251 0.9139409 0.02947813 0.9103974 -0.005393385 1.03661 0.02947813 0.9103974 -0.005393385 1.03003 -0.005393385 1.03661 -0.005393385 1.03003 -0.003706037 1.03706 -0.005393385 1.03661 -0.005393385 1.03661 -0.003706037 1.03706 -0.003706037 1.043416 -0.003706037 1.03706 -0.001793742 1.043753 -0.003706037 1.043416 -0.001793742 1.043753 -0.001793742 1.049828 -0.003706037 1.043416 -0.003706037 1.043416 -0.001793742 1.049828 -0.003706037 1.049434 -0.003706037 1.049434 -0.001793742 1.049828 -0.001793742 1.055508 -0.001793742 1.049828 1.18546e-4 1.04994 -0.001793742 1.055508 1.18546e-4 1.04994 1.18546e-4 1.053765 -0.001793742 1.055508 1.18546e-4 1.053765 1.18546e-4 1.055677 -0.001793742 1.055508 1.18546e-4 1.055677 1.18546e-4 0.9305892 -0.001793742 1.055508 -0.001793742 1.055508 1.18546e-4 0.9305892 -0.001793742 0.9307579 1.18546e-4 0.9305892 1.18546e-4 0.9310954 -0.001793742 0.9307579 -0.001793742 0.9307579 1.18546e-4 0.9310954 -0.001793742 0.9365511 1.18546e-4 0.9310954 1.18546e-4 0.9364386 -0.001793742 0.9365511 1.18546e-4 0.9364386 1.18546e-4 0.9394758 -0.001793742 0.9365511 -0.001793742 0.9365511 1.18546e-4 0.9394758 -0.001793742 0.9426818 1.18546e-4 0.9394758 1.18546e-4 0.9425693 -0.001793742 0.9426818 1.18546e-4 0.9425693 1.18546e-4 0.9485312 -0.001793742 0.9426818 -0.001793742 0.9426818 1.18546e-4 0.9485312 -0.001793742 0.9491499 1.18546e-4 0.9485312 1.18546e-4 0.9490374 -0.001793742 0.9491499 -0.001793742 0.9491499 1.18546e-4 0.9490374 1.18546e-4 0.9557868 1.18546e-4 0.9490374 0.01282978 0.9524121 1.18546e-4 0.9557868 0.01282978 0.9524121 0.01282978 0.958149 1.18546e-4 0.9557868 1.18546e-4 0.9557868 0.01282978 0.958149 1.18546e-4 0.958149 0.01282978 0.958149 0.01282978 0.9592739 1.18546e-4 0.958149 1.18546e-4 0.958149 0.01282978 0.9592739 1.18546e-4 0.9628173 0.01282978 0.9592739 0.01282978 0.9663608 1.18546e-4 0.9628173 1.18546e-4 0.9628173 0.01282978 0.9663608 1.18546e-4 0.9681606 0.01282978 0.9663608 0.01282978 0.9681606 1.18546e-4 0.9681606 1.18546e-4 0.9681606 0.01282978 0.9681606 1.18546e-4 0.9699604 0.01282978 0.9681606 0.01282978 0.9736725 1.18546e-4 0.9699604 1.18546e-4 0.9699604 0.01282978 0.9736725 1.18546e-4 0.9773284 1.18546e-4 0.9773284 0.01282978 0.9736725 1.18546e-4 0.9785658 0.01282978 0.9736725 0.01282978 0.978622 1.18546e-4 0.9785658 0.01282978 0.978622 0.01282978 0.9810968 1.18546e-4 0.9785658 1.18546e-4 0.9785658 0.01282978 0.9810968 1.18546e-4 0.9848089 0.01282978 0.9810968 0.01282978 0.9885773 1.18546e-4 0.9848089 1.18546e-4 0.9848089 0.01282978 0.9885773 1.18546e-4 0.9892523 1.18546e-4 0.9892523 0.01282978 0.9885773 0.01282978 0.9892523 0.01282978 0.9885773 0.01479834 0.9886336 0.01282978 0.9892523 0.01479834 0.9886336 0.01479834 0.9962266 0.01282978 0.9892523 0.01282978 0.9892523 0.01479834 0.9962266 0.01282978 0.9961704 0.01282978 0.9961704 0.01479834 0.9962266 0.01282978 0.999995 0.01282978 1.00382 0.01282978 0.999995 0.01479834 1.00382 0.01282978 0.999995 0.01479834 0.9962266 0.01479834 1.00382 0.01479834 0.9962266 0.01671063 1.003763 0.01479834 1.00382 0.01671063 1.003763 0.01671063 1.0113 0.01479834 1.00382 0.01479834 1.00382 0.01671063 1.0113 0.01479834 1.011356 0.01671063 1.0113 0.01671063 1.018781 0.01479834 1.011356 0.01479834 1.011356 0.01671063 1.018781 0.01479834 1.018893 0.01479834 1.018893 0.01671063 1.018781 0.01671063 1.026149 0.01671063 1.018781 0.01839798 1.025924 0.01671063 1.026149 0.01671063 1.026149 0.01839798 1.025924 0.01839798 1.033067 0.01839798 1.025924 -0.08160471 1.025586 0.01839798 1.033067 -0.08160471 1.025586 -0.07986116 1.031436 0.01839798 1.033067 -0.07986116 1.031436 -0.07946741 1.032673 0.01839798 1.033067 -0.07946741 1.032673 -0.07676768 1.039591 0.01839798 1.033067 0.01839798 1.033067 -0.07676768 1.039591 0.01839798 1.040041 -0.07676768 1.039591 -0.0759803 1.041335 0.01839798 1.040041 0.01839798 1.040041 -0.0759803 1.041335 0.01839798 1.046847 -0.0759803 1.041335 -0.07361799 1.046228 0.01839798 1.046847 0.01839798 1.046847 -0.07361799 1.046228 0.01839798 1.053315 -0.07361799 1.046228 -0.07103073 1.050784 0.01839798 1.053315 -0.07103073 1.050784 -0.06996214 1.052696 0.01839798 1.053315 -0.06996214 1.052696 -0.06585627 1.058827 0.01839798 1.053315 0.01839798 1.053315 -0.06585627 1.058827 0.01839798 1.059558 0.01839798 1.059558 -0.06585627 1.058827 -0.06518131 1.05967 -0.06585627 1.058827 -0.05843198 1.053427 -0.06518131 1.05967 -0.06518131 1.05967 -0.05843198 1.053427 -0.05781328 1.054215 -0.05843198 1.053427 -0.05719459 1.052584 -0.05781328 1.054215 -0.05162638 1.061639 -0.0540449 1.059052 -0.05286377 1.058096 -0.0540449 1.059052 -0.05781328 1.054215 -0.05286377 1.058096 -0.05781328 1.054215 -0.05719459 1.052584 -0.05286377 1.058096 -0.05719459 1.052584 -0.05157017 1.056971 -0.05286377 1.058096 -0.05286377 1.058096 -0.05157017 1.056971 -0.04690188 1.061976 -0.05157017 1.056971 -0.04555201 1.060683 -0.04690188 1.061976 -0.04555201 1.060683 -0.04060244 1.065239 -0.04690188 1.061976 -0.04690188 1.061976 -0.04060244 1.065239 -0.04183983 1.066701 -0.04060244 1.065239 -0.03531545 1.069401 -0.04183983 1.066701 -0.04183983 1.066701 -0.03531545 1.069401 -0.03644037 1.070919 -0.03531545 1.069401 -0.02969104 1.073169 -0.03644037 1.070919 -0.03644037 1.070919 -0.02969104 1.073169 -0.03070342 1.074744 -0.02969104 1.073169 -0.02384161 1.076431 -0.03070342 1.074744 -0.03070342 1.074744 -0.02384161 1.076431 -0.02468526 1.078119 -0.02468526 1.078119 -0.02384161 1.076431 -0.01771092 1.0793 -0.02384161 1.076431 -0.01697975 1.0775 -0.01771092 1.0793 -0.01697975 1.0775 -0.01079285 1.07975 -0.01771092 1.0793 -0.01771092 1.0793 -0.01079285 1.07975 -0.01141154 1.081606 -0.01079285 1.07975 -0.004437208 1.08155 -0.01141154 1.081606 -0.01141154 1.081606 -0.004437208 1.08155 -0.004887163 1.083462 -0.004437208 1.08155 0.002030849 1.082843 -0.004887163 1.083462 -0.004887163 1.083462 0.002030849 1.082843 0.001693367 1.084755 0.002030849 1.082843 0.008555173 1.083574 0.001693367 1.084755 0.001693367 1.084755 0.008555173 1.083574 0.008386492 1.085543 0.008555173 1.083574 0.01513582 1.083855 0.008386492 1.085543 0.008386492 1.085543 0.01513582 1.083855 0.01513582 1.085824 0.01513582 1.083855 0.02171641 1.083574 0.01513582 1.085824 0.01513582 1.085824 0.02171641 1.083574 0.02182888 1.085543 0.02171641 1.083574 0.02824079 1.082843 0.02182888 1.085543 0.02182888 1.085543 0.02824079 1.082843 0.02852201 1.084755 0.02824079 1.082843 0.03470891 1.08155 0.02852201 1.084755 0.02852201 1.084755 0.03470891 1.08155 0.03515887 1.083462 0.03470891 1.08155 0.04106456 1.07975 0.03515887 1.083462 0.03515887 1.083462 0.04106456 1.07975 0.04162698 1.081606 0.04106456 1.07975 0.04719519 1.0775 0.04162698 1.081606 0.04162698 1.081606 0.04719519 1.0775 0.04798263 1.0793 0.04719519 1.0775 0.05321335 1.074744 0.04798263 1.0793 0.04798263 1.0793 0.05321335 1.074744 0.054057 1.076431 0.05321335 1.074744 0.0589503 1.071482 0.054057 1.076431 0.054057 1.076431 0.0589503 1.071482 0.05996268 1.073169 0.0589503 1.071482 0.06440603 1.067826 0.05996268 1.073169 0.05996268 1.073169 0.06440603 1.067826 0.06558716 1.069401 0.06440603 1.067826 0.06958055 1.063776 0.06558716 1.069401 0.06558716 1.069401 0.06958055 1.063776 0.07087415 1.065239 0.06958055 1.063776 0.07441753 1.059277 0.07087415 1.065239 0.07087415 1.065239 0.07441753 1.059277 0.07582366 1.060683 0.07441753 1.059277 0.07891714 1.05444 0.07582366 1.060683 0.07582366 1.060683 0.07891714 1.05444 0.08037948 1.055733 0.07891714 1.05444 0.08296674 1.049265 0.08037948 1.055733 0.08037948 1.055733 0.08296674 1.049265 0.08454155 1.050446 0.08296674 1.049265 0.08662259 1.043809 0.08454155 1.050446 0.08454155 1.050446 0.08662259 1.043809 0.08830994 1.044822 0.08662259 1.043809 0.08982855 1.038072 0.08830994 1.044822 0.08830994 1.044822 0.08982855 1.038072 0.09157216 1.038972 0.08982855 1.038072 0.09258455 1.032111 0.09157216 1.038972 0.09157216 1.038972 0.09258455 1.032111 0.09438437 1.032842 0.09258455 1.032111 0.09489059 1.025924 0.09438437 1.032842 0.09438437 1.032842 0.09489059 1.025924 0.09674662 1.026542 0.09489059 1.025924 0.09669041 1.019568 0.09674662 1.026542 0.09674662 1.026542 0.09669041 1.019568 0.09854644 1.020018 0.09669041 1.019568 0.09792774 1.0131 0.09854644 1.020018 0.09792774 1.0131 0.09989631 1.013437 0.09854644 1.020018 0.09854644 1.020018 0.09989631 1.013437 0.1004025 1.020468 0.09989631 1.013437 0.1017524 1.013719 0.1004025 1.020468 0.1004025 1.020468 0.1017524 1.013719 0.1020898 1.020862 0.1020898 1.020862 0.1017524 1.013719 0.1034398 1.014 0.1017524 1.013719 0.1025398 1.006857 0.1034398 1.014 0.1034398 1.014 0.1025398 1.006857 0.1042834 1.007025 0.1025398 1.006857 0.1028211 0.999995 0.1042834 1.007025 0.1042834 1.007025 0.1028211 0.999995 0.1045646 0.999995 0.1028211 0.999995 0.1025398 0.9931331 0.1045646 0.999995 0.1045646 0.999995 0.1025398 0.9931331 0.1042834 0.9929644 0.1025398 0.9931331 0.1017524 0.9862713 0.1042834 0.9929644 0.1017524 0.9862713 0.1034398 0.9859901 0.1042834 0.9929644 0.1042834 0.9929644 0.1034398 0.9859901 0.1057457 0.9928519 0.1034398 0.9859901 0.1049583 0.9857651 0.1057457 0.9928519 0.1057457 0.9928519 0.1049583 0.9857651 0.1141262 0.9852589 0.1141262 0.9852589 0.1049583 0.9857651 0.1139012 0.9840778 0.1049583 0.9857651 0.1049021 0.9855401 0.1139012 0.9840778 0.1139012 0.9840778 0.1049021 0.9855401 0.1127201 0.9780033 0.1049021 0.9855401 0.1035522 0.9787908 0.1127201 0.9780033 0.1035522 0.9787908 0.1115952 0.9736725 0.1127201 0.9780033 0.1127201 0.9780033 0.1115952 0.9736725 -0.01838588 0.9704666 0.1115952 0.9736725 0.110864 0.9708603 -0.01838588 0.9704666 0.110864 0.9708603 0.1084455 0.9638298 -0.01838588 0.9704666 -0.01838588 0.9704666 0.1084455 0.9638298 -0.01838588 0.9633798 0.1084455 0.9638298 0.108333 0.9635486 -0.01838588 0.9633798 -0.01838588 0.9633798 0.108333 0.9635486 -0.01838588 0.9565179 0.108333 0.9635486 0.1055208 0.9570804 -0.01838588 0.9565179 0.1055208 0.9570804 0.1038334 0.9538745 -0.01838588 0.9565179 0.1038334 0.9538745 -0.01838588 0.9498811 -0.01838588 0.9565179 -0.01838588 0.9565179 -0.01838588 0.9498811 -0.01669853 0.9561243 -0.01669853 0.9561243 -0.01838588 0.9498811 -0.01669853 0.9494311 -0.01838588 0.9498811 -0.01838588 0.9435254 -0.01669853 0.9494311 -0.01669853 0.9494311 -0.01838588 0.9435254 -0.01669853 0.9430193 -0.01838588 0.9435254 -0.01838588 0.937451 -0.01669853 0.9430193 -0.01669853 0.9430193 -0.01838588 0.937451 -0.01669853 0.9368886 -0.01838588 0.937451 -0.01838588 0.9317703 -0.01669853 0.9368886 -0.01669853 0.9368886 -0.01838588 0.9317703 -0.01669853 0.9310954 -0.01838588 0.9317703 0.01839798 0.9152345 -0.01669853 0.9310954 -0.01669853 0.9310954 0.01839798 0.9152345 0.01671063 0.9146158 0.01839798 0.9152345 0.01839798 0.9208589 0.01671063 0.9146158 0.01671063 0.9146158 0.01839798 0.9208589 0.01671063 0.9202964 0.01839798 0.9208589 0.01839798 0.9268771 0.01671063 0.9202964 0.01671063 0.9202964 0.01839798 0.9268771 0.01671063 0.9263146 0.01839798 0.9268771 0.01839798 0.9331202 0.01671063 0.9263146 0.01671063 0.9263146 0.01839798 0.9331202 0.01671063 0.9326702 0.01839798 0.9331202 0.01839798 0.9397009 0.01671063 0.9326702 0.01839798 0.9397009 0.01671063 0.9393071 0.01671063 0.9326702 0.01671063 0.9326702 0.01671063 0.9393071 0.01479834 0.932389 0.01479834 0.932389 0.01671063 0.9393071 0.01479834 0.9390259 0.01671063 0.9393071 0.01671063 0.946169 0.01479834 0.9390259 0.01671063 0.946169 0.01479834 0.9460002 0.01479834 0.9390259 0.01479834 0.9390259 0.01479834 0.9460002 0.01282978 0.9430193 0.01282978 0.9430193 0.01479834 0.9460002 0.01282978 0.9458877 0.01479834 0.9460002 0.01479834 0.953087 0.01282978 0.9458877 0.01479834 0.953087 0.01282978 0.9530308 0.01282978 0.9458877 0.01282978 0.9458877 0.01282978 0.9530308 1.18546e-4 0.9494311 1.18546e-4 0.9494311 0.01282978 0.9530308 1.18546e-4 0.953087 0.01282978 0.9530308 1.18546e-4 0.9566867 1.18546e-4 0.953087 1.18546e-4 0.953087 1.18546e-4 0.9566867 -0.001793742 0.9567429 1.18546e-4 0.9566867 1.18546e-4 0.9634923 -0.001793742 0.9567429 -0.001793742 0.9567429 1.18546e-4 0.9634923 -0.001793742 0.964111 1.18546e-4 0.9634923 1.18546e-4 0.9640547 -0.001793742 0.964111 1.18546e-4 0.9640547 1.18546e-4 0.9715915 -0.001793742 0.964111 -0.001793742 0.964111 1.18546e-4 0.9715915 -0.001793742 0.9715915 1.18546e-4 0.9715915 1.18546e-4 0.9741225 -0.001793742 0.9715915 1.18546e-4 0.9741225 -0.001793742 0.9791845 -0.001793742 0.9715915 -0.001793742 0.9715915 -0.001793742 0.9791845 -0.003706037 0.971704 -0.003706037 0.971704 -0.001793742 0.9791845 -0.003706037 0.9791845 -0.001793742 0.9791845 -0.001793742 0.9867775 -0.003706037 0.9791845 -0.003706037 0.9791845 -0.001793742 0.9867775 -0.003706037 0.9867775 -0.001793742 0.9867775 -0.001793742 0.9943705 -0.003706037 0.9867775 -0.001793742 0.9943705 -0.003706037 0.9943143 -0.003706037 0.9867775 -0.003706037 0.9867775 -0.003706037 0.9943143 -0.005393385 0.9867213 -0.005393385 0.9867213 -0.003706037 0.9943143 -0.005393385 0.9942018 -0.003706037 0.9943143 -0.003706037 1.001795 -0.005393385 0.9942018 -0.003706037 1.001795 -0.005393385 1.001626 -0.005393385 0.9942018 -0.005899608 0.9003297 -0.005393385 0.9942018 -0.001850008 0.9008921 -0.005393385 0.9942018 -0.005393385 1.001626 -0.001850008 0.9008921 -0.001850008 0.9008921 -0.005393385 1.001626 0.00146836 0.9012858 0.00146836 0.9012858 -0.005393385 1.001626 0.00861144 0.9028044 -0.005393385 1.001626 -0.005393385 1.008994 0.00861144 0.9028044 -0.005393385 1.008994 0.008667707 0.9028044 0.00861144 0.9028044 0.00861144 0.9028044 0.008667707 0.9028044 0.006474137 0.9116911 0.006474137 0.9116911 0.008667707 0.9028044 0.01299852 0.9135471 0.008667707 0.9028044 0.01581072 0.9048292 0.01299852 0.9135471 0.01299852 0.9135471 0.01581072 0.9048292 0.01569825 0.9145033 0.01581072 0.9048292 0.01879167 0.9059541 0.01569825 0.9145033 0.01907294 0.9173718 0.01569825 0.9145033 0.01969158 0.9159656 0.01569825 0.9145033 0.01879167 0.9059541 0.01969158 0.9159656 0.01879167 0.9059541 0.0227288 0.9073602 0.01969158 0.9159656 0.01969158 0.9159656 0.0227288 0.9073602 0.02464115 0.9182717 0.0227288 0.9073602 0.02863448 0.9100599 0.02464115 0.9182717 0.02464115 0.9182717 0.02863448 0.9100599 0.02615976 0.9190028 0.02863448 0.9100599 0.02947813 0.9103974 0.02615976 0.9190028 0.02947813 0.9103974 0.03600251 0.9139409 0.02615976 0.9190028 0.02615976 0.9190028 0.03600251 0.9139409 0.03240287 0.92249 0.03240287 0.92249 0.03600251 0.9139409 0.03791481 0.9152345 0.03600251 0.9139409 -0.005393385 1.03661 0.03791481 0.9152345 0.03791481 0.9152345 -0.005393385 1.03661 0.04218941 0.9179905 0.04218941 0.9179905 -0.005393385 1.03661 -0.005393385 1.042909 -0.005393385 1.03661 -0.003706037 1.043416 -0.005393385 1.042909 -0.003706037 1.043416 -0.003706037 1.049434 -0.005393385 1.042909 -0.005393385 1.042909 -0.003706037 1.049434 -0.005393385 1.048871 -0.005393385 1.048871 -0.003706037 1.049434 -0.003706037 1.055115 -0.003706037 1.049434 -0.001793742 1.055508 -0.003706037 1.055115 -0.001793742 1.055508 -0.001793742 0.9307579 -0.003706037 1.055115 -0.003706037 1.055115 -0.001793742 0.9307579 -0.003706037 0.9310954 -0.001793742 0.9307579 -0.001793742 0.9365511 -0.003706037 0.9310954 -0.003706037 0.9310954 -0.001793742 0.9365511 -0.003706037 0.9368886 -0.001793742 0.9365511 -0.001793742 0.9426818 -0.003706037 0.9368886 -0.003706037 0.9368886 -0.001793742 0.9426818 -0.003706037 0.9430193 -0.001793742 0.9426818 -0.001793742 0.9491499 -0.003706037 0.9430193 -0.003706037 0.9430193 -0.001793742 0.9491499 -0.003706037 0.9494311 -0.003706037 0.9494311 -0.001793742 0.9491499 -0.001793742 0.9558992 -0.001793742 0.9491499 1.18546e-4 0.9557868 -0.001793742 0.9558992 1.18546e-4 0.9557868 1.18546e-4 0.958149 -0.001793742 0.9558992 -0.001793742 0.9558992 1.18546e-4 0.958149 -0.001793742 0.9628736 1.18546e-4 0.958149 1.18546e-4 0.9628173 -0.001793742 0.9628736 -0.001793742 0.9628736 1.18546e-4 0.9628173 -0.001793742 0.9700166 1.18546e-4 0.9628173 1.18546e-4 0.9681606 -0.001793742 0.9700166 1.18546e-4 0.9681606 1.18546e-4 0.9699604 -0.001793742 0.9700166 1.18546e-4 0.9699604 1.18546e-4 0.9773284 -0.001793742 0.9700166 -0.001793742 0.9700166 1.18546e-4 0.9773284 -0.001793742 0.9773847 1.18546e-4 0.9773284 1.18546e-4 0.9785658 -0.001793742 0.9773847 -0.001793742 0.9773847 1.18546e-4 0.9785658 -0.001793742 0.9848652 1.18546e-4 0.9785658 1.18546e-4 0.9848089 -0.001793742 0.9848652 -0.001793742 0.9848652 1.18546e-4 0.9848089 -0.001793742 0.992402 1.18546e-4 0.9848089 1.18546e-4 0.9892523 -0.001793742 0.992402 1.18546e-4 1.007588 -0.001793742 0.999995 1.18546e-4 0.999995 -0.001793742 0.999995 -0.001793742 0.992402 1.18546e-4 0.999995 1.18546e-4 0.999995 -0.001793742 0.992402 1.18546e-4 0.992402 -0.001793742 0.992402 1.18546e-4 0.9892523 1.18546e-4 0.992402 1.18546e-4 0.9892523 0.01282978 0.9892523 1.18546e-4 0.992402 0.01282978 0.9892523 0.01282978 0.9961704 1.18546e-4 0.992402 1.18546e-4 0.992402 0.01282978 0.9961704 1.18546e-4 0.999995 0.01282978 0.9961704 0.01282978 0.999995 1.18546e-4 0.999995 0.01282978 0.999995 0.01282978 1.00382 1.18546e-4 0.999995 1.18546e-4 0.999995 0.01282978 1.00382 1.18546e-4 1.007588 1.18546e-4 1.007588 0.01282978 1.00382 0.01282978 1.010738 0.01282978 1.00382 0.01479834 1.00382 0.01282978 1.010738 0.01479834 1.00382 0.01479834 1.011356 0.01282978 1.010738 0.01282978 1.010738 0.01479834 1.011356 0.01282978 1.011413 0.01479834 1.011356 0.01479834 1.018893 0.01282978 1.011413 0.01282978 1.011413 0.01479834 1.018893 0.01282978 1.018949 0.01282978 1.018949 0.01479834 1.018893 0.01282978 1.021424 0.01282978 1.021424 0.01479834 1.018893 0.01282978 1.026374 0.01282978 1.026374 0.01479834 1.018893 0.01479834 1.026317 0.01479834 1.018893 0.01671063 1.026149 0.01479834 1.026317 0.01479834 1.026317 0.01671063 1.026149 0.01671063 1.033404 0.01671063 1.026149 0.01839798 1.033067 0.01671063 1.033404 0.01839798 1.033067 0.01839798 1.040041 0.01671063 1.033404 0.01671063 1.033404 0.01839798 1.040041 0.01671063 1.040435 0.01839798 1.040041 0.01839798 1.046847 0.01671063 1.040435 0.01671063 1.040435 0.01839798 1.046847 0.01671063 1.04724 0.01839798 1.046847 0.01839798 1.053315 0.01671063 1.04724 0.01671063 1.04724 0.01839798 1.053315 0.01671063 1.053821 0.01839798 1.053315 0.01839798 1.059558 0.01671063 1.053821 0.01671063 1.053821 0.01839798 1.059558 0.01671063 1.06012 0.01671063 1.06012 0.01839798 1.059558 0.01839798 1.065464 0.01839798 1.059558 -0.06518131 1.05967 0.01839798 1.065464 0.01839798 1.065464 -0.06518131 1.05967 -0.06124418 1.06462 -0.06518131 1.05967 -0.05781328 1.054215 -0.06124418 1.06462 -0.05781328 1.054215 -0.0540449 1.059052 -0.06124418 1.06462 -0.06124418 1.06462 -0.0540449 1.059052 -0.05837571 1.067826 -0.0540449 1.059052 -0.05162638 1.061639 -0.05837571 1.067826 -0.05837571 1.067826 -0.05162638 1.061639 -0.05629467 1.070132 -0.05629467 1.070132 -0.05162638 1.061639 -0.04915165 1.064282 -0.05162638 1.061639 -0.05286377 1.058096 -0.04915165 1.064282 -0.04915165 1.064282 -0.05286377 1.058096 -0.048083 1.063214 -0.05286377 1.058096 -0.04690188 1.061976 -0.048083 1.063214 -0.04690188 1.061976 -0.04183983 1.066701 -0.048083 1.063214 -0.048083 1.063214 -0.04183983 1.066701 -0.04296475 1.067995 -0.04183983 1.066701 -0.03644037 1.070919 -0.04296475 1.067995 -0.04296475 1.067995 -0.03644037 1.070919 -0.03745275 1.072325 -0.03644037 1.070919 -0.03070342 1.074744 -0.03745275 1.072325 -0.03745275 1.072325 -0.03070342 1.074744 -0.03160333 1.076263 -0.03070342 1.074744 -0.02468526 1.078119 -0.03160333 1.076263 -0.03160333 1.076263 -0.02468526 1.078119 -0.0254727 1.079693 -0.0254727 1.079693 -0.02468526 1.078119 -0.01844209 1.080987 -0.02468526 1.078119 -0.01771092 1.0793 -0.01844209 1.080987 -0.01771092 1.0793 -0.01141154 1.081606 -0.01844209 1.080987 -0.01844209 1.080987 -0.01141154 1.081606 -0.01197397 1.083406 -0.01141154 1.081606 -0.004887163 1.083462 -0.01197397 1.083406 -0.01197397 1.083406 -0.004887163 1.083462 -0.005337119 1.085262 -0.004887163 1.083462 0.001693367 1.084755 -0.005337119 1.085262 -0.005337119 1.085262 0.001693367 1.084755 0.001412153 1.086611 0.001693367 1.084755 0.008386492 1.085543 0.001412153 1.086611 0.001412153 1.086611 0.008386492 1.085543 0.008217751 1.087399 0.008386492 1.085543 0.01513582 1.085824 0.008217751 1.087399 0.008217751 1.087399 0.01513582 1.085824 0.01513582 1.08768 0.01513582 1.085824 0.02182888 1.085543 0.01513582 1.08768 0.01513582 1.08768 0.02182888 1.085543 0.02199763 1.087399 0.02182888 1.085543 0.02852201 1.084755 0.02199763 1.087399 0.02199763 1.087399 0.02852201 1.084755 0.02885949 1.086611 0.02852201 1.084755 0.03515887 1.083462 0.02885949 1.086611 0.02885949 1.086611 0.03515887 1.083462 0.03560882 1.085262 0.03515887 1.083462 0.04162698 1.081606 0.03560882 1.085262 0.03560882 1.085262 0.04162698 1.081606 0.04224568 1.083406 0.04162698 1.081606 0.04798263 1.0793 0.04224568 1.083406 0.04224568 1.083406 0.04798263 1.0793 0.04865753 1.080987 0.04798263 1.0793 0.054057 1.076431 0.04865753 1.080987 0.04865753 1.080987 0.054057 1.076431 0.05495691 1.078119 0.054057 1.076431 0.05996268 1.073169 0.05495691 1.078119 0.05495691 1.078119 0.05996268 1.073169 0.06091886 1.074744 0.05996268 1.073169 0.06558716 1.069401 0.06091886 1.074744 0.06091886 1.074744 0.06558716 1.069401 0.06665581 1.070919 0.06558716 1.069401 0.07087415 1.065239 0.06665581 1.070919 0.06665581 1.070919 0.07087415 1.065239 0.07205528 1.066701 0.07087415 1.065239 0.07582366 1.060683 0.07205528 1.066701 0.07205528 1.066701 0.07582366 1.060683 0.07711732 1.061976 0.07582366 1.060683 0.08037948 1.055733 0.07711732 1.061976 0.07711732 1.061976 0.08037948 1.055733 0.08178561 1.056971 0.08037948 1.055733 0.08454155 1.050446 0.08178561 1.056971 0.08178561 1.056971 0.08454155 1.050446 0.08606016 1.051515 0.08454155 1.050446 0.08830994 1.044822 0.08606016 1.051515 0.08606016 1.051515 0.08830994 1.044822 0.08988481 1.045834 0.08830994 1.044822 0.09157216 1.038972 0.08988481 1.045834 0.08988481 1.045834 0.09157216 1.038972 0.09325945 1.039816 0.09157216 1.038972 0.09438437 1.032842 0.09325945 1.039816 0.09325945 1.039816 0.09438437 1.032842 0.09612792 1.033573 0.09438437 1.032842 0.09674662 1.026542 0.09612792 1.033573 0.09612792 1.033573 0.09674662 1.026542 0.09849023 1.027105 0.09674662 1.026542 0.09854644 1.020018 0.09849023 1.027105 0.09854644 1.020018 0.1004025 1.020468 0.09849023 1.027105 0.09849023 1.027105 0.1004025 1.020468 0.1001775 1.027611 0.1004025 1.020468 0.1020898 1.020862 0.1001775 1.027611 0.1001775 1.027611 0.1020898 1.020862 0.1027648 1.023899 0.1027648 1.023899 0.1020898 1.020862 0.1035522 1.021199 0.1035522 1.021199 0.1020898 1.020862 0.1049021 1.01445 0.1020898 1.020862 0.1034398 1.014 0.1049021 1.01445 0.1049021 1.01445 0.1034398 1.014 0.1049583 1.014225 0.1034398 1.014 0.1042834 1.007025 0.1049583 1.014225 0.1049583 1.014225 0.1042834 1.007025 0.1057457 1.007138 0.1057457 1.007138 0.1042834 1.007025 0.1058582 1.004832 0.1058582 1.004832 0.1042834 1.007025 0.106027 0.999995 0.1042834 1.007025 0.1045646 0.999995 0.106027 0.999995 0.106027 0.999995 0.1045646 0.999995 0.1058582 0.995158 0.1045646 0.999995 0.1042834 0.9929644 0.1058582 0.995158 0.1042834 0.9929644 0.1057457 0.9928519 0.1058582 0.995158 0.1058582 0.995158 0.1057457 0.9928519 0.1149136 0.9926269 0.1057457 0.9928519 0.1141262 0.9852589 0.1149136 0.9926269 0.1149136 0.9926269 0.1141262 0.9852589 -0.01838588 0.9925144 -0.01838588 0.9925144 0.1141262 0.9852589 -0.01838588 0.9850901 0.1141262 0.9852589 0.1139012 0.9840778 -0.01838588 0.9850901 -0.01838588 0.9850901 0.1139012 0.9840778 -0.01838588 0.9777221 0.1139012 0.9840778 0.1127201 0.9780033 -0.01838588 0.9777221 0.1127201 0.9780033 -0.01838588 0.9704666 -0.01838588 0.9777221 -0.01838588 0.9777221 -0.01838588 0.9704666 -0.01669853 0.9774972 -0.01669853 0.9774972 -0.01838588 0.9704666 -0.01669853 0.9701853 -0.01838588 0.9704666 -0.01838588 0.9633798 -0.01669853 0.9701853 -0.01669853 0.9701853 -0.01838588 0.9633798 -0.01669853 0.9630423 -0.01838588 0.9633798 -0.01838588 0.9565179 -0.01669853 0.9630423 -0.01838588 0.9565179 -0.01669853 0.9561243 -0.01669853 0.9630423 -0.01669853 0.9630423 -0.01669853 0.9561243 -0.01478624 0.9628736 -0.01478624 0.9628736 -0.01669853 0.9561243 -0.01478624 0.9558992 -0.01669853 0.9561243 -0.01669853 0.9494311 -0.01478624 0.9558992 -0.01478624 0.9558992 -0.01669853 0.9494311 -0.01478624 0.9491499 -0.01669853 0.9494311 -0.01669853 0.9430193 -0.01478624 0.9491499 -0.01478624 0.9491499 -0.01669853 0.9430193 -0.01478624 0.9426818 -0.01669853 0.9430193 -0.01669853 0.9368886 -0.01478624 0.9426818 -0.01478624 0.9426818 -0.01669853 0.9368886 -0.01478624 0.9365511 -0.01669853 0.9368886 -0.01669853 0.9310954 -0.01478624 0.9365511 -0.01478624 0.9365511 -0.01669853 0.9310954 -0.01478624 0.9307579 -0.01669853 0.9310954 0.01671063 0.9146158 -0.01478624 0.9307579 -0.01478624 0.9307579 0.01671063 0.9146158 0.01479834 0.9142221 0.01671063 0.9146158 0.01671063 0.9202964 0.01479834 0.9142221 0.01479834 0.9142221 0.01671063 0.9202964 0.01479834 0.919959 0.01671063 0.9202964 0.01671063 0.9263146 0.01479834 0.919959 0.01479834 0.919959 0.01671063 0.9263146 0.01479834 0.9259772 0.01671063 0.9263146 0.01671063 0.9326702 0.01479834 0.9259772 0.01671063 0.9326702 0.01479834 0.932389 0.01479834 0.9259772 0.01479834 0.9259772 0.01479834 0.932389 0.01282978 0.9258647 0.01282978 0.9258647 0.01479834 0.932389 0.01282978 0.9322766 0.01282978 0.9322766 0.01479834 0.932389 0.01282978 0.9334015 0.01282978 0.9334015 0.01479834 0.932389 0.01282978 0.9389696 0.01479834 0.932389 0.01479834 0.9390259 0.01282978 0.9389696 0.01479834 0.9390259 0.01282978 0.9430193 0.01282978 0.9389696 0.01282978 0.9389696 0.01282978 0.9430193 1.18546e-4 0.942963 0.01282978 0.9430193 0.01282978 0.9458877 1.18546e-4 0.942963 0.01282978 0.9458877 1.18546e-4 0.9494311 1.18546e-4 0.942963 1.18546e-4 0.942963 1.18546e-4 0.9494311 -0.001793742 0.9495436 1.18546e-4 0.9494311 1.18546e-4 0.953087 -0.001793742 0.9495436 1.18546e-4 0.953087 -0.001793742 0.9567429 -0.001793742 0.9495436 -0.001793742 0.9495436 -0.001793742 0.9567429 -0.003706037 0.9497123 -0.003706037 0.9497123 -0.001793742 0.9567429 -0.003706037 0.9569117 -0.001793742 0.9567429 -0.001793742 0.964111 -0.003706037 0.9569117 -0.003706037 0.9569117 -0.001793742 0.964111 -0.003706037 0.9642235 -0.001793742 0.964111 -0.001793742 0.9715915 -0.003706037 0.9642235 -0.001793742 0.9715915 -0.003706037 0.971704 -0.003706037 0.9642235 -0.003706037 0.9642235 -0.003706037 0.971704 -0.005393385 0.9644485 -0.005393385 0.9644485 -0.003706037 0.971704 -0.005393385 0.9718164 -0.003706037 0.971704 -0.003706037 0.9791845 -0.005393385 0.9718164 -0.005393385 0.9718164 -0.003706037 0.9791845 -0.005393385 0.9792407 -0.003706037 0.9791845 -0.003706037 0.9867775 -0.005393385 0.9792407 -0.003706037 0.9867775 -0.005393385 0.9867213 -0.005393385 0.9792407 -0.005393385 0.9792407 -0.005393385 0.9867213 -0.02069193 0.9001047 -0.02069193 0.9001047 -0.005393385 0.9867213 -0.01326763 0.899936 -0.01326763 0.899936 -0.005393385 0.9867213 -0.01248019 0.8999922 -0.005393385 0.9867213 -0.005393385 0.9942018 -0.01248019 0.8999922 -0.005393385 0.9942018 -0.005899608 0.9003297 -0.01248019 0.8999922 -0.01248019 0.8999922 -0.005899608 0.9003297 -0.007980644 0.9093288 -0.007980644 0.9093288 -0.005899608 0.9003297 -0.003087341 0.9099475 -0.005899608 0.9003297 -0.001850008 0.9008921 -0.003087341 0.9099475 -0.003087341 0.9099475 -0.001850008 0.9008921 -8.93854e-4 0.9101725 -0.001850008 0.9008921 0.00146836 0.9012858 -8.93854e-4 0.9101725 -8.93854e-4 0.9101725 0.00146836 0.9012858 0.006080448 0.9115785 0.00146836 0.9012858 0.00861144 0.9028044 0.006080448 0.9115785 0.00861144 0.9028044 0.006474137 0.9116911 0.006080448 0.9115785 0.006080448 0.9115785 0.006474137 0.9116911 0.005742967 0.9130409 0.005742967 0.9130409 0.006474137 0.9116911 0.01249229 0.9149532 0.006474137 0.9116911 0.01299852 0.9135471 0.01249229 0.9149532 0.01299852 0.9135471 0.01569825 0.9145033 0.01249229 0.9149532 0.01569825 0.9145033 0.01907294 0.9173718 0.01249229 0.9149532 0.01249229 0.9149532 0.01907294 0.9173718 0.01198613 0.9165843 0.01198613 0.9165843 0.01907294 0.9173718 0.01845425 0.9190028 0.01845425 0.9190028 0.01907294 0.9173718 0.0254848 0.9203527 0.01907294 0.9173718 0.01969158 0.9159656 0.0254848 0.9203527 0.01969158 0.9159656 0.02464115 0.9182717 0.0254848 0.9203527 0.02464115 0.9182717 0.02615976 0.9190028 0.0254848 0.9203527 0.02615976 0.9190028 0.03240287 0.92249 0.0254848 0.9203527 0.0254848 0.9203527 0.03240287 0.92249 0.03161543 0.9237836 0.03161543 0.9237836 0.03240287 0.92249 0.03307783 0.92294 0.03240287 0.92249 0.03791481 0.9152345 0.03307783 0.92294 0.03307783 0.92294 0.03791481 0.9152345 0.03830856 0.9264271 0.03791481 0.9152345 0.04218941 0.9179905 0.03830856 0.9264271 0.03830856 0.9264271 0.04218941 0.9179905 0.04100829 0.9285082 0.04100829 0.9285082 0.04218941 0.9179905 0.04663276 0.9213089 0.04218941 0.9179905 -0.005393385 1.042909 0.04663276 0.9213089 -0.005393385 1.042909 -0.005393385 1.048871 0.04663276 0.9213089 0.04663276 0.9213089 -0.005393385 1.048871 0.0480951 0.9224337 0.05467569 0.9283394 0.05366331 0.927327 -0.005393385 1.054496 0.05366331 0.927327 0.0480951 0.9224337 -0.005393385 1.054496 0.0480951 0.9224337 -0.005393385 1.048871 -0.005393385 1.054496 -0.005393385 1.048871 -0.003706037 1.055115 -0.005393385 1.054496 -0.003706037 1.055115 -0.003706037 0.9310954 -0.005393385 1.054496 -0.005393385 1.054496 -0.003706037 0.9310954 -0.005393385 0.9317703 -0.003706037 0.9310954 -0.003706037 0.9368886 -0.005393385 0.9317703 -0.005393385 0.9317703 -0.003706037 0.9368886 -0.005393385 0.937451 -0.003706037 0.9368886 -0.003706037 0.9430193 -0.005393385 0.937451 -0.005393385 0.937451 -0.003706037 0.9430193 -0.005393385 0.9435254 -0.003706037 0.9430193 -0.003706037 0.9494311 -0.005393385 0.9435254 -0.005393385 0.9435254 -0.003706037 0.9494311 -0.005393385 0.9498811 -0.005393385 0.9498811 -0.003706037 0.9494311 -0.003706037 0.9561243 -0.003706037 0.9494311 -0.001793742 0.9558992 -0.003706037 0.9561243 -0.001793742 0.9558992 -0.001793742 0.9628736 -0.003706037 0.9561243 -0.003706037 0.9561243 -0.001793742 0.9628736 -0.003706037 0.9630423 -0.001793742 0.9628736 -0.001793742 0.9700166 -0.003706037 0.9630423 -0.003706037 0.9630423 -0.001793742 0.9700166 -0.003706037 0.9701853 -0.001793742 0.9700166 -0.001793742 0.9773847 -0.003706037 0.9701853 -0.003706037 0.9701853 -0.001793742 0.9773847 -0.003706037 0.9774972 -0.001793742 0.9773847 -0.001793742 0.9848652 -0.003706037 0.9774972 -0.003706037 0.9774972 -0.001793742 0.9848652 -0.003706037 0.9849215 -0.001793742 0.9848652 -0.001793742 0.992402 -0.003706037 0.9849215 -0.003706037 0.9849215 -0.001793742 0.992402 -0.003706037 0.9924582 -0.001793742 0.992402 -0.001793742 0.999995 -0.003706037 0.9924582 -0.003706037 0.9924582 -0.001793742 0.999995 -0.003706037 0.999995 -0.003706037 0.999995 -0.001793742 0.999995 -0.001793742 1.007588 -0.001793742 0.999995 1.18546e-4 1.007588 -0.001793742 1.007588 -0.001793742 1.007588 1.18546e-4 1.007588 1.18546e-4 1.010738 1.18546e-4 1.007588 0.01282978 1.010738 1.18546e-4 1.010738 0.01282978 1.010738 0.01282978 1.011413 1.18546e-4 1.010738 1.18546e-4 1.010738 0.01282978 1.011413 1.18546e-4 1.015181 0.01282978 1.011413 0.01282978 1.018949 1.18546e-4 1.015181 1.18546e-4 1.015181 0.01282978 1.018949 1.18546e-4 1.021424 0.01282978 1.018949 0.01282978 1.021424 1.18546e-4 1.021424 1.18546e-4 1.021424 0.01282978 1.021424 1.18546e-4 1.022661 0.01282978 1.021424 0.01282978 1.026374 1.18546e-4 1.022661 1.18546e-4 1.022661 0.01282978 1.026374 1.18546e-4 1.03003 1.18546e-4 1.03003 0.01282978 1.026374 0.01282978 1.031829 0.01282978 1.026374 0.01479834 1.026317 0.01282978 1.031829 0.01282978 1.031829 0.01479834 1.026317 0.01479834 1.033573 0.01479834 1.026317 0.01671063 1.033404 0.01479834 1.033573 0.01671063 1.033404 0.01671063 1.040435 0.01479834 1.033573 0.01479834 1.033573 0.01671063 1.040435 0.01479834 1.04066 0.01671063 1.040435 0.01671063 1.04724 0.01479834 1.04066 0.01479834 1.04066 0.01671063 1.04724 0.01479834 1.047522 0.01671063 1.04724 0.01671063 1.053821 0.01479834 1.047522 0.01479834 1.047522 0.01671063 1.053821 0.01479834 1.054102 0.01671063 1.053821 0.01671063 1.06012 0.01479834 1.054102 0.01479834 1.054102 0.01671063 1.06012 0.01479834 1.060402 0.01479834 1.060402 0.01671063 1.06012 0.01671063 1.066026 0.01671063 1.06012 0.01839798 1.065464 0.01671063 1.066026 0.01671063 1.066026 0.01839798 1.065464 0.01839798 1.070976 0.01839798 1.065464 -0.06124418 1.06462 0.01839798 1.070976 -0.06124418 1.06462 -0.05837571 1.067826 0.01839798 1.070976 -0.05837571 1.067826 -0.05629467 1.070132 0.01839798 1.070976 0.01839798 1.070976 -0.05629467 1.070132 -0.05089521 1.075194 -0.05629467 1.070132 -0.04915165 1.064282 -0.05089521 1.075194 -0.05089521 1.075194 -0.04915165 1.064282 -0.04470831 1.068388 -0.04915165 1.064282 -0.048083 1.063214 -0.04470831 1.068388 -0.048083 1.063214 -0.04296475 1.067995 -0.04470831 1.068388 -0.04470831 1.068388 -0.04296475 1.067995 -0.04392087 1.069119 -0.04296475 1.067995 -0.03745275 1.072325 -0.04392087 1.069119 -0.04392087 1.069119 -0.03745275 1.072325 -0.03829646 1.073563 -0.03829646 1.073563 -0.03745275 1.072325 -0.03711533 1.07435 -0.03711533 1.07435 -0.03745275 1.072325 -0.03239077 1.077556 -0.03745275 1.072325 -0.03160333 1.076263 -0.03239077 1.077556 -0.03239077 1.077556 -0.03160333 1.076263 -0.0289036 1.079468 -0.03160333 1.076263 -0.0254727 1.079693 -0.0289036 1.079468 -0.0289036 1.079468 -0.0254727 1.079693 -0.0261476 1.081043 -0.0261476 1.081043 -0.0254727 1.079693 -0.02024197 1.083743 -0.02024197 1.083743 -0.0254727 1.079693 -0.01911705 1.082618 -0.0254727 1.079693 -0.01844209 1.080987 -0.01911705 1.082618 -0.01844209 1.080987 -0.01197397 1.083406 -0.01911705 1.082618 -0.01911705 1.082618 -0.01197397 1.083406 -0.01248019 1.085037 -0.01197397 1.083406 -0.005337119 1.085262 -0.01248019 1.085037 -0.01248019 1.085037 -0.005337119 1.085262 -0.005730867 1.086949 -0.005337119 1.085262 0.001412153 1.086611 -0.005730867 1.086949 -0.005730867 1.086949 0.001412153 1.086611 0.001130938 1.088299 0.001412153 1.086611 0.008217751 1.087399 0.001130938 1.088299 0.001130938 1.088299 0.008217751 1.087399 0.008105218 1.089143 0.008217751 1.087399 0.01513582 1.08768 0.008105218 1.089143 0.008105218 1.089143 0.01513582 1.08768 0.01513582 1.089424 0.01513582 1.08768 0.02199763 1.087399 0.01513582 1.089424 0.01513582 1.089424 0.02199763 1.087399 0.02216637 1.089143 0.02199763 1.087399 0.02885949 1.086611 0.02216637 1.089143 0.02216637 1.089143 0.02885949 1.086611 0.02908444 1.088299 0.02885949 1.086611 0.03560882 1.085262 0.02908444 1.088299 0.02908444 1.088299 0.03560882 1.085262 0.03600251 1.086949 0.03560882 1.085262 0.04224568 1.083406 0.03600251 1.086949 0.03600251 1.086949 0.04224568 1.083406 0.04275184 1.085037 0.04224568 1.083406 0.04865753 1.080987 0.04275184 1.085037 0.04275184 1.085037 0.04865753 1.080987 0.04933249 1.082618 0.04865753 1.080987 0.05495691 1.078119 0.04933249 1.082618 0.04933249 1.082618 0.05495691 1.078119 0.05574434 1.079693 0.05495691 1.078119 0.06091886 1.074744 0.05574434 1.079693 0.05574434 1.079693 0.06091886 1.074744 0.06181877 1.076263 0.06091886 1.074744 0.06665581 1.070919 0.06181877 1.076263 0.06181877 1.076263 0.06665581 1.070919 0.06766819 1.072325 0.06665581 1.070919 0.07205528 1.066701 0.06766819 1.072325 0.06766819 1.072325 0.07205528 1.066701 0.07318019 1.067995 0.07205528 1.066701 0.07711732 1.061976 0.07318019 1.067995 0.07318019 1.067995 0.07711732 1.061976 0.07835465 1.063214 0.07711732 1.061976 0.08178561 1.056971 0.07835465 1.063214 0.07835465 1.063214 0.08178561 1.056971 0.08313548 1.058096 0.08178561 1.056971 0.08606016 1.051515 0.08313548 1.058096 0.08313548 1.058096 0.08606016 1.051515 0.08746629 1.052584 0.08606016 1.051515 0.08988481 1.045834 0.08746629 1.052584 0.08746629 1.052584 0.08988481 1.045834 0.09134715 1.046734 0.08988481 1.045834 0.09325945 1.039816 0.09134715 1.046734 0.09134715 1.046734 0.09325945 1.039816 0.09477806 1.040603 0.09325945 1.039816 0.09612792 1.033573 0.09477806 1.040603 0.09477806 1.040603 0.09612792 1.033573 0.097759 1.034192 0.09612792 1.033573 0.09849023 1.027105 0.097759 1.034192 0.09849023 1.027105 0.1001775 1.027611 0.097759 1.034192 0.097759 1.034192 0.1001775 1.027611 0.1015837 1.028117 0.1001775 1.027611 0.1027648 1.023899 0.1015837 1.028117 0.1015837 1.028117 0.1027648 1.023899 0.1115952 1.026317 0.1115952 1.026317 0.1027648 1.023899 0.1127201 1.021987 0.1027648 1.023899 0.1035522 1.021199 0.1127201 1.021987 0.1127201 1.021987 0.1035522 1.021199 0.1139012 1.015912 0.1035522 1.021199 0.1049021 1.01445 0.1139012 1.015912 0.1049021 1.01445 0.1049583 1.014225 0.1139012 1.015912 0.1139012 1.015912 0.1049583 1.014225 0.1141262 1.014731 0.1049583 1.014225 0.1057457 1.007138 0.1141262 1.014731 0.1141262 1.014731 0.1057457 1.007138 0.1149136 1.007363 0.1149136 1.007363 0.1057457 1.007138 0.1149699 1.005338 0.1057457 1.007138 0.1058582 1.004832 0.1149699 1.005338 0.1149699 1.005338 0.1058582 1.004832 0.1151948 0.999995 0.1058582 1.004832 0.106027 0.999995 0.1151948 0.999995 0.1151948 0.999995 0.106027 0.999995 0.1149699 0.9946517 0.106027 0.999995 0.1058582 0.995158 0.1149699 0.9946517 0.1058582 0.995158 0.1149136 0.9926269 0.1149699 0.9946517 0.1149136 0.9926269 -0.01838588 0.9925144 0.1149699 0.9946517 0.1149699 0.9946517 -0.01838588 0.9925144 0.1151948 0.999995 0.1149699 1.005338 0.1151948 0.999995 -0.01838588 0.999995 0.1151948 0.999995 -0.01838588 0.9925144 -0.01838588 0.999995 -0.01838588 0.999995 -0.01838588 0.9925144 -0.01669853 0.999995 -0.01669853 0.999995 -0.01838588 0.9925144 -0.01669853 0.9924582 -0.01838588 0.9925144 -0.01838588 0.9850901 -0.01669853 0.9924582 -0.01669853 0.9924582 -0.01838588 0.9850901 -0.01669853 0.9849215 -0.01838588 0.9850901 -0.01838588 0.9777221 -0.01669853 0.9849215 -0.01838588 0.9777221 -0.01669853 0.9774972 -0.01669853 0.9849215 -0.01669853 0.9849215 -0.01669853 0.9774972 -0.01478624 0.9848652 -0.01478624 0.9848652 -0.01669853 0.9774972 -0.01478624 0.9773847 -0.01669853 0.9774972 -0.01669853 0.9701853 -0.01478624 0.9773847 -0.01478624 0.9773847 -0.01669853 0.9701853 -0.01478624 0.9700166 -0.01669853 0.9701853 -0.01669853 0.9630423 -0.01478624 0.9700166 -0.01669853 0.9630423 -0.01478624 0.9628736 -0.01478624 0.9700166 -0.01287388 0.9681606 -0.01478624 0.9700166 -0.01287388 0.9628173 -0.01478624 0.9700166 -0.01478624 0.9628736 -0.01287388 0.9628173 -0.01287388 0.9628173 -0.01478624 0.9628736 -0.01287388 0.958149 -0.01478624 0.9628736 -0.01478624 0.9558992 -0.01287388 0.958149 -0.01287388 0.958149 -0.01478624 0.9558992 -0.01287388 0.9557868 -0.01478624 0.9558992 -0.01478624 0.9491499 -0.01287388 0.9557868 -0.01287388 0.9557868 -0.01478624 0.9491499 -0.01287388 0.9490374 -0.01287388 0.9490374 -0.01478624 0.9491499 -0.01287388 0.9485312 -0.01478624 0.9491499 -0.01478624 0.9426818 -0.01287388 0.9485312 -0.01287388 0.9485312 -0.01478624 0.9426818 -0.01287388 0.9425693 -0.01287388 0.9425693 -0.01478624 0.9426818 -0.01287388 0.9394758 -0.01287388 0.9394758 -0.01478624 0.9426818 -0.01287388 0.9364386 -0.01478624 0.9426818 -0.01478624 0.9365511 -0.01287388 0.9364386 -0.01287388 0.9364386 -0.01478624 0.9365511 -0.01287388 0.9310954 -0.01478624 0.9365511 -0.01478624 0.9307579 -0.01287388 0.9310954 -0.01287388 0.9310954 -0.01478624 0.9307579 -0.01287388 0.9305892 -0.01478624 0.9307579 0.01479834 0.9142221 -0.01287388 0.9305892 -0.01287388 0.9305892 0.01479834 0.9142221 0.01282978 0.9141096 0.01282978 0.9141096 0.01479834 0.9142221 0.01282978 0.9160219 0.01282978 0.9160219 0.01479834 0.9142221 0.01282978 0.9197903 0.01479834 0.9142221 0.01479834 0.919959 0.01282978 0.9197903 0.01282978 0.9197903 0.01479834 0.919959 0.01282978 0.9243461 0.01479834 0.919959 0.01479834 0.9259772 0.01282978 0.9243461 0.01479834 0.9259772 0.01282978 0.9258647 0.01282978 0.9243461 0.01282978 0.9243461 0.01282978 0.9258647 1.18546e-4 0.9243461 1.18546e-4 0.9243461 0.01282978 0.9258647 1.18546e-4 0.9290706 0.01282978 0.9258647 0.01282978 0.9322766 1.18546e-4 0.9290706 1.18546e-4 0.9290706 0.01282978 0.9322766 1.18546e-4 0.9334015 0.01282978 0.9322766 0.01282978 0.9334015 1.18546e-4 0.9334015 1.18546e-4 0.9334015 0.01282978 0.9334015 1.18546e-4 0.935595 0.01282978 0.9334015 0.01282978 0.9389696 1.18546e-4 0.935595 1.18546e-4 0.935595 0.01282978 0.9389696 1.18546e-4 0.9424006 0.01282978 0.9389696 1.18546e-4 0.942963 1.18546e-4 0.9424006 1.18546e-4 0.9424006 1.18546e-4 0.942963 -0.001793742 0.9424569 1.18546e-4 0.942963 -0.001793742 0.9495436 -0.001793742 0.9424569 -0.001793742 0.9424569 -0.001793742 0.9495436 -0.003706037 0.9427381 -0.001793742 0.9495436 -0.003706037 0.9497123 -0.003706037 0.9427381 -0.003706037 0.9427381 -0.003706037 0.9497123 -0.005393385 0.9430755 -0.005393385 0.9430755 -0.003706037 0.9497123 -0.005393385 0.9500498 -0.003706037 0.9497123 -0.003706037 0.9569117 -0.005393385 0.9500498 -0.005393385 0.9500498 -0.003706037 0.9569117 -0.005393385 0.9571366 -0.003706037 0.9569117 -0.003706037 0.9642235 -0.005393385 0.9571366 -0.003706037 0.9642235 -0.005393385 0.9644485 -0.005393385 0.9571366 -0.005393385 0.9571366 -0.005393385 0.9644485 -0.0425148 0.9037606 -0.0425148 0.9037606 -0.005393385 0.9644485 -0.03531545 0.902017 -0.03531545 0.902017 -0.005393385 0.9644485 -0.03368437 0.9017358 -0.03368437 0.9017358 -0.005393385 0.9644485 -0.02805995 0.9007796 -0.005393385 0.9644485 -0.005393385 0.9718164 -0.02805995 0.9007796 -0.02805995 0.9007796 -0.005393385 0.9718164 -0.02311038 0.9003297 -0.005393385 0.9718164 -0.005393385 0.9792407 -0.02311038 0.9003297 -0.005393385 0.9792407 -0.02069193 0.9001047 -0.02311038 0.9003297 -0.02311038 0.9003297 -0.02069193 0.9001047 -0.02226674 0.9093288 -0.02226674 0.9093288 -0.02069193 0.9001047 -0.01607984 0.9848652 -0.02069193 0.9001047 -0.01326763 0.899936 -0.01607984 0.9848652 -0.01607984 0.9848652 -0.01326763 0.899936 -0.0127052 0.90916 -0.01326763 0.899936 -0.01248019 0.8999922 -0.0127052 0.90916 -0.01248019 0.8999922 -0.007980644 0.9093288 -0.0127052 0.90916 -0.0127052 0.90916 -0.007980644 0.9093288 -0.008093118 0.9108474 -0.008093118 0.9108474 -0.007980644 0.9093288 -0.001118779 0.9116911 -0.007980644 0.9093288 -0.003087341 0.9099475 -0.001118779 0.9116911 -0.003087341 0.9099475 -8.93854e-4 0.9101725 -0.001118779 0.9116911 -8.93854e-4 0.9101725 0.006080448 0.9115785 -0.001118779 0.9116911 0.006080448 0.9115785 0.005742967 0.9130409 -0.001118779 0.9116911 -0.001118779 0.9116911 0.005742967 0.9130409 -0.001400053 0.9133784 -0.001400053 0.9133784 0.005742967 0.9130409 0.005349278 0.9147283 0.005742967 0.9130409 0.01249229 0.9149532 0.005349278 0.9147283 0.01249229 0.9149532 0.01198613 0.9165843 0.005349278 0.9147283 0.005349278 0.9147283 0.01198613 0.9165843 0.004899322 0.9165843 0.004899322 0.9165843 0.01198613 0.9165843 0.01136744 0.9183841 0.01198613 0.9165843 0.01845425 0.9190028 0.01136744 0.9183841 0.01136744 0.9183841 0.01845425 0.9190028 0.01772308 0.9207465 0.01772308 0.9207465 0.01845425 0.9190028 0.02469736 0.9218713 0.01845425 0.9190028 0.0254848 0.9203527 0.02469736 0.9218713 0.0254848 0.9203527 0.03161543 0.9237836 0.02469736 0.9218713 0.02469736 0.9218713 0.03161543 0.9237836 0.03071552 0.925246 0.03071552 0.925246 0.03161543 0.9237836 0.03740864 0.9276645 0.03161543 0.9237836 0.03307783 0.92294 0.03740864 0.9276645 0.03307783 0.92294 0.03830856 0.9264271 0.03740864 0.9276645 0.03830856 0.9264271 0.04100829 0.9285082 0.03740864 0.9276645 0.03740864 0.9276645 0.04100829 0.9285082 0.04292058 0.9319953 0.04292058 0.9319953 0.04100829 0.9285082 0.04393303 0.9308704 0.04100829 0.9285082 0.04663276 0.9213089 0.04393303 0.9308704 0.04663276 0.9213089 0.0480951 0.9224337 0.04393303 0.9308704 0.0480951 0.9224337 0.05366331 0.927327 0.04393303 0.9308704 0.04393303 0.9308704 0.05366331 0.927327 0.04826384 0.9348638 0.05366331 0.927327 0.05467569 0.9283394 0.04826384 0.9348638 0.04826384 0.9348638 0.05467569 0.9283394 0.04916375 0.9357075 0.04916375 0.9357075 0.05467569 0.9283394 0.05883783 0.9325578 0.05467569 0.9283394 -0.005393385 1.054496 0.05883783 0.9325578 -0.005393385 1.054496 -0.005393385 0.9317703 0.05883783 0.9325578 0.05883783 0.9325578 -0.005393385 0.9317703 0.06187498 0.9361574 -0.005393385 0.9317703 -0.005393385 0.937451 0.06187498 0.9361574 0.06187498 0.9361574 -0.005393385 0.937451 0.0636186 0.9382385 -0.005393385 0.937451 -0.005393385 0.9435254 0.0636186 0.9382385 0.0636186 0.9382385 -0.005393385 0.9435254 0.06794941 0.9442004 0.06794941 0.9442004 -0.005393385 0.9435254 0.06823062 0.9447066 -0.005393385 0.9435254 -0.005393385 0.9498811 0.06823062 0.9447066 0.06823062 0.9447066 -0.005393385 0.9498811 0.07183033 0.9504998 0.07183033 0.9504998 -0.005393385 0.9498811 0.07363015 0.9538745 0.07363015 0.9538745 -0.005393385 0.9498811 -0.005393385 0.9565179 -0.005393385 0.9498811 -0.003706037 0.9561243 -0.005393385 0.9565179 -0.003706037 0.9561243 -0.003706037 0.9630423 -0.005393385 0.9565179 -0.005393385 0.9565179 -0.003706037 0.9630423 -0.005393385 0.9633798 -0.003706037 0.9630423 -0.003706037 0.9701853 -0.005393385 0.9633798 -0.005393385 0.9633798 -0.003706037 0.9701853 -0.005393385 0.9704666 -0.003706037 0.9701853 -0.003706037 0.9774972 -0.005393385 0.9704666 -0.005393385 0.9704666 -0.003706037 0.9774972 -0.005393385 0.9777221 -0.003706037 0.9774972 -0.003706037 0.9849215 -0.005393385 0.9777221 -0.005393385 0.9777221 -0.003706037 0.9849215 -0.005393385 0.9850901 -0.003706037 0.9849215 -0.003706037 0.9924582 -0.005393385 0.9850901 -0.005393385 0.9850901 -0.003706037 0.9924582 -0.005393385 0.9925144 -0.003706037 0.9924582 -0.003706037 0.999995 -0.005393385 0.9925144 -0.005393385 0.9925144 -0.003706037 0.999995 -0.005393385 0.999995 -0.005393385 0.999995 -0.003706037 0.999995 -0.003706037 1.007532 -0.003706037 0.999995 -0.001793742 1.007588 -0.003706037 1.007532 -0.003706037 1.007532 -0.001793742 1.007588 -0.001793742 1.015125 -0.001793742 1.007588 1.18546e-4 1.010738 -0.001793742 1.015125 1.18546e-4 1.010738 1.18546e-4 1.015181 -0.001793742 1.015125 -0.001793742 1.015125 1.18546e-4 1.015181 -0.001793742 1.022605 1.18546e-4 1.015181 1.18546e-4 1.021424 -0.001793742 1.022605 1.18546e-4 1.021424 1.18546e-4 1.022661 -0.001793742 1.022605 1.18546e-4 1.022661 1.18546e-4 1.03003 -0.001793742 1.022605 -0.001793742 1.022605 1.18546e-4 1.03003 -0.001793742 1.029973 -0.001793742 1.029973 1.18546e-4 1.03003 1.18546e-4 1.031829 1.18546e-4 1.03003 0.01282978 1.031829 1.18546e-4 1.031829 1.18546e-4 1.031829 0.01282978 1.031829 0.01282978 1.033629 0.01282978 1.031829 0.01479834 1.033573 0.01282978 1.033629 0.01479834 1.033573 0.01479834 1.04066 0.01282978 1.033629 0.01282978 1.033629 0.01479834 1.04066 0.01282978 1.040716 0.01282978 1.040716 0.01479834 1.04066 0.01282978 1.041897 0.01282978 1.041897 0.01479834 1.04066 0.01282978 1.047634 0.01479834 1.04066 0.01479834 1.047522 0.01282978 1.047634 0.01282978 1.047634 0.01479834 1.047522 0.01282978 1.051459 0.01479834 1.047522 0.01479834 1.054102 0.01282978 1.051459 0.01282978 1.051459 0.01479834 1.054102 0.01282978 1.054215 0.01479834 1.054102 0.01479834 1.060402 0.01282978 1.054215 0.01282978 1.054215 0.01479834 1.060402 0.01282978 1.060514 0.01282978 1.060514 0.01479834 1.060402 0.01479834 1.06642 0.01479834 1.060402 0.01671063 1.066026 0.01479834 1.06642 0.01479834 1.06642 0.01671063 1.066026 0.01671063 1.07165 0.01671063 1.066026 0.01839798 1.070976 0.01671063 1.07165 0.01671063 1.07165 0.01839798 1.070976 0.01839798 0.94825 0.01839798 1.070976 -0.05089521 1.075194 0.01839798 0.94825 0.01839798 0.94825 -0.05089521 1.075194 -0.05078274 1.075306 -0.05089521 1.075194 -0.04470831 1.068388 -0.05078274 1.075306 -0.04470831 1.068388 -0.04392087 1.069119 -0.05078274 1.075306 -0.05078274 1.075306 -0.04392087 1.069119 -0.04515826 1.079862 -0.04392087 1.069119 -0.03829646 1.073563 -0.04515826 1.079862 -0.04515826 1.079862 -0.03829646 1.073563 -0.04234606 1.081831 -0.03829646 1.073563 -0.03711533 1.07435 -0.04234606 1.081831 -0.04234606 1.081831 -0.03711533 1.07435 -0.0391401 1.084081 -0.03711533 1.07435 -0.03239077 1.077556 -0.0391401 1.084081 -0.0391401 1.084081 -0.03239077 1.077556 -0.03334695 1.087511 -0.03239077 1.077556 -0.0289036 1.079468 -0.03334695 1.087511 -0.03334695 1.087511 -0.0289036 1.079468 -0.03278446 1.087849 -0.0289036 1.079468 -0.0261476 1.081043 -0.03278446 1.087849 -0.03278446 1.087849 -0.0261476 1.081043 -0.0261476 1.091167 -0.0261476 1.081043 -0.02024197 1.083743 -0.0261476 1.091167 -0.0261476 1.091167 -0.02024197 1.083743 -0.02378535 1.092123 -0.02378535 1.092123 -0.02024197 1.083743 -0.01967948 1.084024 -0.02024197 1.083743 -0.01911705 1.082618 -0.01967948 1.084024 -0.01911705 1.082618 -0.01248019 1.085037 -0.01967948 1.084024 -0.01967948 1.084024 -0.01248019 1.085037 -0.01298642 1.086499 -0.01298642 1.086499 -0.01248019 1.085037 -0.01113033 1.087005 -0.01113033 1.087005 -0.01248019 1.085037 -0.006124556 1.088411 -0.01248019 1.085037 -0.005730867 1.086949 -0.006124556 1.088411 -0.006124556 1.088411 -0.005730867 1.086949 -0.001737475 1.089311 -0.005730867 1.086949 0.001130938 1.088299 -0.001737475 1.089311 -0.001737475 1.089311 0.001130938 1.088299 9.05968e-4 1.089818 9.05968e-4 1.089818 0.001130938 1.088299 0.00788027 1.090661 0.001130938 1.088299 0.008105218 1.089143 0.00788027 1.090661 0.00788027 1.090661 0.008105218 1.089143 0.007992744 1.090661 0.008105218 1.089143 0.01513582 1.089424 0.007992744 1.090661 0.007992744 1.090661 0.01513582 1.089424 0.01513582 1.090942 0.01513582 1.090942 0.01513582 1.089424 0.01755434 1.09083 0.01755434 1.09083 0.01513582 1.089424 0.02227884 1.090661 0.01513582 1.089424 0.02216637 1.089143 0.02227884 1.090661 0.02227884 1.090661 0.02216637 1.089143 0.02717214 1.090042 0.02216637 1.089143 0.02908444 1.088299 0.02717214 1.090042 0.02717214 1.090042 0.02908444 1.088299 0.02936565 1.089818 0.02908444 1.088299 0.03600251 1.086949 0.02936565 1.089818 0.02936565 1.089818 0.03600251 1.086949 0.03633999 1.088411 0.03633999 1.088411 0.03600251 1.086949 0.03667747 1.088299 0.03600251 1.086949 0.04275184 1.085037 0.03667747 1.088299 0.03667747 1.088299 0.04275184 1.085037 0.0432018 1.086499 0.0432018 1.086499 0.04275184 1.085037 0.0459578 1.085487 0.0459578 1.085487 0.04275184 1.085037 0.04989492 1.084024 0.04275184 1.085037 0.04933249 1.082618 0.04989492 1.084024 0.04989492 1.084024 0.04933249 1.082618 0.05484443 1.081718 0.04933249 1.082618 0.05574434 1.079693 0.05484443 1.081718 0.05484443 1.081718 0.05574434 1.079693 0.05641931 1.081043 0.05574434 1.079693 0.06181877 1.076263 0.05641931 1.081043 0.05641931 1.081043 0.06181877 1.076263 0.06260621 1.077556 0.06260621 1.077556 0.06181877 1.076263 0.06333738 1.07705 0.06181877 1.076263 0.06766819 1.072325 0.06333738 1.07705 0.06333738 1.07705 0.06766819 1.072325 0.06856811 1.073563 0.06856811 1.073563 0.06766819 1.072325 0.07121163 1.071482 0.07121163 1.071482 0.06766819 1.072325 0.07419258 1.069119 0.06766819 1.072325 0.07318019 1.067995 0.07419258 1.069119 0.07419258 1.069119 0.07318019 1.067995 0.07852339 1.065126 0.07318019 1.067995 0.07835465 1.063214 0.07852339 1.065126 0.07852339 1.065126 0.07835465 1.063214 0.0794233 1.064282 0.07835465 1.063214 0.08313548 1.058096 0.0794233 1.064282 0.0794233 1.064282 0.08313548 1.058096 0.08426034 1.059052 0.08426034 1.059052 0.08313548 1.058096 0.08510398 1.057983 0.08510398 1.057983 0.08313548 1.058096 0.08870369 1.053427 0.08313548 1.058096 0.08746629 1.052584 0.08870369 1.053427 0.08870369 1.053427 0.08746629 1.052584 0.09084093 1.050221 0.08746629 1.052584 0.09134715 1.046734 0.09084093 1.050221 0.09084093 1.050221 0.09134715 1.046734 0.09264075 1.047522 0.09264075 1.047522 0.09134715 1.046734 0.0957905 1.041897 0.09134715 1.046734 0.09477806 1.040603 0.0957905 1.041897 0.0957905 1.041897 0.09477806 1.040603 0.09612792 1.041278 0.09477806 1.040603 0.097759 1.034192 0.09612792 1.041278 0.09612792 1.041278 0.097759 1.034192 0.09910893 1.03481 0.09910893 1.03481 0.097759 1.034192 0.09978383 1.033067 0.097759 1.034192 0.1015837 1.028117 0.09978383 1.033067 0.09978383 1.033067 0.1015837 1.028117 0.1084455 1.03616 0.1084455 1.03616 0.1015837 1.028117 0.110864 1.029186 0.1015837 1.028117 0.1115952 1.026317 0.110864 1.029186 0.110864 1.029186 0.1115952 1.026317 -0.01838588 1.029523 -0.01838588 1.029523 0.1115952 1.026317 -0.01838588 1.022268 0.1115952 1.026317 0.1127201 1.021987 -0.01838588 1.022268 -0.01838588 1.022268 0.1127201 1.021987 -0.01838588 1.0149 0.1127201 1.021987 0.1139012 1.015912 -0.01838588 1.0149 0.1139012 1.015912 0.1141262 1.014731 -0.01838588 1.0149 0.1141262 1.014731 0.1149136 1.007363 -0.01838588 1.0149 -0.01838588 1.0149 0.1149136 1.007363 -0.01838588 1.007475 0.1149136 1.007363 0.1149699 1.005338 -0.01838588 1.007475 0.1149699 1.005338 -0.01838588 0.999995 -0.01838588 1.007475 -0.01838588 1.007475 -0.01838588 0.999995 -0.01669853 1.007532 -0.01838588 0.999995 -0.01669853 0.999995 -0.01669853 1.007532 -0.01669853 1.007532 -0.01669853 0.999995 -0.01478624 1.007588 -0.01478624 1.007588 -0.01669853 0.999995 -0.01478624 0.999995 -0.01669853 0.999995 -0.01669853 0.9924582 -0.01478624 0.999995 -0.01478624 0.999995 -0.01669853 0.9924582 -0.01478624 0.992402 -0.01669853 0.9924582 -0.01669853 0.9849215 -0.01478624 0.992402 -0.01669853 0.9849215 -0.01478624 0.9848652 -0.01478624 0.992402 -0.01287388 0.9892523 -0.01478624 0.992402 -0.01287388 0.9848089 -0.01478624 0.992402 -0.01478624 0.9848652 -0.01287388 0.9848089 -0.01287388 0.9848089 -0.01478624 0.9848652 -0.01287388 0.9785658 -0.01478624 0.9848652 -0.01478624 0.9773847 -0.01287388 0.9785658 -0.01287388 0.9785658 -0.01478624 0.9773847 -0.01287388 0.9773284 -0.01478624 0.9773847 -0.01478624 0.9700166 -0.01287388 0.9773284 -0.01287388 0.9773284 -0.01478624 0.9700166 -0.01287388 0.9699604 -0.01478624 0.9700166 -0.01287388 0.9681606 -0.01287388 0.9699604 -0.01287388 0.9699604 -0.01287388 0.9681606 -1.62676e-4 0.9681606 -1.62676e-4 0.9681606 -0.01287388 0.9681606 -1.62676e-4 0.9663608 -0.01287388 0.9681606 -0.01287388 0.9628173 -1.62676e-4 0.9663608 -1.62676e-4 0.9663608 -0.01287388 0.9628173 -1.62676e-4 0.9592739 -1.62676e-4 0.9592739 -0.01287388 0.9628173 -1.62676e-4 0.958149 -0.01287388 0.9628173 -0.01287388 0.958149 -1.62676e-4 0.958149 -0.01287388 0.958149 -0.01287388 0.9557868 -1.62676e-4 0.958149 -1.62676e-4 0.958149 -0.01287388 0.9557868 -1.62676e-4 0.9524121 -0.01287388 0.9557868 -0.01287388 0.9490374 -1.62676e-4 0.9524121 -1.62676e-4 0.9524121 -0.01287388 0.9490374 -1.62676e-4 0.9485312 -0.01287388 0.9490374 -0.01287388 0.9485312 -1.62676e-4 0.9485312 -1.62676e-4 0.9485312 -0.01287388 0.9485312 -1.62676e-4 0.9457752 -0.01287388 0.9485312 -0.01287388 0.9425693 -1.62676e-4 0.9457752 -1.62676e-4 0.9457752 -0.01287388 0.9425693 -1.62676e-4 0.9394758 -0.01287388 0.9425693 -0.01287388 0.9394758 -1.62676e-4 0.9394758 -0.01287388 0.9394758 -0.01287388 0.9364386 -1.62676e-4 0.9394758 -1.62676e-4 0.9394758 -0.01287388 0.9364386 -1.62676e-4 0.9334577 -0.01287388 0.9364386 -0.01287388 0.9310954 -1.62676e-4 0.9334577 -1.62676e-4 0.9334577 -0.01287388 0.9310954 -1.62676e-4 0.9311516 -0.01287388 0.9310954 -0.01287388 0.9305892 -1.62676e-4 0.9311516 -1.62676e-4 0.9311516 -0.01287388 0.9305892 -1.62676e-4 0.9278332 -0.01287388 0.9305892 0.01282978 0.9141096 -1.62676e-4 0.9278332 -1.62676e-4 0.9278332 0.01282978 0.9141096 1.18546e-4 0.9159656 0.01282978 0.9141096 0.01282978 0.9160219 1.18546e-4 0.9159656 1.18546e-4 0.9159656 0.01282978 0.9160219 1.18546e-4 0.9169218 0.01282978 0.9160219 0.01282978 0.9197903 1.18546e-4 0.9169218 1.18546e-4 0.9169218 0.01282978 0.9197903 1.18546e-4 0.9228275 0.01282978 0.9197903 0.01282978 0.9243461 1.18546e-4 0.9228275 0.01282978 0.9243461 1.18546e-4 0.9243461 1.18546e-4 0.9228275 1.18546e-4 0.9228275 1.18546e-4 0.9243461 -0.001793742 0.92294 -0.001793742 0.92294 1.18546e-4 0.9243461 -0.001793742 0.9291269 1.18546e-4 0.9243461 1.18546e-4 0.9290706 -0.001793742 0.9291269 -0.001793742 0.9291269 1.18546e-4 0.9290706 -0.001793742 0.9357075 1.18546e-4 0.9290706 1.18546e-4 0.9334015 -0.001793742 0.9357075 1.18546e-4 0.9334015 1.18546e-4 0.935595 -0.001793742 0.9357075 1.18546e-4 0.935595 1.18546e-4 0.9424006 -0.001793742 0.9357075 1.18546e-4 0.9424006 -0.001793742 0.9424569 -0.001793742 0.9357075 -0.001793742 0.9357075 -0.001793742 0.9424569 -0.003706037 0.9359325 -0.001793742 0.9424569 -0.003706037 0.9427381 -0.003706037 0.9359325 -0.003706037 0.9359325 -0.003706037 0.9427381 -0.005393385 0.9363824 -0.003706037 0.9427381 -0.005393385 0.9430755 -0.005393385 0.9363824 -0.0636065 0.9124785 -0.005393385 0.9363824 -0.0629878 0.912141 -0.005393385 0.9363824 -0.005393385 0.9430755 -0.0629878 0.912141 -0.0629878 0.912141 -0.005393385 0.9430755 -0.05640715 0.9088226 -0.05640715 0.9088226 -0.005393385 0.9430755 -0.05398869 0.9078664 -0.05398869 0.9078664 -0.005393385 0.9430755 -0.04954534 0.9060103 -0.005393385 0.9430755 -0.005393385 0.9500498 -0.04954534 0.9060103 -0.04954534 0.9060103 -0.005393385 0.9500498 -0.04397714 0.9042105 -0.005393385 0.9500498 -0.005393385 0.9571366 -0.04397714 0.9042105 -0.005393385 0.9571366 -0.0425148 0.9037606 -0.04397714 0.9042105 -0.04397714 0.9042105 -0.0425148 0.9037606 -0.04133367 0.9129847 -0.04133367 0.9129847 -0.0425148 0.9037606 -0.03632789 0.9115785 -0.0425148 0.9037606 -0.03531545 0.902017 -0.03632789 0.9115785 -0.03632789 0.9115785 -0.03531545 0.902017 -0.03194081 0.9107349 -0.03531545 0.902017 -0.03368437 0.9017358 -0.03194081 0.9107349 -0.03194081 0.9107349 -0.03368437 0.9017358 -0.02935355 0.9101725 -0.03368437 0.9017358 -0.02805995 0.9007796 -0.02935355 0.9101725 -0.02935355 0.9101725 -0.02805995 0.9007796 -0.02237921 0.909385 -0.02805995 0.9007796 -0.02311038 0.9003297 -0.02237921 0.909385 -0.02311038 0.9003297 -0.02226674 0.9093288 -0.02237921 0.909385 -0.02237921 0.909385 -0.02226674 0.9093288 -0.02215427 0.9108474 -0.02226674 0.9093288 -0.01607984 0.9848652 -0.02215427 0.9108474 -0.02215427 0.9108474 -0.01607984 0.9848652 -0.01512372 0.9105662 -0.01607984 0.9848652 -0.0127052 0.90916 -0.01512372 0.9105662 -0.0127052 0.90916 -0.008093118 0.9108474 -0.01512372 0.9105662 -0.01512372 0.9105662 -0.008093118 0.9108474 -0.01512372 0.9123098 -0.01512372 0.9123098 -0.008093118 0.9108474 -0.008261859 0.912591 -0.008093118 0.9108474 -0.001118779 0.9116911 -0.008261859 0.912591 -0.001118779 0.9116911 -0.001400053 0.9133784 -0.008261859 0.912591 -0.008261859 0.912591 -0.001400053 0.9133784 -0.008374333 0.914447 -0.008374333 0.914447 -0.001400053 0.9133784 -0.001681268 0.9152345 -0.001400053 0.9133784 0.005349278 0.9147283 -0.001681268 0.9152345 0.005349278 0.9147283 0.004899322 0.9165843 -0.001681268 0.9152345 -0.001681268 0.9152345 0.004899322 0.9165843 -0.00201869 0.9171468 -0.00201869 0.9171468 0.004899322 0.9165843 0.004449367 0.9184404 0.004899322 0.9165843 0.01136744 0.9183841 0.004449367 0.9184404 4.56013e-4 0.945719 0.004449367 0.9184404 0.01080495 0.9202402 0.004449367 0.9184404 0.01136744 0.9183841 0.01080495 0.9202402 0.01136744 0.9183841 0.01772308 0.9207465 0.01080495 0.9202402 0.01080495 0.9202402 0.01772308 0.9207465 0.01699185 0.9225463 0.01699185 0.9225463 0.01772308 0.9207465 0.02385371 0.9235587 0.01772308 0.9207465 0.02469736 0.9218713 0.02385371 0.9235587 0.02469736 0.9218713 0.03071552 0.925246 0.02385371 0.9235587 0.02385371 0.9235587 0.03071552 0.925246 0.02970314 0.9268208 0.02970314 0.9268208 0.03071552 0.925246 0.03639626 0.9290706 0.03071552 0.925246 0.03740864 0.9276645 0.03639626 0.9290706 0.03740864 0.9276645 0.04292058 0.9319953 0.03639626 0.9290706 0.03639626 0.9290706 0.04292058 0.9319953 0.04179573 0.9333452 0.04179573 0.9333452 0.04292058 0.9319953 0.0480951 0.9367761 0.04292058 0.9319953 0.04393303 0.9308704 0.0480951 0.9367761 0.04393303 0.9308704 0.04826384 0.9348638 0.0480951 0.9367761 0.04826384 0.9348638 0.04916375 0.9357075 0.0480951 0.9367761 0.0480951 0.9367761 0.04916375 0.9357075 0.05400079 0.9409382 0.04916375 0.9357075 0.05883783 0.9325578 0.05400079 0.9409382 0.05883783 0.9325578 0.06187498 0.9361574 0.05400079 0.9409382 0.05400079 0.9409382 0.06187498 0.9361574 0.05484443 0.9420068 0.06187498 0.9361574 0.0636186 0.9382385 0.05484443 0.9420068 0.05484443 0.9420068 0.0636186 0.9382385 0.05844408 0.9465627 0.0636186 0.9382385 0.06794941 0.9442004 0.05844408 0.9465627 0.05844408 0.9465627 0.06794941 0.9442004 0.06058138 0.9497686 0.06794941 0.9442004 0.06823062 0.9447066 0.06058138 0.9497686 0.06058138 0.9497686 0.06823062 0.9447066 0.0623812 0.9524683 0.06823062 0.9447066 0.07183033 0.9504998 0.0623812 0.9524683 0.0623812 0.9524683 0.07183033 0.9504998 0.06553089 0.9580928 0.07183033 0.9504998 0.07363015 0.9538745 0.06553089 0.9580928 0.06553089 0.9580928 0.07363015 0.9538745 0.06586837 0.9587115 0.06586837 0.9587115 0.07363015 0.9538745 0.07526123 0.9570804 0.07363015 0.9538745 -0.005393385 0.9565179 0.07526123 0.9570804 0.07526123 0.9570804 -0.005393385 0.9565179 0.07807344 0.9635486 -0.005393385 0.9565179 -0.005393385 0.9633798 0.07807344 0.9635486 0.07807344 0.9635486 -0.005393385 0.9633798 0.07818591 0.9638298 -0.005393385 0.9633798 -0.005393385 0.9704666 0.07818591 0.9638298 0.07818591 0.9638298 -0.005393385 0.9704666 0.08060443 0.9708603 0.08060443 0.9708603 -0.005393385 0.9704666 0.08133566 0.9736725 0.08133566 0.9736725 -0.005393385 0.9704666 0.08251678 0.9780033 -0.005393385 0.9704666 -0.005393385 0.9777221 0.08251678 0.9780033 0.08251678 0.9780033 -0.005393385 0.9777221 0.08364164 0.9840778 -0.005393385 0.9777221 -0.005393385 0.9850901 0.08364164 0.9840778 0.08364164 0.9840778 -0.005393385 0.9850901 0.08386665 0.9852589 -0.005393385 0.9850901 -0.005393385 0.9925144 0.08386665 0.9852589 0.08386665 0.9852589 -0.005393385 0.9925144 0.08465403 0.9926269 0.08465403 0.9926269 -0.005393385 0.9925144 0.08476656 0.9946517 0.08476656 0.9946517 -0.005393385 0.9925144 -0.006911993 0.999995 -0.005393385 0.9925144 -0.005393385 0.999995 -0.006911993 0.999995 -0.006911993 0.999995 -0.005393385 0.999995 0.08476656 1.005338 0.08465403 1.007363 0.08476656 1.005338 -0.005393385 1.007475 0.08476656 1.005338 -0.005393385 0.999995 -0.005393385 1.007475 -0.005393385 0.999995 -0.003706037 1.007532 -0.005393385 1.007475 -0.005393385 1.007475 -0.003706037 1.007532 -0.003706037 1.015069 -0.003706037 1.007532 -0.001793742 1.015125 -0.003706037 1.015069 -0.001793742 1.015125 -0.001793742 1.022605 -0.003706037 1.015069 -0.003706037 1.015069 -0.001793742 1.022605 -0.003706037 1.022493 -0.001793742 1.022605 -0.001793742 1.029973 -0.003706037 1.022493 -0.003706037 1.022493 -0.001793742 1.029973 -0.003706037 1.029805 -0.003706037 1.029805 -0.001793742 1.029973 -0.001793742 1.037116 -0.001793742 1.029973 1.18546e-4 1.031829 -0.001793742 1.037116 -0.001793742 1.037116 1.18546e-4 1.031829 1.18546e-4 1.037229 1.18546e-4 1.031829 0.01282978 1.033629 1.18546e-4 1.037229 0.01282978 1.033629 0.01282978 1.040716 1.18546e-4 1.037229 1.18546e-4 1.037229 0.01282978 1.040716 1.18546e-4 1.041897 0.01282978 1.040716 0.01282978 1.041897 1.18546e-4 1.041897 1.18546e-4 1.041897 0.01282978 1.041897 1.18546e-4 1.044203 0.01282978 1.041897 0.01282978 1.047634 1.18546e-4 1.044203 1.18546e-4 1.044203 0.01282978 1.047634 1.18546e-4 1.050953 1.18546e-4 1.050953 0.01282978 1.047634 1.18546e-4 1.051515 0.01282978 1.047634 0.01282978 1.051459 1.18546e-4 1.051515 0.01282978 1.051459 0.01282978 1.054215 1.18546e-4 1.051515 1.18546e-4 1.051515 0.01282978 1.054215 1.18546e-4 1.057421 0.01282978 1.054215 0.01282978 1.060514 1.18546e-4 1.057421 1.18546e-4 1.057421 0.01282978 1.060514 1.18546e-4 1.060514 1.18546e-4 1.060514 0.01282978 1.060514 1.18546e-4 1.063608 1.18546e-4 1.063608 0.01282978 1.060514 0.01282978 1.066532 0.01282978 1.060514 0.01479834 1.06642 0.01282978 1.066532 0.01282978 1.066532 0.01479834 1.06642 0.01282978 1.068894 0.01282978 1.068894 0.01479834 1.06642 0.01282978 1.072157 0.01282978 1.072157 0.01479834 1.06642 0.01479834 1.072044 0.01479834 1.06642 0.01671063 1.07165 0.01479834 1.072044 0.01479834 1.072044 0.01671063 1.07165 0.01671063 0.9476313 0.01671063 1.07165 0.01839798 0.94825 0.01671063 0.9476313 0.01671063 0.9476313 0.01839798 0.94825 0.01839798 0.9540432 0.01839798 0.94825 -0.05078274 1.075306 0.01839798 0.9540432 -0.05078274 1.075306 -0.04515826 1.079862 0.01839798 0.9540432 -0.04515826 1.079862 -0.04234606 1.081831 0.01839798 0.9540432 0.01839798 0.9540432 -0.04234606 1.081831 0.01839798 0.9602301 -0.04234606 1.081831 -0.0391401 1.084081 0.01839798 0.9602301 -0.0391401 1.084081 -0.03334695 1.087511 0.01839798 0.9602301 0.01839798 0.9602301 -0.03334695 1.087511 0.01839798 0.966642 -0.03334695 1.087511 -0.03278446 1.087849 0.01839798 0.966642 -0.03278446 1.087849 -0.0261476 1.091167 0.01839798 0.966642 0.01839798 0.966642 -0.0261476 1.091167 0.01839798 0.973335 -0.0261476 1.091167 -0.02378535 1.092123 0.01839798 0.973335 0.01839798 0.973335 -0.02378535 1.092123 0.01839798 0.9802531 0.01839798 0.9802531 -0.02378535 1.092123 -0.01928579 1.09398 -0.02378535 1.092123 -0.01967948 1.084024 -0.01928579 1.09398 -0.01967948 1.084024 -0.01298642 1.086499 -0.01928579 1.09398 -0.01928579 1.09398 -0.01298642 1.086499 -0.01377379 1.095779 -0.01298642 1.086499 -0.01113033 1.087005 -0.01377379 1.095779 -0.01377379 1.095779 -0.01113033 1.087005 -0.01225525 1.096229 -0.01113033 1.087005 -0.006124556 1.088411 -0.01225525 1.096229 -0.01225525 1.096229 -0.006124556 1.088411 -0.005055904 1.098029 -0.005055904 1.098029 -0.006124556 1.088411 -0.003424823 1.09831 -0.006124556 1.088411 -0.001737475 1.089311 -0.003424823 1.09831 -0.003424823 1.09831 -0.001737475 1.089311 0.00219959 1.09921 -0.001737475 1.089311 9.05968e-4 1.089818 0.00219959 1.09921 0.00219959 1.09921 9.05968e-4 1.089818 0.0071491 1.099717 9.05968e-4 1.089818 0.00788027 1.090661 0.0071491 1.099717 0.00788027 1.090661 0.007992744 1.090661 0.0071491 1.099717 0.0071491 1.099717 0.007992744 1.090661 0.009567618 1.099941 0.007992744 1.090661 0.01513582 1.090942 0.009567618 1.099941 0.009567618 1.099941 0.01513582 1.090942 0.01699185 1.100054 0.01699185 1.100054 0.01513582 1.090942 0.01777929 1.099998 0.01513582 1.090942 0.01755434 1.09083 0.01777929 1.099998 0.01777929 1.099998 0.01755434 1.09083 0.02435988 1.09966 0.01755434 1.09083 0.02227884 1.090661 0.02435988 1.09966 0.02435988 1.09966 0.02227884 1.090661 0.02840954 1.099098 0.02227884 1.090661 0.02717214 1.090042 0.02840954 1.099098 0.02840954 1.099098 0.02717214 1.090042 0.0316717 1.098704 0.02717214 1.090042 0.02936565 1.089818 0.0316717 1.098704 0.0316717 1.098704 0.02936565 1.089818 0.03887099 1.097185 0.02936565 1.089818 0.03633999 1.088411 0.03887099 1.097185 0.03633999 1.088411 0.03667747 1.088299 0.03887099 1.097185 0.03887099 1.097185 0.03667747 1.088299 0.03892725 1.097185 0.03667747 1.088299 0.0432018 1.086499 0.03892725 1.097185 0.03892725 1.097185 0.0432018 1.086499 0.04607027 1.095161 0.04607027 1.095161 0.0432018 1.086499 0.04905128 1.094092 0.0432018 1.086499 0.0459578 1.085487 0.04905128 1.094092 0.04905128 1.094092 0.0459578 1.085487 0.05298835 1.09263 0.0459578 1.085487 0.04989492 1.084024 0.05298835 1.09263 0.05298835 1.09263 0.04989492 1.084024 0.05889403 1.089986 0.04989492 1.084024 0.05484443 1.081718 0.05889403 1.089986 0.05889403 1.089986 0.05484443 1.081718 0.05973774 1.089592 0.05484443 1.081718 0.05641931 1.081043 0.05973774 1.089592 0.05973774 1.089592 0.05641931 1.081043 0.06620585 1.086049 0.05641931 1.081043 0.06260621 1.077556 0.06620585 1.086049 0.06620585 1.086049 0.06260621 1.077556 0.06817442 1.084812 0.06260621 1.077556 0.06333738 1.07705 0.06817442 1.084812 0.06817442 1.084812 0.06333738 1.07705 0.07244896 1.082056 0.06333738 1.07705 0.06856811 1.073563 0.07244896 1.082056 0.07244896 1.082056 0.06856811 1.073563 0.07689231 1.078681 0.06856811 1.073563 0.07121163 1.071482 0.07689231 1.078681 0.07689231 1.078681 0.07121163 1.071482 0.07835465 1.077556 0.07121163 1.071482 0.07419258 1.069119 0.07835465 1.077556 0.07835465 1.077556 0.07419258 1.069119 0.08392286 1.072719 0.07419258 1.069119 0.07852339 1.065126 0.08392286 1.072719 0.08392286 1.072719 0.07852339 1.065126 0.08487904 1.07165 0.07852339 1.065126 0.0794233 1.064282 0.08487904 1.07165 0.08487904 1.07165 0.0794233 1.064282 0.08909738 1.067432 0.0794233 1.064282 0.08426034 1.059052 0.08909738 1.067432 0.08909738 1.067432 0.08426034 1.059052 0.09213459 1.063832 0.08426034 1.059052 0.08510398 1.057983 0.09213459 1.063832 0.09213459 1.063832 0.08510398 1.057983 0.09387814 1.061751 0.08510398 1.057983 0.08870369 1.053427 0.09387814 1.061751 0.09387814 1.061751 0.08870369 1.053427 0.09820902 1.05579 0.09820902 1.05579 0.08870369 1.053427 0.09849023 1.055283 0.08870369 1.053427 0.09084093 1.050221 0.09849023 1.055283 0.09849023 1.055283 0.09084093 1.050221 0.1020898 1.04949 0.09084093 1.050221 0.09264075 1.047522 0.1020898 1.04949 0.1020898 1.04949 0.09264075 1.047522 0.1038334 1.046115 0.09264075 1.047522 0.0957905 1.041897 0.1038334 1.046115 0.0957905 1.041897 0.09612792 1.041278 0.1038334 1.046115 0.1038334 1.046115 0.09612792 1.041278 0.1055208 1.042966 0.09612792 1.041278 0.09910893 1.03481 0.1055208 1.042966 0.1055208 1.042966 0.09910893 1.03481 0.108333 1.036441 0.09910893 1.03481 0.09978383 1.033067 0.108333 1.036441 0.09978383 1.033067 0.1084455 1.03616 0.108333 1.036441 0.108333 1.036441 0.1084455 1.03616 -0.01838588 1.03661 0.1084455 1.03616 0.110864 1.029186 -0.01838588 1.03661 0.110864 1.029186 -0.01838588 1.029523 -0.01838588 1.03661 -0.01838588 1.03661 -0.01838588 1.029523 -0.01669853 1.036948 -0.01669853 1.036948 -0.01838588 1.029523 -0.01669853 1.029805 -0.01838588 1.029523 -0.01838588 1.022268 -0.01669853 1.029805 -0.01669853 1.029805 -0.01838588 1.022268 -0.01669853 1.022493 -0.01838588 1.022268 -0.01838588 1.0149 -0.01669853 1.022493 -0.01669853 1.022493 -0.01838588 1.0149 -0.01669853 1.015069 -0.01838588 1.0149 -0.01838588 1.007475 -0.01669853 1.015069 -0.01838588 1.007475 -0.01669853 1.007532 -0.01669853 1.015069 -0.01669853 1.015069 -0.01669853 1.007532 -0.01478624 1.015125 -0.01669853 1.007532 -0.01478624 1.007588 -0.01478624 1.015125 -0.01478624 1.015125 -0.01478624 1.007588 -0.01287388 1.010738 -0.01287388 1.010738 -0.01478624 1.007588 -0.01287388 1.007588 -0.01478624 1.007588 -0.01478624 0.999995 -0.01287388 1.007588 -0.01287388 1.007588 -0.01478624 0.999995 -0.01287388 0.999995 -0.01478624 0.999995 -0.01478624 0.992402 -0.01287388 0.999995 -0.01287388 0.999995 -0.01478624 0.992402 -0.01287388 0.992402 -0.01478624 0.992402 -0.01287388 0.9892523 -0.01287388 0.992402 -0.01287388 0.999995 -0.01287388 0.992402 -1.62676e-4 0.9961704 -1.62676e-4 0.9961704 -0.01287388 0.992402 -1.62676e-4 0.9892523 -0.01287388 0.992402 -0.01287388 0.9892523 -1.62676e-4 0.9892523 -1.62676e-4 0.9892523 -0.01287388 0.9892523 -1.62676e-4 0.9885773 -0.01287388 0.9892523 -0.01287388 0.9848089 -1.62676e-4 0.9885773 -1.62676e-4 0.9885773 -0.01287388 0.9848089 -1.62676e-4 0.9810968 -0.01287388 0.9848089 -0.01287388 0.9785658 -1.62676e-4 0.9810968 -1.62676e-4 0.9810968 -0.01287388 0.9785658 -1.62676e-4 0.978622 -0.01287388 0.9785658 -0.01287388 0.9773284 -1.62676e-4 0.978622 -1.62676e-4 0.978622 -0.01287388 0.9773284 -1.62676e-4 0.9736725 -0.01287388 0.9773284 -0.01287388 0.9699604 -1.62676e-4 0.9736725 -0.01287388 0.9699604 -1.62676e-4 0.9681606 -1.62676e-4 0.9736725 -1.62676e-4 0.9736725 -1.62676e-4 0.9681606 0.001805841 0.966417 -1.62676e-4 0.9681606 -1.62676e-4 0.9663608 0.001805841 0.966417 -1.62676e-4 0.9663608 -1.62676e-4 0.9592739 0.001805841 0.966417 0.001805841 0.966417 -1.62676e-4 0.9592739 0.001805841 0.9593302 -1.62676e-4 0.9592739 -1.62676e-4 0.958149 0.001805841 0.9593302 0.001805841 0.9593302 -1.62676e-4 0.958149 0.001805841 0.9524683 -1.62676e-4 0.958149 -1.62676e-4 0.9524121 0.001805841 0.9524683 0.001805841 0.9524683 -1.62676e-4 0.9524121 0.001805841 0.9458877 -1.62676e-4 0.9524121 -1.62676e-4 0.9485312 0.001805841 0.9458877 -1.62676e-4 0.9485312 -1.62676e-4 0.9457752 0.001805841 0.9458877 -1.62676e-4 0.9457752 -1.62676e-4 0.9394758 0.001805841 0.9458877 0.001805841 0.9458877 -1.62676e-4 0.9394758 0.001805841 0.9395883 -1.62676e-4 0.9394758 -1.62676e-4 0.9334577 0.001805841 0.9395883 0.001805841 0.9395883 -1.62676e-4 0.9334577 0.001805841 0.9335702 -1.62676e-4 0.9334577 -1.62676e-4 0.9311516 0.001805841 0.9335702 0.001805841 0.9335702 -1.62676e-4 0.9311516 0.001805841 0.9280019 -1.62676e-4 0.9311516 -1.62676e-4 0.9278332 0.001805841 0.9280019 0.001805841 0.9280019 -1.62676e-4 0.9278332 -0.001793742 0.9170343 -1.62676e-4 0.9278332 1.18546e-4 0.9159656 -0.001793742 0.9170343 1.18546e-4 0.9159656 1.18546e-4 0.9169218 -0.001793742 0.9170343 1.18546e-4 0.9169218 1.18546e-4 0.9228275 -0.001793742 0.9170343 1.18546e-4 0.9228275 -0.001793742 0.92294 -0.001793742 0.9170343 -0.001793742 0.9170343 -0.001793742 0.92294 -0.003706037 0.917428 -0.003706037 0.917428 -0.001793742 0.92294 -0.003706037 0.9232774 -0.001793742 0.92294 -0.001793742 0.9291269 -0.003706037 0.9232774 -0.003706037 0.9232774 -0.001793742 0.9291269 -0.003706037 0.9294643 -0.001793742 0.9291269 -0.001793742 0.9357075 -0.003706037 0.9294643 -0.001793742 0.9357075 -0.003706037 0.9359325 -0.003706037 0.9294643 -0.003706037 0.9294643 -0.003706037 0.9359325 -0.005393385 0.9299705 -0.003706037 0.9359325 -0.005393385 0.9363824 -0.005393385 0.9299705 -0.005393385 0.9363824 -0.0636065 0.9124785 -0.005393385 0.9299705 -0.005393385 0.9299705 -0.0636065 0.9124785 -0.06934344 0.9159094 -0.06934344 0.9159094 -0.0636065 0.9124785 -0.05916315 0.9205214 -0.05916315 0.9205214 -0.0636065 0.9124785 -0.05640715 0.9190028 -0.0636065 0.9124785 -0.0629878 0.912141 -0.05640715 0.9190028 -0.0629878 0.912141 -0.05640715 0.9088226 -0.05640715 0.9190028 -0.05640715 0.9190028 -0.05640715 0.9088226 -0.05044525 0.9162468 -0.05640715 0.9088226 -0.05398869 0.9078664 -0.05044525 0.9162468 -0.05044525 0.9162468 -0.05398869 0.9078664 -0.04993903 0.9159656 -0.05398869 0.9078664 -0.04954534 0.9060103 -0.04993903 0.9159656 -0.04993903 0.9159656 -0.04954534 0.9060103 -0.04324597 0.9135471 -0.04954534 0.9060103 -0.04397714 0.9042105 -0.04324597 0.9135471 -0.04397714 0.9042105 -0.04133367 0.9129847 -0.04324597 0.9135471 -0.04324597 0.9135471 -0.04133367 0.9129847 -0.04273974 0.9149532 -0.04273974 0.9149532 -0.04133367 0.9129847 -0.03599041 0.9130409 -0.04133367 0.9129847 -0.03632789 0.9115785 -0.03599041 0.9130409 -0.03599041 0.9130409 -0.03632789 0.9115785 -0.02912861 0.9116911 -0.03632789 0.9115785 -0.03194081 0.9107349 -0.02912861 0.9116911 -0.03194081 0.9107349 -0.02935355 0.9101725 -0.02912861 0.9116911 -0.02935355 0.9101725 -0.02237921 0.909385 -0.02912861 0.9116911 -0.02237921 0.909385 -0.02215427 0.9108474 -0.02912861 0.9116911 -0.02912861 0.9116911 -0.02215427 0.9108474 -0.02884733 0.9133784 -0.02884733 0.9133784 -0.02215427 0.9108474 -0.02198553 0.912591 -0.02215427 0.9108474 -0.01512372 0.9105662 -0.02198553 0.912591 -0.01512372 0.9105662 -0.01512372 0.9123098 -0.02198553 0.912591 -0.02198553 0.912591 -0.01512372 0.9123098 -0.02187305 0.914447 -0.02187305 0.914447 -0.01512372 0.9123098 -0.01512372 0.9141658 -0.01512372 0.9123098 -0.008261859 0.912591 -0.01512372 0.9141658 -0.008261859 0.912591 -0.008374333 0.914447 -0.01512372 0.9141658 -0.01512372 0.9141658 -0.008374333 0.914447 -0.01512372 0.9161344 -0.01512372 0.9161344 -0.008374333 0.914447 -0.008543074 0.9164156 -0.008374333 0.914447 -0.001681268 0.9152345 -0.008543074 0.9164156 -0.001681268 0.9152345 -0.00201869 0.9171468 -0.008543074 0.9164156 -0.008543074 0.9164156 -0.00201869 0.9171468 -0.007249474 0.9440879 -0.00201869 0.9171468 0.004449367 0.9184404 -0.007249474 0.9440879 0.004449367 0.9184404 4.56013e-4 0.945719 -0.007249474 0.9440879 -0.005730867 0.9558992 -0.007249474 0.9440879 -0.002693653 0.9566304 -0.007249474 0.9440879 4.56013e-4 0.945719 -0.002693653 0.9566304 -0.002693653 0.9567429 -0.002693653 0.9566304 -0.001231312 0.9572491 -0.001231312 0.9572491 -0.002693653 0.9566304 2.87279e-4 0.9575866 -0.002693653 0.9566304 4.56013e-4 0.945719 2.87279e-4 0.9575866 2.87279e-4 0.9575866 4.56013e-4 0.945719 0.003211975 0.9587677 0.003211975 0.9587677 4.56013e-4 0.945719 0.007824003 0.9484187 4.56013e-4 0.945719 0.01080495 0.9202402 0.007824003 0.9484187 0.01080495 0.9202402 0.01699185 0.9225463 0.007824003 0.9484187 0.007824003 0.9484187 0.01699185 0.9225463 0.0229538 0.9253022 0.01699185 0.9225463 0.02385371 0.9235587 0.0229538 0.9253022 0.02385371 0.9235587 0.02970314 0.9268208 0.0229538 0.9253022 0.0229538 0.9253022 0.02970314 0.9268208 0.02869075 0.9285082 0.02869075 0.9285082 0.02970314 0.9268208 0.03532761 0.9305892 0.02970314 0.9268208 0.03639626 0.9290706 0.03532761 0.9305892 0.03639626 0.9290706 0.04179573 0.9333452 0.03532761 0.9305892 0.03532761 0.9305892 0.04179573 0.9333452 0.0406146 0.9347513 0.0406146 0.9347513 0.04179573 0.9333452 0.04685771 0.9380135 0.04179573 0.9333452 0.0480951 0.9367761 0.04685771 0.9380135 0.04685771 0.9380135 0.0480951 0.9367761 0.05287587 0.9419506 0.0480951 0.9367761 0.05400079 0.9409382 0.05287587 0.9419506 0.05400079 0.9409382 0.05484443 0.9420068 0.05287587 0.9419506 0.05287587 0.9419506 0.05484443 0.9420068 0.05720669 0.9474626 0.05484443 0.9420068 0.05844408 0.9465627 0.05720669 0.9474626 0.05720669 0.9474626 0.05844408 0.9465627 0.0610876 0.9532558 0.05844408 0.9465627 0.06058138 0.9497686 0.0610876 0.9532558 0.06058138 0.9497686 0.0623812 0.9524683 0.0610876 0.9532558 0.0623812 0.9524683 0.06553089 0.9580928 0.0610876 0.9532558 0.0610876 0.9532558 0.06553089 0.9580928 0.06451851 0.9593864 0.06553089 0.9580928 0.06586837 0.9587115 0.06451851 0.9593864 0.06451851 0.9593864 0.06586837 0.9587115 0.06890559 0.9651796 0.06586837 0.9587115 0.07526123 0.9570804 0.06890559 0.9651796 0.07526123 0.9570804 0.07807344 0.9635486 0.06890559 0.9651796 0.06890559 0.9651796 0.07807344 0.9635486 0.06952428 0.9669232 0.07807344 0.9635486 0.07818591 0.9638298 0.06952428 0.9669232 0.06952428 0.9669232 0.07818591 0.9638298 0.07138037 0.971929 0.07818591 0.9638298 0.08060443 0.9708603 0.07138037 0.971929 0.07138037 0.971929 0.08060443 0.9708603 0.0725615 0.976091 0.08060443 0.9708603 0.08133566 0.9736725 0.0725615 0.976091 0.0725615 0.976091 0.08133566 0.9736725 0.07329267 0.9787908 0.08133566 0.9736725 0.08251678 0.9780033 0.07329267 0.9787908 0.07329267 0.9787908 0.08251678 0.9780033 0.07464253 0.9855401 0.08251678 0.9780033 0.08364164 0.9840778 0.07464253 0.9855401 0.07464253 0.9855401 0.08364164 0.9840778 0.0746988 0.9857651 0.08364164 0.9840778 0.08386665 0.9852589 0.0746988 0.9857651 0.0746988 0.9857651 0.08386665 0.9852589 0.07554244 0.9928519 0.08386665 0.9852589 0.08465403 0.9926269 0.07554244 0.9928519 0.07554244 0.9928519 0.08465403 0.9926269 0.07559871 0.995158 0.08465403 0.9926269 0.08476656 0.9946517 0.07559871 0.995158 0.07559871 0.995158 0.08476656 0.9946517 -0.01607984 0.999995 0.08476656 0.9946517 -0.006911993 0.999995 -0.01607984 0.999995 -0.01607984 0.999995 -0.006911993 0.999995 0.07559871 1.004832 -0.006911993 0.999995 0.08476656 1.005338 0.07559871 1.004832 0.07559871 1.004832 0.08476656 1.005338 0.07554244 1.007138 0.08476656 1.005338 0.08465403 1.007363 0.07554244 1.007138 0.07554244 1.007138 0.08465403 1.007363 0.08386665 1.014731 0.08364164 1.015912 0.08386665 1.014731 -0.005393385 1.0149 0.08386665 1.014731 0.08465403 1.007363 -0.005393385 1.0149 0.08465403 1.007363 -0.005393385 1.007475 -0.005393385 1.0149 -0.005393385 1.007475 -0.003706037 1.015069 -0.005393385 1.0149 -0.003706037 1.015069 -0.003706037 1.022493 -0.005393385 1.0149 -0.005393385 1.0149 -0.003706037 1.022493 -0.005393385 1.022268 -0.003706037 1.022493 -0.003706037 1.029805 -0.005393385 1.022268 -0.005393385 1.022268 -0.003706037 1.029805 -0.005393385 1.029523 -0.005393385 1.029523 -0.003706037 1.029805 -0.003706037 1.036948 -0.003706037 1.029805 -0.001793742 1.037116 -0.003706037 1.036948 -0.003706037 1.036948 -0.001793742 1.037116 -0.001793742 1.044091 -0.001793742 1.037116 1.18546e-4 1.037229 -0.001793742 1.044091 1.18546e-4 1.037229 1.18546e-4 1.041897 -0.001793742 1.044091 1.18546e-4 1.041897 1.18546e-4 1.044203 -0.001793742 1.044091 1.18546e-4 1.044203 1.18546e-4 1.050953 -0.001793742 1.044091 -0.001793742 1.044091 1.18546e-4 1.050953 -0.001793742 1.05084 1.18546e-4 1.050953 1.18546e-4 1.051515 -0.001793742 1.05084 -0.001793742 1.05084 1.18546e-4 1.051515 -0.001793742 1.057308 1.18546e-4 1.051515 1.18546e-4 1.057421 -0.001793742 1.057308 1.18546e-4 1.057421 1.18546e-4 1.060514 -0.001793742 1.057308 -0.001793742 1.057308 1.18546e-4 1.060514 -0.001793742 1.063439 1.18546e-4 1.060514 1.18546e-4 1.063608 -0.001793742 1.063439 -0.001793742 1.063439 1.18546e-4 1.063608 1.18546e-4 1.068894 1.18546e-4 1.063608 0.01282978 1.066532 1.18546e-4 1.068894 0.01282978 1.066532 0.01282978 1.068894 1.18546e-4 1.068894 1.18546e-4 1.068894 0.01282978 1.068894 1.18546e-4 1.069401 0.01282978 1.068894 0.01282978 1.072157 1.18546e-4 1.069401 1.18546e-4 1.069401 0.01282978 1.072157 1.18546e-4 0.9443129 1.18546e-4 0.9443129 0.01282978 1.072157 0.01282978 0.9462252 0.01282978 1.072157 0.01479834 1.072044 0.01282978 0.9462252 0.01282978 0.9471251 0.01282978 0.9462252 0.01479834 0.9472938 0.01282978 0.9462252 0.01479834 1.072044 0.01479834 0.9472938 0.01479834 1.072044 0.01671063 0.9476313 0.01479834 0.9472938 0.01479834 0.9472938 0.01671063 0.9476313 0.01671063 0.953537 0.01671063 0.9476313 0.01839798 0.9540432 0.01671063 0.953537 0.01839798 0.9540432 0.01839798 0.9602301 0.01671063 0.953537 0.01671063 0.953537 0.01839798 0.9602301 0.01671063 0.9597239 0.01839798 0.9602301 0.01839798 0.966642 0.01671063 0.9597239 0.01671063 0.9597239 0.01839798 0.966642 0.01671063 0.966192 0.01839798 0.966642 0.01839798 0.973335 0.01671063 0.966192 0.01671063 0.966192 0.01839798 0.973335 0.01671063 0.9729413 0.01839798 0.973335 0.01839798 0.9802531 0.01671063 0.9729413 0.01671063 0.9729413 0.01839798 0.9802531 0.01671063 0.9799719 0.01671063 0.9799719 0.01839798 0.9802531 0.01839798 0.9873962 0.01839798 0.9802531 -0.01928579 1.09398 0.01839798 0.9873962 -0.01928579 1.09398 -0.01377379 1.095779 0.01839798 0.9873962 -0.01377379 1.095779 -0.01225525 1.096229 0.01839798 0.9873962 -0.01225525 1.096229 -0.005055904 1.098029 0.01839798 0.9873962 0.01839798 0.9873962 -0.005055904 1.098029 0.01839798 0.9946517 -0.005055904 1.098029 -0.003424823 1.09831 0.01839798 0.9946517 0.01839798 0.9946517 -0.003424823 1.09831 0.01839798 1.002076 -0.003424823 1.09831 0.00219959 1.09921 0.01839798 1.002076 0.01839798 1.002076 0.00219959 1.09921 0.01839798 1.0095 0.00219959 1.09921 0.0071491 1.099717 0.01839798 1.0095 0.0071491 1.099717 0.009567618 1.099941 0.01839798 1.0095 0.009567618 1.099941 0.01699185 1.100054 0.01839798 1.0095 0.01839798 1.0095 0.01699185 1.100054 0.01839798 1.016981 0.01699185 1.100054 0.01777929 1.099998 0.01839798 1.016981 0.01839798 1.016981 0.01777929 1.099998 0.01839798 1.024461 0.01777929 1.099998 0.02435988 1.09966 0.01839798 1.024461 0.01839798 1.024461 0.02435988 1.09966 0.01839798 1.031886 0.02435988 1.09966 0.02840954 1.099098 0.01839798 1.031886 0.02840954 1.099098 0.0316717 1.098704 0.01839798 1.031886 0.0316717 1.098704 0.03887099 1.097185 0.01839798 1.031886 0.01839798 1.031886 0.03887099 1.097185 0.01839798 1.039254 0.03887099 1.097185 0.03892725 1.097185 0.01839798 1.039254 0.03892725 1.097185 0.04607027 1.095161 0.01839798 1.039254 0.01839798 1.039254 0.04607027 1.095161 0.01839798 1.046453 0.04607027 1.095161 0.04905128 1.094092 0.01839798 1.046453 0.01839798 1.046453 0.04905128 1.094092 0.01839798 1.053483 0.04905128 1.094092 0.05298835 1.09263 0.01839798 1.053483 0.05298835 1.09263 0.05889403 1.089986 0.01839798 1.053483 0.01839798 1.053483 0.05889403 1.089986 0.01839798 1.060289 0.05889403 1.089986 0.05973774 1.089592 0.01839798 1.060289 0.05973774 1.089592 0.06620585 1.086049 0.01839798 1.060289 0.01839798 1.060289 0.06620585 1.086049 0.01839798 1.06687 0.06620585 1.086049 0.06817442 1.084812 0.01839798 1.06687 0.01839798 1.06687 0.06817442 1.084812 0.01839798 1.073169 0.06817442 1.084812 0.07244896 1.082056 0.01839798 1.073169 0.01839798 1.073169 0.07244896 1.082056 0.01839798 1.079131 0.07244896 1.082056 0.07689231 1.078681 0.01839798 1.079131 0.07689231 1.078681 0.07835465 1.077556 0.01839798 1.079131 0.07835465 1.077556 0.08392286 1.072719 0.01839798 1.079131 0.01839798 1.079131 0.08392286 1.072719 0.01839798 1.084755 0.08392286 1.072719 0.08487904 1.07165 0.01839798 1.084755 0.01839798 1.084755 0.08487904 1.07165 -0.01838588 1.068276 0.08487904 1.07165 0.08909738 1.067432 -0.01838588 1.068276 -0.01838588 1.068276 0.08909738 1.067432 -0.01838588 1.062539 0.08909738 1.067432 0.09213459 1.063832 -0.01838588 1.062539 0.09213459 1.063832 0.09387814 1.061751 -0.01838588 1.062539 0.09387814 1.061751 0.09820902 1.05579 -0.01838588 1.062539 -0.01838588 1.062539 0.09820902 1.05579 -0.01838588 1.056464 0.09820902 1.05579 0.09849023 1.055283 -0.01838588 1.056464 -0.01838588 1.056464 0.09849023 1.055283 -0.01838588 1.050109 0.09849023 1.055283 0.1020898 1.04949 -0.01838588 1.050109 -0.01838588 1.050109 0.1020898 1.04949 -0.01838588 1.043472 0.1020898 1.04949 0.1038334 1.046115 -0.01838588 1.043472 0.1038334 1.046115 0.1055208 1.042966 -0.01838588 1.043472 0.1055208 1.042966 0.108333 1.036441 -0.01838588 1.043472 0.108333 1.036441 -0.01838588 1.03661 -0.01838588 1.043472 -0.01838588 1.043472 -0.01838588 1.03661 -0.01669853 1.043866 -0.01838588 1.03661 -0.01669853 1.036948 -0.01669853 1.043866 -0.01669853 1.043866 -0.01669853 1.036948 -0.01478624 1.044091 -0.01478624 1.044091 -0.01669853 1.036948 -0.01478624 1.037116 -0.01669853 1.036948 -0.01669853 1.029805 -0.01478624 1.037116 -0.01478624 1.037116 -0.01669853 1.029805 -0.01478624 1.029973 -0.01669853 1.029805 -0.01669853 1.022493 -0.01478624 1.029973 -0.01478624 1.029973 -0.01669853 1.022493 -0.01478624 1.022605 -0.01669853 1.022493 -0.01669853 1.015069 -0.01478624 1.022605 -0.01669853 1.015069 -0.01478624 1.015125 -0.01478624 1.022605 -0.01287388 1.022661 -0.01478624 1.022605 -0.01287388 1.021424 -0.01287388 1.021424 -0.01478624 1.022605 -0.01287388 1.015181 -0.01478624 1.022605 -0.01478624 1.015125 -0.01287388 1.015181 -0.01478624 1.015125 -0.01287388 1.010738 -0.01287388 1.015181 -0.01287388 1.015181 -0.01287388 1.010738 -1.62676e-4 1.010738 -0.01287388 1.010738 -0.01287388 1.007588 -1.62676e-4 1.010738 -1.62676e-4 1.010738 -0.01287388 1.007588 -1.62676e-4 1.00382 -0.01287388 1.007588 -0.01287388 0.999995 -1.62676e-4 1.00382 -1.62676e-4 1.00382 -0.01287388 0.999995 -1.62676e-4 0.999995 -0.01287388 0.999995 -1.62676e-4 0.9961704 -1.62676e-4 0.999995 -1.62676e-4 0.999995 -1.62676e-4 0.9961704 0.001805841 0.9962266 -1.62676e-4 0.9961704 -1.62676e-4 0.9892523 0.001805841 0.9962266 0.001805841 0.9962266 -1.62676e-4 0.9892523 0.001805841 0.9886336 -1.62676e-4 0.9892523 -1.62676e-4 0.9885773 0.001805841 0.9886336 -1.62676e-4 0.9885773 -1.62676e-4 0.9810968 0.001805841 0.9886336 0.001805841 0.9886336 -1.62676e-4 0.9810968 0.001805841 0.9810968 -1.62676e-4 0.9810968 -1.62676e-4 0.978622 0.001805841 0.9810968 0.001805841 0.9810968 -1.62676e-4 0.978622 0.001805841 0.9736725 -1.62676e-4 0.978622 -1.62676e-4 0.9736725 0.001805841 0.9736725 -1.62676e-4 0.9736725 0.001805841 0.966417 0.001805841 0.9736725 0.001805841 0.9736725 0.001805841 0.966417 0.00366193 0.9738413 0.00366193 0.9738413 0.001805841 0.966417 0.00366193 0.966642 0.001805841 0.966417 0.001805841 0.9593302 0.00366193 0.966642 0.00366193 0.966642 0.001805841 0.9593302 0.00366193 0.9595552 0.001805841 0.9593302 0.001805841 0.9524683 0.00366193 0.9595552 0.00366193 0.9595552 0.001805841 0.9524683 0.00366193 0.9527496 0.001805841 0.9524683 0.001805841 0.9458877 0.00366193 0.9527496 0.00366193 0.9527496 0.001805841 0.9458877 0.00366193 0.946169 0.001805841 0.9458877 0.001805841 0.9395883 0.00366193 0.946169 0.00366193 0.946169 0.001805841 0.9395883 0.00366193 0.9399258 0.001805841 0.9395883 0.001805841 0.9335702 0.00366193 0.9399258 0.00366193 0.9399258 0.001805841 0.9335702 0.00366193 0.9339639 0.001805841 0.9335702 0.001805841 0.9280019 0.00366193 0.9339639 0.00366193 0.9339639 0.001805841 0.9280019 0.00366193 0.9283957 0.001805841 0.9280019 -0.001793742 0.9170343 0.00366193 0.9283957 -0.001793742 0.9170343 -0.003706037 0.917428 0.00366193 0.9283957 0.00366193 0.9283957 -0.003706037 0.917428 0.005405485 0.9290143 0.005405485 0.9290143 -0.003706037 0.917428 -0.005393385 0.9179905 -0.003706037 0.917428 -0.003706037 0.9232774 -0.005393385 0.9179905 -0.005393385 0.9179905 -0.003706037 0.9232774 -0.005393385 0.9238399 -0.003706037 0.9232774 -0.003706037 0.9294643 -0.005393385 0.9238399 -0.003706037 0.9294643 -0.005393385 0.9299705 -0.005393385 0.9238399 -0.005393385 0.9299705 -0.06934344 0.9159094 -0.005393385 0.9238399 -0.07541781 0.9201278 -0.005393385 0.9238399 -0.0726056 0.9181592 -0.005393385 0.9238399 -0.06934344 0.9159094 -0.0726056 0.9181592 -0.06737488 0.9256397 -0.0726056 0.9181592 -0.06265032 0.92249 -0.0726056 0.9181592 -0.06934344 0.9159094 -0.06265032 0.92249 -0.06934344 0.9159094 -0.05916315 0.9205214 -0.06265032 0.92249 -0.06265032 0.92249 -0.05916315 0.9205214 -0.05573225 0.9203527 -0.05916315 0.9205214 -0.05640715 0.9190028 -0.05573225 0.9203527 -0.05640715 0.9190028 -0.05044525 0.9162468 -0.05573225 0.9203527 -0.05573225 0.9203527 -0.05044525 0.9162468 -0.04932039 0.9173718 -0.05044525 0.9162468 -0.04993903 0.9159656 -0.04932039 0.9173718 -0.04993903 0.9159656 -0.04324597 0.9135471 -0.04932039 0.9173718 -0.04324597 0.9135471 -0.04273974 0.9149532 -0.04932039 0.9173718 -0.04932039 0.9173718 -0.04273974 0.9149532 -0.0487017 0.9190028 -0.0487017 0.9190028 -0.04273974 0.9149532 -0.04223358 0.9165843 -0.04273974 0.9149532 -0.03599041 0.9130409 -0.04223358 0.9165843 -0.04223358 0.9165843 -0.03599041 0.9130409 -0.03559672 0.9147283 -0.03599041 0.9130409 -0.02912861 0.9116911 -0.03559672 0.9147283 -0.02912861 0.9116911 -0.02884733 0.9133784 -0.03559672 0.9147283 -0.03559672 0.9147283 -0.02884733 0.9133784 -0.03514677 0.9165843 -0.03514677 0.9165843 -0.02884733 0.9133784 -0.02856612 0.9152345 -0.02884733 0.9133784 -0.02198553 0.912591 -0.02856612 0.9152345 -0.02198553 0.912591 -0.02187305 0.914447 -0.02856612 0.9152345 -0.02856612 0.9152345 -0.02187305 0.914447 -0.0282287 0.9171468 -0.0282287 0.9171468 -0.02187305 0.914447 -0.02170431 0.9164156 -0.02187305 0.914447 -0.01512372 0.9141658 -0.02170431 0.9164156 -0.01512372 0.9141658 -0.01512372 0.9161344 -0.02170431 0.9164156 -0.02170431 0.9164156 -0.01512372 0.9161344 -0.01512372 0.9435817 -0.01512372 0.9161344 -0.008543074 0.9164156 -0.01512372 0.9435817 -0.008543074 0.9164156 -0.007249474 0.9440879 -0.01512372 0.9435817 -0.01512372 0.9548869 -0.01512372 0.9435817 -0.01197397 0.9549993 -0.01197397 0.9549993 -0.01512372 0.9435817 -0.008824288 0.9553368 -0.01512372 0.9435817 -0.007249474 0.9440879 -0.008824288 0.9553368 -0.007249474 0.9440879 -0.005730867 0.9558992 -0.008824288 0.9553368 -0.008824288 0.9553368 -0.005730867 0.9558992 -0.008093118 0.9555618 -0.008093118 0.9555618 -0.005730867 0.9558992 -0.005787074 0.9559555 -0.005730867 0.9558992 -0.002693653 0.9566304 -0.005787074 0.9559555 -0.002693653 0.9566304 -0.002693653 0.9567429 -0.005787074 0.9559555 -0.02558517 0.9942581 -0.02558517 0.9972952 -0.02569764 0.9987576 -0.02558517 0.9972952 -0.02558517 0.9987576 -0.02569764 0.9987576 -0.02569764 0.9987576 -0.02558517 0.9987576 -0.02558517 1.000276 -0.001231312 0.9572491 2.87279e-4 0.9575866 2.87279e-4 0.9576991 2.87279e-4 0.9575866 0.003211975 0.9587677 2.87279e-4 0.9576991 2.87279e-4 0.9576991 0.003211975 0.9587677 0.003155708 0.9588802 0.003155708 0.9588802 0.003211975 0.9587677 0.005293011 0.9599488 0.005293011 0.9599488 0.003211975 0.9587677 0.006080448 0.9601739 0.003211975 0.9587677 0.007824003 0.9484187 0.006080448 0.9601739 0.006080448 0.9601739 0.007824003 0.9484187 0.008780181 0.9617487 0.01389843 0.9654608 0.01136744 0.9634923 0.01479834 0.9521309 0.01136744 0.9634923 0.008780181 0.9617487 0.01479834 0.9521309 0.008780181 0.9617487 0.007824003 0.9484187 0.01479834 0.9521309 0.007824003 0.9484187 0.0229538 0.9253022 0.01479834 0.9521309 0.0229538 0.9253022 0.02869075 0.9285082 0.01479834 0.9521309 0.01479834 0.9521309 0.02869075 0.9285082 0.03414642 0.9321641 0.02869075 0.9285082 0.03532761 0.9305892 0.03414642 0.9321641 0.03532761 0.9305892 0.0406146 0.9347513 0.03414642 0.9321641 0.03414642 0.9321641 0.0406146 0.9347513 0.03932094 0.9362137 0.03932094 0.9362137 0.0406146 0.9347513 0.04556411 0.9393071 0.0406146 0.9347513 0.04685771 0.9380135 0.04556411 0.9393071 0.04556411 0.9393071 0.04685771 0.9380135 0.05152601 0.9430755 0.04685771 0.9380135 0.05287587 0.9419506 0.05152601 0.9430755 0.05287587 0.9419506 0.05720669 0.9474626 0.05152601 0.9430755 0.05152601 0.9430755 0.05720669 0.9474626 0.05580061 0.948475 0.05720669 0.9474626 0.0610876 0.9532558 0.05580061 0.948475 0.05580061 0.948475 0.0610876 0.9532558 0.0596252 0.9542119 0.0610876 0.9532558 0.06451851 0.9593864 0.0596252 0.9542119 0.0596252 0.9542119 0.06451851 0.9593864 0.0629999 0.9601739 0.0629999 0.9601739 0.06451851 0.9593864 0.06749945 0.9657983 0.06451851 0.9593864 0.06890559 0.9651796 0.06749945 0.9657983 0.06890559 0.9651796 0.06952428 0.9669232 0.06749945 0.9657983 0.06749945 0.9657983 0.06952428 0.9669232 0.06991797 0.9723789 0.06952428 0.9669232 0.07138037 0.971929 0.06991797 0.9723789 0.06991797 0.9723789 0.07138037 0.971929 0.07183033 0.9791283 0.07138037 0.971929 0.0725615 0.976091 0.07183033 0.9791283 0.0725615 0.976091 0.07329267 0.9787908 0.07183033 0.9791283 0.07329267 0.9787908 0.07464253 0.9855401 0.07183033 0.9791283 0.07183033 0.9791283 0.07464253 0.9855401 0.07318019 0.9859901 0.07464253 0.9855401 0.0746988 0.9857651 0.07318019 0.9859901 0.0746988 0.9857651 0.07554244 0.9928519 0.07318019 0.9859901 0.07318019 0.9859901 0.07554244 0.9928519 0.07402384 0.9929644 0.07554244 0.9928519 0.07559871 0.995158 0.07402384 0.9929644 0.07402384 0.9929644 0.07559871 0.995158 0.07430505 0.999995 0.07559871 0.995158 -0.01607984 0.999995 0.07430505 0.999995 0.07430505 0.999995 -0.01607984 0.999995 0.07402384 1.007025 -0.01607984 0.999995 0.07559871 1.004832 0.07402384 1.007025 0.07559871 1.004832 0.07554244 1.007138 0.07402384 1.007025 0.07402384 1.007025 0.07554244 1.007138 0.0746988 1.014225 0.07554244 1.007138 0.08386665 1.014731 0.0746988 1.014225 0.08386665 1.014731 0.08364164 1.015912 0.0746988 1.014225 0.0746988 1.014225 0.08364164 1.015912 0.07464253 1.01445 0.07464253 1.01445 0.08364164 1.015912 0.07329267 1.021199 0.07329267 1.021199 0.08364164 1.015912 0.08251678 1.021987 0.08364164 1.015912 -0.005393385 1.0149 0.08251678 1.021987 -0.005393385 1.0149 -0.005393385 1.022268 0.08251678 1.021987 0.08251678 1.021987 -0.005393385 1.022268 0.08133566 1.026317 -0.005393385 1.022268 -0.005393385 1.029523 0.08133566 1.026317 0.08133566 1.026317 -0.005393385 1.029523 0.08060443 1.029186 0.07807344 1.036441 0.07818591 1.03616 -0.005393385 1.03661 0.07818591 1.03616 0.08060443 1.029186 -0.005393385 1.03661 0.08060443 1.029186 -0.005393385 1.029523 -0.005393385 1.03661 -0.005393385 1.029523 -0.003706037 1.036948 -0.005393385 1.03661 -0.005393385 1.03661 -0.003706037 1.036948 -0.003706037 1.043866 -0.003706037 1.036948 -0.001793742 1.044091 -0.003706037 1.043866 -0.001793742 1.044091 -0.001793742 1.05084 -0.003706037 1.043866 -0.003706037 1.043866 -0.001793742 1.05084 -0.003706037 1.050559 -0.001793742 1.05084 -0.001793742 1.057308 -0.003706037 1.050559 -0.003706037 1.050559 -0.001793742 1.057308 -0.003706037 1.056971 -0.001793742 1.057308 -0.001793742 1.063439 -0.003706037 1.056971 -0.003706037 1.056971 -0.001793742 1.063439 -0.003706037 1.063101 -0.003706037 1.063101 -0.001793742 1.063439 -0.001793742 1.069288 -0.001793742 1.063439 1.18546e-4 1.068894 -0.001793742 1.069288 1.18546e-4 1.068894 1.18546e-4 1.069401 -0.001793742 1.069288 1.18546e-4 1.069401 1.18546e-4 0.9443129 -0.001793742 1.069288 -0.001793742 1.069288 1.18546e-4 0.9443129 -0.001793742 0.9444816 -0.001793742 0.9444816 1.18546e-4 0.9443129 1.18546e-4 0.9462252 1.18546e-4 0.9443129 0.01282978 0.9462252 1.18546e-4 0.9462252 0.01282978 0.9462252 0.01282978 0.9471251 1.18546e-4 0.9462252 1.18546e-4 0.9462252 0.01282978 0.9471251 1.18546e-4 0.9500498 0.01282978 0.9471251 0.01282978 0.9530308 1.18546e-4 0.9500498 1.18546e-4 0.9500498 0.01282978 0.9530308 1.18546e-4 0.9546056 1.18546e-4 0.9561243 1.18546e-4 0.9546056 0.01282978 0.9546056 1.18546e-4 0.9546056 0.01282978 0.9530308 0.01282978 0.9546056 0.01282978 0.9546056 0.01282978 0.9530308 0.01479834 0.9531432 0.01282978 0.9530308 0.01282978 0.9471251 0.01479834 0.9531432 0.01282978 0.9471251 0.01479834 0.9472938 0.01479834 0.9531432 0.01479834 0.9472938 0.01671063 0.953537 0.01479834 0.9531432 0.01671063 0.953537 0.01671063 0.9597239 0.01479834 0.9531432 0.01479834 0.9531432 0.01671063 0.9597239 0.01479834 0.9593864 0.01671063 0.9597239 0.01671063 0.966192 0.01479834 0.9593864 0.01479834 0.9593864 0.01671063 0.966192 0.01479834 0.9659108 0.01671063 0.966192 0.01671063 0.9729413 0.01479834 0.9659108 0.01479834 0.9659108 0.01671063 0.9729413 0.01479834 0.9727163 0.01671063 0.9729413 0.01671063 0.9799719 0.01479834 0.9727163 0.01479834 0.9727163 0.01671063 0.9799719 0.01479834 0.9797469 0.01479834 0.9797469 0.01671063 0.9799719 0.01671063 0.9871712 0.01671063 0.9799719 0.01839798 0.9873962 0.01671063 0.9871712 0.01839798 0.9873962 0.01839798 0.9946517 0.01671063 0.9871712 0.01671063 0.9871712 0.01839798 0.9946517 0.01671063 0.994483 0.01839798 0.9946517 0.01839798 1.002076 0.01671063 0.994483 0.01671063 0.994483 0.01839798 1.002076 0.01671063 1.001907 0.01839798 1.002076 0.01839798 1.0095 0.01671063 1.001907 0.01671063 1.001907 0.01839798 1.0095 0.01671063 1.009444 0.01839798 1.0095 0.01839798 1.016981 0.01671063 1.009444 0.01671063 1.009444 0.01839798 1.016981 0.01671063 1.017037 0.01839798 1.016981 0.01839798 1.024461 0.01671063 1.017037 0.01671063 1.017037 0.01839798 1.024461 0.01671063 1.024574 0.01839798 1.024461 0.01839798 1.031886 0.01671063 1.024574 0.01671063 1.024574 0.01839798 1.031886 0.01671063 1.032054 0.01839798 1.031886 0.01839798 1.039254 0.01671063 1.032054 0.01671063 1.032054 0.01839798 1.039254 0.01671063 1.039422 0.01839798 1.039254 0.01839798 1.046453 0.01671063 1.039422 0.01671063 1.039422 0.01839798 1.046453 0.01671063 1.046734 0.01839798 1.046453 0.01839798 1.053483 0.01671063 1.046734 0.01671063 1.046734 0.01839798 1.053483 0.01671063 1.053821 0.01839798 1.053483 0.01839798 1.060289 0.01671063 1.053821 0.01671063 1.053821 0.01839798 1.060289 0.01671063 1.060683 0.01839798 1.060289 0.01839798 1.06687 0.01671063 1.060683 0.01671063 1.060683 0.01839798 1.06687 0.01671063 1.06732 0.01839798 1.06687 0.01839798 1.073169 0.01671063 1.06732 0.01671063 1.06732 0.01839798 1.073169 0.01671063 1.073675 0.01839798 1.073169 0.01839798 1.079131 0.01671063 1.073675 0.01671063 1.073675 0.01839798 1.079131 0.01671063 1.079693 0.01839798 1.079131 0.01839798 1.084755 0.01671063 1.079693 0.01671063 1.079693 0.01839798 1.084755 0.01671063 1.085374 0.01839798 1.084755 -0.01838588 1.068276 0.01671063 1.085374 0.01671063 1.085374 -0.01838588 1.068276 -0.01669853 1.068894 -0.01838588 1.068276 -0.01838588 1.062539 -0.01669853 1.068894 -0.01669853 1.068894 -0.01838588 1.062539 -0.01669853 1.063101 -0.01838588 1.062539 -0.01838588 1.056464 -0.01669853 1.063101 -0.01669853 1.063101 -0.01838588 1.056464 -0.01669853 1.056971 -0.01838588 1.056464 -0.01838588 1.050109 -0.01669853 1.056971 -0.01669853 1.056971 -0.01838588 1.050109 -0.01669853 1.050559 -0.01838588 1.050109 -0.01838588 1.043472 -0.01669853 1.050559 -0.01838588 1.043472 -0.01669853 1.043866 -0.01669853 1.050559 -0.01669853 1.050559 -0.01669853 1.043866 -0.01478624 1.05084 -0.01669853 1.043866 -0.01478624 1.044091 -0.01478624 1.05084 -0.01478624 1.05084 -0.01478624 1.044091 -0.01287388 1.050953 -0.01287388 1.050953 -0.01478624 1.044091 -0.01287388 1.044203 -0.01287388 1.044203 -0.01478624 1.044091 -0.01287388 1.041897 -0.01287388 1.041897 -0.01478624 1.044091 -0.01287388 1.037229 -0.01478624 1.044091 -0.01478624 1.037116 -0.01287388 1.037229 -0.01287388 1.037229 -0.01478624 1.037116 -0.01287388 1.031829 -0.01478624 1.037116 -0.01478624 1.029973 -0.01287388 1.031829 -0.01287388 1.031829 -0.01478624 1.029973 -0.01287388 1.03003 -0.01478624 1.029973 -0.01478624 1.022605 -0.01287388 1.03003 -0.01478624 1.022605 -0.01287388 1.022661 -0.01287388 1.03003 -0.01287388 1.03003 -0.01287388 1.022661 -1.62676e-4 1.026374 -1.62676e-4 1.026374 -0.01287388 1.022661 -1.62676e-4 1.021424 -0.01287388 1.022661 -0.01287388 1.021424 -1.62676e-4 1.021424 -1.62676e-4 1.021424 -0.01287388 1.021424 -1.62676e-4 1.018949 -0.01287388 1.021424 -0.01287388 1.015181 -1.62676e-4 1.018949 -1.62676e-4 1.018949 -0.01287388 1.015181 -1.62676e-4 1.011413 -0.01287388 1.015181 -1.62676e-4 1.010738 -1.62676e-4 1.011413 -1.62676e-4 1.011413 -1.62676e-4 1.010738 0.001805841 1.011356 0.001805841 1.011356 -1.62676e-4 1.010738 0.001805841 1.00382 -1.62676e-4 1.010738 -1.62676e-4 1.00382 0.001805841 1.00382 -1.62676e-4 1.00382 -1.62676e-4 0.999995 0.001805841 1.00382 -1.62676e-4 0.999995 0.001805841 0.9962266 0.001805841 1.00382 0.001805841 1.00382 0.001805841 0.9962266 0.00366193 1.003763 0.00366193 1.003763 0.001805841 0.9962266 0.00366193 0.9962266 0.001805841 0.9962266 0.001805841 0.9886336 0.00366193 0.9962266 0.00366193 0.9962266 0.001805841 0.9886336 0.00366193 0.9886898 0.001805841 0.9886336 0.001805841 0.9810968 0.00366193 0.9886898 0.00366193 0.9886898 0.001805841 0.9810968 0.00366193 0.9812093 0.001805841 0.9810968 0.001805841 0.9736725 0.00366193 0.9812093 0.001805841 0.9736725 0.00366193 0.9738413 0.00366193 0.9812093 0.00366193 0.9812093 0.00366193 0.9738413 0.005405485 0.981378 0.005405485 0.981378 0.00366193 0.9738413 0.005405485 0.9740663 0.00366193 0.9738413 0.00366193 0.966642 0.005405485 0.9740663 0.005405485 0.9740663 0.00366193 0.966642 0.005405485 0.9669232 0.00366193 0.966642 0.00366193 0.9595552 0.005405485 0.9669232 0.005405485 0.9669232 0.00366193 0.9595552 0.005405485 0.9599488 0.00366193 0.9595552 0.00366193 0.9527496 0.005405485 0.9599488 0.005405485 0.9599488 0.00366193 0.9527496 0.005405485 0.9531995 0.00366193 0.9527496 0.00366193 0.946169 0.005405485 0.9531995 0.005405485 0.9531995 0.00366193 0.946169 0.005405485 0.9466752 0.00366193 0.946169 0.00366193 0.9399258 0.005405485 0.9466752 0.005405485 0.9466752 0.00366193 0.9399258 0.005405485 0.940432 0.00366193 0.9399258 0.00366193 0.9339639 0.005405485 0.940432 0.005405485 0.940432 0.00366193 0.9339639 0.005405485 0.9345826 0.00366193 0.9339639 0.00366193 0.9283957 0.005405485 0.9345826 0.00366193 0.9283957 0.005405485 0.9290143 0.005405485 0.9345826 -0.09150379 0.93537 0.005405485 0.9345826 -0.08857905 0.9321641 0.005405485 0.9345826 0.005405485 0.9290143 -0.08857905 0.9321641 -0.08857905 0.9321641 0.005405485 0.9290143 -0.08655422 0.9299143 0.005405485 0.9290143 -0.005393385 0.9179905 -0.08655422 0.9299143 -0.08655422 0.9299143 -0.005393385 0.9179905 -0.08115476 0.924796 -0.08115476 0.924796 -0.005393385 0.9179905 -0.08104228 0.9246835 -0.005393385 0.9179905 -0.005393385 0.9238399 -0.08104228 0.9246835 -0.005393385 0.9238399 -0.07541781 0.9201278 -0.08104228 0.9246835 -0.08104228 0.9246835 -0.07541781 0.9201278 -0.07418048 0.9308704 -0.07418048 0.9308704 -0.07541781 0.9201278 -0.06855601 0.9264271 -0.07541781 0.9201278 -0.0726056 0.9181592 -0.06855601 0.9264271 -0.0726056 0.9181592 -0.06737488 0.9256397 -0.06855601 0.9264271 -0.06855601 0.9264271 -0.06737488 0.9256397 -0.06765609 0.9276645 -0.06765609 0.9276645 -0.06737488 0.9256397 -0.06186288 0.9237836 -0.06737488 0.9256397 -0.06265032 0.92249 -0.06186288 0.9237836 -0.06265032 0.92249 -0.05573225 0.9203527 -0.06186288 0.9237836 -0.06186288 0.9237836 -0.05573225 0.9203527 -0.06096297 0.925246 -0.06096297 0.925246 -0.05573225 0.9203527 -0.05494481 0.9218713 -0.05573225 0.9203527 -0.04932039 0.9173718 -0.05494481 0.9218713 -0.04932039 0.9173718 -0.0487017 0.9190028 -0.05494481 0.9218713 -0.05494481 0.9218713 -0.0487017 0.9190028 -0.05410116 0.9235587 -0.05410116 0.9235587 -0.0487017 0.9190028 -0.04797047 0.9207465 -0.0487017 0.9190028 -0.04223358 0.9165843 -0.04797047 0.9207465 -0.04797047 0.9207465 -0.04223358 0.9165843 -0.04161489 0.9183841 -0.04223358 0.9165843 -0.03559672 0.9147283 -0.04161489 0.9183841 -0.03559672 0.9147283 -0.03514677 0.9165843 -0.04161489 0.9183841 -0.04161489 0.9183841 -0.03514677 0.9165843 -0.0410524 0.9202402 -0.0410524 0.9202402 -0.03514677 0.9165843 -0.03469681 0.9184404 -0.03514677 0.9165843 -0.02856612 0.9152345 -0.03469681 0.9184404 -0.02856612 0.9152345 -0.0282287 0.9171468 -0.03469681 0.9184404 -0.03469681 0.9184404 -0.0282287 0.9171468 -0.02299791 0.9440879 -0.0282287 0.9171468 -0.02170431 0.9164156 -0.02299791 0.9440879 -0.02170431 0.9164156 -0.01512372 0.9435817 -0.02299791 0.9440879 -0.01512372 0.9435817 -0.01512372 0.9548869 -0.02299791 0.9440879 -0.0214231 0.9553368 -0.02299791 0.9440879 -0.01827341 0.9549993 -0.02299791 0.9440879 -0.01512372 0.9548869 -0.01827341 0.9549993 -0.01827341 0.9549993 -0.01512372 0.9548869 -0.01827341 0.9551119 -0.01827341 0.9551119 -0.01512372 0.9548869 -0.01512372 0.9549993 -0.01512372 0.9548869 -0.01197397 0.9549993 -0.01512372 0.9549993 -0.01512372 0.9549993 -0.01197397 0.9549993 -0.01197397 0.9551119 -0.01197397 0.9549993 -0.008824288 0.9553368 -0.01197397 0.9551119 -0.01197397 0.9551119 -0.008824288 0.9553368 -0.008880555 0.9554493 -0.008824288 0.9553368 -0.008093118 0.9555618 -0.008880555 0.9554493 -0.02558517 0.9911646 -0.02558517 0.9918957 -0.02569764 0.9918957 -0.02558517 0.9918957 -0.02558517 0.9942581 -0.02569764 0.9918957 -0.02558517 0.9942581 -0.02569764 0.9987576 -0.02569764 0.9918957 -0.008093118 0.9555618 -0.001231312 0.9571929 -0.003706037 0.9681043 -0.01197397 0.9807031 -0.01197397 0.9805906 -0.009667992 0.9812093 -0.003368616 0.984359 -0.005337119 0.9830654 -0.005280911 0.9829529 -0.005280911 0.9829529 -0.005337119 0.9830654 -0.007418215 0.9819405 -0.005337119 0.9830654 -0.007474422 0.9819967 -0.007418215 0.9819405 -0.007418215 0.9819405 -0.007474422 0.9819967 -0.009667992 0.9810968 -0.007474422 0.9819967 -0.009667992 0.9812093 -0.009667992 0.9810968 -0.009667992 0.9812093 -0.01197397 0.9805906 -0.009667992 0.9810968 -0.009667992 0.9810968 -0.01197397 0.9805906 -0.009218037 0.9693417 -0.009218037 0.9693417 -0.01197397 0.9805906 -0.01338011 0.9688355 -0.01338011 0.9688355 -0.01197397 0.9805906 -0.01433628 0.9803656 -0.01197397 0.9805906 -0.01197397 0.9807031 -0.01433628 0.9803656 -0.01433628 0.9803656 -0.01197397 0.9807031 -0.01433628 0.9804781 -0.01433628 0.9805344 -0.01433628 0.9804781 -0.01203024 0.9808156 -0.01433628 0.9804781 -0.01197397 0.9807031 -0.01203024 0.9808156 -0.01203024 0.9808156 -0.01197397 0.9807031 -0.009724199 0.9813218 -0.01197397 0.9807031 -0.009667992 0.9812093 -0.009724199 0.9813218 -0.009724199 0.9813218 -0.009667992 0.9812093 -0.007474422 0.9821092 -0.009667992 0.9812093 -0.007474422 0.9819967 -0.007474422 0.9821092 -0.007474422 0.9821092 -0.007474422 0.9819967 -0.005393385 0.9831216 -0.007474422 0.9819967 -0.005337119 0.9830654 -0.005393385 0.9831216 -0.005393385 0.9831216 -0.005337119 0.9830654 -0.003424823 0.9844714 -0.005337119 0.9830654 -0.003368616 0.984359 -0.003424823 0.9844714 -0.003424823 0.9844714 -0.003368616 0.984359 -0.001625001 0.9859901 -5.01871e-5 0.9876774 -0.001625001 0.9859901 -0.001568734 0.9858776 -0.001625001 0.9859901 -0.003368616 0.984359 -0.001568734 0.9858776 -0.001568734 0.9858776 -0.003368616 0.984359 -0.003312349 0.9843028 -0.003368616 0.984359 -0.005280911 0.9829529 -0.003312349 0.9843028 -0.003312349 0.9843028 -0.005280911 0.9829529 -0.001343786 0.9719852 -0.005280911 0.9829529 -0.007418215 0.9819405 -0.001343786 0.9719852 -0.001343786 0.9719852 -0.007418215 0.9819405 -0.005224645 0.9704104 -0.007418215 0.9819405 -0.009667992 0.9810968 -0.005224645 0.9704104 -0.009667992 0.9810968 -0.009218037 0.9693417 -0.005224645 0.9704104 -0.005224645 0.9704104 -0.009218037 0.9693417 -0.005168437 0.9702978 -0.005112171 0.9701853 -0.005168437 0.9702978 -0.009218037 0.9692292 -0.005168437 0.9702978 -0.009218037 0.9693417 -0.009218037 0.9692292 -0.009218037 0.9693417 -0.01338011 0.9688355 -0.009218037 0.9692292 -0.009218037 0.9692292 -0.01338011 0.9688355 -0.01338011 0.968723 -0.01338011 0.968723 -0.01338011 0.9688355 -0.01754218 0.9688917 -0.01338011 0.9688355 -0.01433628 0.9803656 -0.01754218 0.9688917 -0.01754218 0.9688917 -0.01433628 0.9803656 -0.01669853 0.9804219 -0.01433628 0.9803656 -0.01433628 0.9804781 -0.01669853 0.9804219 -0.01669853 0.9804219 -0.01433628 0.9804781 -0.01669853 0.9804781 -0.01433628 0.9804781 -0.01433628 0.9805344 -0.01669853 0.9804781 -0.01433628 0.9805344 -0.01669853 0.9805906 -0.01669853 0.9804781 -0.01669853 0.9804781 -0.01669853 0.9805906 -0.01906079 0.9808156 -0.01906079 0.9808156 -0.01669853 0.9805906 -0.01900458 0.9809281 -0.01900458 0.9810405 -0.01900458 0.9809281 -0.01669853 0.9807031 -0.01900458 0.9809281 -0.01669853 0.9805906 -0.01669853 0.9807031 -0.01669853 0.9807031 -0.01669853 0.9805906 -0.01433628 0.9806469 -0.01669853 0.9805906 -0.01433628 0.9805344 -0.01433628 0.9806469 -0.01433628 0.9806469 -0.01433628 0.9805344 -0.01203024 0.9808718 -0.01433628 0.9805344 -0.01203024 0.9808156 -0.01203024 0.9808718 -0.01203024 0.9808718 -0.01203024 0.9808156 -0.009724199 0.981378 -0.01203024 0.9808156 -0.009724199 0.9813218 -0.009724199 0.981378 -0.009724199 0.981378 -0.009724199 0.9813218 -0.007530689 0.9821655 -0.009724199 0.9813218 -0.007474422 0.9821092 -0.007530689 0.9821655 -0.007530689 0.9821655 -0.007474422 0.9821092 -0.005449652 0.9832341 -0.007474422 0.9821092 -0.005393385 0.9831216 -0.005449652 0.9832341 -0.005449652 0.9832341 -0.005393385 0.9831216 -0.00348109 0.9845277 -0.005393385 0.9831216 -0.003424823 0.9844714 -0.00348109 0.9845277 -0.00348109 0.9845277 -0.003424823 0.9844714 -0.001681268 0.9860463 -0.003424823 0.9844714 -0.001625001 0.9859901 -0.001681268 0.9860463 -0.001681268 0.9860463 -0.001625001 0.9859901 -1.06432e-4 0.9877337 -0.001625001 0.9859901 -5.01871e-5 0.9876774 -1.06432e-4 0.9877337 -1.06432e-4 0.9877337 -5.01871e-5 0.9876774 0.001243412 0.989646 -5.01871e-5 0.9876774 0.001299679 0.9895897 0.001243412 0.989646 0.001243412 0.989646 0.001299679 0.9895897 0.00236833 0.9916708 0.001299679 0.9895897 0.002480804 0.9916708 0.00236833 0.9916708 0.00236833 0.9916708 0.002480804 0.9916708 0.003268241 0.9938643 0.003830671 0.9961141 0.003268241 0.9938643 0.003324449 0.9938643 0.003268241 0.9938643 0.002480804 0.9916708 0.003324449 0.9938643 0.003324449 0.9938643 0.002480804 0.9916708 0.002537012 0.9916145 0.002537012 0.9916145 0.002480804 0.9916708 0.001412153 0.9895335 0.002480804 0.9916708 0.001299679 0.9895897 0.001412153 0.9895335 0.001412153 0.9895335 0.001299679 0.9895897 6.05732e-6 0.9876212 0.001299679 0.9895897 -5.01871e-5 0.9876774 6.05732e-6 0.9876212 -5.01871e-5 0.9876774 -0.001568734 0.9858776 6.05732e-6 0.9876212 6.05732e-6 0.9876212 -0.001568734 0.9858776 -0.001512527 0.9858214 -0.001568734 0.9858776 -0.003312349 0.9843028 -0.001512527 0.9858214 -0.001512527 0.9858214 -0.003312349 0.9843028 0.002255797 0.9740663 -0.003312349 0.9843028 -0.001343786 0.9719852 0.002255797 0.9740663 0.002255797 0.9740663 -0.001343786 0.9719852 0.002312064 0.9739537 0.002312064 0.9739537 -0.001343786 0.9719852 -0.001287519 0.9718727 -0.001343786 0.9719852 -0.005224645 0.9704104 -0.001287519 0.9718727 -0.005224645 0.9704104 -0.005168437 0.9702978 -0.001287519 0.9718727 -0.001287519 0.9718727 -0.005168437 0.9702978 -0.001231312 0.9717602 -0.005168437 0.9702978 -0.005112171 0.9701853 -0.001231312 0.9717602 -0.001231312 0.9717602 -0.005112171 0.9701853 -0.001175045 0.9716477 -0.02924108 0.9955517 -0.001175045 0.9716477 -0.005112171 0.9700729 -0.001175045 0.9716477 -0.005112171 0.9701853 -0.005112171 0.9700729 -0.005112171 0.9700729 -0.005112171 0.9701853 -0.009218037 0.9691167 -0.005112171 0.9701853 -0.009218037 0.9692292 -0.009218037 0.9691167 -0.009218037 0.9692292 -0.01338011 0.968723 -0.009218037 0.9691167 -0.009218037 0.9691167 -0.01338011 0.968723 -0.01338011 0.9686105 -0.01338011 0.9686105 -0.01338011 0.968723 -0.01754218 0.968723 -0.01338011 0.968723 -0.01754218 0.9688917 -0.01754218 0.968723 -0.01754218 0.968723 -0.01754218 0.9688917 -0.02170431 0.9694542 -0.01754218 0.9688917 -0.01669853 0.9804219 -0.02170431 0.9694542 -0.02170431 0.9694542 -0.01669853 0.9804219 -0.01906079 0.9807593 -0.01669853 0.9804219 -0.01669853 0.9804781 -0.01906079 0.9807593 -0.01669853 0.9804781 -0.01906079 0.9808156 -0.01906079 0.9807593 -0.01906079 0.9807593 -0.01906079 0.9808156 -0.02136683 0.981378 -0.02136683 0.981378 -0.01906079 0.9808156 -0.02131056 0.9814343 -0.01906079 0.9808156 -0.01900458 0.9809281 -0.02131056 0.9814343 -0.02131056 0.9814343 -0.01900458 0.9809281 -0.02131056 0.9815468 -0.01900458 0.9809281 -0.01900458 0.9810405 -0.02131056 0.9815468 -0.01900458 0.9810405 -0.02125436 0.981603 -0.02131056 0.9815468 -0.02131056 0.9815468 -0.02125436 0.981603 -0.02344787 0.9824467 -0.02344787 0.9824467 -0.02125436 0.981603 -0.02344787 0.9825029 -0.02451652 0.9852027 -0.0254727 0.9836278 -0.02266043 0.9841902 -0.0254727 0.9836278 -0.02344787 0.9825029 -0.02266043 0.9841902 -0.02266043 0.9841902 -0.02344787 0.9825029 -0.02069193 0.9833466 -0.02344787 0.9825029 -0.02125436 0.981603 -0.02069193 0.9833466 -0.02069193 0.9833466 -0.02125436 0.981603 -0.01861083 0.9828404 -0.02125436 0.981603 -0.01900458 0.9810405 -0.01861083 0.9828404 -0.01861083 0.9828404 -0.01900458 0.9810405 -0.01652979 0.9825029 -0.01900458 0.9810405 -0.01669853 0.9807031 -0.01652979 0.9825029 -0.01652979 0.9825029 -0.01669853 0.9807031 -0.01439249 0.9825029 -0.01669853 0.9807031 -0.01433628 0.9806469 -0.01439249 0.9825029 -0.01439249 0.9825029 -0.01433628 0.9806469 -0.01231145 0.9826716 -0.01433628 0.9806469 -0.01203024 0.9808718 -0.01231145 0.9826716 -0.01231145 0.9826716 -0.01203024 0.9808718 -0.01023042 0.9831779 -0.01203024 0.9808718 -0.009724199 0.981378 -0.01023042 0.9831779 -0.01023042 0.9831779 -0.009724199 0.981378 -0.008261859 0.9838528 -0.009724199 0.981378 -0.007530689 0.9821655 -0.008261859 0.9838528 -0.008261859 0.9838528 -0.007530689 0.9821655 -0.006349563 0.9848089 -0.007530689 0.9821655 -0.005449652 0.9832341 -0.006349563 0.9848089 -0.006349563 0.9848089 -0.005449652 0.9832341 -0.004605948 0.9859901 -0.005449652 0.9832341 -0.00348109 0.9845277 -0.004605948 0.9859901 -0.004605948 0.9859901 -0.00348109 0.9845277 -0.002974867 0.98734 -0.00348109 0.9845277 -0.001681268 0.9860463 -0.002974867 0.98734 -0.002974867 0.98734 -0.001681268 0.9860463 -0.001568734 0.9889148 -0.001681268 0.9860463 -1.06432e-4 0.9877337 -0.001568734 0.9889148 -0.001568734 0.9889148 -1.06432e-4 0.9877337 -3.31409e-4 0.9906584 -1.06432e-4 0.9877337 0.001243412 0.989646 -3.31409e-4 0.9906584 -3.31409e-4 0.9906584 0.001243412 0.989646 7.37235e-4 0.9924582 0.001243412 0.989646 0.00236833 0.9916708 7.37235e-4 0.9924582 7.37235e-4 0.9924582 0.00236833 0.9916708 0.001524627 0.9944267 0.00236833 0.9916708 0.003268241 0.9938643 0.001524627 0.9944267 0.001524627 0.9944267 0.003268241 0.9938643 0.002030849 0.9965078 0.003268241 0.9938643 0.003830671 0.9961141 0.002030849 0.9965078 0.002030849 0.9965078 0.003830671 0.9961141 0.00236833 0.9985889 0.003830671 0.9961141 0.004168152 0.9984201 0.00236833 0.9985889 0.00236833 0.9985889 0.004168152 0.9984201 0.00236833 1.000726 0.00219959 1.002807 0.00236833 1.000726 0.004224359 1.000782 0.00236833 1.000726 0.004168152 0.9984201 0.004224359 1.000782 0.004224359 1.000782 0.004168152 0.9984201 0.004280626 0.9984201 0.004280626 0.9984201 0.004168152 0.9984201 0.003943145 0.9961141 0.004168152 0.9984201 0.003830671 0.9961141 0.003943145 0.9961141 0.003830671 0.9961141 0.003324449 0.9938643 0.003943145 0.9961141 0.003943145 0.9961141 0.003324449 0.9938643 0.003436923 0.993808 0.003324449 0.9938643 0.002537012 0.9916145 0.003436923 0.993808 0.003436923 0.993808 0.002537012 0.9916145 0.002649545 0.9915583 0.002649545 0.9915583 0.002537012 0.9916145 0.00146836 0.9894772 0.002537012 0.9916145 0.001412153 0.9895335 0.00146836 0.9894772 0.00146836 0.9894772 0.001412153 0.9895335 1.18546e-4 0.9875649 0.001412153 0.9895335 6.05732e-6 0.9876212 1.18546e-4 0.9875649 6.05732e-6 0.9876212 -0.001512527 0.9858214 1.18546e-4 0.9875649 1.18546e-4 0.9875649 -0.001512527 0.9858214 0.005574226 0.9765973 -0.001512527 0.9858214 0.002255797 0.9740663 0.005574226 0.9765973 0.005574226 0.9765973 0.002255797 0.9740663 0.005630493 0.976541 0.002255797 0.9740663 0.002312064 0.9739537 0.005630493 0.976541 0.005630493 0.976541 0.002312064 0.9739537 0.005742967 0.9764285 0.005742967 0.9764285 0.002312064 0.9739537 0.00236833 0.9738413 0.002312064 0.9739537 -0.001287519 0.9718727 0.00236833 0.9738413 -0.001287519 0.9718727 -0.001231312 0.9717602 0.00236833 0.9738413 0.00236833 0.9738413 -0.001231312 0.9717602 0.002424538 0.9737851 -0.001231312 0.9717602 -0.001175045 0.9716477 0.002424538 0.9737851 -0.02924108 1.00247 0.002424538 0.9737851 -0.02924108 1.00067 0.002424538 0.9737851 -0.001175045 0.9716477 -0.02924108 1.00067 -0.02924108 1.00067 -0.001175045 0.9716477 -0.02924108 0.9988138 -0.001175045 0.9716477 -0.02924108 0.9955517 -0.02924108 0.9988138 -0.02924108 0.9988138 -0.02924108 0.9955517 -0.02569764 0.9962828 -0.02569764 0.9962828 -0.02924108 0.9955517 -0.02924108 0.994933 -0.02924108 0.9955517 -0.005112171 0.9700729 -0.02924108 0.994933 -0.02924108 0.9908271 -0.02924108 0.994933 -0.00916177 0.9690042 -0.02924108 0.994933 -0.005112171 0.9700729 -0.00916177 0.9690042 -0.005112171 0.9700729 -0.009218037 0.9691167 -0.00916177 0.9690042 -0.009218037 0.9691167 -0.01338011 0.9686105 -0.00916177 0.9690042 -0.00916177 0.9690042 -0.01338011 0.9686105 -0.01338011 0.968498 -0.01338011 0.968498 -0.01338011 0.9686105 -0.01759845 0.9686105 -0.01338011 0.9686105 -0.01754218 0.968723 -0.01759845 0.9686105 -0.01759845 0.9686105 -0.01754218 0.968723 -0.02170431 0.9693417 -0.01754218 0.968723 -0.02170431 0.9694542 -0.02170431 0.9693417 -0.02170431 0.9693417 -0.02170431 0.9694542 -0.02569764 0.9706353 -0.02170431 0.9694542 -0.01906079 0.9807593 -0.02569764 0.9706353 -0.01906079 0.9807593 -0.02136683 0.981378 -0.02569764 0.9706353 -0.02569764 0.9706353 -0.02136683 0.981378 -0.02952229 0.9722664 -0.02952229 0.9722664 -0.02136683 0.981378 -0.0235604 0.9822217 -0.02136683 0.981378 -0.02131056 0.9814343 -0.0235604 0.9822217 -0.0235604 0.9822217 -0.02131056 0.9814343 -0.02350413 0.9823342 -0.02131056 0.9814343 -0.02131056 0.9815468 -0.02350413 0.9823342 -0.02131056 0.9815468 -0.02344787 0.9824467 -0.02350413 0.9823342 -0.02350413 0.9823342 -0.02344787 0.9824467 -0.02558517 0.9834591 -0.02558517 0.9834591 -0.02344787 0.9824467 -0.0255289 0.9835715 -0.02344787 0.9824467 -0.02344787 0.9825029 -0.0255289 0.9835715 -0.02344787 0.9825029 -0.0254727 0.9836278 -0.0255289 0.9835715 -0.0255289 0.9835715 -0.0254727 0.9836278 -0.02744126 0.9849215 -0.02744126 0.9849215 -0.0254727 0.9836278 -0.02738499 0.9849777 -0.0254727 0.9836278 -0.02451652 0.9852027 -0.02738499 0.9849777 -0.02451652 0.9852027 -0.02620387 0.98644 -0.02738499 0.9849777 -0.02738499 0.9849777 -0.02620387 0.98644 -0.02907234 0.9866088 -0.02907234 0.9866088 -0.02620387 0.98644 -0.02777874 0.9878461 -0.03025346 0.991277 -0.02912861 0.9894772 -0.02907234 0.9895335 -0.02912861 0.9894772 -0.02777874 0.9878461 -0.02907234 0.9895335 -0.02907234 0.9895335 -0.02777874 0.9878461 -0.02772247 0.9879024 -0.02777874 0.9878461 -0.02620387 0.98644 -0.02772247 0.9879024 -0.02772247 0.9879024 -0.02620387 0.98644 -0.0261476 0.9864963 -0.02620387 0.98644 -0.02451652 0.9852027 -0.0261476 0.9864963 -0.0261476 0.9864963 -0.02451652 0.9852027 -0.02446031 0.9852589 -0.02451652 0.9852027 -0.02266043 0.9841902 -0.02446031 0.9852589 -0.02446031 0.9852589 -0.02266043 0.9841902 -0.02260422 0.9842465 -0.02266043 0.9841902 -0.02069193 0.9833466 -0.02260422 0.9842465 -0.02260422 0.9842465 -0.02069193 0.9833466 -0.02063566 0.9834591 -0.02069193 0.9833466 -0.01861083 0.9828404 -0.02063566 0.9834591 -0.02063566 0.9834591 -0.01861083 0.9828404 -0.01861083 0.9828966 -0.01861083 0.9828404 -0.01652979 0.9825029 -0.01861083 0.9828966 -0.01861083 0.9828966 -0.01652979 0.9825029 -0.01652979 0.9826154 -0.01652979 0.9825029 -0.01439249 0.9825029 -0.01652979 0.9826154 -0.01652979 0.9826154 -0.01439249 0.9825029 -0.01444876 0.9825592 -0.01439249 0.9825029 -0.01231145 0.9826716 -0.01444876 0.9825592 -0.01444876 0.9825592 -0.01231145 0.9826716 -0.01231145 0.9827842 -0.01231145 0.9826716 -0.01023042 0.9831779 -0.01231145 0.9827842 -0.01231145 0.9827842 -0.01023042 0.9831779 -0.01028668 0.9832341 -0.01023042 0.9831779 -0.008261859 0.9838528 -0.01028668 0.9832341 -0.01028668 0.9832341 -0.008261859 0.9838528 -0.008261859 0.9839653 -0.008261859 0.9838528 -0.006349563 0.9848089 -0.008261859 0.9839653 -0.008261859 0.9839653 -0.006349563 0.9848089 -0.00640577 0.9849215 -0.006349563 0.9848089 -0.004605948 0.9859901 -0.00640577 0.9849215 -0.00640577 0.9849215 -0.004605948 0.9859901 -0.004662215 0.9860463 -0.004605948 0.9859901 -0.002974867 0.98734 -0.004662215 0.9860463 -0.004662215 0.9860463 -0.002974867 0.98734 -0.003031134 0.9873962 -0.002974867 0.98734 -0.001568734 0.9889148 -0.003031134 0.9873962 -0.003031134 0.9873962 -0.001568734 0.9889148 -0.001625001 0.9889711 -0.001568734 0.9889148 -3.31409e-4 0.9906584 -0.001625001 0.9889711 -0.001625001 0.9889711 -3.31409e-4 0.9906584 -3.87654e-4 0.9906584 -3.31409e-4 0.9906584 7.37235e-4 0.9924582 -3.87654e-4 0.9906584 -3.87654e-4 0.9906584 7.37235e-4 0.9924582 6.24746e-4 0.9925144 7.37235e-4 0.9924582 0.001524627 0.9944267 6.24746e-4 0.9925144 6.24746e-4 0.9925144 0.001524627 0.9944267 0.001412153 0.994483 0.001524627 0.9944267 0.002030849 0.9965078 0.001412153 0.994483 0.001412153 0.994483 0.002030849 0.9965078 0.001974582 0.9965078 0.002030849 0.9965078 0.00236833 0.9985889 0.001974582 0.9965078 0.001974582 0.9965078 0.00236833 0.9985889 0.002255797 0.9985889 0.00236833 0.9985889 0.00236833 1.000726 0.002255797 0.9985889 0.002255797 0.9985889 0.00236833 1.000726 0.002312064 1.000726 0.00236833 1.000726 0.00219959 1.002807 0.002312064 1.000726 0.002312064 1.000726 0.00219959 1.002807 0.002087056 1.002807 0.00219959 1.002807 0.001693367 1.004888 0.002087056 1.002807 0.002087056 1.002807 0.001693367 1.004888 0.001637101 1.004832 9.05968e-4 1.006857 0.001637101 1.004832 0.001018404 1.006857 0.001637101 1.004832 0.001693367 1.004888 0.001018404 1.006857 0.001018404 1.006857 0.001693367 1.004888 0.003493189 1.005394 0.003493189 1.005394 0.001693367 1.004888 0.003999412 1.003088 0.001693367 1.004888 0.00219959 1.002807 0.003999412 1.003088 0.00219959 1.002807 0.004224359 1.000782 0.003999412 1.003088 0.003999412 1.003088 0.004224359 1.000782 0.004336833 1.000782 0.004224359 1.000782 0.004280626 0.9984201 0.004336833 1.000782 0.004336833 1.000782 0.004280626 0.9984201 0.0043931 0.9984201 0.0043931 0.9984201 0.004280626 0.9984201 0.004055619 0.9961141 0.004280626 0.9984201 0.003943145 0.9961141 0.004055619 0.9961141 0.003943145 0.9961141 0.003436923 0.993808 0.004055619 0.9961141 0.004055619 0.9961141 0.003436923 0.993808 0.003549456 0.9937518 0.003436923 0.993808 0.002649545 0.9915583 0.003549456 0.9937518 0.003549456 0.9937518 0.002649545 0.9915583 0.01305478 0.9865525 0.01305478 0.9865525 0.002649545 0.9915583 0.01102995 0.9828966 0.002649545 0.9915583 0.00146836 0.9894772 0.01102995 0.9828966 0.01102995 0.9828966 0.00146836 0.9894772 0.008498966 0.9795782 0.00146836 0.9894772 1.18546e-4 0.9875649 0.008498966 0.9795782 1.18546e-4 0.9875649 0.005574226 0.9765973 0.008498966 0.9795782 0.008498966 0.9795782 0.005574226 0.9765973 0.00861144 0.9795219 0.005574226 0.9765973 0.005630493 0.976541 0.00861144 0.9795219 0.00861144 0.9795219 0.005630493 0.976541 0.008667707 0.9794095 0.005630493 0.976541 0.005742967 0.9764285 0.008667707 0.9794095 0.008667707 0.9794095 0.005742967 0.9764285 0.008780181 0.9793532 0.008780181 0.9793532 0.005742967 0.9764285 0.005799233 0.9763723 0.005742967 0.9764285 0.00236833 0.9738413 0.005799233 0.9763723 0.00236833 0.9738413 0.002424538 0.9737851 0.005799233 0.9763723 -0.02924108 1.005844 0.005799233 0.9763723 -0.02924108 1.005338 0.005799233 0.9763723 0.002424538 0.9737851 -0.02924108 1.005338 0.002424538 0.9737851 -0.02924108 1.00247 -0.02924108 1.005338 -0.02924108 1.005338 -0.02924108 1.00247 -0.02569764 1.001795 -0.02924108 1.00247 -0.02924108 1.00067 -0.02569764 1.001795 -0.02924108 1.00067 -0.02924108 0.9988138 -0.02569764 1.001795 -0.02924108 0.9988138 -0.02569764 0.9962828 -0.02569764 1.001795 -0.003706037 0.9681043 -0.001231312 0.9571929 0.001805841 0.9706353 0.001805841 0.9706353 -0.001231312 0.9571929 0.005293011 0.9598926 -0.02569764 0.9987576 -0.02558517 1.000276 -0.02569764 1.005282 -0.02558517 1.000276 -0.02558517 1.003201 -0.02569764 1.005282 -0.02558517 1.003201 -0.02558517 1.005282 -0.02569764 1.005282 -0.02569764 1.005282 -0.02558517 1.005282 -0.02558517 1.006013 0.005293011 0.9599488 0.006080448 0.9601739 0.006024181 0.9602863 0.006080448 0.9601739 0.008780181 0.9617487 0.006024181 0.9602863 0.006024181 0.9602863 0.008780181 0.9617487 0.008723914 0.9618611 0.008780181 0.9617487 0.01136744 0.9634923 0.008723914 0.9618611 0.008723914 0.9618611 0.01136744 0.9634923 0.01131117 0.9636048 0.01136744 0.9634923 0.01389843 0.9654608 0.01131117 0.9636048 0.01131117 0.9636048 0.01389843 0.9654608 0.01378595 0.9655171 0.01378595 0.9655171 0.01389843 0.9654608 0.01620447 0.9675419 0.01620447 0.9675419 0.01389843 0.9654608 0.02115398 0.9567429 0.01389843 0.9654608 0.01479834 0.9521309 0.02115398 0.9567429 0.01479834 0.9521309 0.03414642 0.9321641 0.02115398 0.9567429 0.03414642 0.9321641 0.03932094 0.9362137 0.02115398 0.9567429 0.02115398 0.9567429 0.03932094 0.9362137 0.04415798 0.9407132 0.03932094 0.9362137 0.04556411 0.9393071 0.04415798 0.9407132 0.04415798 0.9407132 0.04556411 0.9393071 0.05011987 0.9442567 0.04556411 0.9393071 0.05152601 0.9430755 0.05011987 0.9442567 0.05152601 0.9430755 0.05580061 0.948475 0.05011987 0.9442567 0.05011987 0.9442567 0.05580061 0.948475 0.054282 0.9495436 0.05580061 0.948475 0.0596252 0.9542119 0.054282 0.9495436 0.054282 0.9495436 0.0596252 0.9542119 0.05805039 0.9551681 0.0596252 0.9542119 0.0629999 0.9601739 0.05805039 0.9551681 0.05805039 0.9551681 0.0629999 0.9601739 0.06131255 0.9610175 0.06131255 0.9610175 0.0629999 0.9601739 0.06586837 0.966417 0.0629999 0.9601739 0.06749945 0.9657983 0.06586837 0.966417 0.06749945 0.9657983 0.06991797 0.9723789 0.06586837 0.966417 0.06586837 0.966417 0.06991797 0.9723789 0.06828689 0.9728851 0.06991797 0.9723789 0.07183033 0.9791283 0.06828689 0.9728851 0.06828689 0.9728851 0.07183033 0.9791283 0.07014298 0.9795219 0.07183033 0.9791283 0.07318019 0.9859901 0.07014298 0.9795219 0.07014298 0.9795219 0.07318019 0.9859901 0.07149285 0.9862713 0.07318019 0.9859901 0.07402384 0.9929644 0.07149285 0.9862713 0.07149285 0.9862713 0.07402384 0.9929644 0.07228028 0.9931331 0.07402384 0.9929644 0.07430505 0.999995 0.07228028 0.9931331 0.07228028 0.9931331 0.07430505 0.999995 0.0725615 0.999995 0.07430505 0.999995 0.07402384 1.007025 0.0725615 0.999995 0.0725615 0.999995 0.07402384 1.007025 0.07228028 1.006857 0.07228028 1.006857 0.07402384 1.007025 0.07318019 1.014 0.07402384 1.007025 0.0746988 1.014225 0.07318019 1.014 0.0746988 1.014225 0.07464253 1.01445 0.07318019 1.014 0.07318019 1.014 0.07464253 1.01445 0.07183033 1.020862 0.07464253 1.01445 0.07329267 1.021199 0.07183033 1.020862 0.07183033 1.020862 0.07329267 1.021199 0.0725615 1.023899 0.07329267 1.021199 0.08251678 1.021987 0.0725615 1.023899 0.08251678 1.021987 0.08133566 1.026317 0.0725615 1.023899 0.0725615 1.023899 0.08133566 1.026317 0.07138037 1.028117 0.08133566 1.026317 0.08060443 1.029186 0.07138037 1.028117 0.08060443 1.029186 0.07818591 1.03616 0.07138037 1.028117 0.07138037 1.028117 0.07818591 1.03616 0.06952428 1.033067 0.07818591 1.03616 0.07807344 1.036441 0.06952428 1.033067 0.06952428 1.033067 0.07807344 1.036441 0.06890559 1.03481 0.06890559 1.03481 0.07807344 1.036441 0.07526123 1.042966 0.07526123 1.042966 0.07807344 1.036441 -0.005393385 1.043472 0.07807344 1.036441 -0.005393385 1.03661 -0.005393385 1.043472 -0.005393385 1.03661 -0.003706037 1.043866 -0.005393385 1.043472 -0.003706037 1.043866 -0.003706037 1.050559 -0.005393385 1.043472 -0.005393385 1.043472 -0.003706037 1.050559 -0.005393385 1.050109 -0.003706037 1.050559 -0.003706037 1.056971 -0.005393385 1.050109 -0.005393385 1.050109 -0.003706037 1.056971 -0.005393385 1.056464 -0.003706037 1.056971 -0.003706037 1.063101 -0.005393385 1.056464 -0.005393385 1.056464 -0.003706037 1.063101 -0.005393385 1.062539 -0.005393385 1.062539 -0.003706037 1.063101 -0.003706037 1.068894 -0.003706037 1.063101 -0.001793742 1.069288 -0.003706037 1.068894 -0.001793742 1.069288 -0.001793742 0.9444816 -0.003706037 1.068894 -0.003706037 1.068894 -0.001793742 0.9444816 -0.003706037 0.9448753 -0.003706037 0.9448753 -0.001793742 0.9444816 -0.001793742 0.9501623 -0.001793742 0.9444816 1.18546e-4 0.9462252 -0.001793742 0.9501623 1.18546e-4 0.9462252 1.18546e-4 0.9500498 -0.001793742 0.9501623 -0.001793742 0.9501623 1.18546e-4 0.9500498 -0.001793742 0.9562367 1.18546e-4 0.9500498 1.18546e-4 0.9546056 -0.001793742 0.9562367 1.18546e-4 0.9546056 1.18546e-4 0.9561243 -0.001793742 0.9562367 -0.001793742 0.9562367 1.18546e-4 0.9561243 1.18546e-4 0.9625361 1.18546e-4 0.9625361 1.18546e-4 0.9561243 0.01282978 0.9592739 1.18546e-4 0.9561243 0.01282978 0.9546056 0.01282978 0.9592739 0.01282978 0.9546056 0.01479834 0.9531432 0.01282978 0.9592739 0.01479834 0.9531432 0.01479834 0.9593864 0.01282978 0.9592739 0.01282978 0.9592739 0.01479834 0.9593864 0.01282978 0.963661 0.01479834 0.9593864 0.01479834 0.9659108 0.01282978 0.963661 0.01282978 0.963661 0.01479834 0.9659108 0.01282978 0.9658545 0.01479834 0.9659108 0.01479834 0.9727163 0.01282978 0.9658545 0.01282978 0.9658545 0.01479834 0.9727163 0.01282978 0.9726601 0.01282978 0.9726601 0.01479834 0.9727163 0.01282978 0.9732226 0.01479834 0.9727163 0.01479834 0.9797469 0.01282978 0.9732226 0.01282978 0.9732226 0.01479834 0.9797469 0.01282978 0.9796907 0.01282978 0.9796907 0.01479834 0.9797469 0.01282978 0.9832903 0.01282978 0.9832903 0.01479834 0.9797469 0.01282978 0.9869462 0.01282978 0.9869462 0.01479834 0.9797469 0.01479834 0.9870025 0.01479834 0.9797469 0.01671063 0.9871712 0.01479834 0.9870025 0.01671063 0.9871712 0.01671063 0.994483 0.01479834 0.9870025 0.01479834 0.9870025 0.01671063 0.994483 0.01479834 0.9943705 0.01671063 0.994483 0.01671063 1.001907 0.01479834 0.9943705 0.01479834 0.9943705 0.01671063 1.001907 0.01479834 1.001851 0.01671063 1.001907 0.01671063 1.009444 0.01479834 1.001851 0.01479834 1.001851 0.01671063 1.009444 0.01479834 1.009444 0.01671063 1.009444 0.01671063 1.017037 0.01479834 1.009444 0.01479834 1.009444 0.01671063 1.017037 0.01479834 1.017037 0.01671063 1.017037 0.01671063 1.024574 0.01479834 1.017037 0.01479834 1.017037 0.01671063 1.024574 0.01479834 1.02463 0.01671063 1.024574 0.01671063 1.032054 0.01479834 1.02463 0.01479834 1.02463 0.01671063 1.032054 0.01479834 1.032167 0.01671063 1.032054 0.01671063 1.039422 0.01479834 1.032167 0.01479834 1.032167 0.01671063 1.039422 0.01479834 1.039591 0.01671063 1.039422 0.01671063 1.046734 0.01479834 1.039591 0.01479834 1.039591 0.01671063 1.046734 0.01479834 1.046903 0.01671063 1.046734 0.01671063 1.053821 0.01479834 1.046903 0.01479834 1.046903 0.01671063 1.053821 0.01479834 1.054046 0.01671063 1.053821 0.01671063 1.060683 0.01479834 1.054046 0.01479834 1.054046 0.01671063 1.060683 0.01479834 1.060964 0.01671063 1.060683 0.01671063 1.06732 0.01479834 1.060964 0.01479834 1.060964 0.01671063 1.06732 0.01479834 1.067601 0.01671063 1.06732 0.01671063 1.073675 0.01479834 1.067601 0.01479834 1.067601 0.01671063 1.073675 0.01479834 1.074013 0.01671063 1.073675 0.01671063 1.079693 0.01479834 1.074013 0.01479834 1.074013 0.01671063 1.079693 0.01479834 1.080087 0.01671063 1.079693 0.01671063 1.085374 0.01479834 1.080087 0.01479834 1.080087 0.01671063 1.085374 0.01479834 1.085768 0.01671063 1.085374 -0.01669853 1.068894 0.01479834 1.085768 0.01479834 1.085768 -0.01669853 1.068894 -0.01478624 1.069288 -0.01669853 1.068894 -0.01669853 1.063101 -0.01478624 1.069288 -0.01478624 1.069288 -0.01669853 1.063101 -0.01478624 1.063439 -0.01669853 1.063101 -0.01669853 1.056971 -0.01478624 1.063439 -0.01478624 1.063439 -0.01669853 1.056971 -0.01478624 1.057308 -0.01669853 1.056971 -0.01669853 1.050559 -0.01478624 1.057308 -0.01669853 1.050559 -0.01478624 1.05084 -0.01478624 1.057308 -0.01478624 1.057308 -0.01478624 1.05084 -0.01287388 1.051515 -0.01478624 1.05084 -0.01287388 1.050953 -0.01287388 1.051515 -0.01287388 1.051515 -0.01287388 1.050953 -1.62676e-4 1.051459 -1.62676e-4 1.051459 -0.01287388 1.050953 -1.62676e-4 1.047634 -0.01287388 1.050953 -0.01287388 1.044203 -1.62676e-4 1.047634 -1.62676e-4 1.047634 -0.01287388 1.044203 -1.62676e-4 1.041897 -0.01287388 1.044203 -0.01287388 1.041897 -1.62676e-4 1.041897 -1.62676e-4 1.041897 -0.01287388 1.041897 -1.62676e-4 1.040716 -0.01287388 1.041897 -0.01287388 1.037229 -1.62676e-4 1.040716 -1.62676e-4 1.040716 -0.01287388 1.037229 -1.62676e-4 1.033629 -0.01287388 1.037229 -0.01287388 1.031829 -1.62676e-4 1.033629 -1.62676e-4 1.033629 -0.01287388 1.031829 -1.62676e-4 1.031829 -0.01287388 1.031829 -0.01287388 1.03003 -1.62676e-4 1.031829 -0.01287388 1.03003 -1.62676e-4 1.026374 -1.62676e-4 1.031829 -1.62676e-4 1.031829 -1.62676e-4 1.026374 0.001805841 1.026317 0.001805841 1.026317 -1.62676e-4 1.026374 0.001805841 1.018893 -1.62676e-4 1.026374 -1.62676e-4 1.021424 0.001805841 1.018893 -1.62676e-4 1.021424 -1.62676e-4 1.018949 0.001805841 1.018893 -1.62676e-4 1.018949 -1.62676e-4 1.011413 0.001805841 1.018893 -1.62676e-4 1.011413 0.001805841 1.011356 0.001805841 1.018893 0.001805841 1.018893 0.001805841 1.011356 0.00366193 1.018781 0.00366193 1.018781 0.001805841 1.011356 0.00366193 1.0113 0.001805841 1.011356 0.001805841 1.00382 0.00366193 1.0113 0.001805841 1.00382 0.00366193 1.003763 0.00366193 1.0113 0.00366193 1.0113 0.00366193 1.003763 0.005405485 1.011188 0.005405485 1.011188 0.00366193 1.003763 0.005405485 1.003763 0.00366193 1.003763 0.00366193 0.9962266 0.005405485 1.003763 0.005405485 1.003763 0.00366193 0.9962266 0.005405485 0.9962828 0.00366193 0.9962266 0.00366193 0.9886898 0.005405485 0.9962828 0.005405485 0.9962828 0.00366193 0.9886898 0.005405485 0.9888023 0.00366193 0.9886898 0.00366193 0.9812093 0.005405485 0.9888023 0.00366193 0.9812093 0.005405485 0.981378 0.005405485 0.9888023 0.005405485 0.9888023 0.005405485 0.981378 -0.114564 0.9889148 -0.114564 0.9889148 0.005405485 0.981378 -0.1134954 0.981603 -0.1134954 0.981603 0.005405485 0.981378 -0.1128767 0.978847 -0.1128767 0.978847 0.005405485 0.981378 -0.1118643 0.9744037 0.005405485 0.981378 0.005405485 0.9740663 -0.1118643 0.9744037 -0.1118643 0.9744037 0.005405485 0.9740663 -0.1101207 0.9685543 0.005405485 0.9740663 0.005405485 0.9669232 -0.1101207 0.9685543 -0.1101207 0.9685543 0.005405485 0.9669232 -0.109727 0.9673169 0.005405485 0.9669232 0.005405485 0.9599488 -0.109727 0.9673169 -0.109727 0.9673169 0.005405485 0.9599488 -0.1070272 0.9603988 -0.1070272 0.9603988 0.005405485 0.9599488 -0.1061836 0.9586552 -0.1061836 0.9586552 0.005405485 0.9599488 -0.1038776 0.9537619 0.005405485 0.9599488 0.005405485 0.9531995 -0.1038776 0.9537619 -0.1038776 0.9537619 0.005405485 0.9531995 -0.1012903 0.9492061 0.005405485 0.9531995 0.005405485 0.9466752 -0.1012903 0.9492061 -0.1012903 0.9492061 0.005405485 0.9466752 -0.1002216 0.9472938 0.005405485 0.9466752 0.005405485 0.940432 -0.1002216 0.9472938 -0.1002216 0.9472938 0.005405485 0.940432 -0.09605956 0.9411632 -0.09605956 0.9411632 0.005405485 0.940432 -0.09544086 0.9403195 0.005405485 0.940432 0.005405485 0.9345826 -0.09544086 0.9403195 0.005405485 0.9345826 -0.09150379 0.93537 -0.09544086 0.9403195 -0.09544086 0.9403195 -0.09150379 0.93537 -0.08424824 0.9409382 -0.08424824 0.9409382 -0.09150379 0.93537 -0.08188593 0.938351 -0.09150379 0.93537 -0.08857905 0.9321641 -0.08188593 0.938351 -0.08188593 0.938351 -0.08857905 0.9321641 -0.0794112 0.9357075 -0.08857905 0.9321641 -0.08655422 0.9299143 -0.0794112 0.9357075 -0.08655422 0.9299143 -0.08115476 0.924796 -0.0794112 0.9357075 -0.0794112 0.9357075 -0.08115476 0.924796 -0.07496786 0.9316017 -0.08115476 0.924796 -0.08104228 0.9246835 -0.07496786 0.9316017 -0.08104228 0.9246835 -0.07418048 0.9308704 -0.07496786 0.9316017 -0.07496786 0.9316017 -0.07418048 0.9308704 -0.07316803 0.9319953 -0.07418048 0.9308704 -0.06855601 0.9264271 -0.07316803 0.9319953 -0.06855601 0.9264271 -0.06765609 0.9276645 -0.07316803 0.9319953 -0.07316803 0.9319953 -0.06765609 0.9276645 -0.07204318 0.9333452 -0.07204318 0.9333452 -0.06765609 0.9276645 -0.06664371 0.9290706 -0.06765609 0.9276645 -0.06186288 0.9237836 -0.06664371 0.9290706 -0.06186288 0.9237836 -0.06096297 0.925246 -0.06664371 0.9290706 -0.06664371 0.9290706 -0.06096297 0.925246 -0.06557506 0.9305892 -0.06557506 0.9305892 -0.06096297 0.925246 -0.05995059 0.9268208 -0.06096297 0.925246 -0.05494481 0.9218713 -0.05995059 0.9268208 -0.05494481 0.9218713 -0.05410116 0.9235587 -0.05995059 0.9268208 -0.05995059 0.9268208 -0.05410116 0.9235587 -0.0589382 0.9285082 -0.0589382 0.9285082 -0.05410116 0.9235587 -0.05320125 0.9253022 -0.05410116 0.9235587 -0.04797047 0.9207465 -0.05320125 0.9253022 -0.05320125 0.9253022 -0.04797047 0.9207465 -0.0472393 0.9225463 -0.04797047 0.9207465 -0.04161489 0.9183841 -0.0472393 0.9225463 -0.04161489 0.9183841 -0.0410524 0.9202402 -0.0472393 0.9225463 -0.0472393 0.9225463 -0.0410524 0.9202402 -0.03070342 0.945719 -0.0410524 0.9202402 -0.03469681 0.9184404 -0.03070342 0.945719 -0.03469681 0.9184404 -0.02299791 0.9440879 -0.03070342 0.945719 -0.02755373 0.9566304 -0.03070342 0.945719 -0.02451652 0.9558992 -0.03070342 0.945719 -0.02299791 0.9440879 -0.02451652 0.9558992 -0.02299791 0.9440879 -0.0214231 0.9553368 -0.02451652 0.9558992 -0.02446031 0.9559555 -0.02451652 0.9558992 -0.02215427 0.9555618 -0.02451652 0.9558992 -0.0214231 0.9553368 -0.02215427 0.9555618 -0.02215427 0.9555618 -0.0214231 0.9553368 -0.02136683 0.9554493 -0.0214231 0.9553368 -0.01827341 0.9549993 -0.02136683 0.9554493 -0.01827341 0.9549993 -0.01827341 0.9551119 -0.02136683 0.9554493 -0.02558517 0.978622 -0.02558517 0.9817155 -0.02569764 0.9848652 -0.02558517 0.9817155 -0.02558517 0.9848652 -0.02569764 0.9848652 -0.02558517 0.9848652 -0.02558517 0.9880149 -0.02569764 0.9848652 -0.02558517 0.9880149 -0.02558517 0.9911646 -0.02569764 0.9848652 -0.02558517 0.9911646 -0.02569764 0.9918957 -0.02569764 0.9848652 -0.01512372 0.9549993 -0.008093118 0.9555618 -0.009555459 0.9665857 -0.008093118 0.9555618 -0.003706037 0.9681043 -0.009555459 0.9665857 -0.02569764 0.9962828 -0.02924108 0.994933 -0.02569764 0.9904334 -0.02924108 0.994933 -0.02924108 0.9908271 -0.02569764 0.9904334 -0.02569764 0.9904334 -0.02924108 0.9908271 -0.02924108 0.9900397 -0.02924108 0.9908271 -0.00916177 0.9690042 -0.02924108 0.9900397 -0.00916177 0.9690042 -0.01338011 0.968498 -0.02924108 0.9900397 -0.02924108 0.9900397 -0.01338011 0.968498 -0.02924108 0.986665 -0.02924108 0.986665 -0.01338011 0.968498 -0.02924108 0.9844152 -0.02924108 0.9844152 -0.01338011 0.968498 -0.01759845 0.9685543 -0.01338011 0.968498 -0.01759845 0.9686105 -0.01759845 0.9685543 -0.01759845 0.9685543 -0.01759845 0.9686105 -0.02176052 0.9692292 -0.01759845 0.9686105 -0.02170431 0.9693417 -0.02176052 0.9692292 -0.02176052 0.9692292 -0.02170431 0.9693417 -0.02575391 0.9705228 -0.02170431 0.9693417 -0.02569764 0.9706353 -0.02575391 0.9705228 -0.02569764 0.9706353 -0.02952229 0.9722664 -0.02575391 0.9705228 -0.02575391 0.9705228 -0.02952229 0.9722664 -0.02957856 0.9721539 -0.02957856 0.9721539 -0.02952229 0.9722664 -0.03306567 0.97446 -0.02952229 0.9722664 -0.0235604 0.9822217 -0.03306567 0.97446 -0.03306567 0.97446 -0.0235604 0.9822217 -0.02564144 0.9834029 -0.0235604 0.9822217 -0.02350413 0.9823342 -0.02564144 0.9834029 -0.02350413 0.9823342 -0.02558517 0.9834591 -0.02564144 0.9834029 -0.02564144 0.9834029 -0.02558517 0.9834591 -0.02755373 0.9847527 -0.02755373 0.9847527 -0.02558517 0.9834591 -0.02749747 0.9848652 -0.02558517 0.9834591 -0.0255289 0.9835715 -0.02749747 0.9848652 -0.0255289 0.9835715 -0.02744126 0.9849215 -0.02749747 0.9848652 -0.02749747 0.9848652 -0.02744126 0.9849215 -0.02924108 0.98644 -0.02924108 0.98644 -0.02744126 0.9849215 -0.02918481 0.9864963 -0.02744126 0.9849215 -0.02738499 0.9849777 -0.02918481 0.9864963 -0.02738499 0.9849777 -0.02907234 0.9866088 -0.02918481 0.9864963 -0.02918481 0.9864963 -0.02907234 0.9866088 -0.03070342 0.9882961 -0.03070342 0.9882961 -0.02907234 0.9866088 -0.03059095 0.9883524 -0.02907234 0.9866088 -0.02777874 0.9878461 -0.03059095 0.9883524 -0.02777874 0.9878461 -0.02912861 0.9894772 -0.03059095 0.9883524 -0.03059095 0.9883524 -0.02912861 0.9894772 -0.03188455 0.9903209 -0.03188455 0.9903209 -0.02912861 0.9894772 -0.03030973 0.9912208 -0.02912861 0.9894772 -0.03025346 0.991277 -0.03030973 0.9912208 -0.03030973 0.9912208 -0.03025346 0.991277 -0.03115338 0.9931894 -0.03177207 0.995158 -0.03115338 0.9931894 -0.03109711 0.9931894 -0.03115338 0.9931894 -0.03025346 0.991277 -0.03109711 0.9931894 -0.03109711 0.9931894 -0.03025346 0.991277 -0.03014099 0.9913333 -0.03025346 0.991277 -0.02907234 0.9895335 -0.03014099 0.9913333 -0.03014099 0.9913333 -0.02907234 0.9895335 -0.02901607 0.9895897 -0.02907234 0.9895335 -0.02772247 0.9879024 -0.02901607 0.9895897 -0.02901607 0.9895897 -0.02772247 0.9879024 -0.02761 0.9879586 -0.02772247 0.9879024 -0.0261476 0.9864963 -0.02761 0.9879586 -0.02761 0.9879586 -0.0261476 0.9864963 -0.02609139 0.9865525 -0.0261476 0.9864963 -0.02446031 0.9852589 -0.02609139 0.9865525 -0.02609139 0.9865525 -0.02446031 0.9852589 -0.02440404 0.9853152 -0.02446031 0.9852589 -0.02260422 0.9842465 -0.02440404 0.9853152 -0.02440404 0.9853152 -0.02260422 0.9842465 -0.02254796 0.984359 -0.02260422 0.9842465 -0.02063566 0.9834591 -0.02254796 0.984359 -0.02254796 0.984359 -0.02063566 0.9834591 -0.02063566 0.9835715 -0.02063566 0.9834591 -0.01861083 0.9828966 -0.02063566 0.9835715 -0.02063566 0.9835715 -0.01861083 0.9828966 -0.01861083 0.9830091 -0.01861083 0.9828966 -0.01652979 0.9826154 -0.01861083 0.9830091 -0.01861083 0.9830091 -0.01652979 0.9826154 -0.01652979 0.9827279 -0.01652979 0.9826154 -0.01444876 0.9825592 -0.01652979 0.9827279 -0.01652979 0.9827279 -0.01444876 0.9825592 -0.01444876 0.9826716 -0.01444876 0.9825592 -0.01231145 0.9827842 -0.01444876 0.9826716 -0.01444876 0.9826716 -0.01231145 0.9827842 -0.01236772 0.9828966 -0.01231145 0.9827842 -0.01028668 0.9832341 -0.01236772 0.9828966 -0.01236772 0.9828966 -0.01028668 0.9832341 -0.01028668 0.9833466 -0.01028668 0.9832341 -0.008261859 0.9839653 -0.01028668 0.9833466 -0.01028668 0.9833466 -0.008261859 0.9839653 -0.008318126 0.9840216 -0.008261859 0.9839653 -0.00640577 0.9849215 -0.008318126 0.9840216 -0.008318126 0.9840216 -0.00640577 0.9849215 -0.006462037 0.9849777 -0.00640577 0.9849215 -0.004662215 0.9860463 -0.006462037 0.9849777 -0.006462037 0.9849777 -0.004662215 0.9860463 -0.004718482 0.9861588 -0.004662215 0.9860463 -0.003031134 0.9873962 -0.004718482 0.9861588 -0.004718482 0.9861588 -0.003031134 0.9873962 -0.003087341 0.9875087 -0.003031134 0.9873962 -0.001625001 0.9889711 -0.003087341 0.9875087 -0.003087341 0.9875087 -0.001625001 0.9889711 -0.001681268 0.9890273 -0.001625001 0.9889711 -3.87654e-4 0.9906584 -0.001681268 0.9890273 -0.001681268 0.9890273 -3.87654e-4 0.9906584 -4.43898e-4 0.9907146 -3.87654e-4 0.9906584 6.24746e-4 0.9925144 -4.43898e-4 0.9907146 -4.43898e-4 0.9907146 6.24746e-4 0.9925144 5.68502e-4 0.9925707 6.24746e-4 0.9925144 0.001412153 0.994483 5.68502e-4 0.9925707 5.68502e-4 0.9925707 0.001412153 0.994483 0.001299679 0.994483 0.001412153 0.994483 0.001974582 0.9965078 0.001299679 0.994483 0.001299679 0.994483 0.001974582 0.9965078 0.001862108 0.9965078 0.001974582 0.9965078 0.002255797 0.9985889 0.001862108 0.9965078 0.001862108 0.9965078 0.002255797 0.9985889 0.002143323 0.9985889 0.002255797 0.9985889 0.002312064 1.000726 0.002143323 0.9985889 0.002143323 0.9985889 0.002312064 1.000726 0.00219959 1.000726 0.002312064 1.000726 0.002087056 1.002807 0.00219959 1.000726 0.00219959 1.000726 0.002087056 1.002807 0.001974582 1.002807 0.002087056 1.002807 0.001637101 1.004832 0.001974582 1.002807 0.001974582 1.002807 0.001637101 1.004832 0.001524627 1.004832 0.001637101 1.004832 9.05968e-4 1.006857 0.001524627 1.004832 0.001524627 1.004832 9.05968e-4 1.006857 8.49724e-4 1.006801 -1.06432e-4 1.008657 8.49724e-4 1.006801 6.05732e-6 1.008713 8.49724e-4 1.006801 9.05968e-4 1.006857 6.05732e-6 1.008713 6.05732e-6 1.008713 9.05968e-4 1.006857 6.23018e-5 1.008769 9.05968e-4 1.006857 0.001018404 1.006857 6.23018e-5 1.008769 6.23018e-5 1.008769 0.001018404 1.006857 0.002705752 1.007588 0.001018404 1.006857 0.003493189 1.005394 0.002705752 1.007588 0.002705752 1.007588 0.003493189 1.005394 0.003549456 1.005394 0.003549456 1.005394 0.003493189 1.005394 0.004055619 1.003145 0.003493189 1.005394 0.003999412 1.003088 0.004055619 1.003145 0.003999412 1.003088 0.004336833 1.000782 0.004055619 1.003145 0.004055619 1.003145 0.004336833 1.000782 0.0043931 1.000782 0.004336833 1.000782 0.0043931 0.9984201 0.0043931 1.000782 0.0043931 1.000782 0.0043931 0.9984201 0.004449367 0.9984201 0.004449367 0.9984201 0.0043931 0.9984201 0.004111886 0.9960579 0.0043931 0.9984201 0.004055619 0.9961141 0.004111886 0.9960579 0.004055619 0.9961141 0.003549456 0.9937518 0.004111886 0.9960579 0.004111886 0.9960579 0.003549456 0.9937518 0.01457333 0.9904334 0.003549456 0.9937518 0.01305478 0.9865525 0.01457333 0.9904334 0.01457333 0.9904334 0.01305478 0.9865525 0.01468586 0.9903771 0.01468586 0.9903771 0.01305478 0.9865525 0.01316726 0.9864963 0.01305478 0.9865525 0.01102995 0.9828966 0.01316726 0.9864963 0.01316726 0.9864963 0.01102995 0.9828966 0.01108622 0.9828404 0.01102995 0.9828966 0.008498966 0.9795782 0.01108622 0.9828404 0.008498966 0.9795782 0.00861144 0.9795219 0.01108622 0.9828404 0.01108622 0.9828404 0.00861144 0.9795219 0.01119869 0.9827842 0.00861144 0.9795219 0.008667707 0.9794095 0.01119869 0.9827842 0.01119869 0.9827842 0.008667707 0.9794095 0.01131117 0.9827279 0.008667707 0.9794095 0.008780181 0.9793532 0.01131117 0.9827279 0.01131117 0.9827279 0.008780181 0.9793532 -0.02924108 0.9799157 -0.02924108 0.9799157 0.008780181 0.9793532 -0.02924108 0.979297 0.008780181 0.9793532 0.005799233 0.9763723 -0.02924108 0.979297 0.005799233 0.9763723 -0.02924108 1.005844 -0.02924108 0.979297 -0.02924108 0.979297 -0.02924108 1.005844 -0.02569764 1.006801 -0.02924108 1.005844 -0.02924108 1.005338 -0.02569764 1.006801 -0.02924108 1.005338 -0.02569764 1.001795 -0.02569764 1.006801 0.001805841 0.9706353 0.005293011 0.9598926 0.006811618 0.9741225 0.006811618 0.9741225 0.005293011 0.9598926 0.01131117 0.9636048 -0.02569764 1.005282 -0.02558517 1.006013 -0.02569764 1.0113 -0.02558517 1.006013 -0.02558517 1.008713 -0.02569764 1.0113 -0.02558517 1.008713 -0.02558517 1.0113 -0.02569764 1.0113 -0.02558517 1.0113 -0.02558517 1.013775 -0.02569764 1.0113 -0.02569764 1.0113 -0.02558517 1.013775 -0.02558517 1.016137 0.01378595 0.9655171 0.01620447 0.9675419 0.0161482 0.9676544 0.0161482 0.9676544 0.01620447 0.9675419 0.01665443 0.9682168 0.01665443 0.9682168 0.01620447 0.9675419 0.01839798 0.9697917 0.01620447 0.9675419 0.02115398 0.9567429 0.01839798 0.9697917 0.02042281 0.9722102 0.01839798 0.9697917 0.02683466 0.9622549 0.01839798 0.9697917 0.02115398 0.9567429 0.02683466 0.9622549 0.02115398 0.9567429 0.04415798 0.9407132 0.02683466 0.9622549 0.02683466 0.9622549 0.04415798 0.9407132 0.04865753 0.9455503 0.04415798 0.9407132 0.05011987 0.9442567 0.04865753 0.9455503 0.05011987 0.9442567 0.054282 0.9495436 0.04865753 0.9455503 0.04865753 0.9455503 0.054282 0.9495436 0.05270713 0.9507247 0.054282 0.9495436 0.05805039 0.9551681 0.05270713 0.9507247 0.05270713 0.9507247 0.05805039 0.9551681 0.05636304 0.9561805 0.05805039 0.9551681 0.06131255 0.9610175 0.05636304 0.9561805 0.05636304 0.9561805 0.06131255 0.9610175 0.059569 0.9619174 0.059569 0.9619174 0.06131255 0.9610175 0.06418102 0.9671482 0.06131255 0.9610175 0.06586837 0.966417 0.06418102 0.9671482 0.06586837 0.966417 0.06828689 0.9728851 0.06418102 0.9671482 0.06418102 0.9671482 0.06828689 0.9728851 0.06648707 0.9735038 0.06828689 0.9728851 0.07014298 0.9795219 0.06648707 0.9735038 0.06648707 0.9735038 0.07014298 0.9795219 0.06828689 0.9799719 0.07014298 0.9795219 0.07149285 0.9862713 0.06828689 0.9799719 0.06828689 0.9799719 0.07149285 0.9862713 0.06963676 0.9865525 0.07149285 0.9862713 0.07228028 0.9931331 0.06963676 0.9865525 0.06963676 0.9865525 0.07228028 0.9931331 0.07042419 0.9932456 0.07228028 0.9931331 0.0725615 0.999995 0.07042419 0.9932456 0.07042419 0.9932456 0.0725615 0.999995 0.07070541 0.999995 0.0725615 0.999995 0.07228028 1.006857 0.07070541 0.999995 0.07070541 0.999995 0.07228028 1.006857 0.07042419 1.006744 0.07042419 1.006744 0.07228028 1.006857 0.07149285 1.013719 0.07228028 1.006857 0.07318019 1.014 0.07149285 1.013719 0.07318019 1.014 0.07183033 1.020862 0.07149285 1.013719 0.07149285 1.013719 0.07183033 1.020862 0.07014298 1.020468 0.07014298 1.020468 0.07183033 1.020862 0.06991797 1.027611 0.07183033 1.020862 0.0725615 1.023899 0.06991797 1.027611 0.0725615 1.023899 0.07138037 1.028117 0.06991797 1.027611 0.06991797 1.027611 0.07138037 1.028117 0.06749945 1.034192 0.07138037 1.028117 0.06952428 1.033067 0.06749945 1.034192 0.06952428 1.033067 0.06890559 1.03481 0.06749945 1.034192 0.06749945 1.034192 0.06890559 1.03481 0.06586837 1.041278 0.06890559 1.03481 0.07526123 1.042966 0.06586837 1.041278 0.06586837 1.041278 0.07526123 1.042966 0.07363015 1.046115 0.07526123 1.042966 -0.005393385 1.043472 0.07363015 1.046115 0.07363015 1.046115 -0.005393385 1.043472 0.07183033 1.04949 -0.005393385 1.043472 -0.005393385 1.050109 0.07183033 1.04949 0.07183033 1.04949 -0.005393385 1.050109 0.06823062 1.055283 -0.005393385 1.050109 -0.005393385 1.056464 0.06823062 1.055283 0.06823062 1.055283 -0.005393385 1.056464 0.06794941 1.05579 -0.005393385 1.056464 -0.005393385 1.062539 0.06794941 1.05579 0.06794941 1.05579 -0.005393385 1.062539 0.0636186 1.061751 0.0636186 1.061751 -0.005393385 1.062539 0.06187498 1.063832 0.06187498 1.063832 -0.005393385 1.062539 0.05883783 1.067432 0.05883783 1.067432 -0.005393385 1.062539 -0.005393385 1.068276 -0.005393385 1.062539 -0.003706037 1.068894 -0.005393385 1.068276 -0.003706037 1.068894 -0.003706037 0.9448753 -0.005393385 1.068276 -0.005393385 1.068276 -0.003706037 0.9448753 -0.005393385 0.945494 -0.005393385 0.945494 -0.003706037 0.9448753 -0.003706037 0.950556 -0.003706037 0.9448753 -0.001793742 0.9501623 -0.003706037 0.950556 -0.001793742 0.9501623 -0.001793742 0.9562367 -0.003706037 0.950556 -0.003706037 0.950556 -0.001793742 0.9562367 -0.003706037 0.9565742 -0.003706037 0.9565742 -0.001793742 0.9562367 -0.001793742 0.9626486 -0.001793742 0.9562367 1.18546e-4 0.9625361 -0.001793742 0.9626486 -0.001793742 0.9626486 1.18546e-4 0.9625361 1.18546e-4 0.963661 1.18546e-4 0.9625361 0.01282978 0.9592739 1.18546e-4 0.963661 0.01282978 0.9592739 0.01282978 0.963661 1.18546e-4 0.963661 0.01282978 0.963661 0.01282978 0.9658545 1.18546e-4 0.963661 1.18546e-4 0.963661 0.01282978 0.9658545 1.18546e-4 0.9692292 0.01282978 0.9658545 0.01282978 0.9726601 1.18546e-4 0.9692292 1.18546e-4 0.9692292 0.01282978 0.9726601 1.18546e-4 0.9732788 0.01282978 0.9726601 0.01282978 0.9732226 1.18546e-4 0.9732788 1.18546e-4 0.9732788 0.01282978 0.9732226 1.18546e-4 0.9761473 0.01282978 0.9732226 0.01282978 0.9796907 1.18546e-4 0.9761473 1.18546e-4 0.9761473 0.01282978 0.9796907 1.18546e-4 0.9832903 0.01282978 0.9796907 0.01282978 0.9832903 1.18546e-4 0.9832903 0.01282978 0.9832903 0.01282978 0.9869462 1.18546e-4 0.9832903 1.18546e-4 0.9832903 0.01282978 0.9869462 1.18546e-4 0.9906021 1.18546e-4 0.9906021 0.01282978 0.9869462 0.01282978 0.9936956 0.01282978 0.9869462 0.01479834 0.9870025 0.01282978 0.9936956 0.01479834 0.9870025 0.01479834 0.9943705 0.01282978 0.9936956 0.01282978 0.9936956 0.01479834 0.9943705 0.01282978 0.9943143 0.01479834 0.9943705 0.01479834 1.001851 0.01282978 0.9943143 0.01282978 0.9943143 0.01479834 1.001851 0.01282978 1.001851 0.01282978 1.001851 0.01479834 1.001851 0.01282978 1.004382 0.01282978 1.004382 0.01479834 1.001851 0.01282978 1.009444 0.01479834 1.001851 0.01479834 1.009444 0.01282978 1.009444 0.01282978 1.009444 0.01479834 1.009444 0.01282978 1.015125 0.01479834 1.009444 0.01479834 1.017037 0.01282978 1.015125 0.01282978 1.015125 0.01479834 1.017037 0.01282978 1.017037 0.01479834 1.017037 0.01479834 1.02463 0.01282978 1.017037 0.01282978 1.017037 0.01479834 1.02463 0.01282978 1.02463 0.01282978 1.02463 0.01479834 1.02463 0.01282978 1.025867 0.01282978 1.025867 0.01479834 1.02463 0.01282978 1.032167 0.01479834 1.02463 0.01479834 1.032167 0.01282978 1.032167 0.01282978 1.032167 0.01479834 1.032167 0.01282978 1.036498 0.01479834 1.032167 0.01479834 1.039591 0.01282978 1.036498 0.01282978 1.036498 0.01479834 1.039591 0.01282978 1.039647 0.01479834 1.039591 0.01479834 1.046903 0.01282978 1.039647 0.01282978 1.039647 0.01479834 1.046903 0.01282978 1.046959 0.01479834 1.046903 0.01479834 1.054046 0.01282978 1.046959 0.01282978 1.046959 0.01479834 1.054046 0.01282978 1.054102 0.01282978 1.054102 0.01479834 1.054046 0.01282978 1.056971 0.01282978 1.056971 0.01479834 1.054046 0.01282978 1.06102 0.01479834 1.054046 0.01479834 1.060964 0.01282978 1.06102 0.01282978 1.06102 0.01479834 1.060964 0.01282978 1.066588 0.01479834 1.060964 0.01479834 1.067601 0.01282978 1.066588 0.01282978 1.066588 0.01479834 1.067601 0.01282978 1.067713 0.01479834 1.067601 0.01479834 1.074013 0.01282978 1.067713 0.01282978 1.067713 0.01479834 1.074013 0.01282978 1.074125 0.01282978 1.074125 0.01479834 1.074013 0.01282978 1.075644 0.01282978 1.075644 0.01479834 1.074013 0.01282978 1.0802 0.01479834 1.074013 0.01479834 1.080087 0.01282978 1.0802 0.01282978 1.0802 0.01479834 1.080087 0.01282978 1.084024 0.01479834 1.080087 0.01479834 1.085768 0.01282978 1.084024 0.01282978 1.084024 0.01479834 1.085768 0.01282978 1.085937 0.01479834 1.085768 -0.01478624 1.069288 0.01282978 1.085937 0.01282978 1.085937 -0.01478624 1.069288 -0.01287388 1.069401 -0.01287388 1.069401 -0.01478624 1.069288 -0.01287388 1.068894 -0.01478624 1.069288 -0.01478624 1.063439 -0.01287388 1.068894 -0.01287388 1.068894 -0.01478624 1.063439 -0.01287388 1.063608 -0.01287388 1.063608 -0.01478624 1.063439 -0.01287388 1.060514 -0.01287388 1.060514 -0.01478624 1.063439 -0.01287388 1.057421 -0.01478624 1.063439 -0.01478624 1.057308 -0.01287388 1.057421 -0.01478624 1.057308 -0.01287388 1.051515 -0.01287388 1.057421 -0.01287388 1.057421 -0.01287388 1.051515 -1.62676e-4 1.054215 -0.01287388 1.051515 -1.62676e-4 1.051459 -1.62676e-4 1.054215 -1.62676e-4 1.054215 -1.62676e-4 1.051459 0.001805841 1.054102 0.001805841 1.054102 -1.62676e-4 1.051459 0.001805841 1.047522 -1.62676e-4 1.051459 -1.62676e-4 1.047634 0.001805841 1.047522 0.001805841 1.047522 -1.62676e-4 1.047634 0.001805841 1.04066 -1.62676e-4 1.047634 -1.62676e-4 1.041897 0.001805841 1.04066 -1.62676e-4 1.041897 -1.62676e-4 1.040716 0.001805841 1.04066 -1.62676e-4 1.040716 -1.62676e-4 1.033629 0.001805841 1.04066 0.001805841 1.04066 -1.62676e-4 1.033629 0.001805841 1.033573 -1.62676e-4 1.033629 -1.62676e-4 1.031829 0.001805841 1.033573 -1.62676e-4 1.031829 0.001805841 1.026317 0.001805841 1.033573 0.001805841 1.033573 0.001805841 1.026317 0.00366193 1.033404 0.00366193 1.033404 0.001805841 1.026317 0.00366193 1.026149 0.001805841 1.026317 0.001805841 1.018893 0.00366193 1.026149 0.001805841 1.018893 0.00366193 1.018781 0.00366193 1.026149 0.00366193 1.026149 0.00366193 1.018781 0.005405485 1.025924 0.005405485 1.025924 0.00366193 1.018781 0.005405485 1.018612 0.00366193 1.018781 0.00366193 1.0113 0.005405485 1.018612 0.00366193 1.0113 0.005405485 1.011188 0.005405485 1.018612 0.005405485 1.018612 0.005405485 1.011188 -0.1134954 1.018387 -0.1134954 1.018387 0.005405485 1.011188 -0.114564 1.011075 -0.114564 1.011075 0.005405485 1.011188 -0.1146203 1.010625 0.005405485 1.011188 0.005405485 1.003763 -0.1146203 1.010625 -0.1146203 1.010625 0.005405485 1.003763 -0.1151265 1.003707 -0.1151265 1.003707 0.005405485 1.003763 -0.1151265 0.999995 -0.1151265 0.999995 0.005405485 1.003763 -0.1151265 0.9962828 0.005405485 1.003763 0.005405485 0.9962828 -0.1151265 0.9962828 -0.1151265 0.9962828 0.005405485 0.9962828 -0.1146203 0.9893648 0.005405485 0.9962828 0.005405485 0.9888023 -0.1146203 0.9893648 0.005405485 0.9888023 -0.114564 0.9889148 -0.1146203 0.9893648 -0.1146203 0.9893648 -0.114564 0.9889148 -0.1054524 0.9903209 -0.1054524 0.9903209 -0.114564 0.9889148 -0.1049462 0.9857651 -0.114564 0.9889148 -0.1134954 0.981603 -0.1049462 0.9857651 -0.1049462 0.9857651 -0.1134954 0.981603 -0.1039338 0.9808156 -0.1134954 0.981603 -0.1128767 0.978847 -0.1039338 0.9808156 -0.1039338 0.9808156 -0.1128767 0.978847 -0.1035401 0.9787908 -0.1128767 0.978847 -0.1118643 0.9744037 -0.1035401 0.9787908 -0.1035401 0.9787908 -0.1118643 0.9744037 -0.1016278 0.971929 -0.1118643 0.9744037 -0.1101207 0.9685543 -0.1016278 0.971929 -0.1016278 0.971929 -0.1101207 0.9685543 -0.101459 0.9714227 -0.1101207 0.9685543 -0.109727 0.9673169 -0.101459 0.9714227 -0.101459 0.9714227 -0.109727 0.9673169 -0.09915304 0.9651796 -0.109727 0.9673169 -0.1070272 0.9603988 -0.09915304 0.9651796 -0.09915304 0.9651796 -0.1070272 0.9603988 -0.09785938 0.9624798 -0.1070272 0.9603988 -0.1061836 0.9586552 -0.09785938 0.9624798 -0.09785938 0.9624798 -0.1061836 0.9586552 -0.09611582 0.9587115 -0.1061836 0.9586552 -0.1038776 0.9537619 -0.09611582 0.9587115 -0.09611582 0.9587115 -0.1038776 0.9537619 -0.09341609 0.9538745 -0.1038776 0.9537619 -0.1012903 0.9492061 -0.09341609 0.9538745 -0.09341609 0.9538745 -0.1012903 0.9492061 -0.09262865 0.9524683 -0.1012903 0.9492061 -0.1002216 0.9472938 -0.09262865 0.9524683 -0.09262865 0.9524683 -0.1002216 0.9472938 -0.08869153 0.9465627 -0.1002216 0.9472938 -0.09605956 0.9411632 -0.08869153 0.9465627 -0.08869153 0.9465627 -0.09605956 0.9411632 -0.08807283 0.9457752 -0.09605956 0.9411632 -0.09544086 0.9403195 -0.08807283 0.9457752 -0.09544086 0.9403195 -0.08424824 0.9409382 -0.08807283 0.9457752 -0.08807283 0.9457752 -0.08424824 0.9409382 -0.08312332 0.9419506 -0.08424824 0.9409382 -0.08188593 0.938351 -0.08312332 0.9419506 -0.08312332 0.9419506 -0.08188593 0.938351 -0.07834255 0.9367761 -0.08188593 0.938351 -0.0794112 0.9357075 -0.07834255 0.9367761 -0.0794112 0.9357075 -0.07496786 0.9316017 -0.07834255 0.9367761 -0.07496786 0.9316017 -0.07316803 0.9319953 -0.07834255 0.9367761 -0.07834255 0.9367761 -0.07316803 0.9319953 -0.07710516 0.9380135 -0.07316803 0.9319953 -0.07204318 0.9333452 -0.07710516 0.9380135 -0.07710516 0.9380135 -0.07204318 0.9333452 -0.07581156 0.9393071 -0.07581156 0.9393071 -0.07204318 0.9333452 -0.07086205 0.9347513 -0.07204318 0.9333452 -0.06664371 0.9290706 -0.07086205 0.9347513 -0.06664371 0.9290706 -0.06557506 0.9305892 -0.07086205 0.9347513 -0.07086205 0.9347513 -0.06557506 0.9305892 -0.06956839 0.9362137 -0.06956839 0.9362137 -0.06557506 0.9305892 -0.06439393 0.9321641 -0.06557506 0.9305892 -0.05995059 0.9268208 -0.06439393 0.9321641 -0.05995059 0.9268208 -0.0589382 0.9285082 -0.06439393 0.9321641 -0.06439393 0.9321641 -0.0589382 0.9285082 -0.04504579 0.9521309 -0.0589382 0.9285082 -0.05320125 0.9253022 -0.04504579 0.9521309 -0.04504579 0.9521309 -0.05320125 0.9253022 -0.03807145 0.9484187 -0.05320125 0.9253022 -0.0472393 0.9225463 -0.03807145 0.9484187 -0.0472393 0.9225463 -0.03070342 0.945719 -0.03807145 0.9484187 -0.03345942 0.9587677 -0.03807145 0.9484187 -0.03053468 0.9575866 -0.03807145 0.9484187 -0.03070342 0.945719 -0.03053468 0.9575866 -0.03070342 0.945719 -0.02755373 0.9566304 -0.03053468 0.9575866 -0.03053468 0.9576991 -0.03053468 0.9575866 -0.02901607 0.9572491 -0.03053468 0.9575866 -0.02755373 0.9566304 -0.02901607 0.9572491 -0.02901607 0.9572491 -0.02755373 0.9566304 -0.02755373 0.9567429 -0.02755373 0.9566304 -0.02451652 0.9558992 -0.02755373 0.9567429 -0.02451652 0.9558992 -0.02446031 0.9559555 -0.02755373 0.9567429 -0.02558517 0.9724914 -0.02558517 0.9755286 -0.02569764 0.9778346 -0.02558517 0.9755286 -0.02558517 0.9778346 -0.02569764 0.9778346 -0.02558517 0.9778346 -0.02558517 0.978622 -0.02569764 0.9778346 -0.02558517 0.978622 -0.02569764 0.9848652 -0.02569764 0.9778346 -0.02215427 0.9555618 -0.01512372 0.9549993 -0.01562988 0.9661357 -0.01512372 0.9549993 -0.009555459 0.9665857 -0.01562988 0.9661357 -0.02569764 0.9904334 -0.02924108 0.9900397 -0.02569764 0.984359 -0.02924108 0.9900397 -0.02924108 0.986665 -0.02569764 0.984359 -0.02924108 0.986665 -0.02924108 0.9844152 -0.02569764 0.984359 -0.02569764 0.984359 -0.02924108 0.9844152 -0.02924108 0.9823904 -0.02924108 0.9844152 -0.01759845 0.9685543 -0.02924108 0.9823904 -0.02924108 0.9823904 -0.01759845 0.9685543 -0.02924108 0.9787908 -0.02924108 0.9787908 -0.01759845 0.9685543 -0.02176052 0.9691167 -0.01759845 0.9685543 -0.02176052 0.9692292 -0.02176052 0.9691167 -0.02176052 0.9691167 -0.02176052 0.9692292 -0.02575391 0.9704104 -0.02176052 0.9692292 -0.02575391 0.9705228 -0.02575391 0.9704104 -0.02575391 0.9705228 -0.02957856 0.9721539 -0.02575391 0.9704104 -0.02575391 0.9704104 -0.02957856 0.9721539 -0.02963477 0.9720977 -0.02963477 0.9720977 -0.02957856 0.9721539 -0.03317821 0.9743475 -0.02957856 0.9721539 -0.03306567 0.97446 -0.03317821 0.9743475 -0.03317821 0.9743475 -0.03306567 0.97446 -0.03632789 0.9771034 -0.03306567 0.97446 -0.02564144 0.9834029 -0.03632789 0.9771034 -0.02564144 0.9834029 -0.02755373 0.9847527 -0.03632789 0.9771034 -0.03632789 0.9771034 -0.02755373 0.9847527 -0.02929729 0.9863838 -0.02755373 0.9847527 -0.02749747 0.9848652 -0.02929729 0.9863838 -0.02749747 0.9848652 -0.02924108 0.98644 -0.02929729 0.9863838 -0.02929729 0.9863838 -0.02924108 0.98644 -0.03081589 0.9881836 -0.03081589 0.9881836 -0.02924108 0.98644 -0.03075969 0.9882399 -0.02924108 0.98644 -0.02918481 0.9864963 -0.03075969 0.9882399 -0.02918481 0.9864963 -0.03070342 0.9882961 -0.03075969 0.9882399 -0.03075969 0.9882399 -0.03070342 0.9882961 -0.03205329 0.9902084 -0.03205329 0.9902084 -0.03070342 0.9882961 -0.03199708 0.9902647 -0.03070342 0.9882961 -0.03059095 0.9883524 -0.03199708 0.9902647 -0.03059095 0.9883524 -0.03188455 0.9903209 -0.03199708 0.9902647 -0.03199708 0.9902647 -0.03188455 0.9903209 -0.03300946 0.9923457 -0.03300946 0.9923457 -0.03188455 0.9903209 -0.0329532 0.992402 -0.03188455 0.9903209 -0.03030973 0.9912208 -0.0329532 0.992402 -0.0329532 0.992402 -0.03030973 0.9912208 -0.03126585 0.9931331 -0.03030973 0.9912208 -0.03115338 0.9931894 -0.03126585 0.9931331 -0.03126585 0.9931331 -0.03115338 0.9931894 -0.03188455 0.995158 -0.03115338 0.9931894 -0.03177207 0.995158 -0.03188455 0.995158 -0.03177207 0.995158 -0.03222203 0.997239 -0.03188455 0.995158 -0.03188455 0.995158 -0.03222203 0.997239 -0.0323345 0.9971827 -0.03222203 0.997239 -0.03244704 0.99932 -0.0323345 0.9971827 -0.0323345 0.9971827 -0.03244704 0.99932 -0.03255951 0.99932 -0.03255951 0.99932 -0.03244704 0.99932 -0.03239077 1.001401 -0.03199708 1.003426 -0.03239077 1.001401 -0.0323345 1.001401 -0.03239077 1.001401 -0.03244704 0.99932 -0.0323345 1.001401 -0.0323345 1.001401 -0.03244704 0.99932 -0.0323345 0.99932 -0.03244704 0.99932 -0.03222203 0.997239 -0.0323345 0.99932 -0.0323345 0.99932 -0.03222203 0.997239 -0.03216576 0.997239 -0.03222203 0.997239 -0.03177207 0.995158 -0.03216576 0.997239 -0.03216576 0.997239 -0.03177207 0.995158 -0.0316596 0.9952142 -0.03177207 0.995158 -0.03109711 0.9931894 -0.0316596 0.9952142 -0.0316596 0.9952142 -0.03109711 0.9931894 -0.03098464 0.9932456 -0.03109711 0.9931894 -0.03014099 0.9913333 -0.03098464 0.9932456 -0.03098464 0.9932456 -0.03014099 0.9913333 -0.03002852 0.9913896 -0.03014099 0.9913333 -0.02901607 0.9895897 -0.03002852 0.9913896 -0.03002852 0.9913896 -0.02901607 0.9895897 -0.0289036 0.989646 -0.02901607 0.9895897 -0.02761 0.9879586 -0.0289036 0.989646 -0.0289036 0.989646 -0.02761 0.9879586 -0.02755373 0.9880712 -0.02761 0.9879586 -0.02609139 0.9865525 -0.02755373 0.9880712 -0.02755373 0.9880712 -0.02609139 0.9865525 -0.02603513 0.986665 -0.02609139 0.9865525 -0.02440404 0.9853152 -0.02603513 0.986665 -0.02603513 0.986665 -0.02440404 0.9853152 -0.02434778 0.9854276 -0.02440404 0.9853152 -0.02254796 0.984359 -0.02434778 0.9854276 -0.02434778 0.9854276 -0.02254796 0.984359 -0.02249175 0.9844152 -0.02254796 0.984359 -0.02063566 0.9835715 -0.02249175 0.9844152 -0.02249175 0.9844152 -0.02063566 0.9835715 -0.02057939 0.9836278 -0.02063566 0.9835715 -0.01861083 0.9830091 -0.02057939 0.9836278 -0.02057939 0.9836278 -0.01861083 0.9830091 -0.01855462 0.9831216 -0.01861083 0.9830091 -0.01652979 0.9827279 -0.01855462 0.9831216 -0.01855462 0.9831216 -0.01652979 0.9827279 -0.01652979 0.9828404 -0.01652979 0.9827279 -0.01444876 0.9826716 -0.01652979 0.9828404 -0.01652979 0.9828404 -0.01444876 0.9826716 -0.01444876 0.9827842 -0.01444876 0.9826716 -0.01236772 0.9828966 -0.01444876 0.9827842 -0.01444876 0.9827842 -0.01236772 0.9828966 -0.01236772 0.9830091 -0.01236772 0.9828966 -0.01028668 0.9833466 -0.01236772 0.9830091 -0.01236772 0.9830091 -0.01028668 0.9833466 -0.01034289 0.9834591 -0.01028668 0.9833466 -0.008318126 0.9840216 -0.01034289 0.9834591 -0.01034289 0.9834591 -0.008318126 0.9840216 -0.008374333 0.984134 -0.008318126 0.9840216 -0.006462037 0.9849777 -0.008374333 0.984134 -0.008374333 0.984134 -0.006462037 0.9849777 -0.006518304 0.9850901 -0.006462037 0.9849777 -0.004718482 0.9861588 -0.006518304 0.9850901 -0.006518304 0.9850901 -0.004718482 0.9861588 -0.004774689 0.9862151 -0.004718482 0.9861588 -0.003087341 0.9875087 -0.004774689 0.9862151 -0.004774689 0.9862151 -0.003087341 0.9875087 -0.003199875 0.9875649 -0.003087341 0.9875087 -0.001681268 0.9890273 -0.003199875 0.9875649 -0.003199875 0.9875649 -0.001681268 0.9890273 -0.001793742 0.9890835 -0.001681268 0.9890273 -4.43898e-4 0.9907146 -0.001793742 0.9890835 -0.001793742 0.9890835 -4.43898e-4 0.9907146 -5.56387e-4 0.9907709 -4.43898e-4 0.9907146 5.68502e-4 0.9925707 -5.56387e-4 0.9907709 -5.56387e-4 0.9907709 5.68502e-4 0.9925707 4.56013e-4 0.9926269 5.68502e-4 0.9925707 0.001299679 0.994483 4.56013e-4 0.9926269 4.56013e-4 0.9926269 0.001299679 0.994483 0.001243412 0.9945393 0.001299679 0.994483 0.001862108 0.9965078 0.001243412 0.9945393 0.001243412 0.9945393 0.001862108 0.9965078 0.001749634 0.996564 0.001862108 0.9965078 0.002143323 0.9985889 0.001749634 0.996564 0.001749634 0.996564 0.002143323 0.9985889 0.002087056 0.9985889 0.002143323 0.9985889 0.00219959 1.000726 0.002087056 0.9985889 0.002087056 0.9985889 0.00219959 1.000726 0.002087056 1.00067 0.00219959 1.000726 0.001974582 1.002807 0.002087056 1.00067 0.002087056 1.00067 0.001974582 1.002807 0.001918315 1.002751 0.001974582 1.002807 0.001524627 1.004832 0.001918315 1.002751 0.001918315 1.002751 0.001524627 1.004832 0.001412153 1.004776 0.001524627 1.004832 8.49724e-4 1.006801 0.001412153 1.004776 0.001412153 1.004776 8.49724e-4 1.006801 7.37235e-4 1.006744 8.49724e-4 1.006801 -1.06432e-4 1.008657 7.37235e-4 1.006744 7.37235e-4 1.006744 -1.06432e-4 1.008657 -2.1892e-4 1.0086 -0.001343786 1.010344 -2.1892e-4 1.0086 -0.001287519 1.0104 -2.1892e-4 1.0086 -1.06432e-4 1.008657 -0.001287519 1.0104 -0.001287519 1.0104 -1.06432e-4 1.008657 -0.001175045 1.010456 -1.06432e-4 1.008657 6.05732e-6 1.008713 -0.001175045 1.010456 -0.001175045 1.010456 6.05732e-6 1.008713 -0.001118779 1.010513 6.05732e-6 1.008713 6.23018e-5 1.008769 -0.001118779 1.010513 -0.001118779 1.010513 6.23018e-5 1.008769 0.001637101 1.009669 6.23018e-5 1.008769 0.002705752 1.007588 0.001637101 1.009669 0.001637101 1.009669 0.002705752 1.007588 0.002762019 1.007644 0.002705752 1.007588 0.003549456 1.005394 0.002762019 1.007644 0.002762019 1.007644 0.003549456 1.005394 0.00366193 1.005451 0.00366193 1.005451 0.003549456 1.005394 0.004168152 1.003145 0.003549456 1.005394 0.004055619 1.003145 0.004168152 1.003145 0.004055619 1.003145 0.0043931 1.000782 0.004168152 1.003145 0.004168152 1.003145 0.0043931 1.000782 0.004505574 1.000782 0.0043931 1.000782 0.004449367 0.9984201 0.004505574 1.000782 0.004505574 1.000782 0.004449367 0.9984201 0.01609194 0.9985889 0.01609194 0.9985889 0.004449367 0.9984201 0.01558578 0.994483 0.004449367 0.9984201 0.004111886 0.9960579 0.01558578 0.994483 0.004111886 0.9960579 0.01457333 0.9904334 0.01558578 0.994483 0.01558578 0.994483 0.01457333 0.9904334 0.01575452 0.9944267 0.01457333 0.9904334 0.01468586 0.9903771 0.01575452 0.9944267 0.01575452 0.9944267 0.01468586 0.9903771 0.01586699 0.9944267 0.01586699 0.9944267 0.01468586 0.9903771 0.01479834 0.9903209 0.01468586 0.9903771 0.01316726 0.9864963 0.01479834 0.9903209 0.01479834 0.9903209 0.01316726 0.9864963 0.01327973 0.98644 0.01316726 0.9864963 0.01108622 0.9828404 0.01327973 0.98644 0.01108622 0.9828404 0.01119869 0.9827842 0.01327973 0.98644 0.01327973 0.98644 0.01119869 0.9827842 0.013336 0.9863838 0.01119869 0.9827842 0.01131117 0.9827279 0.013336 0.9863838 -0.02924108 0.9863838 0.013336 0.9863838 -0.02924108 0.9846402 0.013336 0.9863838 0.01131117 0.9827279 -0.02924108 0.9846402 -0.02924108 0.9846402 0.01131117 0.9827279 -0.02924108 0.9826716 0.01131117 0.9827279 -0.02924108 0.9799157 -0.02924108 0.9826716 -0.02924108 0.9826716 -0.02924108 0.9799157 -0.02569764 0.9784533 -0.02924108 0.9799157 -0.02924108 0.979297 -0.02569764 0.9784533 -0.02924108 0.979297 -0.02569764 1.006801 -0.02569764 0.9784533 0.01102995 0.9784533 0.006811618 0.9741225 0.01671063 0.9681606 0.006811618 0.9741225 0.01131117 0.9636048 0.01671063 0.9681606 -0.02569764 1.0113 -0.02558517 1.016137 -0.02569764 1.0167 -0.02558517 1.016137 -0.02558517 1.0167 -0.02569764 1.0167 -0.02569764 1.0167 -0.02558517 1.0167 -0.02558517 0.9699041 0.01665443 0.9682168 0.01839798 0.9697917 0.01834172 0.9699041 0.01839798 0.9697917 0.02042281 0.9722102 0.01834172 0.9699041 0.01834172 0.9699041 0.02042281 0.9722102 0.02031028 0.9723227 0.02031028 0.9723227 0.02042281 0.9722102 0.02126646 0.97356 0.02126646 0.97356 0.02042281 0.9722102 0.02227884 0.9747974 0.02042281 0.9722102 0.02683466 0.9622549 0.02227884 0.9747974 0.02396619 0.9774409 0.02227884 0.9747974 0.0316717 0.9684418 0.02227884 0.9747974 0.02683466 0.9622549 0.0316717 0.9684418 0.02683466 0.9622549 0.04865753 0.9455503 0.0316717 0.9684418 0.04865753 0.9455503 0.05270713 0.9507247 0.0316717 0.9684418 0.05270713 0.9507247 0.05636304 0.9561805 0.0316717 0.9684418 0.0316717 0.9684418 0.05636304 0.9561805 0.03560882 0.9752474 0.05636304 0.9561805 0.059569 0.9619174 0.03560882 0.9752474 0.03560882 0.9752474 0.059569 0.9619174 0.06232494 0.9679356 0.059569 0.9619174 0.06418102 0.9671482 0.06232494 0.9679356 0.06418102 0.9671482 0.06648707 0.9735038 0.06232494 0.9679356 0.06232494 0.9679356 0.06648707 0.9735038 0.06463098 0.9740663 0.06648707 0.9735038 0.06828689 0.9799719 0.06463098 0.9740663 0.06463098 0.9740663 0.06828689 0.9799719 0.0664308 0.9804219 0.06828689 0.9799719 0.06963676 0.9865525 0.0664308 0.9804219 0.0664308 0.9804219 0.06963676 0.9865525 0.06772446 0.98689 0.06963676 0.9865525 0.07042419 0.9932456 0.06772446 0.98689 0.06772446 0.98689 0.07042419 0.9932456 0.06845563 0.9934144 0.07042419 0.9932456 0.07070541 0.999995 0.06845563 0.9934144 0.06845563 0.9934144 0.07070541 0.999995 0.06873685 0.999995 0.07070541 0.999995 0.07042419 1.006744 0.06873685 0.999995 0.06873685 0.999995 0.07042419 1.006744 0.06845563 1.006576 0.06845563 1.006576 0.07042419 1.006744 0.06963676 1.013437 0.07042419 1.006744 0.07149285 1.013719 0.06963676 1.013437 0.07149285 1.013719 0.07014298 1.020468 0.06963676 1.013437 0.06963676 1.013437 0.07014298 1.020468 0.06828689 1.020018 0.06828689 1.020018 0.07014298 1.020468 0.06828689 1.027105 0.07014298 1.020468 0.06991797 1.027611 0.06828689 1.027105 0.06991797 1.027611 0.06749945 1.034192 0.06828689 1.027105 0.06828689 1.027105 0.06749945 1.034192 0.06586837 1.033573 0.06586837 1.033573 0.06749945 1.034192 0.06451851 1.040603 0.06749945 1.034192 0.06586837 1.041278 0.06451851 1.040603 0.06451851 1.040603 0.06586837 1.041278 0.06553089 1.041897 0.06586837 1.041278 0.07363015 1.046115 0.06553089 1.041897 0.06553089 1.041897 0.07363015 1.046115 0.0623812 1.047522 0.07363015 1.046115 0.07183033 1.04949 0.0623812 1.047522 0.0623812 1.047522 0.07183033 1.04949 0.06058138 1.050221 0.07183033 1.04949 0.06823062 1.055283 0.06058138 1.050221 0.06058138 1.050221 0.06823062 1.055283 0.05844408 1.053427 0.06823062 1.055283 0.06794941 1.05579 0.05844408 1.053427 0.06794941 1.05579 0.0636186 1.061751 0.05844408 1.053427 0.05844408 1.053427 0.0636186 1.061751 0.05484443 1.057983 0.0636186 1.061751 0.06187498 1.063832 0.05484443 1.057983 0.05484443 1.057983 0.06187498 1.063832 0.05400079 1.059052 0.06187498 1.063832 0.05883783 1.067432 0.05400079 1.059052 0.05400079 1.059052 0.05883783 1.067432 0.04916375 1.064282 0.04916375 1.064282 0.05883783 1.067432 0.05467569 1.07165 0.05883783 1.067432 -0.005393385 1.068276 0.05467569 1.07165 -0.005393385 1.068276 -0.005393385 0.945494 0.05467569 1.07165 0.05467569 1.07165 -0.005393385 0.945494 0.05366331 1.072719 0.04663276 1.078681 0.0480951 1.077556 -0.005393385 0.9511185 0.0480951 1.077556 0.05366331 1.072719 -0.005393385 0.9511185 0.05366331 1.072719 -0.005393385 0.945494 -0.005393385 0.9511185 -0.005393385 0.945494 -0.003706037 0.950556 -0.005393385 0.9511185 -0.003706037 0.950556 -0.003706037 0.9565742 -0.005393385 0.9511185 -0.005393385 0.9511185 -0.003706037 0.9565742 -0.005393385 0.9570804 -0.005393385 0.9570804 -0.003706037 0.9565742 -0.003706037 0.9629299 -0.003706037 0.9565742 -0.001793742 0.9626486 -0.003706037 0.9629299 -0.003706037 0.9629299 -0.001793742 0.9626486 -0.001793742 0.9692854 -0.001793742 0.9626486 1.18546e-4 0.963661 -0.001793742 0.9692854 1.18546e-4 0.963661 1.18546e-4 0.9692292 -0.001793742 0.9692854 -0.001793742 0.9692854 1.18546e-4 0.9692292 -0.001793742 0.9762035 1.18546e-4 0.9692292 1.18546e-4 0.9732788 -0.001793742 0.9762035 1.18546e-4 0.9732788 1.18546e-4 0.9761473 -0.001793742 0.9762035 1.18546e-4 0.9761473 1.18546e-4 0.9832903 -0.001793742 0.9762035 -0.001793742 0.9762035 1.18546e-4 0.9832903 -0.001793742 0.9833466 1.18546e-4 0.9832903 1.18546e-4 0.9906021 -0.001793742 0.9833466 -0.001793742 0.9833466 1.18546e-4 0.9906021 -0.001793742 0.9906584 -0.001793742 0.9906584 1.18546e-4 0.9906021 1.18546e-4 0.9936956 1.18546e-4 0.9906021 0.01282978 0.9936956 1.18546e-4 0.9936956 1.18546e-4 0.9936956 0.01282978 0.9936956 1.18546e-4 0.9980826 0.01282978 0.9936956 0.01282978 0.9943143 1.18546e-4 0.9980826 0.01282978 0.9943143 0.01282978 1.001851 1.18546e-4 0.9980826 1.18546e-4 0.9980826 0.01282978 1.001851 1.18546e-4 1.004382 0.01282978 1.001851 0.01282978 1.004382 1.18546e-4 1.004382 1.18546e-4 1.004382 0.01282978 1.004382 1.18546e-4 1.005619 0.01282978 1.004382 0.01282978 1.009444 1.18546e-4 1.005619 1.18546e-4 1.005619 0.01282978 1.009444 1.18546e-4 1.013212 0.01282978 1.009444 0.01282978 1.015125 1.18546e-4 1.013212 1.18546e-4 1.013212 0.01282978 1.015125 1.18546e-4 1.015125 0.01282978 1.015125 0.01282978 1.017037 1.18546e-4 1.015125 1.18546e-4 1.015125 0.01282978 1.017037 1.18546e-4 1.020805 0.01282978 1.017037 0.01282978 1.02463 1.18546e-4 1.020805 1.18546e-4 1.020805 0.01282978 1.02463 1.18546e-4 1.025867 0.01282978 1.02463 0.01282978 1.025867 1.18546e-4 1.025867 1.18546e-4 1.025867 0.01282978 1.025867 1.18546e-4 1.028398 0.01282978 1.025867 0.01282978 1.032167 1.18546e-4 1.028398 1.18546e-4 1.028398 0.01282978 1.032167 1.18546e-4 1.035935 0.01282978 1.032167 0.01282978 1.036498 1.18546e-4 1.035935 1.18546e-4 1.035935 0.01282978 1.036498 1.18546e-4 1.036554 0.01282978 1.036498 0.01282978 1.039647 1.18546e-4 1.036554 1.18546e-4 1.036554 0.01282978 1.039647 1.18546e-4 1.043303 0.01282978 1.039647 0.01282978 1.046959 1.18546e-4 1.043303 1.18546e-4 1.043303 0.01282978 1.046959 1.18546e-4 1.046903 1.18546e-4 1.046903 0.01282978 1.046959 1.18546e-4 1.050559 0.01282978 1.046959 0.01282978 1.054102 1.18546e-4 1.050559 1.18546e-4 1.050559 0.01282978 1.054102 1.18546e-4 1.057027 0.01282978 1.054102 0.01282978 1.056971 1.18546e-4 1.057027 1.18546e-4 1.057027 0.01282978 1.056971 1.18546e-4 1.057589 0.01282978 1.056971 0.01282978 1.06102 1.18546e-4 1.057589 1.18546e-4 1.057589 0.01282978 1.06102 1.18546e-4 1.064395 0.01282978 1.06102 0.01282978 1.066588 1.18546e-4 1.064395 1.18546e-4 1.064395 0.01282978 1.066588 1.18546e-4 1.066588 0.01282978 1.066588 0.01282978 1.067713 1.18546e-4 1.066588 1.18546e-4 1.066588 0.01282978 1.067713 1.18546e-4 1.070976 0.01282978 1.067713 0.01282978 1.074125 1.18546e-4 1.070976 1.18546e-4 1.070976 0.01282978 1.074125 1.18546e-4 1.075644 0.01282978 1.074125 0.01282978 1.075644 1.18546e-4 1.075644 1.18546e-4 1.075644 0.01282978 1.075644 1.18546e-4 1.077219 0.01282978 1.075644 0.01282978 1.0802 1.18546e-4 1.077219 1.18546e-4 1.077219 0.01282978 1.0802 1.18546e-4 1.083068 1.18546e-4 1.083068 0.01282978 1.0802 1.18546e-4 1.084024 0.01282978 1.0802 0.01282978 1.084024 1.18546e-4 1.084024 0.01282978 1.084024 0.01282978 1.085937 1.18546e-4 1.084024 1.18546e-4 1.084024 0.01282978 1.085937 -1.62676e-4 1.072157 0.01282978 1.085937 -0.01287388 1.069401 -1.62676e-4 1.072157 -1.62676e-4 1.072157 -0.01287388 1.069401 -1.62676e-4 1.068894 -0.01287388 1.069401 -0.01287388 1.068894 -1.62676e-4 1.068894 -1.62676e-4 1.068894 -0.01287388 1.068894 -1.62676e-4 1.066532 -0.01287388 1.068894 -0.01287388 1.063608 -1.62676e-4 1.066532 -1.62676e-4 1.066532 -0.01287388 1.063608 -1.62676e-4 1.060514 -0.01287388 1.063608 -0.01287388 1.060514 -1.62676e-4 1.060514 -0.01287388 1.060514 -0.01287388 1.057421 -1.62676e-4 1.060514 -0.01287388 1.057421 -1.62676e-4 1.054215 -1.62676e-4 1.060514 -1.62676e-4 1.060514 -1.62676e-4 1.054215 0.001805841 1.060402 -1.62676e-4 1.054215 0.001805841 1.054102 0.001805841 1.060402 0.001805841 1.060402 0.001805841 1.054102 0.00366193 1.06012 0.00366193 1.06012 0.001805841 1.054102 0.00366193 1.053821 0.001805841 1.054102 0.001805841 1.047522 0.00366193 1.053821 0.00366193 1.053821 0.001805841 1.047522 0.00366193 1.04724 0.001805841 1.047522 0.001805841 1.04066 0.00366193 1.04724 0.00366193 1.04724 0.001805841 1.04066 0.00366193 1.040435 0.001805841 1.04066 0.001805841 1.033573 0.00366193 1.040435 0.001805841 1.033573 0.00366193 1.033404 0.00366193 1.040435 0.00366193 1.040435 0.00366193 1.033404 0.005405485 1.040041 0.005405485 1.040041 0.00366193 1.033404 0.005405485 1.033067 0.00366193 1.033404 0.00366193 1.026149 0.005405485 1.033067 0.00366193 1.026149 0.005405485 1.025924 0.005405485 1.033067 0.005405485 1.033067 0.005405485 1.025924 -0.1118643 1.025586 -0.1118643 1.025586 0.005405485 1.025924 -0.1128767 1.021143 0.005405485 1.025924 0.005405485 1.018612 -0.1128767 1.021143 0.005405485 1.018612 -0.1134954 1.018387 -0.1128767 1.021143 -0.1128767 1.021143 -0.1134954 1.018387 -0.1049462 1.014225 -0.1134954 1.018387 -0.114564 1.011075 -0.1049462 1.014225 -0.1049462 1.014225 -0.114564 1.011075 -0.1054524 1.009669 -0.114564 1.011075 -0.1146203 1.010625 -0.1054524 1.009669 -0.1054524 1.009669 -0.1146203 1.010625 -0.1057899 1.007138 -0.1146203 1.010625 -0.1151265 1.003707 -0.1057899 1.007138 -0.1057899 1.007138 -0.1151265 1.003707 0.01609194 0.999995 -0.1151265 1.003707 0.006924092 0.999995 0.01609194 0.999995 0.006924092 0.999995 -0.1151265 0.9962828 0.01609194 0.999995 0.01609194 0.999995 -0.1151265 0.9962828 -0.1057899 0.9928519 -0.1151265 0.9962828 -0.1146203 0.9893648 -0.1057899 0.9928519 -0.1146203 0.9893648 -0.1054524 0.9903209 -0.1057899 0.9928519 0.01609194 0.999995 -0.1057899 0.9928519 -0.1045525 0.999995 -0.1045525 0.999995 -0.1057899 0.9928519 -0.1042713 0.9929644 -0.1057899 0.9928519 -0.1054524 0.9903209 -0.1042713 0.9929644 -0.1042713 0.9929644 -0.1054524 0.9903209 -0.1034276 0.9859901 -0.1054524 0.9903209 -0.1049462 0.9857651 -0.1034276 0.9859901 -0.1034276 0.9859901 -0.1049462 0.9857651 -0.1020777 0.9791283 -0.1049462 0.9857651 -0.1039338 0.9808156 -0.1020777 0.9791283 -0.1039338 0.9808156 -0.1035401 0.9787908 -0.1020777 0.9791283 -0.1035401 0.9787908 -0.1016278 0.971929 -0.1020777 0.9791283 -0.1020777 0.9791283 -0.1016278 0.971929 -0.1001654 0.9723789 -0.1016278 0.971929 -0.101459 0.9714227 -0.1001654 0.9723789 -0.1001654 0.9723789 -0.101459 0.9714227 -0.0977469 0.9657983 -0.101459 0.9714227 -0.09915304 0.9651796 -0.0977469 0.9657983 -0.09915304 0.9651796 -0.09785938 0.9624798 -0.0977469 0.9657983 -0.0977469 0.9657983 -0.09785938 0.9624798 -0.09476596 0.9593864 -0.09785938 0.9624798 -0.09611582 0.9587115 -0.09476596 0.9593864 -0.09476596 0.9593864 -0.09611582 0.9587115 -0.09133505 0.9532558 -0.09611582 0.9587115 -0.09341609 0.9538745 -0.09133505 0.9532558 -0.09341609 0.9538745 -0.09262865 0.9524683 -0.09133505 0.9532558 -0.09262865 0.9524683 -0.08869153 0.9465627 -0.09133505 0.9532558 -0.09133505 0.9532558 -0.08869153 0.9465627 -0.08745414 0.9474626 -0.08869153 0.9465627 -0.08807283 0.9457752 -0.08745414 0.9474626 -0.08807283 0.9457752 -0.08312332 0.9419506 -0.08745414 0.9474626 -0.08745414 0.9474626 -0.08312332 0.9419506 -0.08604806 0.948475 -0.08604806 0.948475 -0.08312332 0.9419506 -0.08177345 0.9430755 -0.08312332 0.9419506 -0.07834255 0.9367761 -0.08177345 0.9430755 -0.07834255 0.9367761 -0.07710516 0.9380135 -0.08177345 0.9430755 -0.08177345 0.9430755 -0.07710516 0.9380135 -0.08036738 0.9442567 -0.07710516 0.9380135 -0.07581156 0.9393071 -0.08036738 0.9442567 -0.08036738 0.9442567 -0.07581156 0.9393071 -0.07890498 0.9455503 -0.07890498 0.9455503 -0.07581156 0.9393071 -0.07440543 0.9407132 -0.07581156 0.9393071 -0.07086205 0.9347513 -0.07440543 0.9407132 -0.07086205 0.9347513 -0.06956839 0.9362137 -0.07440543 0.9407132 -0.07440543 0.9407132 -0.06956839 0.9362137 -0.05140143 0.9567429 -0.06956839 0.9362137 -0.06439393 0.9321641 -0.05140143 0.9567429 -0.06439393 0.9321641 -0.04504579 0.9521309 -0.05140143 0.9567429 -0.05140143 0.9567429 -0.04504579 0.9521309 -0.04161489 0.9634923 -0.04161489 0.9634923 -0.04504579 0.9521309 -0.03902763 0.9617487 -0.03902763 0.9617487 -0.04504579 0.9521309 -0.03632789 0.9601739 -0.04504579 0.9521309 -0.03807145 0.9484187 -0.03632789 0.9601739 -0.03807145 0.9484187 -0.03345942 0.9587677 -0.03632789 0.9601739 -0.03632789 0.9601739 -0.03345942 0.9587677 -0.03554046 0.9599488 -0.03554046 0.9599488 -0.03345942 0.9587677 -0.03340315 0.9588802 -0.03345942 0.9587677 -0.03053468 0.9575866 -0.03340315 0.9588802 -0.03053468 0.9575866 -0.03053468 0.9576991 -0.03340315 0.9588802 -0.02558517 0.9665857 -0.02558517 0.9695104 -0.02569764 0.9709728 -0.02558517 0.9695104 -0.02558517 0.9709728 -0.02569764 0.9709728 -0.02558517 0.9709728 -0.02558517 0.9724914 -0.02569764 0.9709728 -0.02558517 0.9724914 -0.02569764 0.9778346 -0.02569764 0.9709728 -0.02901607 0.9571929 -0.02215427 0.9555618 -0.02164804 0.9667544 -0.02215427 0.9555618 -0.01562988 0.9661357 -0.02164804 0.9667544 -0.02569764 0.984359 -0.02924108 0.9823904 -0.02569764 0.9783408 -0.02924108 0.9823904 -0.02924108 0.9787908 -0.02569764 0.9783408 -0.02569764 0.9783408 -0.02924108 0.9787908 -0.02924108 0.9782283 -0.02924108 0.9787908 -0.02176052 0.9691167 -0.02924108 0.9782283 -0.02924108 0.9741787 -0.02924108 0.9782283 -0.02581018 0.9702978 -0.02924108 0.9782283 -0.02176052 0.9691167 -0.02581018 0.9702978 -0.02176052 0.9691167 -0.02575391 0.9704104 -0.02581018 0.9702978 -0.02575391 0.9704104 -0.02963477 0.9720977 -0.02581018 0.9702978 -0.02581018 0.9702978 -0.02963477 0.9720977 -0.02969104 0.9719852 -0.02969104 0.9719852 -0.02963477 0.9720977 -0.03323441 0.9742349 -0.02963477 0.9720977 -0.03317821 0.9743475 -0.03323441 0.9742349 -0.03323441 0.9742349 -0.03317821 0.9743475 -0.0363841 0.9769909 -0.03317821 0.9743475 -0.03632789 0.9771034 -0.0363841 0.9769909 -0.0363841 0.9769909 -0.03632789 0.9771034 -0.03919637 0.9800844 -0.03632789 0.9771034 -0.02929729 0.9863838 -0.03919637 0.9800844 -0.02929729 0.9863838 -0.03081589 0.9881836 -0.03919637 0.9800844 -0.03919637 0.9800844 -0.03081589 0.9881836 -0.04161489 0.9835153 -0.04161489 0.9835153 -0.03081589 0.9881836 -0.03216576 0.9901522 -0.03081589 0.9881836 -0.03075969 0.9882399 -0.03216576 0.9901522 -0.03075969 0.9882399 -0.03205329 0.9902084 -0.03216576 0.9901522 -0.03216576 0.9901522 -0.03205329 0.9902084 -0.03323441 0.9922895 -0.03323441 0.9922895 -0.03205329 0.9902084 -0.03312194 0.9923457 -0.03205329 0.9902084 -0.03199708 0.9902647 -0.03312194 0.9923457 -0.03199708 0.9902647 -0.03300946 0.9923457 -0.03312194 0.9923457 -0.03312194 0.9923457 -0.03300946 0.9923457 -0.03390938 0.9945393 -0.03390938 0.9945393 -0.03300946 0.9923457 -0.0337969 0.9945955 -0.03300946 0.9923457 -0.0329532 0.992402 -0.0337969 0.9945955 -0.0337969 0.9945955 -0.0329532 0.992402 -0.03374063 0.9945955 -0.0329532 0.992402 -0.03126585 0.9931331 -0.03374063 0.9945955 -0.03374063 0.9945955 -0.03126585 0.9931331 -0.03194081 0.9951017 -0.03126585 0.9931331 -0.03188455 0.995158 -0.03194081 0.9951017 -0.03188455 0.995158 -0.0323345 0.9971827 -0.03194081 0.9951017 -0.03194081 0.9951017 -0.0323345 0.9971827 -0.03244704 0.9971827 -0.0323345 0.9971827 -0.03255951 0.99932 -0.03244704 0.9971827 -0.03244704 0.9971827 -0.03255951 0.99932 -0.03261572 0.99932 -0.03261572 0.99932 -0.03255951 0.99932 -0.03250324 1.001401 -0.03255951 0.99932 -0.03239077 1.001401 -0.03250324 1.001401 -0.03250324 1.001401 -0.03239077 1.001401 -0.03210955 1.003482 -0.03239077 1.001401 -0.03199708 1.003426 -0.03210955 1.003482 -0.03199708 1.003426 -0.03149086 1.005451 -0.03210955 1.003482 -0.03210955 1.003482 -0.03149086 1.005451 -0.03154706 1.005507 -0.03154706 1.005507 -0.03149086 1.005451 -0.03070342 1.007363 -0.02153557 1.003707 -0.03070342 1.007363 -0.02226674 1.001907 -0.03070342 1.007363 -0.03149086 1.005451 -0.02226674 1.001907 -0.03149086 1.005451 -0.03199708 1.003426 -0.02226674 1.001907 -0.03199708 1.003426 -0.0323345 1.001401 -0.02226674 1.001907 -0.02226674 1.001907 -0.0323345 1.001401 -0.02254796 0.999995 -0.0323345 1.001401 -0.0323345 0.99932 -0.02254796 0.999995 -0.0323345 0.99932 -0.03216576 0.997239 -0.02254796 0.999995 -0.02254796 0.999995 -0.03216576 0.997239 -0.02226674 0.9980826 -0.03216576 0.997239 -0.0316596 0.9952142 -0.02226674 0.9980826 -0.0316596 0.9952142 -0.03098464 0.9932456 -0.02226674 0.9980826 -0.02226674 0.9980826 -0.03098464 0.9932456 -0.02153557 0.9962828 -0.03098464 0.9932456 -0.03002852 0.9913896 -0.02153557 0.9962828 -0.03002852 0.9913896 -0.0289036 0.989646 -0.02153557 0.9962828 -0.02153557 0.9962828 -0.0289036 0.989646 -0.02035444 0.9947642 -0.0289036 0.989646 -0.02755373 0.9880712 -0.02035444 0.9947642 -0.02755373 0.9880712 -0.02603513 0.986665 -0.02035444 0.9947642 -0.02035444 0.9947642 -0.02603513 0.986665 -0.01883584 0.9935831 -0.02603513 0.986665 -0.02434778 0.9854276 -0.01883584 0.9935831 -0.02434778 0.9854276 -0.02249175 0.9844152 -0.01883584 0.9935831 -0.02249175 0.9844152 -0.02057939 0.9836278 -0.01883584 0.9935831 -0.01883584 0.9935831 -0.02057939 0.9836278 -0.01703602 0.9928519 -0.02057939 0.9836278 -0.01855462 0.9831216 -0.01703602 0.9928519 -0.01855462 0.9831216 -0.01652979 0.9828404 -0.01703602 0.9928519 -0.01703602 0.9928519 -0.01652979 0.9828404 -0.01512372 0.9926269 -0.01652979 0.9828404 -0.01444876 0.9827842 -0.01512372 0.9926269 -0.01444876 0.9827842 -0.01236772 0.9830091 -0.01512372 0.9926269 -0.01512372 0.9926269 -0.01236772 0.9830091 -0.01321136 0.9928519 -0.01236772 0.9830091 -0.01034289 0.9834591 -0.01321136 0.9928519 -0.01034289 0.9834591 -0.008374333 0.984134 -0.01321136 0.9928519 -0.01321136 0.9928519 -0.008374333 0.984134 -0.01141154 0.9935831 -0.008374333 0.984134 -0.006518304 0.9850901 -0.01141154 0.9935831 -0.006518304 0.9850901 -0.004774689 0.9862151 -0.01141154 0.9935831 -0.01141154 0.9935831 -0.004774689 0.9862151 -0.00989294 0.9947642 -0.004774689 0.9862151 -0.003199875 0.9875649 -0.00989294 0.9947642 -0.003199875 0.9875649 -0.001793742 0.9890835 -0.00989294 0.9947642 -0.00989294 0.9947642 -0.001793742 0.9890835 -0.008711814 0.9962828 -0.001793742 0.9890835 -5.56387e-4 0.9907709 -0.008711814 0.9962828 -5.56387e-4 0.9907709 4.56013e-4 0.9926269 -0.008711814 0.9962828 -0.008711814 0.9962828 4.56013e-4 0.9926269 -0.007980644 0.9980826 4.56013e-4 0.9926269 0.001243412 0.9945393 -0.007980644 0.9980826 0.001243412 0.9945393 0.001749634 0.996564 -0.007980644 0.9980826 -0.007980644 0.9980826 0.001749634 0.996564 -0.007699429 0.999995 0.001749634 0.996564 0.002087056 0.9985889 -0.007699429 0.999995 0.002087056 0.9985889 0.002087056 1.00067 -0.007699429 0.999995 0.002087056 1.00067 0.001918315 1.002751 -0.007699429 0.999995 -0.007699429 0.999995 0.001918315 1.002751 -0.007980644 1.001907 0.001918315 1.002751 0.001412153 1.004776 -0.007980644 1.001907 0.001412153 1.004776 7.37235e-4 1.006744 -0.007980644 1.001907 -0.007980644 1.001907 7.37235e-4 1.006744 -0.008711814 1.003707 7.37235e-4 1.006744 -2.1892e-4 1.0086 -0.008711814 1.003707 -2.1892e-4 1.0086 -0.001343786 1.010344 -0.008711814 1.003707 -0.008711814 1.003707 -0.001343786 1.010344 -0.00989294 1.005226 -0.00989294 1.005226 -0.001343786 1.010344 -0.002693653 1.011919 -0.002693653 1.011919 -0.001343786 1.010344 -0.002637386 1.012031 -0.001343786 1.010344 -0.001287519 1.0104 -0.002637386 1.012031 -0.002637386 1.012031 -0.001287519 1.0104 -0.002524912 1.012088 -0.001287519 1.0104 -0.001175045 1.010456 -0.002524912 1.012088 -0.002524912 1.012088 -0.001175045 1.010456 -0.002468705 1.012144 -0.001175045 1.010456 -0.001118779 1.010513 -0.002468705 1.012144 -0.002468705 1.012144 -0.001118779 1.010513 3.43524e-4 1.011638 -0.001118779 1.010513 0.001637101 1.009669 3.43524e-4 1.011638 3.43524e-4 1.011638 0.001637101 1.009669 0.001749634 1.009725 0.001637101 1.009669 0.002762019 1.007644 0.001749634 1.009725 0.001749634 1.009725 0.002762019 1.007644 0.002874493 1.007644 0.002762019 1.007644 0.00366193 1.005451 0.002874493 1.007644 0.002874493 1.007644 0.00366193 1.005451 0.003774404 1.005451 0.003774404 1.005451 0.00366193 1.005451 0.004280626 1.003145 0.00366193 1.005451 0.004168152 1.003145 0.004280626 1.003145 0.004168152 1.003145 0.004505574 1.000782 0.004280626 1.003145 0.004280626 1.003145 0.004505574 1.000782 0.01597946 1.002751 0.004505574 1.000782 0.01609194 0.9985889 0.01597946 1.002751 0.01597946 1.002751 0.01609194 0.9985889 0.01609194 1.002807 0.01609194 1.002807 0.01609194 0.9985889 0.01620447 0.9985889 0.01609194 0.9985889 0.01558578 0.994483 0.01620447 0.9985889 0.01558578 0.994483 0.01575452 0.9944267 0.01620447 0.9985889 0.01620447 0.9985889 0.01575452 0.9944267 0.01631695 0.9985889 0.01575452 0.9944267 0.01586699 0.9944267 0.01631695 0.9985889 0.01631695 0.9985889 0.01586699 0.9944267 0.01642942 0.9985889 0.01642942 0.9985889 0.01586699 0.9944267 0.0159232 0.9944267 0.01586699 0.9944267 0.01479834 0.9903209 0.0159232 0.9944267 0.0159232 0.9944267 0.01479834 0.9903209 0.01491081 0.9903209 0.01479834 0.9903209 0.01327973 0.98644 0.01491081 0.9903209 0.01327973 0.98644 0.013336 0.9863838 0.01491081 0.9903209 -0.02924108 0.9902647 0.01491081 0.9903209 -0.02924108 0.9897584 0.01491081 0.9903209 0.013336 0.9863838 -0.02924108 0.9897584 0.013336 0.9863838 -0.02924108 0.9863838 -0.02924108 0.9897584 -0.02924108 0.9897584 -0.02924108 0.9863838 -0.02569764 0.9835153 -0.02924108 0.9863838 -0.02924108 0.9846402 -0.02569764 0.9835153 -0.02924108 0.9846402 -0.02924108 0.9826716 -0.02569764 0.9835153 -0.02924108 0.9826716 -0.02569764 0.9784533 -0.02569764 0.9835153 0.01446086 0.9835153 0.01102995 0.9784533 0.02126646 0.97356 0.01102995 0.9784533 0.01671063 0.9681606 0.02126646 0.97356 -0.02569764 1.0167 -0.02558517 0.9699041 -0.02569764 0.97356 -0.02558517 0.9699041 -0.02558517 0.9723227 -0.02569764 0.97356 -0.02558517 0.9723227 -0.02558517 0.97356 -0.02569764 0.97356 -0.02569764 0.97356 -0.02558517 0.97356 -0.02558517 0.9748536 0.02126646 0.97356 0.02227884 0.9747974 0.02216637 0.9748536 0.02227884 0.9747974 0.02396619 0.9774409 0.02216637 0.9748536 0.02216637 0.9748536 0.02396619 0.9774409 0.02385371 0.9774972 0.02385371 0.9774972 0.02396619 0.9774409 0.02497857 0.9795782 0.02497857 0.9795782 0.02396619 0.9774409 0.02542853 0.9802531 0.02396619 0.9774409 0.0316717 0.9684418 0.02542853 0.9802531 0.0316717 0.9684418 0.03560882 0.9752474 0.02542853 0.9802531 0.02542853 0.9802531 0.03560882 0.9752474 0.02672219 0.9831216 0.02672219 0.9831216 0.03560882 0.9752474 0.02779084 0.9860463 0.02863448 0.9890835 0.02779084 0.9860463 0.0385335 0.9825592 0.02779084 0.9860463 0.03560882 0.9752474 0.0385335 0.9825592 0.03560882 0.9752474 0.06232494 0.9679356 0.0385335 0.9825592 0.06232494 0.9679356 0.06463098 0.9740663 0.0385335 0.9825592 0.06463098 0.9740663 0.0664308 0.9804219 0.0385335 0.9825592 0.0385335 0.9825592 0.0664308 0.9804219 0.04044586 0.9902084 0.0664308 0.9804219 0.06772446 0.98689 0.04044586 0.9902084 0.06772446 0.98689 0.06845563 0.9934144 0.04044586 0.9902084 0.04044586 0.9902084 0.06845563 0.9934144 0.0412895 0.9980264 0.06845563 0.9934144 0.06873685 0.999995 0.0412895 0.9980264 0.0412895 0.9980264 0.06873685 0.999995 0.04100829 1.005901 0.06873685 0.999995 0.06845563 1.006576 0.04100829 1.005901 0.04100829 1.005901 0.06845563 1.006576 0.06772446 1.0131 0.06845563 1.006576 0.06963676 1.013437 0.06772446 1.0131 0.06963676 1.013437 0.06828689 1.020018 0.06772446 1.0131 0.06772446 1.0131 0.06828689 1.020018 0.0664308 1.019568 0.0664308 1.019568 0.06828689 1.020018 0.06648707 1.026542 0.06828689 1.020018 0.06828689 1.027105 0.06648707 1.026542 0.06828689 1.027105 0.06586837 1.033573 0.06648707 1.026542 0.06648707 1.026542 0.06586837 1.033573 0.06418102 1.032842 0.06418102 1.032842 0.06586837 1.033573 0.0629999 1.039816 0.06586837 1.033573 0.06451851 1.040603 0.0629999 1.039816 0.0629999 1.039816 0.06451851 1.040603 0.0610876 1.046734 0.06451851 1.040603 0.06553089 1.041897 0.0610876 1.046734 0.06553089 1.041897 0.0623812 1.047522 0.0610876 1.046734 0.0623812 1.047522 0.06058138 1.050221 0.0610876 1.046734 0.0610876 1.046734 0.06058138 1.050221 0.05720669 1.052584 0.06058138 1.050221 0.05844408 1.053427 0.05720669 1.052584 0.05720669 1.052584 0.05844408 1.053427 0.05287587 1.058096 0.05844408 1.053427 0.05484443 1.057983 0.05287587 1.058096 0.05484443 1.057983 0.05400079 1.059052 0.05287587 1.058096 0.05400079 1.059052 0.04916375 1.064282 0.05287587 1.058096 0.05287587 1.058096 0.04916375 1.064282 0.0480951 1.063214 0.0480951 1.063214 0.04916375 1.064282 0.04826384 1.065126 0.04916375 1.064282 0.05467569 1.07165 0.04826384 1.065126 0.05467569 1.07165 0.05366331 1.072719 0.04826384 1.065126 0.04826384 1.065126 0.05366331 1.072719 0.04393303 1.069119 0.05366331 1.072719 0.0480951 1.077556 0.04393303 1.069119 0.04393303 1.069119 0.0480951 1.077556 0.04100829 1.071482 0.0480951 1.077556 0.04663276 1.078681 0.04100829 1.071482 0.04100829 1.071482 0.04663276 1.078681 0.03830856 1.073563 0.03830856 1.073563 0.04663276 1.078681 0.04218941 1.082056 0.04663276 1.078681 -0.005393385 0.9511185 0.04218941 1.082056 -0.005393385 0.9511185 -0.005393385 0.9570804 0.04218941 1.082056 0.04218941 1.082056 -0.005393385 0.9570804 0.03791481 1.084812 0.03600251 1.086049 0.03791481 1.084812 -0.005393385 0.9633798 0.03791481 1.084812 -0.005393385 0.9570804 -0.005393385 0.9633798 -0.005393385 0.9570804 -0.003706037 0.9629299 -0.005393385 0.9633798 -0.005393385 0.9633798 -0.003706037 0.9629299 -0.003706037 0.9695667 -0.003706037 0.9629299 -0.001793742 0.9692854 -0.003706037 0.9695667 -0.001793742 0.9692854 -0.001793742 0.9762035 -0.003706037 0.9695667 -0.003706037 0.9695667 -0.001793742 0.9762035 -0.003706037 0.9764285 -0.001793742 0.9762035 -0.001793742 0.9833466 -0.003706037 0.9764285 -0.003706037 0.9764285 -0.001793742 0.9833466 -0.003706037 0.9835153 -0.001793742 0.9833466 -0.001793742 0.9906584 -0.003706037 0.9835153 -0.003706037 0.9835153 -0.001793742 0.9906584 -0.003706037 0.9907709 -0.003706037 0.9907709 -0.001793742 0.9906584 -0.001793742 0.9980826 -0.001793742 0.9906584 1.18546e-4 0.9936956 -0.001793742 0.9980826 1.18546e-4 0.9936956 1.18546e-4 0.9980826 -0.001793742 0.9980826 -0.001793742 0.9980826 1.18546e-4 0.9980826 -0.001793742 1.005619 1.18546e-4 0.9980826 1.18546e-4 1.004382 -0.001793742 1.005619 1.18546e-4 1.004382 1.18546e-4 1.005619 -0.001793742 1.005619 1.18546e-4 1.005619 1.18546e-4 1.013212 -0.001793742 1.005619 -0.001793742 1.005619 1.18546e-4 1.013212 -0.001793742 1.013212 1.18546e-4 1.013212 1.18546e-4 1.015125 -0.001793742 1.013212 -0.001793742 1.013212 1.18546e-4 1.015125 -0.001793742 1.020805 1.18546e-4 1.015125 1.18546e-4 1.020805 -0.001793742 1.020805 -0.001793742 1.020805 1.18546e-4 1.020805 -0.001793742 1.028398 1.18546e-4 1.020805 1.18546e-4 1.025867 -0.001793742 1.028398 1.18546e-4 1.025867 1.18546e-4 1.028398 -0.001793742 1.028398 1.18546e-4 1.028398 1.18546e-4 1.035935 -0.001793742 1.028398 -0.001793742 1.028398 1.18546e-4 1.035935 -0.001793742 1.035879 1.18546e-4 1.035935 1.18546e-4 1.036554 -0.001793742 1.035879 -0.001793742 1.035879 1.18546e-4 1.036554 -0.001793742 1.043247 1.18546e-4 1.036554 1.18546e-4 1.043303 -0.001793742 1.043247 1.18546e-4 1.043303 1.18546e-4 1.046903 -0.001793742 1.043247 -0.001793742 1.043247 1.18546e-4 1.046903 -0.001793742 1.050503 1.18546e-4 1.046903 1.18546e-4 1.050559 -0.001793742 1.050503 1.18546e-4 1.050559 1.18546e-4 1.057027 -0.001793742 1.050503 -0.001793742 1.050503 1.18546e-4 1.057027 -0.001793742 1.057533 1.18546e-4 1.057027 1.18546e-4 1.057589 -0.001793742 1.057533 1.18546e-4 1.057589 1.18546e-4 1.064395 -0.001793742 1.057533 -0.001793742 1.057533 1.18546e-4 1.064395 -0.001793742 1.064339 1.18546e-4 1.064395 1.18546e-4 1.066588 -0.001793742 1.064339 -0.001793742 1.064339 1.18546e-4 1.066588 -0.001793742 1.070863 1.18546e-4 1.066588 1.18546e-4 1.070976 -0.001793742 1.070863 -0.001793742 1.070863 1.18546e-4 1.070976 -0.001793742 1.077106 1.18546e-4 1.070976 1.18546e-4 1.075644 -0.001793742 1.077106 1.18546e-4 1.075644 1.18546e-4 1.077219 -0.001793742 1.077106 1.18546e-4 1.077219 1.18546e-4 1.083068 -0.001793742 1.077106 -0.001793742 1.077106 1.18546e-4 1.083068 -0.001793742 1.082956 1.18546e-4 1.083068 1.18546e-4 1.084024 -0.001793742 1.082956 -0.001793742 1.082956 1.18546e-4 1.084024 0.001805841 1.072044 1.18546e-4 1.084024 -1.62676e-4 1.072157 0.001805841 1.072044 0.001805841 1.072044 -1.62676e-4 1.072157 0.001805841 1.06642 -1.62676e-4 1.072157 -1.62676e-4 1.068894 0.001805841 1.06642 -1.62676e-4 1.068894 -1.62676e-4 1.066532 0.001805841 1.06642 -1.62676e-4 1.066532 -1.62676e-4 1.060514 0.001805841 1.06642 -1.62676e-4 1.060514 0.001805841 1.060402 0.001805841 1.06642 0.001805841 1.06642 0.001805841 1.060402 0.00366193 1.066026 0.001805841 1.060402 0.00366193 1.06012 0.00366193 1.066026 0.00366193 1.066026 0.00366193 1.06012 0.005405485 1.065464 0.005405485 1.065464 0.00366193 1.06012 0.005405485 1.059558 0.00366193 1.06012 0.00366193 1.053821 0.005405485 1.059558 0.005405485 1.059558 0.00366193 1.053821 0.005405485 1.053315 0.00366193 1.053821 0.00366193 1.04724 0.005405485 1.053315 0.005405485 1.053315 0.00366193 1.04724 0.005405485 1.046847 0.00366193 1.04724 0.00366193 1.040435 0.005405485 1.046847 0.00366193 1.040435 0.005405485 1.040041 0.005405485 1.046847 0.005405485 1.046847 0.005405485 1.040041 -0.1061836 1.041335 -0.1061836 1.041335 0.005405485 1.040041 -0.1070272 1.039591 0.005405485 1.040041 0.005405485 1.033067 -0.1070272 1.039591 -0.1070272 1.039591 0.005405485 1.033067 -0.109727 1.032673 -0.109727 1.032673 0.005405485 1.033067 -0.1101207 1.031436 0.005405485 1.033067 -0.1118643 1.025586 -0.1101207 1.031436 -0.1101207 1.031436 -0.1118643 1.025586 -0.1016278 1.028117 -0.1016278 1.028117 -0.1118643 1.025586 -0.1035401 1.021199 -0.1118643 1.025586 -0.1128767 1.021143 -0.1035401 1.021199 -0.1035401 1.021199 -0.1128767 1.021143 -0.1039338 1.019231 -0.1128767 1.021143 -0.1049462 1.014225 -0.1039338 1.019231 -0.1039338 1.019231 -0.1049462 1.014225 -0.1034276 1.014 -0.1034276 1.014 -0.1049462 1.014225 -0.1042713 1.007025 -0.1049462 1.014225 -0.1054524 1.009669 -0.1042713 1.007025 -0.1054524 1.009669 -0.1057899 1.007138 -0.1042713 1.007025 -0.1057899 1.007138 0.01609194 0.999995 -0.1042713 1.007025 0.01609194 0.999995 -0.1045525 0.999995 -0.1042713 1.007025 -0.1042713 1.007025 -0.1045525 0.999995 -0.1025277 1.006857 -0.1025277 1.006857 -0.1045525 0.999995 -0.1028089 0.999995 -0.1045525 0.999995 -0.1042713 0.9929644 -0.1028089 0.999995 -0.1028089 0.999995 -0.1042713 0.9929644 -0.1025277 0.9931331 -0.1042713 0.9929644 -0.1034276 0.9859901 -0.1025277 0.9931331 -0.1025277 0.9931331 -0.1034276 0.9859901 -0.1017403 0.9862713 -0.1034276 0.9859901 -0.1020777 0.9791283 -0.1017403 0.9862713 -0.1017403 0.9862713 -0.1020777 0.9791283 -0.1003904 0.9795219 -0.1020777 0.9791283 -0.1001654 0.9723789 -0.1003904 0.9795219 -0.1003904 0.9795219 -0.1001654 0.9723789 -0.09853434 0.9728851 -0.1001654 0.9723789 -0.0977469 0.9657983 -0.09853434 0.9728851 -0.09853434 0.9728851 -0.0977469 0.9657983 -0.09611582 0.966417 -0.0977469 0.9657983 -0.09476596 0.9593864 -0.09611582 0.966417 -0.09611582 0.966417 -0.09476596 0.9593864 -0.09324735 0.9601739 -0.09476596 0.9593864 -0.09133505 0.9532558 -0.09324735 0.9601739 -0.09324735 0.9601739 -0.09133505 0.9532558 -0.08987265 0.9542119 -0.09133505 0.9532558 -0.08745414 0.9474626 -0.08987265 0.9542119 -0.08745414 0.9474626 -0.08604806 0.948475 -0.08987265 0.9542119 -0.08987265 0.9542119 -0.08604806 0.948475 -0.08829784 0.9551681 -0.08829784 0.9551681 -0.08604806 0.948475 -0.08452945 0.9495436 -0.08604806 0.948475 -0.08177345 0.9430755 -0.08452945 0.9495436 -0.08177345 0.9430755 -0.08036738 0.9442567 -0.08452945 0.9495436 -0.08452945 0.9495436 -0.08036738 0.9442567 -0.08295458 0.9507247 -0.08036738 0.9442567 -0.07890498 0.9455503 -0.08295458 0.9507247 -0.08295458 0.9507247 -0.07890498 0.9455503 -0.05708211 0.9622549 -0.07890498 0.9455503 -0.07440543 0.9407132 -0.05708211 0.9622549 -0.07440543 0.9407132 -0.05140143 0.9567429 -0.05708211 0.9622549 -0.05708211 0.9622549 -0.05140143 0.9567429 -0.04645192 0.9675419 -0.04645192 0.9675419 -0.05140143 0.9567429 -0.04414588 0.9654608 -0.05140143 0.9567429 -0.04161489 0.9634923 -0.04414588 0.9654608 -0.04414588 0.9654608 -0.04161489 0.9634923 -0.0440334 0.9655171 -0.0440334 0.9655171 -0.04161489 0.9634923 -0.04155862 0.9636048 -0.04161489 0.9634923 -0.03902763 0.9617487 -0.04155862 0.9636048 -0.04155862 0.9636048 -0.03902763 0.9617487 -0.03897136 0.9618611 -0.03902763 0.9617487 -0.03632789 0.9601739 -0.03897136 0.9618611 -0.03897136 0.9618611 -0.03632789 0.9601739 -0.03627163 0.9602863 -0.03632789 0.9601739 -0.03554046 0.9599488 -0.03627163 0.9602863 -0.02558517 0.9637735 -0.02558517 0.9644485 -0.02569764 0.9644485 -0.02558517 0.9644485 -0.02558517 0.9665857 -0.02569764 0.9644485 -0.02558517 0.9665857 -0.02569764 0.9709728 -0.02569764 0.9644485 -0.03554046 0.9598926 -0.02901607 0.9571929 -0.02749747 0.9684418 -0.02901607 0.9571929 -0.02164804 0.9667544 -0.02749747 0.9684418 -0.02569764 0.9783408 -0.02924108 0.9782283 -0.02569764 0.9724914 -0.02924108 0.9782283 -0.02924108 0.9741787 -0.02569764 0.9724914 -0.02569764 0.9724914 -0.02924108 0.9741787 -0.02924108 0.973335 -0.02924108 0.9741787 -0.02581018 0.9702978 -0.02924108 0.973335 -0.02581018 0.9702978 -0.02969104 0.9719852 -0.02924108 0.973335 -0.02924108 0.973335 -0.02969104 0.9719852 -0.02924108 0.9702978 -0.02924108 0.9702978 -0.02969104 0.9719852 -0.02924108 0.9682731 -0.02924108 0.9682731 -0.02969104 0.9719852 -0.03329068 0.9741787 -0.02969104 0.9719852 -0.03323441 0.9742349 -0.03329068 0.9741787 -0.03329068 0.9741787 -0.03323441 0.9742349 -0.03649663 0.9768785 -0.03323441 0.9742349 -0.0363841 0.9769909 -0.03649663 0.9768785 -0.03649663 0.9768785 -0.0363841 0.9769909 -0.03930884 0.9800282 -0.0363841 0.9769909 -0.03919637 0.9800844 -0.03930884 0.9800282 -0.03919637 0.9800844 -0.04161489 0.9835153 -0.03930884 0.9800282 -0.03930884 0.9800282 -0.04161489 0.9835153 -0.04172736 0.9834029 -0.04172736 0.9834029 -0.04161489 0.9835153 -0.04358345 0.9871712 -0.04161489 0.9835153 -0.03216576 0.9901522 -0.04358345 0.9871712 -0.03216576 0.9901522 -0.03323441 0.9922895 -0.04358345 0.9871712 -0.04358345 0.9871712 -0.03323441 0.9922895 -0.04504579 0.9911083 -0.04504579 0.9911083 -0.03323441 0.9922895 -0.03402185 0.9945393 -0.03323441 0.9922895 -0.03312194 0.9923457 -0.03402185 0.9945393 -0.03312194 0.9923457 -0.03390938 0.9945393 -0.03402185 0.9945393 -0.03402185 0.9945393 -0.03390938 0.9945393 -0.03452807 0.9968453 -0.03452807 0.9968453 -0.03390938 0.9945393 -0.03441554 0.9968453 -0.03390938 0.9945393 -0.0337969 0.9945955 -0.03441554 0.9968453 -0.03441554 0.9968453 -0.0337969 0.9945955 -0.03430306 0.9969015 -0.0337969 0.9945955 -0.03374063 0.9945955 -0.03430306 0.9969015 -0.03430306 0.9969015 -0.03374063 0.9945955 -0.03424686 0.9969015 -0.03374063 0.9945955 -0.03194081 0.9951017 -0.03424686 0.9969015 -0.03194081 0.9951017 -0.03244704 0.9971827 -0.03424686 0.9969015 -0.03424686 0.9969015 -0.03244704 0.9971827 -0.0344718 0.9992076 -0.03244704 0.9971827 -0.03261572 0.99932 -0.0344718 0.9992076 -0.0344718 0.9992076 -0.03261572 0.99932 -0.03441554 1.00157 -0.03441554 1.00157 -0.03261572 0.99932 -0.03261572 1.001401 -0.03261572 0.99932 -0.03250324 1.001401 -0.03261572 1.001401 -0.03261572 1.001401 -0.03250324 1.001401 -0.03222203 1.003482 -0.03250324 1.001401 -0.03210955 1.003482 -0.03222203 1.003482 -0.03210955 1.003482 -0.03154706 1.005507 -0.03222203 1.003482 -0.03222203 1.003482 -0.03154706 1.005507 -0.0316596 1.005507 -0.0316596 1.005507 -0.03154706 1.005507 -0.03081589 1.007419 -0.03154706 1.005507 -0.03070342 1.007363 -0.03081589 1.007419 -0.03081589 1.007419 -0.03070342 1.007363 -0.02969104 1.009219 -0.03070342 1.007363 -0.02153557 1.003707 -0.02969104 1.009219 -0.02969104 1.009219 -0.02153557 1.003707 -0.02845364 1.010906 -0.02153557 1.003707 -0.02035444 1.005226 -0.02845364 1.010906 -0.02845364 1.010906 -0.02035444 1.005226 -0.02704751 1.012425 -0.02704751 1.012425 -0.02035444 1.005226 -0.0254727 1.013775 -0.02035444 1.005226 -0.01883584 1.006407 -0.0254727 1.013775 -0.0254727 1.013775 -0.01883584 1.006407 -0.02372908 1.014956 -0.02372908 1.014956 -0.01883584 1.006407 -0.02187305 1.015856 -0.01883584 1.006407 -0.01703602 1.007138 -0.02187305 1.015856 -0.02187305 1.015856 -0.01703602 1.007138 -0.01990449 1.016587 -0.01990449 1.016587 -0.01703602 1.007138 -0.01787966 1.017037 -0.01703602 1.007138 -0.01512372 1.007419 -0.01787966 1.017037 -0.01787966 1.017037 -0.01512372 1.007419 -0.01579862 1.017206 -0.01579862 1.017206 -0.01512372 1.007419 -0.01371759 1.017206 -0.01512372 1.007419 -0.01321136 1.007138 -0.01371759 1.017206 -0.01371759 1.017206 -0.01321136 1.007138 -0.01169276 1.016868 -0.01169276 1.016868 -0.01321136 1.007138 -0.009667992 1.016362 -0.01321136 1.007138 -0.01141154 1.006407 -0.009667992 1.016362 -0.009667992 1.016362 -0.01141154 1.006407 -0.007755637 1.015575 -0.007755637 1.015575 -0.01141154 1.006407 -0.005899608 1.014562 -0.005899608 1.014562 -0.01141154 1.006407 -0.00421226 1.013381 -0.01141154 1.006407 -0.00989294 1.005226 -0.00421226 1.013381 -0.00989294 1.005226 -0.002693653 1.011919 -0.00421226 1.013381 -0.00421226 1.013381 -0.002693653 1.011919 -0.004155993 1.013437 -0.002693653 1.011919 -0.002637386 1.012031 -0.004155993 1.013437 -0.004155993 1.013437 -0.002637386 1.012031 -0.004099786 1.013494 -0.002637386 1.012031 -0.002524912 1.012088 -0.004099786 1.013494 -0.004099786 1.013494 -0.002524912 1.012088 -0.004043519 1.013606 -0.002524912 1.012088 -0.002468705 1.012144 -0.004043519 1.013606 -0.004043519 1.013606 -0.002468705 1.012144 -0.001175045 1.013437 -0.002468705 1.012144 3.43524e-4 1.011638 -0.001175045 1.013437 -0.001175045 1.013437 3.43524e-4 1.011638 4.56013e-4 1.011694 3.43524e-4 1.011638 0.001749634 1.009725 4.56013e-4 1.011694 4.56013e-4 1.011694 0.001749634 1.009725 0.001805841 1.009781 0.001749634 1.009725 0.002874493 1.007644 0.001805841 1.009781 0.001805841 1.009781 0.002874493 1.007644 0.002986967 1.0077 0.002874493 1.007644 0.003774404 1.005451 0.002986967 1.0077 0.002986967 1.0077 0.003774404 1.005451 0.01530456 1.006913 0.003774404 1.005451 0.004280626 1.003145 0.01530456 1.006913 0.004280626 1.003145 0.01597946 1.002751 0.01530456 1.006913 0.01530456 1.006913 0.01597946 1.002751 0.01547324 1.006913 0.01597946 1.002751 0.01609194 1.002807 0.01547324 1.006913 0.01547324 1.006913 0.01609194 1.002807 0.01558578 1.006969 0.01558578 1.006969 0.01609194 1.002807 0.01620447 1.002807 0.01609194 1.002807 0.01620447 0.9985889 0.01620447 1.002807 0.01620447 0.9985889 0.01631695 0.9985889 0.01620447 1.002807 0.01620447 1.002807 0.01631695 0.9985889 0.01631695 1.002807 0.01631695 0.9985889 0.01642942 0.9985889 0.01631695 1.002807 -0.02924108 1.002807 0.01631695 1.002807 -0.02924108 1.000951 0.01631695 1.002807 0.01642942 0.9985889 -0.02924108 1.000951 -0.02924108 1.000951 0.01642942 0.9985889 -0.02924108 0.9985889 -0.02924108 0.9985889 0.01642942 0.9985889 -0.02924108 0.9952704 0.01642942 0.9985889 0.0159232 0.9944267 -0.02924108 0.9952704 -0.02924108 0.9952704 0.0159232 0.9944267 -0.02924108 0.9943705 0.0159232 0.9944267 0.01491081 0.9903209 -0.02924108 0.9943705 0.01491081 0.9903209 -0.02924108 0.9902647 -0.02924108 0.9943705 -0.02924108 0.9943705 -0.02924108 0.9902647 -0.02569764 0.9890273 -0.02924108 0.9902647 -0.02924108 0.9897584 -0.02569764 0.9890273 -0.02924108 0.9897584 -0.02569764 0.9835153 -0.02569764 0.9890273 0.01693564 0.9890273 0.01446086 0.9835153 0.02497857 0.9795782 0.01446086 0.9835153 0.02126646 0.97356 0.02497857 0.9795782 -0.02569764 0.97356 -0.02558517 0.9748536 -0.02569764 0.9795782 -0.02558517 0.9748536 -0.02558517 0.9774972 -0.02569764 0.9795782 -0.02558517 0.9774972 -0.02558517 0.9795782 -0.02569764 0.9795782 -0.02569764 0.9795782 -0.02558517 0.9795782 -0.02558517 0.9802531 0.02497857 0.9795782 0.02542853 0.9802531 0.02531605 0.9802531 0.02542853 0.9802531 0.02672219 0.9831216 0.02531605 0.9802531 0.02531605 0.9802531 0.02672219 0.9831216 0.02660971 0.9831216 0.02672219 0.9831216 0.02779084 0.9860463 0.02660971 0.9831216 0.02660971 0.9831216 0.02779084 0.9860463 0.02767831 0.9861026 0.02779084 0.9860463 0.02863448 0.9890835 0.02767831 0.9861026 0.02767831 0.9861026 0.02863448 0.9890835 0.02852201 0.9891398 0.02852201 0.9891398 0.02863448 0.9890835 0.02930945 0.992177 0.02863448 0.9890835 0.0385335 0.9825592 0.02930945 0.992177 0.0385335 0.9825592 0.04044586 0.9902084 0.02930945 0.992177 0.02930945 0.992177 0.04044586 0.9902084 0.0297594 0.9952704 0.0297594 0.9952704 0.04044586 0.9902084 0.02998435 0.9984201 0.04044586 0.9902084 0.0412895 0.9980264 0.02998435 0.9984201 0.02998435 0.9984201 0.0412895 0.9980264 0.02998435 1.00157 0.02998435 1.00157 0.0412895 0.9980264 0.0297594 1.004719 0.0412895 0.9980264 0.04100829 1.005901 0.0297594 1.004719 0.0297594 1.004719 0.04100829 1.005901 0.02930945 1.007813 0.02930945 1.007813 0.04100829 1.005901 0.02863448 1.010906 0.02672219 1.016925 0.02779084 1.013944 0.03965842 1.013662 0.02779084 1.013944 0.02863448 1.010906 0.03965842 1.013662 0.02863448 1.010906 0.04100829 1.005901 0.03965842 1.013662 0.04100829 1.005901 0.06772446 1.0131 0.03965842 1.013662 0.06772446 1.0131 0.0664308 1.019568 0.03965842 1.013662 0.03965842 1.013662 0.0664308 1.019568 0.06463098 1.025924 0.0664308 1.019568 0.06648707 1.026542 0.06463098 1.025924 0.06648707 1.026542 0.06418102 1.032842 0.06463098 1.025924 0.06463098 1.025924 0.06418102 1.032842 0.06232494 1.032111 0.06232494 1.032111 0.06418102 1.032842 0.06131255 1.038972 0.06418102 1.032842 0.0629999 1.039816 0.06131255 1.038972 0.06131255 1.038972 0.0629999 1.039816 0.0596252 1.045834 0.0629999 1.039816 0.0610876 1.046734 0.0596252 1.045834 0.0610876 1.046734 0.05720669 1.052584 0.0596252 1.045834 0.0596252 1.045834 0.05720669 1.052584 0.05580061 1.051515 0.05720669 1.052584 0.05287587 1.058096 0.05580061 1.051515 0.05580061 1.051515 0.05287587 1.058096 0.05152601 1.056971 0.05287587 1.058096 0.0480951 1.063214 0.05152601 1.056971 0.05152601 1.056971 0.0480951 1.063214 0.04685771 1.061976 0.04685771 1.061976 0.0480951 1.063214 0.04292058 1.067995 0.0480951 1.063214 0.04826384 1.065126 0.04292058 1.067995 0.04826384 1.065126 0.04393303 1.069119 0.04292058 1.067995 0.04292058 1.067995 0.04393303 1.069119 0.03740864 1.072325 0.04393303 1.069119 0.04100829 1.071482 0.03740864 1.072325 0.04100829 1.071482 0.03830856 1.073563 0.03740864 1.072325 0.03740864 1.072325 0.03830856 1.073563 0.03307783 1.07705 0.03830856 1.073563 0.04218941 1.082056 0.03307783 1.07705 0.04218941 1.082056 0.03791481 1.084812 0.03307783 1.07705 0.03307783 1.07705 0.03791481 1.084812 0.03240287 1.077556 0.03791481 1.084812 0.03600251 1.086049 0.03240287 1.077556 0.03240287 1.077556 0.03600251 1.086049 0.02615976 1.081043 0.02615976 1.081043 0.03600251 1.086049 0.02947813 1.089592 0.02947813 1.089592 0.03600251 1.086049 -0.005393385 0.9699604 0.03600251 1.086049 -0.005393385 0.9633798 -0.005393385 0.9699604 -0.005393385 0.9633798 -0.003706037 0.9695667 -0.005393385 0.9699604 -0.003706037 0.9695667 -0.003706037 0.9764285 -0.005393385 0.9699604 -0.005393385 0.9699604 -0.003706037 0.9764285 -0.005393385 0.976766 -0.003706037 0.9764285 -0.003706037 0.9835153 -0.005393385 0.976766 -0.005393385 0.976766 -0.003706037 0.9835153 -0.005393385 0.9837965 -0.003706037 0.9835153 -0.003706037 0.9907709 -0.005393385 0.9837965 -0.005393385 0.9837965 -0.003706037 0.9907709 -0.005393385 0.9909958 -0.005393385 0.9909958 -0.003706037 0.9907709 -0.003706037 0.9981951 -0.003706037 0.9907709 -0.001793742 0.9980826 -0.003706037 0.9981951 -0.001793742 0.9980826 -0.001793742 1.005619 -0.003706037 0.9981951 -0.003706037 0.9981951 -0.001793742 1.005619 -0.003706037 1.005676 -0.001793742 1.005619 -0.001793742 1.013212 -0.003706037 1.005676 -0.003706037 1.005676 -0.001793742 1.013212 -0.003706037 1.013212 -0.001793742 1.013212 -0.001793742 1.020805 -0.003706037 1.013212 -0.003706037 1.013212 -0.001793742 1.020805 -0.003706037 1.020805 -0.001793742 1.020805 -0.001793742 1.028398 -0.003706037 1.020805 -0.003706037 1.020805 -0.001793742 1.028398 -0.003706037 1.028286 -0.001793742 1.028398 -0.001793742 1.035879 -0.003706037 1.028286 -0.003706037 1.028286 -0.001793742 1.035879 -0.003706037 1.035766 -0.001793742 1.035879 -0.001793742 1.043247 -0.003706037 1.035766 -0.003706037 1.035766 -0.001793742 1.043247 -0.003706037 1.043078 -0.001793742 1.043247 -0.001793742 1.050503 -0.003706037 1.043078 -0.003706037 1.043078 -0.001793742 1.050503 -0.003706037 1.050278 -0.001793742 1.050503 -0.001793742 1.057533 -0.003706037 1.050278 -0.003706037 1.050278 -0.001793742 1.057533 -0.003706037 1.057308 -0.001793742 1.057533 -0.001793742 1.064339 -0.003706037 1.057308 -0.003706037 1.057308 -0.001793742 1.064339 -0.003706037 1.064057 -0.001793742 1.064339 -0.001793742 1.070863 -0.003706037 1.064057 -0.003706037 1.064057 -0.001793742 1.070863 -0.003706037 1.070526 -0.001793742 1.070863 -0.001793742 1.077106 -0.003706037 1.070526 -0.003706037 1.070526 -0.001793742 1.077106 -0.003706037 1.076712 -0.001793742 1.077106 -0.001793742 1.082956 -0.003706037 1.076712 -0.003706037 1.076712 -0.001793742 1.082956 -0.003706037 1.082618 -0.001793742 1.082956 0.001805841 1.072044 -0.003706037 1.082618 -0.003706037 1.082618 0.001805841 1.072044 0.00366193 1.07165 0.001805841 1.072044 0.001805841 1.06642 0.00366193 1.07165 0.001805841 1.06642 0.00366193 1.066026 0.00366193 1.07165 0.00366193 1.07165 0.00366193 1.066026 0.005405485 1.070976 0.00366193 1.066026 0.005405485 1.065464 0.005405485 1.070976 -0.08857905 1.067826 0.005405485 1.070976 -0.09150379 1.06462 0.005405485 1.070976 0.005405485 1.065464 -0.09150379 1.06462 -0.09150379 1.06462 0.005405485 1.065464 -0.09544086 1.05967 0.005405485 1.065464 0.005405485 1.059558 -0.09544086 1.05967 -0.09544086 1.05967 0.005405485 1.059558 -0.09605956 1.058827 0.005405485 1.059558 0.005405485 1.053315 -0.09605956 1.058827 -0.09605956 1.058827 0.005405485 1.053315 -0.1002216 1.052696 -0.1002216 1.052696 0.005405485 1.053315 -0.1012903 1.050784 -0.1012903 1.050784 0.005405485 1.053315 -0.1038776 1.046228 0.005405485 1.053315 0.005405485 1.046847 -0.1038776 1.046228 0.005405485 1.046847 -0.1061836 1.041335 -0.1038776 1.046228 -0.1038776 1.046228 -0.1061836 1.041335 -0.09785938 1.037566 -0.09785938 1.037566 -0.1061836 1.041335 -0.09915304 1.03481 -0.1061836 1.041335 -0.1070272 1.039591 -0.09915304 1.03481 -0.1070272 1.039591 -0.109727 1.032673 -0.09915304 1.03481 -0.09915304 1.03481 -0.109727 1.032673 -0.101459 1.028567 -0.109727 1.032673 -0.1101207 1.031436 -0.101459 1.028567 -0.1101207 1.031436 -0.1016278 1.028117 -0.101459 1.028567 -0.101459 1.028567 -0.1016278 1.028117 -0.1001654 1.027611 -0.1016278 1.028117 -0.1035401 1.021199 -0.1001654 1.027611 -0.1001654 1.027611 -0.1035401 1.021199 -0.1020777 1.020862 -0.1035401 1.021199 -0.1039338 1.019231 -0.1020777 1.020862 -0.1039338 1.019231 -0.1034276 1.014 -0.1020777 1.020862 -0.1020777 1.020862 -0.1034276 1.014 -0.1003904 1.020468 -0.1003904 1.020468 -0.1034276 1.014 -0.1017403 1.013719 -0.1034276 1.014 -0.1042713 1.007025 -0.1017403 1.013719 -0.1042713 1.007025 -0.1025277 1.006857 -0.1017403 1.013719 -0.1017403 1.013719 -0.1025277 1.006857 -0.09988421 1.013437 -0.09988421 1.013437 -0.1025277 1.006857 -0.1006717 1.006744 -0.1025277 1.006857 -0.1028089 0.999995 -0.1006717 1.006744 -0.1006717 1.006744 -0.1028089 0.999995 -0.1009529 0.999995 -0.1028089 0.999995 -0.1025277 0.9931331 -0.1009529 0.999995 -0.1009529 0.999995 -0.1025277 0.9931331 -0.1006717 0.9932456 -0.1025277 0.9931331 -0.1017403 0.9862713 -0.1006717 0.9932456 -0.1006717 0.9932456 -0.1017403 0.9862713 -0.09988421 0.9865525 -0.1017403 0.9862713 -0.1003904 0.9795219 -0.09988421 0.9865525 -0.09988421 0.9865525 -0.1003904 0.9795219 -0.09853434 0.9799719 -0.1003904 0.9795219 -0.09853434 0.9728851 -0.09853434 0.9799719 -0.09853434 0.9799719 -0.09853434 0.9728851 -0.09673452 0.9735038 -0.09853434 0.9728851 -0.09611582 0.966417 -0.09673452 0.9735038 -0.09673452 0.9735038 -0.09611582 0.966417 -0.09442847 0.9671482 -0.09611582 0.966417 -0.09324735 0.9601739 -0.09442847 0.9671482 -0.09442847 0.9671482 -0.09324735 0.9601739 -0.09156 0.9610175 -0.09324735 0.9601739 -0.08987265 0.9542119 -0.09156 0.9610175 -0.08987265 0.9542119 -0.08829784 0.9551681 -0.09156 0.9610175 -0.09156 0.9610175 -0.08829784 0.9551681 -0.08981645 0.9619174 -0.08981645 0.9619174 -0.08829784 0.9551681 -0.08661049 0.9561805 -0.08829784 0.9551681 -0.08452945 0.9495436 -0.08661049 0.9561805 -0.08452945 0.9495436 -0.08295458 0.9507247 -0.08661049 0.9561805 -0.08661049 0.9561805 -0.08295458 0.9507247 -0.06191915 0.9684418 -0.08295458 0.9507247 -0.05708211 0.9622549 -0.06191915 0.9684418 -0.06191915 0.9684418 -0.05708211 0.9622549 -0.05067026 0.9722102 -0.05067026 0.9722102 -0.05708211 0.9622549 -0.04864543 0.9697917 -0.05708211 0.9622549 -0.04645192 0.9675419 -0.04864543 0.9697917 -0.04858916 0.9699041 -0.04864543 0.9697917 -0.04690188 0.9682168 -0.04864543 0.9697917 -0.04645192 0.9675419 -0.04690188 0.9682168 -0.04690188 0.9682168 -0.04645192 0.9675419 -0.04639565 0.9676544 -0.04645192 0.9675419 -0.04414588 0.9654608 -0.04639565 0.9676544 -0.04414588 0.9654608 -0.0440334 0.9655171 -0.04639565 0.9676544 -0.02558517 0.9535933 -0.02558517 0.9559555 -0.02569764 0.9584302 -0.02558517 0.9559555 -0.02558517 0.9584302 -0.02569764 0.9584302 -0.02558517 0.9584302 -0.02558517 0.9610175 -0.02569764 0.9584302 -0.02558517 0.9610175 -0.02558517 0.9637735 -0.02569764 0.9584302 -0.02558517 0.9637735 -0.02569764 0.9644485 -0.02569764 0.9584302 -0.04155862 0.9636048 -0.03554046 0.9598926 -0.0329532 0.9711977 -0.03554046 0.9598926 -0.02749747 0.9684418 -0.0329532 0.9711977 -0.02569764 0.9724914 -0.02924108 0.973335 -0.02569764 0.9670357 -0.02924108 0.973335 -0.02924108 0.9702978 -0.02569764 0.9670357 -0.02924108 0.9702978 -0.02924108 0.9682731 -0.02569764 0.9670357 -0.02569764 0.9670357 -0.02924108 0.9682731 -0.02924108 0.9666982 -0.02924108 0.9682731 -0.03329068 0.9741787 -0.02924108 0.9666982 -0.02924108 0.9666982 -0.03329068 0.9741787 -0.02924108 0.9637172 -0.02924108 0.9637172 -0.03329068 0.9741787 -0.03655284 0.9768222 -0.03329068 0.9741787 -0.03649663 0.9768785 -0.03655284 0.9768222 -0.03655284 0.9768222 -0.03649663 0.9768785 -0.03936511 0.9799719 -0.03649663 0.9768785 -0.03930884 0.9800282 -0.03936511 0.9799719 -0.03930884 0.9800282 -0.04172736 0.9834029 -0.03936511 0.9799719 -0.03936511 0.9799719 -0.04172736 0.9834029 -0.04183983 0.9833466 -0.04183983 0.9833466 -0.04172736 0.9834029 -0.04369592 0.987115 -0.04172736 0.9834029 -0.04358345 0.9871712 -0.04369592 0.987115 -0.04358345 0.9871712 -0.04504579 0.9911083 -0.04369592 0.987115 -0.04369592 0.987115 -0.04504579 0.9911083 -0.04515826 0.9910521 -0.04515826 0.9910521 -0.04504579 0.9911083 -0.0459457 0.995158 -0.04504579 0.9911083 -0.03402185 0.9945393 -0.0459457 0.995158 -0.03402185 0.9945393 -0.03452807 0.9968453 -0.0459457 0.995158 -0.0459457 0.995158 -0.03452807 0.9968453 -0.04633939 0.99932 -0.04633939 0.99932 -0.03452807 0.9968453 -0.03475302 0.9992076 -0.03452807 0.9968453 -0.03441554 0.9968453 -0.03475302 0.9992076 -0.03475302 0.9992076 -0.03441554 0.9968453 -0.03464055 0.9992076 -0.03441554 0.9968453 -0.03430306 0.9969015 -0.03464055 0.9992076 -0.03464055 0.9992076 -0.03430306 0.9969015 -0.03458428 0.9992076 -0.03430306 0.9969015 -0.03424686 0.9969015 -0.03458428 0.9992076 -0.03424686 0.9969015 -0.0344718 0.9992076 -0.03458428 0.9992076 -0.03458428 0.9992076 -0.0344718 0.9992076 -0.03452807 1.00157 -0.0344718 0.9992076 -0.03441554 1.00157 -0.03452807 1.00157 -0.03452807 1.00157 -0.03441554 1.00157 -0.03419059 1.003876 -0.03419059 1.003876 -0.03441554 1.00157 -0.03407812 1.003876 -0.03441554 1.00157 -0.03261572 1.001401 -0.03407812 1.003876 -0.03407812 1.003876 -0.03261572 1.001401 -0.03227829 1.003482 -0.03261572 1.001401 -0.03222203 1.003482 -0.03227829 1.003482 -0.03222203 1.003482 -0.0316596 1.005507 -0.03227829 1.003482 -0.03227829 1.003482 -0.0316596 1.005507 -0.03177207 1.005563 -0.03177207 1.005563 -0.0316596 1.005507 -0.03087216 1.007475 -0.0316596 1.005507 -0.03081589 1.007419 -0.03087216 1.007475 -0.03087216 1.007475 -0.03081589 1.007419 -0.02980351 1.009275 -0.03081589 1.007419 -0.02969104 1.009219 -0.02980351 1.009275 -0.02969104 1.009219 -0.02845364 1.010906 -0.02980351 1.009275 -0.02980351 1.009275 -0.02845364 1.010906 -0.02856612 1.010963 -0.02845364 1.010906 -0.02704751 1.012425 -0.02856612 1.010963 -0.02856612 1.010963 -0.02704751 1.012425 -0.02716004 1.012481 -0.02704751 1.012425 -0.0254727 1.013775 -0.02716004 1.012481 -0.02716004 1.012481 -0.0254727 1.013775 -0.0255289 1.013887 -0.0254727 1.013775 -0.02372908 1.014956 -0.0255289 1.013887 -0.0255289 1.013887 -0.02372908 1.014956 -0.02378535 1.015012 -0.02372908 1.014956 -0.02187305 1.015856 -0.02378535 1.015012 -0.02378535 1.015012 -0.02187305 1.015856 -0.02192926 1.015968 -0.02187305 1.015856 -0.01990449 1.016587 -0.02192926 1.015968 -0.02192926 1.015968 -0.01990449 1.016587 -0.0199607 1.016643 -0.01990449 1.016587 -0.01787966 1.017037 -0.0199607 1.016643 -0.0199607 1.016643 -0.01787966 1.017037 -0.01787966 1.017093 -0.01787966 1.017037 -0.01579862 1.017206 -0.01787966 1.017093 -0.01787966 1.017093 -0.01579862 1.017206 -0.01579862 1.017318 -0.01579862 1.017206 -0.01371759 1.017206 -0.01579862 1.017318 -0.01579862 1.017318 -0.01371759 1.017206 -0.01371759 1.017262 -0.01371759 1.017206 -0.01169276 1.016868 -0.01371759 1.017262 -0.01371759 1.017262 -0.01169276 1.016868 -0.01163655 1.016981 -0.01169276 1.016868 -0.009667992 1.016362 -0.01163655 1.016981 -0.01163655 1.016981 -0.009667992 1.016362 -0.009611725 1.016475 -0.009667992 1.016362 -0.007755637 1.015575 -0.009611725 1.016475 -0.009611725 1.016475 -0.007755637 1.015575 -0.007699429 1.015687 -0.007755637 1.015575 -0.005899608 1.014562 -0.007699429 1.015687 -0.007699429 1.015687 -0.005899608 1.014562 -0.005843341 1.014675 -0.005899608 1.014562 -0.00421226 1.013381 -0.005843341 1.014675 -0.00421226 1.013381 -0.004155993 1.013437 -0.005843341 1.014675 -0.005843341 1.014675 -0.004155993 1.013437 -0.005787074 1.014731 -0.004155993 1.013437 -0.004099786 1.013494 -0.005787074 1.014731 -0.005787074 1.014731 -0.004099786 1.013494 -0.005730867 1.014843 -0.004099786 1.013494 -0.004043519 1.013606 -0.005730867 1.014843 -0.005730867 1.014843 -0.004043519 1.013606 -0.002862393 1.015012 -0.004043519 1.013606 -0.001175045 1.013437 -0.002862393 1.015012 -0.002862393 1.015012 -0.001175045 1.013437 -0.001062572 1.013494 -0.001175045 1.013437 4.56013e-4 1.011694 -0.001062572 1.013494 -0.001062572 1.013494 4.56013e-4 1.011694 5.12257e-4 1.01175 4.56013e-4 1.011694 0.001805841 1.009781 5.12257e-4 1.01175 5.12257e-4 1.01175 0.001805841 1.009781 0.001918315 1.009838 0.001805841 1.009781 0.002986967 1.0077 0.001918315 1.009838 0.001918315 1.009838 0.002986967 1.0077 0.01412338 1.010906 0.002986967 1.0077 0.01530456 1.006913 0.01412338 1.010906 0.01412338 1.010906 0.01530456 1.006913 0.01423591 1.010963 0.01530456 1.006913 0.01547324 1.006913 0.01423591 1.010963 0.01423591 1.010963 0.01547324 1.006913 0.01434838 1.010963 0.01547324 1.006913 0.01558578 1.006969 0.01434838 1.010963 0.01434838 1.010963 0.01558578 1.006969 0.01446086 1.011019 0.01446086 1.011019 0.01558578 1.006969 0.01564198 1.006969 0.01558578 1.006969 0.01620447 1.002807 0.01564198 1.006969 0.01620447 1.002807 0.01631695 1.002807 0.01564198 1.006969 -0.02924108 1.006969 0.01564198 1.006969 -0.02924108 1.006576 0.01564198 1.006969 0.01631695 1.002807 -0.02924108 1.006576 0.01631695 1.002807 -0.02924108 1.002807 -0.02924108 1.006576 -0.02924108 1.006576 -0.02924108 1.002807 -0.02569764 1.001007 -0.02924108 1.002807 -0.02924108 1.000951 -0.02569764 1.001007 -0.02924108 1.000951 -0.02924108 0.9985889 -0.02569764 1.001007 -0.02569764 1.001007 -0.02924108 0.9985889 -0.02569764 0.994933 -0.02924108 0.9985889 -0.02924108 0.9952704 -0.02569764 0.994933 -0.02924108 0.9952704 -0.02924108 0.9943705 -0.02569764 0.994933 -0.02924108 0.9943705 -0.02569764 0.9890273 -0.02569764 0.994933 0.01839798 0.994933 0.01693564 0.9890273 0.02767831 0.9861026 0.01693564 0.9890273 0.02497857 0.9795782 0.02767831 0.9861026 -0.02569764 0.9795782 -0.02558517 0.9802531 -0.02569764 0.9861026 -0.02558517 0.9802531 -0.02558517 0.9831216 -0.02569764 0.9861026 -0.02558517 0.9831216 -0.02558517 0.9861026 -0.02569764 0.9861026 -0.02558517 0.9861026 -0.02558517 0.9891398 -0.02569764 0.9861026 -0.02569764 0.9861026 -0.02558517 0.9891398 -0.02558517 0.992177 0.02852201 0.9891398 0.02930945 0.992177 0.02919691 0.992177 0.02919691 0.992177 0.02930945 0.992177 0.02930945 0.9929644 0.02930945 0.992177 0.0297594 0.9952704 0.02930945 0.9929644 0.02930945 0.9929644 0.0297594 0.9952704 0.02964687 0.9952704 0.0297594 0.9952704 0.02998435 0.9984201 0.02964687 0.9952704 0.02964687 0.9952704 0.02998435 0.9984201 0.02987188 0.9984201 0.02987188 0.9984201 0.02998435 0.9984201 0.02987188 0.999995 0.02998435 0.9984201 0.02998435 1.00157 0.02987188 0.999995 0.02987188 0.999995 0.02998435 1.00157 0.02987188 1.00157 0.02998435 1.00157 0.0297594 1.004719 0.02987188 1.00157 0.02987188 1.00157 0.0297594 1.004719 0.02964687 1.004719 0.02964687 1.004719 0.0297594 1.004719 0.02930945 1.007025 0.0297594 1.004719 0.02930945 1.007813 0.02930945 1.007025 0.02930945 1.007025 0.02930945 1.007813 0.02919691 1.007813 0.02930945 1.007813 0.02863448 1.010906 0.02919691 1.007813 0.02919691 1.007813 0.02863448 1.010906 0.02852201 1.010906 0.02863448 1.010906 0.02779084 1.013944 0.02852201 1.010906 0.02852201 1.010906 0.02779084 1.013944 0.02767831 1.013887 0.02779084 1.013944 0.02672219 1.016925 0.02767831 1.013887 0.02767831 1.013887 0.02672219 1.016925 0.02660971 1.016868 0.02660971 1.016868 0.02672219 1.016925 0.02542853 1.019793 0.02542853 1.019793 0.02672219 1.016925 0.03718364 1.021143 0.02672219 1.016925 0.03965842 1.013662 0.03718364 1.021143 0.03965842 1.013662 0.06463098 1.025924 0.03718364 1.021143 0.06463098 1.025924 0.06232494 1.032111 0.03718364 1.021143 0.03718364 1.021143 0.06232494 1.032111 0.059569 1.038072 0.06232494 1.032111 0.06131255 1.038972 0.059569 1.038072 0.059569 1.038072 0.06131255 1.038972 0.05805039 1.044822 0.06131255 1.038972 0.0596252 1.045834 0.05805039 1.044822 0.0596252 1.045834 0.05580061 1.051515 0.05805039 1.044822 0.05805039 1.044822 0.05580061 1.051515 0.054282 1.050446 0.05580061 1.051515 0.05152601 1.056971 0.054282 1.050446 0.054282 1.050446 0.05152601 1.056971 0.05011987 1.055733 0.05152601 1.056971 0.04685771 1.061976 0.05011987 1.055733 0.05011987 1.055733 0.04685771 1.061976 0.04556411 1.060683 0.04556411 1.060683 0.04685771 1.061976 0.04179573 1.066701 0.04685771 1.061976 0.04292058 1.067995 0.04179573 1.066701 0.04292058 1.067995 0.03740864 1.072325 0.04179573 1.066701 0.04179573 1.066701 0.03740864 1.072325 0.03639626 1.070919 0.03639626 1.070919 0.03740864 1.072325 0.03161543 1.076263 0.03740864 1.072325 0.03307783 1.07705 0.03161543 1.076263 0.03307783 1.07705 0.03240287 1.077556 0.03161543 1.076263 0.03240287 1.077556 0.02615976 1.081043 0.03161543 1.076263 0.03161543 1.076263 0.02615976 1.081043 0.0254848 1.079693 0.0254848 1.079693 0.02615976 1.081043 0.02464115 1.081718 0.02615976 1.081043 0.02947813 1.089592 0.02464115 1.081718 0.02464115 1.081718 0.02947813 1.089592 0.02863448 1.089986 0.02947813 1.089592 -0.005393385 0.9699604 0.02863448 1.089986 -0.005393385 0.9699604 -0.005393385 0.976766 0.02863448 1.089986 0.02863448 1.089986 -0.005393385 0.976766 0.0227288 1.09263 0.0227288 1.09263 -0.005393385 0.976766 0.01879167 1.094092 -0.005393385 0.976766 -0.005393385 0.9837965 0.01879167 1.094092 0.01879167 1.094092 -0.005393385 0.9837965 0.01581072 1.095161 -0.005393385 0.9837965 -0.005393385 0.9909958 0.01581072 1.095161 0.01581072 1.095161 -0.005393385 0.9909958 0.008667707 1.097185 0.008667707 1.097185 -0.005393385 0.9909958 0.00861144 1.097185 0.00146836 1.098704 0.00861144 1.097185 -0.005393385 0.9983639 0.00861144 1.097185 -0.005393385 0.9909958 -0.005393385 0.9983639 -0.005393385 0.9909958 -0.003706037 0.9981951 -0.005393385 0.9983639 -0.003706037 0.9981951 -0.003706037 1.005676 -0.005393385 0.9983639 -0.005393385 0.9983639 -0.003706037 1.005676 -0.005393385 1.005788 -0.003706037 1.005676 -0.003706037 1.013212 -0.005393385 1.005788 -0.005393385 1.005788 -0.003706037 1.013212 -0.005393385 1.013269 -0.003706037 1.013212 -0.003706037 1.020805 -0.005393385 1.013269 -0.005393385 1.013269 -0.003706037 1.020805 -0.005393385 1.020749 -0.003706037 1.020805 -0.003706037 1.028286 -0.005393385 1.020749 -0.005393385 1.020749 -0.003706037 1.028286 -0.005393385 1.028173 -0.003706037 1.028286 -0.003706037 1.035766 -0.005393385 1.028173 -0.005393385 1.028173 -0.003706037 1.035766 -0.005393385 1.035598 -0.003706037 1.035766 -0.003706037 1.043078 -0.005393385 1.035598 -0.005393385 1.035598 -0.003706037 1.043078 -0.005393385 1.042853 -0.003706037 1.043078 -0.003706037 1.050278 -0.005393385 1.042853 -0.005393385 1.042853 -0.003706037 1.050278 -0.005393385 1.049996 -0.003706037 1.050278 -0.003706037 1.057308 -0.005393385 1.049996 -0.005393385 1.049996 -0.003706037 1.057308 -0.005393385 1.056914 -0.003706037 1.057308 -0.003706037 1.064057 -0.005393385 1.056914 -0.005393385 1.056914 -0.003706037 1.064057 -0.005393385 1.063608 -0.003706037 1.064057 -0.003706037 1.070526 -0.005393385 1.063608 -0.005393385 1.063608 -0.003706037 1.070526 -0.005393385 1.070019 -0.003706037 1.070526 -0.003706037 1.076712 -0.005393385 1.070019 -0.005393385 1.070019 -0.003706037 1.076712 -0.005393385 1.076206 -0.003706037 1.076712 -0.003706037 1.082618 -0.005393385 1.076206 -0.005393385 1.076206 -0.003706037 1.082618 -0.005393385 1.082 -0.003706037 1.082618 0.00366193 1.07165 -0.005393385 1.082 0.00366193 1.07165 0.005405485 1.070976 -0.005393385 1.082 -0.005393385 1.082 0.005405485 1.070976 -0.08115476 1.075194 -0.08115476 1.075194 0.005405485 1.070976 -0.08655422 1.070132 0.005405485 1.070976 -0.08857905 1.067826 -0.08655422 1.070132 -0.08655422 1.070132 -0.08857905 1.067826 -0.08188593 1.061639 -0.08188593 1.061639 -0.08857905 1.067826 -0.08424824 1.059052 -0.08857905 1.067826 -0.09150379 1.06462 -0.08424824 1.059052 -0.08424824 1.059052 -0.09150379 1.06462 -0.08807283 1.054215 -0.09150379 1.06462 -0.09544086 1.05967 -0.08807283 1.054215 -0.08807283 1.054215 -0.09544086 1.05967 -0.08869153 1.053427 -0.09544086 1.05967 -0.09605956 1.058827 -0.08869153 1.053427 -0.08869153 1.053427 -0.09605956 1.058827 -0.09262865 1.047522 -0.09605956 1.058827 -0.1002216 1.052696 -0.09262865 1.047522 -0.09262865 1.047522 -0.1002216 1.052696 -0.09341609 1.046115 -0.1002216 1.052696 -0.1012903 1.050784 -0.09341609 1.046115 -0.09341609 1.046115 -0.1012903 1.050784 -0.09611582 1.041278 -0.1012903 1.050784 -0.1038776 1.046228 -0.09611582 1.041278 -0.1038776 1.046228 -0.09785938 1.037566 -0.09611582 1.041278 -0.09611582 1.041278 -0.09785938 1.037566 -0.0977469 1.034192 -0.09785938 1.037566 -0.09915304 1.03481 -0.0977469 1.034192 -0.09915304 1.03481 -0.101459 1.028567 -0.0977469 1.034192 -0.101459 1.028567 -0.1001654 1.027611 -0.0977469 1.034192 -0.0977469 1.034192 -0.1001654 1.027611 -0.09611582 1.033573 -0.09611582 1.033573 -0.1001654 1.027611 -0.09853434 1.027105 -0.1001654 1.027611 -0.1020777 1.020862 -0.09853434 1.027105 -0.1020777 1.020862 -0.1003904 1.020468 -0.09853434 1.027105 -0.09853434 1.027105 -0.1003904 1.020468 -0.09673452 1.026542 -0.09673452 1.026542 -0.1003904 1.020468 -0.09853434 1.020018 -0.1003904 1.020468 -0.1017403 1.013719 -0.09853434 1.020018 -0.1017403 1.013719 -0.09988421 1.013437 -0.09853434 1.020018 -0.09853434 1.020018 -0.09988421 1.013437 -0.09667825 1.019568 -0.09667825 1.019568 -0.09988421 1.013437 -0.09797191 1.0131 -0.09988421 1.013437 -0.1006717 1.006744 -0.09797191 1.0131 -0.09797191 1.0131 -0.1006717 1.006744 -0.09870308 1.006576 -0.1006717 1.006744 -0.1009529 0.999995 -0.09870308 1.006576 -0.09870308 1.006576 -0.1009529 0.999995 -0.0989843 0.999995 -0.1009529 0.999995 -0.1006717 0.9932456 -0.0989843 0.999995 -0.0989843 0.999995 -0.1006717 0.9932456 -0.09870308 0.9934144 -0.1006717 0.9932456 -0.09988421 0.9865525 -0.09870308 0.9934144 -0.09870308 0.9934144 -0.09988421 0.9865525 -0.09797191 0.98689 -0.09988421 0.9865525 -0.09853434 0.9799719 -0.09797191 0.98689 -0.09797191 0.98689 -0.09853434 0.9799719 -0.09667825 0.9804219 -0.09853434 0.9799719 -0.09673452 0.9735038 -0.09667825 0.9804219 -0.09667825 0.9804219 -0.09673452 0.9735038 -0.09487843 0.9740663 -0.09673452 0.9735038 -0.09442847 0.9671482 -0.09487843 0.9740663 -0.09487843 0.9740663 -0.09442847 0.9671482 -0.09257245 0.9679356 -0.09442847 0.9671482 -0.09156 0.9610175 -0.09257245 0.9679356 -0.09156 0.9610175 -0.08981645 0.9619174 -0.09257245 0.9679356 -0.09257245 0.9679356 -0.08981645 0.9619174 -0.06585627 0.9752474 -0.08981645 0.9619174 -0.08661049 0.9561805 -0.06585627 0.9752474 -0.08661049 0.9561805 -0.06191915 0.9684418 -0.06585627 0.9752474 -0.06585627 0.9752474 -0.06191915 0.9684418 -0.05421364 0.9774409 -0.05421364 0.9774409 -0.06191915 0.9684418 -0.05252629 0.9747974 -0.06191915 0.9684418 -0.05067026 0.9722102 -0.05252629 0.9747974 -0.05241382 0.9748536 -0.05252629 0.9747974 -0.05151391 0.97356 -0.05252629 0.9747974 -0.05067026 0.9722102 -0.05151391 0.97356 -0.05151391 0.97356 -0.05067026 0.9722102 -0.05055773 0.9723227 -0.05067026 0.9722102 -0.04864543 0.9697917 -0.05055773 0.9723227 -0.04864543 0.9697917 -0.04858916 0.9699041 -0.05055773 0.9723227 0.02559727 0.9723227 0.02559727 0.9699041 -0.02569764 0.9530308 0.02559727 0.9699041 -0.02558517 0.953087 -0.02569764 0.9530308 -0.02558517 0.953087 -0.02558517 0.9535933 -0.02569764 0.9530308 -0.02558517 0.9535933 -0.02569764 0.9584302 -0.02569764 0.9530308 -0.04155862 0.9636048 -0.0329532 0.9711977 -0.04695808 0.9681606 -0.04695808 0.9681606 -0.0329532 0.9711977 -0.03779023 0.9747974 -0.02569764 0.9670357 -0.02924108 0.9666982 -0.02569764 0.9621986 -0.02924108 0.9666982 -0.02924108 0.9637172 -0.02569764 0.9621986 -0.02569764 0.9621986 -0.02924108 0.9637172 -0.02924108 0.9633798 -0.02924108 0.9637172 -0.03655284 0.9768222 -0.02924108 0.9633798 0.02925318 0.9798594 -0.02924108 0.9633798 -0.03947758 0.9799157 -0.02924108 0.9633798 -0.03655284 0.9768222 -0.03947758 0.9799157 -0.03655284 0.9768222 -0.03936511 0.9799719 -0.03947758 0.9799157 -0.03936511 0.9799719 -0.04183983 0.9833466 -0.03947758 0.9799157 -0.03947758 0.9799157 -0.04183983 0.9833466 -0.0418961 0.9832903 -0.0418961 0.9832903 -0.04183983 0.9833466 -0.0438084 0.9870587 -0.04183983 0.9833466 -0.04369592 0.987115 -0.0438084 0.9870587 -0.04369592 0.987115 -0.04515826 0.9910521 -0.0438084 0.9870587 -0.0438084 0.9870587 -0.04515826 0.9910521 -0.04527074 0.9909958 -0.04527074 0.9909958 -0.04515826 0.9910521 -0.04611444 0.995158 -0.04515826 0.9910521 -0.0459457 0.995158 -0.04611444 0.995158 -0.0459457 0.995158 -0.04633939 0.99932 -0.04611444 0.995158 -0.04611444 0.995158 -0.04633939 0.99932 -0.04645192 0.99932 -0.04645192 0.99932 -0.04633939 0.99932 -0.04617065 1.003482 -0.04633939 0.99932 -0.03475302 0.9992076 -0.04617065 1.003482 -0.04617065 1.003482 -0.03475302 0.9992076 -0.03469681 1.00157 -0.03475302 0.9992076 -0.03464055 0.9992076 -0.03469681 1.00157 -0.03469681 1.00157 -0.03464055 0.9992076 -0.03464055 1.00157 -0.03464055 0.9992076 -0.03458428 0.9992076 -0.03464055 1.00157 -0.03458428 0.9992076 -0.03452807 1.00157 -0.03464055 1.00157 -0.03464055 1.00157 -0.03452807 1.00157 -0.03430306 1.003932 -0.03452807 1.00157 -0.03419059 1.003876 -0.03430306 1.003932 -0.03430306 1.003932 -0.03419059 1.003876 -0.03368437 1.006182 -0.03368437 1.006182 -0.03419059 1.003876 -0.03357189 1.006182 -0.03419059 1.003876 -0.03407812 1.003876 -0.03357189 1.006182 -0.03357189 1.006182 -0.03407812 1.003876 -0.03351563 1.006126 -0.03407812 1.003876 -0.03227829 1.003482 -0.03351563 1.006126 -0.03227829 1.003482 -0.03177207 1.005563 -0.03351563 1.006126 -0.03351563 1.006126 -0.03177207 1.005563 -0.03261572 1.008319 -0.03261572 1.008319 -0.03177207 1.005563 -0.03098464 1.007532 -0.03177207 1.005563 -0.03087216 1.007475 -0.03098464 1.007532 -0.03098464 1.007532 -0.03087216 1.007475 -0.02985978 1.009332 -0.03087216 1.007475 -0.02980351 1.009275 -0.02985978 1.009332 -0.02980351 1.009275 -0.02856612 1.010963 -0.02985978 1.009332 -0.02985978 1.009332 -0.02856612 1.010963 -0.02862238 1.011019 -0.02856612 1.010963 -0.02716004 1.012481 -0.02862238 1.011019 -0.02862238 1.011019 -0.02716004 1.012481 -0.02721625 1.012594 -0.02716004 1.012481 -0.0255289 1.013887 -0.02721625 1.012594 -0.02721625 1.012594 -0.0255289 1.013887 -0.02558517 1.013944 -0.0255289 1.013887 -0.02378535 1.015012 -0.02558517 1.013944 -0.02558517 1.013944 -0.02378535 1.015012 -0.02384161 1.015125 -0.02378535 1.015012 -0.02192926 1.015968 -0.02384161 1.015125 -0.02384161 1.015125 -0.02192926 1.015968 -0.02198553 1.016025 -0.02192926 1.015968 -0.0199607 1.016643 -0.02198553 1.016025 -0.02198553 1.016025 -0.0199607 1.016643 -0.0199607 1.016756 -0.0199607 1.016643 -0.01787966 1.017093 -0.0199607 1.016756 -0.0199607 1.016756 -0.01787966 1.017093 -0.01793593 1.017206 -0.01787966 1.017093 -0.01579862 1.017318 -0.01793593 1.017206 -0.01793593 1.017206 -0.01579862 1.017318 -0.01579862 1.017431 -0.01579862 1.017318 -0.01371759 1.017262 -0.01579862 1.017431 -0.01579862 1.017431 -0.01371759 1.017262 -0.01371759 1.017374 -0.01371759 1.017262 -0.01163655 1.016981 -0.01371759 1.017374 -0.01371759 1.017374 -0.01163655 1.016981 -0.01163655 1.017093 -0.01163655 1.016981 -0.009611725 1.016475 -0.01163655 1.017093 -0.01163655 1.017093 -0.009611725 1.016475 -0.009611725 1.016531 -0.009611725 1.016475 -0.007699429 1.015687 -0.009611725 1.016531 -0.009611725 1.016531 -0.007699429 1.015687 -0.007643163 1.015743 -0.007699429 1.015687 -0.005843341 1.014675 -0.007643163 1.015743 -0.005843341 1.014675 -0.005787074 1.014731 -0.007643163 1.015743 -0.007643163 1.015743 -0.005787074 1.014731 -0.007586956 1.015856 -0.005787074 1.014731 -0.005730867 1.014843 -0.007586956 1.015856 -0.007586956 1.015856 -0.005730867 1.014843 -0.004774689 1.016362 -0.005730867 1.014843 -0.002862393 1.015012 -0.004774689 1.016362 -0.004774689 1.016362 -0.002862393 1.015012 -0.002806127 1.015069 -0.002862393 1.015012 -0.001062572 1.013494 -0.002806127 1.015069 -0.002806127 1.015069 -0.001062572 1.013494 -0.001006305 1.01355 -0.001062572 1.013494 5.12257e-4 1.01175 -0.001006305 1.01355 -0.001006305 1.01355 5.12257e-4 1.01175 5.68502e-4 1.011806 5.12257e-4 1.01175 0.001918315 1.009838 5.68502e-4 1.011806 5.68502e-4 1.011806 0.001918315 1.009838 0.01243609 1.014675 0.001918315 1.009838 0.01412338 1.010906 0.01243609 1.014675 0.01243609 1.014675 0.01412338 1.010906 0.01254856 1.014731 0.01412338 1.010906 0.01423591 1.010963 0.01254856 1.014731 0.01254856 1.014731 0.01423591 1.010963 0.01266103 1.014787 0.01423591 1.010963 0.01434838 1.010963 0.01266103 1.014787 0.01266103 1.014787 0.01434838 1.010963 0.0127173 1.014843 0.01434838 1.010963 0.01446086 1.011019 0.0127173 1.014843 0.0127173 1.014843 0.01446086 1.011019 -0.02924108 1.011975 -0.02924108 1.011975 0.01446086 1.011019 -0.02924108 1.011019 0.01446086 1.011019 0.01564198 1.006969 -0.02924108 1.011019 0.01564198 1.006969 -0.02924108 1.006969 -0.02924108 1.011019 -0.02924108 1.011019 -0.02924108 1.006969 -0.02569764 1.007025 -0.02924108 1.006969 -0.02924108 1.006576 -0.02569764 1.007025 -0.02924108 1.006576 -0.02569764 1.001007 -0.02569764 1.007025 0.02930945 1.007025 0.01800429 1.007025 0.02987188 0.999995 0.01800429 1.007025 0.01873546 1.001007 0.02987188 0.999995 0.02987188 0.999995 0.01873546 1.001007 0.02930945 0.9929644 0.01873546 1.001007 0.01839798 0.994933 0.02930945 0.9929644 0.01839798 0.994933 0.02767831 0.9861026 0.02930945 0.9929644 -0.02569764 0.9861026 -0.02558517 0.992177 -0.02569764 0.9929644 -0.02558517 0.992177 -0.02558517 0.9929644 -0.02569764 0.9929644 -0.02558517 0.9929644 -0.02558517 0.9952704 -0.02569764 0.9929644 -0.02569764 0.9929644 -0.02558517 0.9952704 -0.02569764 0.999995 -0.02558517 0.9952704 -0.02558517 0.9984201 -0.02569764 0.999995 -0.02558517 0.9984201 -0.02558517 0.999995 -0.02569764 0.999995 -0.02558517 0.999995 -0.02558517 1.00157 -0.02569764 0.999995 -0.02569764 0.999995 -0.02558517 1.00157 -0.02569764 1.007025 -0.02558517 1.00157 -0.02558517 1.004719 -0.02569764 1.007025 -0.02558517 1.004719 -0.02558517 1.007025 -0.02569764 1.007025 -0.02558517 1.007025 -0.02558517 1.007813 -0.02569764 1.007025 -0.02569764 1.007025 -0.02558517 1.007813 -0.02569764 1.013887 -0.02558517 1.007813 -0.02558517 1.010906 -0.02569764 1.013887 -0.02558517 1.010906 -0.02558517 1.013887 -0.02569764 1.013887 -0.02558517 1.013887 -0.02558517 1.016868 -0.02569764 1.013887 -0.02569764 1.013887 -0.02558517 1.016868 -0.02558517 1.019737 0.02660971 1.016868 0.02542853 1.019793 0.02531605 1.019737 0.02531605 1.019737 0.02542853 1.019793 0.02497857 1.020412 0.02497857 1.020412 0.02542853 1.019793 0.02396619 1.022549 0.02542853 1.019793 0.03718364 1.021143 0.02396619 1.022549 0.02227884 1.025249 0.02396619 1.022549 0.03375273 1.02823 0.02396619 1.022549 0.03718364 1.021143 0.03375273 1.02823 0.03718364 1.021143 0.059569 1.038072 0.03375273 1.02823 0.03375273 1.02823 0.059569 1.038072 0.05636304 1.043809 0.059569 1.038072 0.05805039 1.044822 0.05636304 1.043809 0.05805039 1.044822 0.054282 1.050446 0.05636304 1.043809 0.05636304 1.043809 0.054282 1.050446 0.05270713 1.049265 0.054282 1.050446 0.05011987 1.055733 0.05270713 1.049265 0.05270713 1.049265 0.05011987 1.055733 0.04865753 1.05444 0.05011987 1.055733 0.04556411 1.060683 0.04865753 1.05444 0.04865753 1.05444 0.04556411 1.060683 0.04415798 1.059277 0.04415798 1.059277 0.04556411 1.060683 0.0406146 1.065239 0.04556411 1.060683 0.04179573 1.066701 0.0406146 1.065239 0.04179573 1.066701 0.03639626 1.070919 0.0406146 1.065239 0.0406146 1.065239 0.03639626 1.070919 0.03532761 1.069401 0.03532761 1.069401 0.03639626 1.070919 0.03071552 1.074744 0.03639626 1.070919 0.03161543 1.076263 0.03071552 1.074744 0.03161543 1.076263 0.0254848 1.079693 0.03071552 1.074744 0.03071552 1.074744 0.0254848 1.079693 0.02469736 1.078119 0.02469736 1.078119 0.0254848 1.079693 0.01907294 1.082618 0.0254848 1.079693 0.02464115 1.081718 0.01907294 1.082618 0.01907294 1.082618 0.02464115 1.081718 0.01969158 1.084024 0.02464115 1.081718 0.02863448 1.089986 0.01969158 1.084024 0.02863448 1.089986 0.0227288 1.09263 0.01969158 1.084024 0.01969158 1.084024 0.0227288 1.09263 0.01569825 1.085487 0.0227288 1.09263 0.01879167 1.094092 0.01569825 1.085487 0.01569825 1.085487 0.01879167 1.094092 0.01299852 1.086499 0.01879167 1.094092 0.01581072 1.095161 0.01299852 1.086499 0.01581072 1.095161 0.008667707 1.097185 0.01299852 1.086499 0.01299852 1.086499 0.008667707 1.097185 0.006474137 1.088299 0.008667707 1.097185 0.00861144 1.097185 0.006474137 1.088299 0.006474137 1.088299 0.00861144 1.097185 0.006080448 1.088411 0.006080448 1.088411 0.00861144 1.097185 -8.93854e-4 1.089818 0.00861144 1.097185 0.00146836 1.098704 -8.93854e-4 1.089818 -8.93854e-4 1.089818 0.00146836 1.098704 -0.003087341 1.090042 -0.003087341 1.090042 0.00146836 1.098704 -0.001850008 1.099098 0.00146836 1.098704 -0.005393385 0.9983639 -0.001850008 1.099098 -0.001850008 1.099098 -0.005393385 0.9983639 -0.005899608 1.09966 -0.005393385 0.9983639 -0.005393385 1.005788 -0.005899608 1.09966 -0.005899608 1.09966 -0.005393385 1.005788 -0.01248019 1.099998 -0.005393385 1.005788 -0.005393385 1.013269 -0.01248019 1.099998 -0.01248019 1.099998 -0.005393385 1.013269 -0.01326763 1.100054 -0.005393385 1.013269 -0.005393385 1.020749 -0.01326763 1.100054 -0.01326763 1.100054 -0.005393385 1.020749 -0.02069193 1.099941 -0.02069193 1.099941 -0.005393385 1.020749 -0.02311038 1.099717 -0.02311038 1.099717 -0.005393385 1.020749 -0.02805995 1.09921 -0.005393385 1.020749 -0.005393385 1.028173 -0.02805995 1.09921 -0.02805995 1.09921 -0.005393385 1.028173 -0.03368437 1.09831 -0.005393385 1.028173 -0.005393385 1.035598 -0.03368437 1.09831 -0.03368437 1.09831 -0.005393385 1.035598 -0.03531545 1.098029 -0.005393385 1.035598 -0.005393385 1.042853 -0.03531545 1.098029 -0.03531545 1.098029 -0.005393385 1.042853 -0.0425148 1.096229 -0.0425148 1.096229 -0.005393385 1.042853 -0.04397714 1.095779 -0.04397714 1.095779 -0.005393385 1.042853 -0.04954534 1.09398 -0.005393385 1.042853 -0.005393385 1.049996 -0.04954534 1.09398 -0.04954534 1.09398 -0.005393385 1.049996 -0.05398869 1.092123 -0.005393385 1.049996 -0.005393385 1.056914 -0.05398869 1.092123 -0.05398869 1.092123 -0.005393385 1.056914 -0.05640715 1.091167 -0.005393385 1.056914 -0.005393385 1.063608 -0.05640715 1.091167 -0.05640715 1.091167 -0.005393385 1.063608 -0.0629878 1.087849 -0.0629878 1.087849 -0.005393385 1.063608 -0.0636065 1.087511 -0.005393385 1.063608 -0.005393385 1.070019 -0.0636065 1.087511 -0.0636065 1.087511 -0.005393385 1.070019 -0.06934344 1.084081 -0.06934344 1.084081 -0.005393385 1.070019 -0.0726056 1.081831 -0.005393385 1.070019 -0.005393385 1.076206 -0.0726056 1.081831 -0.0726056 1.081831 -0.005393385 1.076206 -0.07541781 1.079862 -0.07541781 1.079862 -0.005393385 1.076206 -0.08104228 1.075306 -0.005393385 1.076206 -0.005393385 1.082 -0.08104228 1.075306 -0.005393385 1.082 -0.08115476 1.075194 -0.08104228 1.075306 -0.08104228 1.075306 -0.08115476 1.075194 -0.07496786 1.068388 -0.07496786 1.068388 -0.08115476 1.075194 -0.0794112 1.064282 -0.08115476 1.075194 -0.08655422 1.070132 -0.0794112 1.064282 -0.08655422 1.070132 -0.08188593 1.061639 -0.0794112 1.064282 -0.0794112 1.064282 -0.08188593 1.061639 -0.08312332 1.058096 -0.08188593 1.061639 -0.08424824 1.059052 -0.08312332 1.058096 -0.08424824 1.059052 -0.08807283 1.054215 -0.08312332 1.058096 -0.08312332 1.058096 -0.08807283 1.054215 -0.08745414 1.052584 -0.08807283 1.054215 -0.08869153 1.053427 -0.08745414 1.052584 -0.08869153 1.053427 -0.09262865 1.047522 -0.08745414 1.052584 -0.08745414 1.052584 -0.09262865 1.047522 -0.09133505 1.046734 -0.09262865 1.047522 -0.09341609 1.046115 -0.09133505 1.046734 -0.09133505 1.046734 -0.09341609 1.046115 -0.09476596 1.040603 -0.09341609 1.046115 -0.09611582 1.041278 -0.09476596 1.040603 -0.09611582 1.041278 -0.0977469 1.034192 -0.09476596 1.040603 -0.09476596 1.040603 -0.0977469 1.034192 -0.09324735 1.039816 -0.0977469 1.034192 -0.09611582 1.033573 -0.09324735 1.039816 -0.09324735 1.039816 -0.09611582 1.033573 -0.09156 1.038972 -0.09156 1.038972 -0.09611582 1.033573 -0.09442847 1.032842 -0.09611582 1.033573 -0.09853434 1.027105 -0.09442847 1.032842 -0.09853434 1.027105 -0.09673452 1.026542 -0.09442847 1.032842 -0.09442847 1.032842 -0.09673452 1.026542 -0.09257245 1.032111 -0.09257245 1.032111 -0.09673452 1.026542 -0.09487843 1.025924 -0.09673452 1.026542 -0.09853434 1.020018 -0.09487843 1.025924 -0.09853434 1.020018 -0.09667825 1.019568 -0.09487843 1.025924 -0.09487843 1.025924 -0.09667825 1.019568 -0.06990587 1.013662 -0.09667825 1.019568 -0.09797191 1.0131 -0.06990587 1.013662 -0.06990587 1.013662 -0.09797191 1.0131 -0.07125574 1.005901 -0.09797191 1.0131 -0.09870308 1.006576 -0.07125574 1.005901 -0.07125574 1.005901 -0.09870308 1.006576 -0.07159322 0.999995 -0.09870308 1.006576 -0.0989843 0.999995 -0.07159322 0.999995 -0.07159322 0.999995 -0.0989843 0.999995 -0.07153695 0.9980264 -0.0989843 0.999995 -0.09870308 0.9934144 -0.07153695 0.9980264 -0.07153695 0.9980264 -0.09870308 0.9934144 -0.07069331 0.9902084 -0.09870308 0.9934144 -0.09797191 0.98689 -0.07069331 0.9902084 -0.09797191 0.98689 -0.09667825 0.9804219 -0.07069331 0.9902084 -0.07069331 0.9902084 -0.09667825 0.9804219 -0.06878095 0.9825592 -0.09667825 0.9804219 -0.09487843 0.9740663 -0.06878095 0.9825592 -0.09487843 0.9740663 -0.09257245 0.9679356 -0.06878095 0.9825592 -0.09257245 0.9679356 -0.06585627 0.9752474 -0.06878095 0.9825592 -0.05803829 0.9860463 -0.06878095 0.9825592 -0.05696964 0.9831216 -0.06878095 0.9825592 -0.06585627 0.9752474 -0.05696964 0.9831216 -0.05696964 0.9831216 -0.06585627 0.9752474 -0.05567598 0.9802531 -0.06585627 0.9752474 -0.05421364 0.9774409 -0.05567598 0.9802531 -0.05567598 0.9802531 -0.05421364 0.9774409 -0.05522602 0.9795782 -0.05522602 0.9795782 -0.05421364 0.9774409 -0.05410116 0.9774972 -0.05421364 0.9774409 -0.05252629 0.9747974 -0.05410116 0.9774972 -0.05252629 0.9747974 -0.05241382 0.9748536 -0.05410116 0.9774972 0.02559727 0.9774972 0.02559727 0.9748536 0.02565354 0.97356 0.02559727 0.9748536 0.02559727 0.97356 0.02565354 0.97356 0.02559727 0.97356 0.02559727 0.9723227 0.02565354 0.97356 0.02559727 0.9723227 -0.02569764 0.9530308 0.02565354 0.97356 -0.04695808 0.9681606 -0.03779023 0.9747974 -0.05151391 0.97356 -0.05151391 0.97356 -0.03779023 0.9747974 -0.04195231 0.979297 -0.02569764 0.9621986 -0.02924108 0.9633798 0.02565354 0.979297 -0.02924108 0.9633798 0.02925318 0.9798594 0.02565354 0.979297 0.02565354 0.979297 0.02925318 0.9798594 0.02925318 0.9806469 0.02925318 0.9798594 -0.03947758 0.9799157 0.02925318 0.9806469 -0.03947758 0.9799157 -0.0418961 0.9832903 0.02925318 0.9806469 0.02925318 0.9806469 -0.0418961 0.9832903 0.02925318 0.9832903 0.02925318 0.9832903 -0.0418961 0.9832903 0.02925318 0.9854276 0.02925318 0.9854276 -0.0418961 0.9832903 -0.04392087 0.9870587 -0.0418961 0.9832903 -0.0438084 0.9870587 -0.04392087 0.9870587 -0.0438084 0.9870587 -0.04527074 0.9909958 -0.04392087 0.9870587 -0.04392087 0.9870587 -0.04527074 0.9909958 -0.04538327 0.9909958 -0.04538327 0.9909958 -0.04527074 0.9909958 -0.04622691 0.9951017 -0.04527074 0.9909958 -0.04611444 0.995158 -0.04622691 0.9951017 -0.04611444 0.995158 -0.04645192 0.99932 -0.04622691 0.9951017 -0.04622691 0.9951017 -0.04645192 0.99932 -0.0465644 0.99932 -0.0465644 0.99932 -0.04645192 0.99932 -0.04628318 1.003482 -0.04645192 0.99932 -0.04617065 1.003482 -0.04628318 1.003482 -0.04628318 1.003482 -0.04617065 1.003482 -0.04543948 1.007588 -0.04617065 1.003482 -0.03469681 1.00157 -0.04543948 1.007588 -0.04543948 1.007588 -0.03469681 1.00157 -0.03435933 1.003932 -0.03469681 1.00157 -0.03464055 1.00157 -0.03435933 1.003932 -0.03464055 1.00157 -0.03430306 1.003932 -0.03435933 1.003932 -0.03435933 1.003932 -0.03430306 1.003932 -0.0337969 1.006238 -0.03430306 1.003932 -0.03368437 1.006182 -0.0337969 1.006238 -0.0337969 1.006238 -0.03368437 1.006182 -0.03289699 1.008432 -0.03289699 1.008432 -0.03368437 1.006182 -0.03278446 1.008375 -0.03368437 1.006182 -0.03357189 1.006182 -0.03278446 1.008375 -0.03278446 1.008375 -0.03357189 1.006182 -0.03272825 1.008319 -0.03357189 1.006182 -0.03351563 1.006126 -0.03272825 1.008319 -0.03351563 1.006126 -0.03261572 1.008319 -0.03272825 1.008319 -0.03272825 1.008319 -0.03261572 1.008319 -0.03154706 1.0104 -0.03154706 1.0104 -0.03261572 1.008319 -0.03149086 1.010344 -0.03261572 1.008319 -0.03098464 1.007532 -0.03149086 1.010344 -0.03149086 1.010344 -0.03098464 1.007532 -0.02991598 1.009388 -0.03098464 1.007532 -0.02985978 1.009332 -0.02991598 1.009388 -0.02985978 1.009332 -0.02862238 1.011019 -0.02991598 1.009388 -0.02991598 1.009388 -0.02862238 1.011019 -0.02867865 1.011075 -0.02862238 1.011019 -0.02721625 1.012594 -0.02867865 1.011075 -0.02867865 1.011075 -0.02721625 1.012594 -0.02727252 1.01265 -0.02721625 1.012594 -0.02558517 1.013944 -0.02727252 1.01265 -0.02727252 1.01265 -0.02558517 1.013944 -0.02564144 1.014 -0.02558517 1.013944 -0.02384161 1.015125 -0.02564144 1.014 -0.02564144 1.014 -0.02384161 1.015125 -0.02389782 1.015181 -0.02384161 1.015125 -0.02198553 1.016025 -0.02389782 1.015181 -0.02389782 1.015181 -0.02198553 1.016025 -0.02198553 1.016137 -0.02198553 1.016025 -0.0199607 1.016756 -0.02198553 1.016137 -0.02198553 1.016137 -0.0199607 1.016756 -0.02001696 1.016812 -0.0199607 1.016756 -0.01793593 1.017206 -0.02001696 1.016812 -0.02001696 1.016812 -0.01793593 1.017206 -0.01793593 1.017318 -0.01793593 1.017206 -0.01579862 1.017431 -0.01793593 1.017318 -0.01793593 1.017318 -0.01579862 1.017431 -0.01585489 1.017543 -0.01579862 1.017431 -0.01371759 1.017374 -0.01585489 1.017543 -0.01585489 1.017543 -0.01371759 1.017374 -0.01371759 1.017487 -0.01371759 1.017374 -0.01163655 1.017093 -0.01371759 1.017487 -0.01371759 1.017487 -0.01163655 1.017093 -0.01163655 1.01715 -0.01163655 1.017093 -0.009611725 1.016531 -0.01163655 1.01715 -0.01163655 1.01715 -0.009611725 1.016531 -0.009555459 1.016643 -0.009611725 1.016531 -0.007643163 1.015743 -0.009555459 1.016643 -0.007643163 1.015743 -0.007586956 1.015856 -0.009555459 1.016643 -0.009555459 1.016643 -0.007586956 1.015856 -0.006799519 1.017487 -0.007586956 1.015856 -0.004774689 1.016362 -0.006799519 1.017487 -0.006799519 1.017487 -0.004774689 1.016362 -0.004718482 1.016475 -0.004774689 1.016362 -0.002806127 1.015069 -0.004718482 1.016475 -0.004718482 1.016475 -0.002806127 1.015069 -0.002749919 1.015125 -0.002806127 1.015069 -0.001006305 1.01355 -0.002749919 1.015125 -0.002749919 1.015125 -0.001006305 1.01355 -9.50098e-4 1.013606 -0.001006305 1.01355 5.68502e-4 1.011806 -9.50098e-4 1.013606 -9.50098e-4 1.013606 5.68502e-4 1.011806 0.01024252 1.018218 5.68502e-4 1.011806 0.01243609 1.014675 0.01024252 1.018218 0.01024252 1.018218 0.01243609 1.014675 0.01029878 1.018331 0.01243609 1.014675 0.01254856 1.014731 0.01029878 1.018331 0.01029878 1.018331 0.01254856 1.014731 0.01041126 1.018387 0.01254856 1.014731 0.01266103 1.014787 0.01041126 1.018387 0.01041126 1.018387 0.01266103 1.014787 0.01052373 1.018443 0.01266103 1.014787 0.0127173 1.014843 0.01052373 1.018443 -0.02924108 1.018499 0.01052373 1.018443 -0.02924108 1.016981 0.01052373 1.018443 0.0127173 1.014843 -0.02924108 1.016981 -0.02924108 1.016981 0.0127173 1.014843 -0.02924108 1.0149 0.0127173 1.014843 -0.02924108 1.011975 -0.02924108 1.0149 -0.02924108 1.0149 -0.02924108 1.011975 -0.02569764 1.012875 -0.02924108 1.011975 -0.02924108 1.011019 -0.02569764 1.012875 -0.02924108 1.011019 -0.02569764 1.007025 -0.02569764 1.012875 0.01800429 1.007025 0.02930945 1.007025 0.01626068 1.012875 0.02930945 1.007025 0.02767831 1.013887 0.01626068 1.012875 0.01626068 1.012875 0.02767831 1.013887 0.02497857 1.020412 -0.02569764 1.013887 -0.02558517 1.019737 -0.02569764 1.020412 -0.02558517 1.019737 -0.02558517 1.020412 -0.02569764 1.020412 -0.02569764 1.020412 -0.02558517 1.020412 -0.02558517 1.022493 0.02497857 1.020412 0.02396619 1.022549 0.02385371 1.022493 0.02396619 1.022549 0.02227884 1.025249 0.02385371 1.022493 0.02385371 1.022493 0.02227884 1.025249 0.02216637 1.025136 0.02216637 1.025136 0.02227884 1.025249 0.02126646 1.02643 0.02126646 1.02643 0.02227884 1.025249 0.02042281 1.02778 0.02227884 1.025249 0.03375273 1.02823 0.02042281 1.02778 0.01839798 1.030198 0.02042281 1.02778 0.02936565 1.034754 0.02042281 1.02778 0.03375273 1.02823 0.02936565 1.034754 0.03375273 1.02823 0.05636304 1.043809 0.02936565 1.034754 0.05636304 1.043809 0.05270713 1.049265 0.02936565 1.034754 0.05270713 1.049265 0.04865753 1.05444 0.02936565 1.034754 0.02936565 1.034754 0.04865753 1.05444 0.02407866 1.040603 0.04865753 1.05444 0.04415798 1.059277 0.02407866 1.040603 0.02407866 1.040603 0.04415798 1.059277 0.03932094 1.063776 0.04415798 1.059277 0.0406146 1.065239 0.03932094 1.063776 0.0406146 1.065239 0.03532761 1.069401 0.03932094 1.063776 0.03932094 1.063776 0.03532761 1.069401 0.03414642 1.067826 0.03414642 1.067826 0.03532761 1.069401 0.02970314 1.073169 0.03532761 1.069401 0.03071552 1.074744 0.02970314 1.073169 0.03071552 1.074744 0.02469736 1.078119 0.02970314 1.073169 0.02970314 1.073169 0.02469736 1.078119 0.02385371 1.076431 0.02385371 1.076431 0.02469736 1.078119 0.01845425 1.080987 0.02469736 1.078119 0.01907294 1.082618 0.01845425 1.080987 0.01845425 1.080987 0.01907294 1.082618 0.01249229 1.085037 0.01907294 1.082618 0.01969158 1.084024 0.01249229 1.085037 0.01969158 1.084024 0.01569825 1.085487 0.01249229 1.085037 0.01569825 1.085487 0.01299852 1.086499 0.01249229 1.085037 0.01299852 1.086499 0.006474137 1.088299 0.01249229 1.085037 0.01249229 1.085037 0.006474137 1.088299 0.005742967 1.086949 0.006474137 1.088299 0.006080448 1.088411 0.005742967 1.086949 0.006080448 1.088411 -8.93854e-4 1.089818 0.005742967 1.086949 0.005742967 1.086949 -8.93854e-4 1.089818 -0.001118779 1.088299 -8.93854e-4 1.089818 -0.003087341 1.090042 -0.001118779 1.088299 -0.001118779 1.088299 -0.003087341 1.090042 -0.008093118 1.089143 -0.008093118 1.089143 -0.003087341 1.090042 -0.007980644 1.090661 -0.003087341 1.090042 -0.001850008 1.099098 -0.007980644 1.090661 -0.001850008 1.099098 -0.005899608 1.09966 -0.007980644 1.090661 -0.007980644 1.090661 -0.005899608 1.09966 -0.0127052 1.09083 -0.005899608 1.09966 -0.01248019 1.099998 -0.0127052 1.09083 -0.0127052 1.09083 -0.01248019 1.099998 -0.01512372 1.090942 -0.01248019 1.099998 -0.01326763 1.100054 -0.01512372 1.090942 -0.01326763 1.100054 -0.02069193 1.099941 -0.01512372 1.090942 -0.01512372 1.090942 -0.02069193 1.099941 -0.02226674 1.090661 -0.02069193 1.099941 -0.02311038 1.099717 -0.02226674 1.090661 -0.02226674 1.090661 -0.02311038 1.099717 -0.02237921 1.090661 -0.02237921 1.090661 -0.02311038 1.099717 -0.02935355 1.089818 -0.02311038 1.099717 -0.02805995 1.09921 -0.02935355 1.089818 -0.02935355 1.089818 -0.02805995 1.09921 -0.03194081 1.089311 -0.02805995 1.09921 -0.03368437 1.09831 -0.03194081 1.089311 -0.03194081 1.089311 -0.03368437 1.09831 -0.03632789 1.088411 -0.03368437 1.09831 -0.03531545 1.098029 -0.03632789 1.088411 -0.03531545 1.098029 -0.0425148 1.096229 -0.03632789 1.088411 -0.03632789 1.088411 -0.0425148 1.096229 -0.04133367 1.087005 -0.0425148 1.096229 -0.04397714 1.095779 -0.04133367 1.087005 -0.04133367 1.087005 -0.04397714 1.095779 -0.04324597 1.086499 -0.04397714 1.095779 -0.04954534 1.09398 -0.04324597 1.086499 -0.04324597 1.086499 -0.04954534 1.09398 -0.04993903 1.084024 -0.04954534 1.09398 -0.05398869 1.092123 -0.04993903 1.084024 -0.04993903 1.084024 -0.05398869 1.092123 -0.05044525 1.083743 -0.05398869 1.092123 -0.05640715 1.091167 -0.05044525 1.083743 -0.05044525 1.083743 -0.05640715 1.091167 -0.05640715 1.081043 -0.05640715 1.091167 -0.0629878 1.087849 -0.05640715 1.081043 -0.05640715 1.081043 -0.0629878 1.087849 -0.05916315 1.079468 -0.0629878 1.087849 -0.0636065 1.087511 -0.05916315 1.079468 -0.05916315 1.079468 -0.0636065 1.087511 -0.06265032 1.077556 -0.0636065 1.087511 -0.06934344 1.084081 -0.06265032 1.077556 -0.06265032 1.077556 -0.06934344 1.084081 -0.06737488 1.07435 -0.06934344 1.084081 -0.0726056 1.081831 -0.06737488 1.07435 -0.06737488 1.07435 -0.0726056 1.081831 -0.06855601 1.073563 -0.0726056 1.081831 -0.07541781 1.079862 -0.06855601 1.073563 -0.06855601 1.073563 -0.07541781 1.079862 -0.07418048 1.069119 -0.07541781 1.079862 -0.08104228 1.075306 -0.07418048 1.069119 -0.08104228 1.075306 -0.07496786 1.068388 -0.07418048 1.069119 -0.07418048 1.069119 -0.07496786 1.068388 -0.07316803 1.067995 -0.07316803 1.067995 -0.07496786 1.068388 -0.07834255 1.063214 -0.07496786 1.068388 -0.0794112 1.064282 -0.07834255 1.063214 -0.0794112 1.064282 -0.08312332 1.058096 -0.07834255 1.063214 -0.07834255 1.063214 -0.08312332 1.058096 -0.07710516 1.061976 -0.07710516 1.061976 -0.08312332 1.058096 -0.08177345 1.056971 -0.08312332 1.058096 -0.08745414 1.052584 -0.08177345 1.056971 -0.08177345 1.056971 -0.08745414 1.052584 -0.08604806 1.051515 -0.08745414 1.052584 -0.09133505 1.046734 -0.08604806 1.051515 -0.08604806 1.051515 -0.09133505 1.046734 -0.08987265 1.045834 -0.09133505 1.046734 -0.09476596 1.040603 -0.08987265 1.045834 -0.09476596 1.040603 -0.09324735 1.039816 -0.08987265 1.045834 -0.08987265 1.045834 -0.09324735 1.039816 -0.08829784 1.044822 -0.09324735 1.039816 -0.09156 1.038972 -0.08829784 1.044822 -0.08829784 1.044822 -0.09156 1.038972 -0.08661049 1.043809 -0.08661049 1.043809 -0.09156 1.038972 -0.08981645 1.038072 -0.09156 1.038972 -0.09442847 1.032842 -0.08981645 1.038072 -0.09442847 1.032842 -0.09257245 1.032111 -0.08981645 1.038072 -0.08981645 1.038072 -0.09257245 1.032111 -0.06743109 1.021143 -0.09257245 1.032111 -0.09487843 1.025924 -0.06743109 1.021143 -0.09487843 1.025924 -0.06990587 1.013662 -0.06743109 1.021143 -0.05803829 1.013944 -0.06743109 1.021143 -0.05888193 1.010906 -0.06743109 1.021143 -0.06990587 1.013662 -0.05888193 1.010906 -0.05888193 1.010906 -0.06990587 1.013662 -0.0595569 1.007813 -0.0595569 1.007813 -0.06990587 1.013662 -0.06000685 1.004719 -0.06990587 1.013662 -0.07125574 1.005901 -0.06000685 1.004719 -0.06000685 1.004719 -0.07125574 1.005901 -0.0602318 1.00157 -0.07125574 1.005901 -0.07159322 0.999995 -0.0602318 1.00157 -0.0602318 1.00157 -0.07159322 0.999995 -0.0602318 0.9984201 -0.07159322 0.999995 -0.07153695 0.9980264 -0.0602318 0.9984201 -0.0602318 0.9984201 -0.07153695 0.9980264 -0.06000685 0.9952704 -0.06000685 0.9952704 -0.07153695 0.9980264 -0.0595569 0.992177 -0.07153695 0.9980264 -0.07069331 0.9902084 -0.0595569 0.992177 -0.0595569 0.992177 -0.07069331 0.9902084 -0.05888193 0.9890835 -0.07069331 0.9902084 -0.06878095 0.9825592 -0.05888193 0.9890835 -0.06878095 0.9825592 -0.05803829 0.9860463 -0.05888193 0.9890835 -0.05888193 0.9890835 -0.05803829 0.9860463 -0.05876946 0.9891398 -0.05876946 0.9891398 -0.05803829 0.9860463 -0.05792576 0.9861026 -0.05803829 0.9860463 -0.05696964 0.9831216 -0.05792576 0.9861026 -0.05792576 0.9861026 -0.05696964 0.9831216 -0.05685716 0.9831216 -0.05696964 0.9831216 -0.05567598 0.9802531 -0.05685716 0.9831216 -0.05685716 0.9831216 -0.05567598 0.9802531 -0.0555635 0.9802531 -0.05567598 0.9802531 -0.05522602 0.9795782 -0.0555635 0.9802531 0.02559727 0.9802531 0.02559727 0.9795782 0.02565354 0.9795782 0.02559727 0.9795782 0.02559727 0.9774972 0.02565354 0.9795782 0.02559727 0.9774972 0.02565354 0.97356 0.02565354 0.9795782 -0.05151391 0.97356 -0.04195231 0.979297 -0.05522602 0.9795782 -0.05522602 0.9795782 -0.04195231 0.979297 -0.04521453 0.9844152 0.02565354 0.979297 0.02925318 0.9806469 0.02565354 0.9844152 0.02925318 0.9806469 0.02925318 0.9832903 0.02565354 0.9844152 0.02925318 0.9832903 0.02925318 0.9854276 0.02565354 0.9844152 0.02565354 0.9844152 0.02925318 0.9854276 0.02925318 0.9870025 0.02925318 0.9854276 -0.04392087 0.9870587 0.02925318 0.9870025 0.02925318 0.9870025 -0.04392087 0.9870587 0.02925318 0.9906584 -0.04392087 0.9870587 -0.04538327 0.9909958 0.02925318 0.9906584 0.02925318 0.9906584 -0.04538327 0.9909958 0.02925318 0.9909396 0.02925318 0.9951017 0.02925318 0.9909396 -0.04628318 0.9951017 0.02925318 0.9909396 -0.04538327 0.9909958 -0.04628318 0.9951017 -0.04538327 0.9909958 -0.04622691 0.9951017 -0.04628318 0.9951017 -0.04622691 0.9951017 -0.0465644 0.99932 -0.04628318 0.9951017 -0.04628318 0.9951017 -0.0465644 0.99932 -0.04667687 0.99932 -0.04667687 0.99932 -0.0465644 0.99932 -0.04639565 1.003482 -0.0465644 0.99932 -0.04628318 1.003482 -0.04639565 1.003482 -0.04639565 1.003482 -0.04628318 1.003482 -0.04555201 1.007588 -0.04628318 1.003482 -0.04543948 1.007588 -0.04555201 1.007588 -0.04555201 1.007588 -0.04543948 1.007588 -0.04414588 1.011525 -0.04543948 1.007588 -0.03435933 1.003932 -0.04414588 1.011525 -0.03435933 1.003932 -0.0337969 1.006238 -0.04414588 1.011525 -0.0337969 1.006238 -0.03289699 1.008432 -0.04414588 1.011525 -0.04414588 1.011525 -0.03289699 1.008432 -0.04234606 1.015293 -0.04234606 1.015293 -0.03289699 1.008432 -0.03171581 1.010513 -0.03289699 1.008432 -0.03278446 1.008375 -0.03171581 1.010513 -0.03171581 1.010513 -0.03278446 1.008375 -0.0316596 1.010456 -0.03278446 1.008375 -0.03272825 1.008319 -0.0316596 1.010456 -0.03272825 1.008319 -0.03154706 1.0104 -0.0316596 1.010456 -0.0316596 1.010456 -0.03154706 1.0104 -0.03025346 1.012369 -0.03025346 1.012369 -0.03154706 1.0104 -0.0301972 1.012313 -0.03154706 1.0104 -0.03149086 1.010344 -0.0301972 1.012313 -0.0301972 1.012313 -0.03149086 1.010344 -0.03014099 1.012256 -0.03149086 1.010344 -0.02991598 1.009388 -0.03014099 1.012256 -0.02991598 1.009388 -0.02867865 1.011075 -0.03014099 1.012256 -0.03014099 1.012256 -0.02867865 1.011075 -0.02856612 1.013944 -0.02867865 1.011075 -0.02727252 1.01265 -0.02856612 1.013944 -0.02856612 1.013944 -0.02727252 1.01265 -0.0267663 1.015462 -0.02727252 1.01265 -0.02564144 1.014 -0.0267663 1.015462 -0.0267663 1.015462 -0.02564144 1.014 -0.02479773 1.016756 -0.02564144 1.014 -0.02389782 1.015181 -0.02479773 1.016756 -0.02479773 1.016756 -0.02389782 1.015181 -0.0227167 1.017825 -0.02389782 1.015181 -0.02198553 1.016137 -0.0227167 1.017825 -0.0227167 1.017825 -0.02198553 1.016137 -0.02052319 1.018612 -0.02198553 1.016137 -0.02001696 1.016812 -0.02052319 1.018612 -0.02052319 1.018612 -0.02001696 1.016812 -0.01821714 1.019118 -0.02001696 1.016812 -0.01793593 1.017318 -0.01821714 1.019118 -0.01821714 1.019118 -0.01793593 1.017318 -0.0159111 1.019343 -0.01793593 1.017318 -0.01585489 1.017543 -0.0159111 1.019343 -0.0159111 1.019343 -0.01585489 1.017543 -0.01354885 1.019287 -0.01585489 1.017543 -0.01371759 1.017487 -0.01354885 1.019287 -0.01354885 1.019287 -0.01371759 1.017487 -0.0112428 1.019006 -0.01371759 1.017487 -0.01163655 1.01715 -0.0112428 1.019006 -0.0112428 1.019006 -0.01163655 1.01715 -0.008993029 1.018387 -0.01163655 1.01715 -0.009555459 1.016643 -0.008993029 1.018387 -0.009555459 1.016643 -0.006799519 1.017487 -0.008993029 1.018387 -0.008993029 1.018387 -0.006799519 1.017487 -0.006799519 1.017599 -0.006799519 1.017487 -0.004718482 1.016475 -0.006799519 1.017599 -0.006799519 1.017599 -0.004718482 1.016475 -0.004662215 1.016531 -0.004718482 1.016475 -0.002749919 1.015125 -0.004662215 1.016531 -0.004662215 1.016531 -0.002749919 1.015125 -0.002693653 1.015237 -0.002749919 1.015125 -9.50098e-4 1.013606 -0.002693653 1.015237 -0.002693653 1.015237 -9.50098e-4 1.013606 0.007542788 1.02148 -9.50098e-4 1.013606 0.01024252 1.018218 0.007542788 1.02148 0.007542788 1.02148 0.01024252 1.018218 0.007655262 1.021537 0.01024252 1.018218 0.01029878 1.018331 0.007655262 1.021537 0.007655262 1.021537 0.01029878 1.018331 0.007711529 1.021649 0.01029878 1.018331 0.01041126 1.018387 0.007711529 1.021649 0.007711529 1.021649 0.01041126 1.018387 0.007824003 1.021705 0.01041126 1.018387 0.01052373 1.018443 0.007824003 1.021705 0.01052373 1.018443 -0.02924108 1.018499 0.007824003 1.021705 -0.02924108 1.021762 0.007824003 1.021705 -0.02924108 1.021537 0.007824003 1.021705 -0.02924108 1.018499 -0.02924108 1.021537 -0.02924108 1.021537 -0.02924108 1.018499 -0.02569764 1.018218 -0.02924108 1.018499 -0.02924108 1.016981 -0.02569764 1.018218 -0.02924108 1.016981 -0.02924108 1.0149 -0.02569764 1.018218 -0.02924108 1.0149 -0.02569764 1.012875 -0.02569764 1.018218 0.01626068 1.012875 0.02497857 1.020412 0.01344847 1.018218 0.01344847 1.018218 0.02497857 1.020412 0.02126646 1.02643 -0.02569764 1.020412 -0.02558517 1.022493 -0.02569764 1.02643 -0.02558517 1.022493 -0.02558517 1.025136 -0.02569764 1.02643 -0.02558517 1.025136 -0.02558517 1.02643 -0.02569764 1.02643 -0.02569764 1.02643 -0.02558517 1.02643 -0.02558517 1.027724 0.02126646 1.02643 0.02042281 1.02778 0.02031028 1.027724 0.02042281 1.02778 0.01839798 1.030198 0.02031028 1.027724 0.02031028 1.027724 0.01839798 1.030198 0.01834172 1.030086 0.01834172 1.030086 0.01839798 1.030198 0.01665443 1.031829 0.01665443 1.031829 0.01839798 1.030198 0.01620447 1.032448 0.01839798 1.030198 0.02936565 1.034754 0.01620447 1.032448 0.02936565 1.034754 0.02407866 1.040603 0.01620447 1.032448 0.01620447 1.032448 0.02407866 1.040603 0.01389843 1.034529 0.01389843 1.034529 0.02407866 1.040603 0.01136744 1.036498 0.008780181 1.038241 0.01136744 1.036498 0.0180605 1.045665 0.01136744 1.036498 0.02407866 1.040603 0.0180605 1.045665 0.02407866 1.040603 0.03932094 1.063776 0.0180605 1.045665 0.03932094 1.063776 0.03414642 1.067826 0.0180605 1.045665 0.0180605 1.045665 0.03414642 1.067826 0.02869075 1.071482 0.03414642 1.067826 0.02970314 1.073169 0.02869075 1.071482 0.02970314 1.073169 0.02385371 1.076431 0.02869075 1.071482 0.02869075 1.071482 0.02385371 1.076431 0.0229538 1.074744 0.0229538 1.074744 0.02385371 1.076431 0.01772308 1.0793 0.02385371 1.076431 0.01845425 1.080987 0.01772308 1.0793 0.01772308 1.0793 0.01845425 1.080987 0.01198613 1.083406 0.01845425 1.080987 0.01249229 1.085037 0.01198613 1.083406 0.01249229 1.085037 0.005742967 1.086949 0.01198613 1.083406 0.01198613 1.083406 0.005742967 1.086949 0.005349278 1.085262 0.005742967 1.086949 -0.001118779 1.088299 0.005349278 1.085262 0.005349278 1.085262 -0.001118779 1.088299 -0.001400053 1.086611 -0.001118779 1.088299 -0.008093118 1.089143 -0.001400053 1.086611 -0.001400053 1.086611 -0.008093118 1.089143 -0.008261859 1.087399 -0.008261859 1.087399 -0.008093118 1.089143 -0.01512372 1.089424 -0.008093118 1.089143 -0.007980644 1.090661 -0.01512372 1.089424 -0.007980644 1.090661 -0.0127052 1.09083 -0.01512372 1.089424 -0.0127052 1.09083 -0.01512372 1.090942 -0.01512372 1.089424 -0.01512372 1.090942 -0.02226674 1.090661 -0.01512372 1.089424 -0.01512372 1.089424 -0.02226674 1.090661 -0.02215427 1.089143 -0.02226674 1.090661 -0.02237921 1.090661 -0.02215427 1.089143 -0.02215427 1.089143 -0.02237921 1.090661 -0.02912861 1.088299 -0.02237921 1.090661 -0.02935355 1.089818 -0.02912861 1.088299 -0.02935355 1.089818 -0.03194081 1.089311 -0.02912861 1.088299 -0.02912861 1.088299 -0.03194081 1.089311 -0.03599041 1.086949 -0.03194081 1.089311 -0.03632789 1.088411 -0.03599041 1.086949 -0.03599041 1.086949 -0.03632789 1.088411 -0.04273974 1.085037 -0.03632789 1.088411 -0.04133367 1.087005 -0.04273974 1.085037 -0.04133367 1.087005 -0.04324597 1.086499 -0.04273974 1.085037 -0.04324597 1.086499 -0.04993903 1.084024 -0.04273974 1.085037 -0.04273974 1.085037 -0.04993903 1.084024 -0.04932039 1.082618 -0.04993903 1.084024 -0.05044525 1.083743 -0.04932039 1.082618 -0.04932039 1.082618 -0.05044525 1.083743 -0.05573225 1.079693 -0.05044525 1.083743 -0.05640715 1.081043 -0.05573225 1.079693 -0.05640715 1.081043 -0.05916315 1.079468 -0.05573225 1.079693 -0.05573225 1.079693 -0.05916315 1.079468 -0.06186288 1.076263 -0.05916315 1.079468 -0.06265032 1.077556 -0.06186288 1.076263 -0.06186288 1.076263 -0.06265032 1.077556 -0.06765609 1.072325 -0.06265032 1.077556 -0.06737488 1.07435 -0.06765609 1.072325 -0.06737488 1.07435 -0.06855601 1.073563 -0.06765609 1.072325 -0.06855601 1.073563 -0.07418048 1.069119 -0.06765609 1.072325 -0.07418048 1.069119 -0.07316803 1.067995 -0.06765609 1.072325 -0.06765609 1.072325 -0.07316803 1.067995 -0.06664371 1.070919 -0.06664371 1.070919 -0.07316803 1.067995 -0.07204318 1.066701 -0.07316803 1.067995 -0.07834255 1.063214 -0.07204318 1.066701 -0.07834255 1.063214 -0.07710516 1.061976 -0.07204318 1.066701 -0.07204318 1.066701 -0.07710516 1.061976 -0.07086205 1.065239 -0.07086205 1.065239 -0.07710516 1.061976 -0.07581156 1.060683 -0.07710516 1.061976 -0.08177345 1.056971 -0.07581156 1.060683 -0.07581156 1.060683 -0.08177345 1.056971 -0.08036738 1.055733 -0.08177345 1.056971 -0.08604806 1.051515 -0.08036738 1.055733 -0.08036738 1.055733 -0.08604806 1.051515 -0.08452945 1.050446 -0.08604806 1.051515 -0.08987265 1.045834 -0.08452945 1.050446 -0.08987265 1.045834 -0.08829784 1.044822 -0.08452945 1.050446 -0.08452945 1.050446 -0.08829784 1.044822 -0.08295458 1.049265 -0.08829784 1.044822 -0.08661049 1.043809 -0.08295458 1.049265 -0.08295458 1.049265 -0.08661049 1.043809 -0.06400018 1.02823 -0.08661049 1.043809 -0.08981645 1.038072 -0.06400018 1.02823 -0.08981645 1.038072 -0.06743109 1.021143 -0.06400018 1.02823 -0.06400018 1.02823 -0.06743109 1.021143 -0.05567598 1.019793 -0.05567598 1.019793 -0.06743109 1.021143 -0.05696964 1.016925 -0.06743109 1.021143 -0.05803829 1.013944 -0.05696964 1.016925 -0.05696964 1.016925 -0.05803829 1.013944 -0.05685716 1.016868 -0.05685716 1.016868 -0.05803829 1.013944 -0.05792576 1.013887 -0.05803829 1.013944 -0.05888193 1.010906 -0.05792576 1.013887 -0.05792576 1.013887 -0.05888193 1.010906 -0.05876946 1.010906 -0.05888193 1.010906 -0.0595569 1.007813 -0.05876946 1.010906 -0.05876946 1.010906 -0.0595569 1.007813 -0.05944436 1.007813 -0.05944436 1.007813 -0.0595569 1.007813 -0.0595569 1.007025 -0.0595569 1.007813 -0.06000685 1.004719 -0.0595569 1.007025 -0.0595569 1.007025 -0.06000685 1.004719 -0.05989432 1.004719 -0.06000685 1.004719 -0.0602318 1.00157 -0.05989432 1.004719 -0.05989432 1.004719 -0.0602318 1.00157 -0.06011933 1.00157 -0.06011933 1.00157 -0.0602318 1.00157 -0.06011933 0.999995 -0.0602318 1.00157 -0.0602318 0.9984201 -0.06011933 0.999995 -0.06011933 0.999995 -0.0602318 0.9984201 -0.06011933 0.9984201 -0.0602318 0.9984201 -0.06000685 0.9952704 -0.06011933 0.9984201 -0.06011933 0.9984201 -0.06000685 0.9952704 -0.05989432 0.9952704 -0.05989432 0.9952704 -0.06000685 0.9952704 -0.0595569 0.9929644 -0.06000685 0.9952704 -0.0595569 0.992177 -0.0595569 0.9929644 -0.0595569 0.9929644 -0.0595569 0.992177 -0.05944436 0.992177 -0.0595569 0.992177 -0.05888193 0.9890835 -0.05944436 0.992177 -0.05888193 0.9890835 -0.05876946 0.9891398 -0.05944436 0.992177 0.02559727 0.992177 0.02559727 0.9891398 0.02565354 0.9861026 0.02559727 0.9891398 0.02559727 0.9861026 0.02565354 0.9861026 0.02559727 0.9861026 0.02559727 0.9831216 0.02565354 0.9861026 0.02559727 0.9831216 0.02559727 0.9802531 0.02565354 0.9861026 0.02559727 0.9802531 0.02565354 0.9795782 0.02565354 0.9861026 -0.05522602 0.9795782 -0.04521453 0.9844152 -0.05792576 0.9861026 -0.05792576 0.9861026 -0.04521453 0.9844152 -0.04752051 0.9899834 0.02565354 0.9844152 0.02925318 0.9870025 0.02565354 0.9899834 0.02925318 0.9870025 0.02925318 0.9906584 0.02565354 0.9899834 0.02925318 0.9906584 0.02925318 0.9909396 0.02565354 0.9899834 0.02565354 0.9899834 0.02925318 0.9909396 0.02565354 0.9959453 0.02925318 0.9909396 0.02925318 0.9951017 0.02565354 0.9959453 0.02565354 0.9959453 0.02925318 0.9951017 0.02925318 0.9962266 0.02925318 0.9951017 -0.04628318 0.9951017 0.02925318 0.9962266 -0.04628318 0.9951017 -0.04667687 0.99932 0.02925318 0.9962266 0.02925318 0.9962266 -0.04667687 0.99932 0.02925318 0.99932 0.02925318 0.99932 -0.04667687 0.99932 0.02925318 1.001907 0.02925318 1.001907 -0.04667687 0.99932 -0.04650813 1.003482 -0.04667687 0.99932 -0.04639565 1.003482 -0.04650813 1.003482 -0.04650813 1.003482 -0.04639565 1.003482 -0.04566448 1.007644 -0.04639565 1.003482 -0.04555201 1.007588 -0.04566448 1.007644 -0.04566448 1.007644 -0.04555201 1.007588 -0.04425835 1.011581 -0.04555201 1.007588 -0.04414588 1.011525 -0.04425835 1.011581 -0.04414588 1.011525 -0.04234606 1.015293 -0.04425835 1.011581 -0.04425835 1.011581 -0.04234606 1.015293 -0.04245853 1.01535 -0.04245853 1.01535 -0.04234606 1.015293 -0.04004001 1.018781 -0.04234606 1.015293 -0.03171581 1.010513 -0.04004001 1.018781 -0.04004001 1.018781 -0.03171581 1.010513 -0.03036594 1.012425 -0.03171581 1.010513 -0.0316596 1.010456 -0.03036594 1.012425 -0.0316596 1.010456 -0.03025346 1.012369 -0.03036594 1.012425 -0.03036594 1.012425 -0.03025346 1.012369 -0.02873486 1.014169 -0.02873486 1.014169 -0.03025346 1.012369 -0.02867865 1.014112 -0.03025346 1.012369 -0.0301972 1.012313 -0.02867865 1.014112 -0.02867865 1.014112 -0.0301972 1.012313 -0.02862238 1.014056 -0.0301972 1.012313 -0.03014099 1.012256 -0.02862238 1.014056 -0.03014099 1.012256 -0.02856612 1.013944 -0.02862238 1.014056 -0.02862238 1.014056 -0.02856612 1.013944 -0.02682256 1.015575 -0.02856612 1.013944 -0.0267663 1.015462 -0.02682256 1.015575 -0.02682256 1.015575 -0.0267663 1.015462 -0.024854 1.016868 -0.0267663 1.015462 -0.02479773 1.016756 -0.024854 1.016868 -0.024854 1.016868 -0.02479773 1.016756 -0.02277296 1.017881 -0.02479773 1.016756 -0.0227167 1.017825 -0.02277296 1.017881 -0.02277296 1.017881 -0.0227167 1.017825 -0.02052319 1.018668 -0.0227167 1.017825 -0.02052319 1.018612 -0.02052319 1.018668 -0.02052319 1.018668 -0.02052319 1.018612 -0.01821714 1.019231 -0.02052319 1.018612 -0.01821714 1.019118 -0.01821714 1.019231 -0.01821714 1.019231 -0.01821714 1.019118 -0.0159111 1.019456 -0.01821714 1.019118 -0.0159111 1.019343 -0.0159111 1.019456 -0.0159111 1.019456 -0.0159111 1.019343 -0.01354885 1.019399 -0.0159111 1.019343 -0.01354885 1.019287 -0.01354885 1.019399 -0.01354885 1.019399 -0.01354885 1.019287 -0.0112428 1.019062 -0.01354885 1.019287 -0.0112428 1.019006 -0.0112428 1.019062 -0.0112428 1.019062 -0.0112428 1.019006 -0.008936822 1.018443 -0.0112428 1.019006 -0.008993029 1.018387 -0.008936822 1.018443 -0.008993029 1.018387 -0.006799519 1.017599 -0.008936822 1.018443 -0.008936822 1.018443 -0.006799519 1.017599 -0.006743252 1.017656 -0.006799519 1.017599 -0.004662215 1.016531 -0.006743252 1.017656 -0.006743252 1.017656 -0.004662215 1.016531 -0.004605948 1.016643 -0.004662215 1.016531 -0.002693653 1.015237 -0.004605948 1.016643 -0.004605948 1.016643 -0.002693653 1.015237 0.004505574 1.024293 -0.002693653 1.015237 0.007542788 1.02148 0.004505574 1.024293 0.004505574 1.024293 0.007542788 1.02148 0.004561841 1.024405 0.007542788 1.02148 0.007655262 1.021537 0.004561841 1.024405 0.004561841 1.024405 0.007655262 1.021537 0.004674315 1.024461 0.007655262 1.021537 0.007711529 1.021649 0.004674315 1.024461 0.004674315 1.024461 0.007711529 1.021649 0.004730582 1.024574 0.007711529 1.021649 0.007824003 1.021705 0.004730582 1.024574 -0.02924108 0.9961704 0.004730582 1.024574 -0.02924108 0.9952142 0.004730582 1.024574 0.007824003 1.021705 -0.02924108 0.9952142 0.007824003 1.021705 -0.02924108 1.021762 -0.02924108 0.9952142 -0.02924108 0.9952142 -0.02924108 1.021762 -0.02569764 1.023055 -0.02924108 1.021762 -0.02924108 1.021537 -0.02569764 1.023055 -0.02924108 1.021537 -0.02569764 1.018218 -0.02569764 1.023055 0.01344847 1.018218 0.02126646 1.02643 0.009736359 1.023055 0.009736359 1.023055 0.02126646 1.02643 0.01671063 1.031829 -0.02569764 1.02643 -0.02558517 1.027724 -0.02569764 1.031829 -0.02558517 1.027724 -0.02558517 1.030086 -0.02569764 1.031829 -0.02558517 1.030086 -0.02558517 0.9833466 -0.02569764 1.031829 -0.02569764 1.031829 -0.02558517 0.9833466 -0.02558517 0.9838528 0.01665443 1.031829 0.01620447 1.032448 0.0161482 1.032392 0.01620447 1.032448 0.01389843 1.034529 0.0161482 1.032392 0.0161482 1.032392 0.01389843 1.034529 0.01378595 1.034473 0.01389843 1.034529 0.01136744 1.036498 0.01378595 1.034473 0.01378595 1.034473 0.01136744 1.036498 0.01131117 1.036385 0.01136744 1.036498 0.008780181 1.038241 0.01131117 1.036385 0.01131117 1.036385 0.008780181 1.038241 0.008723914 1.038185 0.008723914 1.038185 0.008780181 1.038241 0.006080448 1.039816 0.008780181 1.038241 0.0180605 1.045665 0.006080448 1.039816 0.006080448 1.039816 0.0180605 1.045665 0.01136744 1.049828 0.0180605 1.045665 0.02869075 1.071482 0.01136744 1.049828 0.02869075 1.071482 0.0229538 1.074744 0.01136744 1.049828 0.01136744 1.049828 0.0229538 1.074744 0.01699185 1.0775 0.0229538 1.074744 0.01772308 1.0793 0.01699185 1.0775 0.01699185 1.0775 0.01772308 1.0793 0.01136744 1.081606 0.01772308 1.0793 0.01198613 1.083406 0.01136744 1.081606 0.01198613 1.083406 0.005349278 1.085262 0.01136744 1.081606 0.01136744 1.081606 0.005349278 1.085262 0.004899322 1.083462 0.005349278 1.085262 -0.001400053 1.086611 0.004899322 1.083462 0.004899322 1.083462 -0.001400053 1.086611 -0.001681268 1.084755 -0.001400053 1.086611 -0.008261859 1.087399 -0.001681268 1.084755 -0.001681268 1.084755 -0.008261859 1.087399 -0.008374333 1.085543 -0.008374333 1.085543 -0.008261859 1.087399 -0.01512372 1.08768 -0.008261859 1.087399 -0.01512372 1.089424 -0.01512372 1.08768 -0.01512372 1.089424 -0.02215427 1.089143 -0.01512372 1.08768 -0.01512372 1.08768 -0.02215427 1.089143 -0.02198553 1.087399 -0.02215427 1.089143 -0.02912861 1.088299 -0.02198553 1.087399 -0.02198553 1.087399 -0.02912861 1.088299 -0.02884733 1.086611 -0.02912861 1.088299 -0.03599041 1.086949 -0.02884733 1.086611 -0.02884733 1.086611 -0.03599041 1.086949 -0.03559672 1.085262 -0.03599041 1.086949 -0.04273974 1.085037 -0.03559672 1.085262 -0.03559672 1.085262 -0.04273974 1.085037 -0.04223358 1.083406 -0.04273974 1.085037 -0.04932039 1.082618 -0.04223358 1.083406 -0.04223358 1.083406 -0.04932039 1.082618 -0.0487017 1.080987 -0.04932039 1.082618 -0.05573225 1.079693 -0.0487017 1.080987 -0.0487017 1.080987 -0.05573225 1.079693 -0.05494481 1.078119 -0.05573225 1.079693 -0.06186288 1.076263 -0.05494481 1.078119 -0.05494481 1.078119 -0.06186288 1.076263 -0.06096297 1.074744 -0.06186288 1.076263 -0.06765609 1.072325 -0.06096297 1.074744 -0.06765609 1.072325 -0.06664371 1.070919 -0.06096297 1.074744 -0.06096297 1.074744 -0.06664371 1.070919 -0.05995059 1.073169 -0.05995059 1.073169 -0.06664371 1.070919 -0.06557506 1.069401 -0.06664371 1.070919 -0.07204318 1.066701 -0.06557506 1.069401 -0.07204318 1.066701 -0.07086205 1.065239 -0.06557506 1.069401 -0.06557506 1.069401 -0.07086205 1.065239 -0.06439393 1.067826 -0.06439393 1.067826 -0.07086205 1.065239 -0.06956839 1.063776 -0.07086205 1.065239 -0.07581156 1.060683 -0.06956839 1.063776 -0.06956839 1.063776 -0.07581156 1.060683 -0.07440543 1.059277 -0.07581156 1.060683 -0.08036738 1.055733 -0.07440543 1.059277 -0.07440543 1.059277 -0.08036738 1.055733 -0.07890498 1.05444 -0.08036738 1.055733 -0.08452945 1.050446 -0.07890498 1.05444 -0.08452945 1.050446 -0.08295458 1.049265 -0.07890498 1.05444 -0.07890498 1.05444 -0.08295458 1.049265 -0.0596131 1.034754 -0.08295458 1.049265 -0.06400018 1.02823 -0.0596131 1.034754 -0.05252629 1.025249 -0.0596131 1.034754 -0.05421364 1.022549 -0.0596131 1.034754 -0.06400018 1.02823 -0.05421364 1.022549 -0.06400018 1.02823 -0.05567598 1.019793 -0.05421364 1.022549 -0.05410116 1.022493 -0.05421364 1.022549 -0.05522602 1.020412 -0.05421364 1.022549 -0.05567598 1.019793 -0.05522602 1.020412 -0.05522602 1.020412 -0.05567598 1.019793 -0.0555635 1.019737 -0.05567598 1.019793 -0.05696964 1.016925 -0.0555635 1.019737 -0.05696964 1.016925 -0.05685716 1.016868 -0.0555635 1.019737 0.02559727 1.019737 0.02559727 1.016868 0.02565354 1.013887 0.02559727 1.016868 0.02559727 1.013887 0.02565354 1.013887 0.02559727 1.013887 0.02559727 1.010906 0.02565354 1.013887 0.02559727 1.010906 0.02559727 1.007813 0.02565354 1.013887 0.02565354 1.013887 0.02559727 1.007813 0.02565354 1.007025 0.02559727 1.007813 0.02559727 1.007025 0.02565354 1.007025 0.02559727 1.007025 0.02559727 1.004719 0.02565354 1.007025 0.02565354 1.007025 0.02559727 1.004719 0.02565354 0.999995 0.02559727 1.004719 0.02559727 1.00157 0.02565354 0.999995 0.02559727 1.00157 0.02559727 0.999995 0.02565354 0.999995 0.02559727 0.999995 0.02559727 0.9984201 0.02565354 0.999995 0.02565354 0.999995 0.02559727 0.9984201 0.02565354 0.9929644 0.02559727 0.9984201 0.02559727 0.9952704 0.02565354 0.9929644 0.02559727 0.9952704 0.02559727 0.9929644 0.02565354 0.9929644 0.02559727 0.9929644 0.02559727 0.992177 0.02565354 0.9929644 0.02559727 0.992177 0.02565354 0.9861026 0.02565354 0.9929644 -0.05792576 0.9861026 -0.04752051 0.9899834 -0.0595569 0.9929644 -0.04752051 0.9899834 -0.04875791 0.9959453 -0.0595569 0.9929644 -0.0595569 0.9929644 -0.04875791 0.9959453 -0.06011933 0.999995 -0.0595569 1.007025 -0.06011933 0.999995 -0.04892665 1.00202 -0.06011933 0.999995 -0.04875791 0.9959453 -0.04892665 1.00202 0.02565354 0.9959453 0.02925318 0.9962266 0.02565354 1.00202 0.02925318 0.9962266 0.02925318 0.99932 0.02565354 1.00202 0.02925318 0.99932 0.02925318 1.001907 0.02565354 1.00202 0.02565354 1.00202 0.02925318 1.001907 0.02925318 1.003538 0.02925318 1.001907 -0.04650813 1.003482 0.02925318 1.003538 0.02925318 1.003538 -0.04650813 1.003482 0.02925318 1.007475 0.02925318 1.007475 -0.04650813 1.003482 -0.04572069 1.007644 -0.04650813 1.003482 -0.04566448 1.007644 -0.04572069 1.007644 -0.04572069 1.007644 -0.04566448 1.007644 -0.04437083 1.011638 -0.04566448 1.007644 -0.04425835 1.011581 -0.04437083 1.011638 -0.04425835 1.011581 -0.04245853 1.01535 -0.04437083 1.011638 -0.04437083 1.011638 -0.04245853 1.01535 -0.042571 1.015406 -0.042571 1.015406 -0.04245853 1.01535 -0.04015249 1.018893 -0.04245853 1.01535 -0.04004001 1.018781 -0.04015249 1.018893 -0.04015249 1.018893 -0.04004001 1.018781 -0.03734028 1.02193 -0.04004001 1.018781 -0.03036594 1.012425 -0.03734028 1.02193 -0.03036594 1.012425 -0.02873486 1.014169 -0.03734028 1.02193 -0.03734028 1.02193 -0.02873486 1.014169 -0.03419059 1.024743 -0.03419059 1.024743 -0.02873486 1.014169 -0.02693504 1.015743 -0.02873486 1.014169 -0.02867865 1.014112 -0.02693504 1.015743 -0.02693504 1.015743 -0.02867865 1.014112 -0.02687877 1.015631 -0.02867865 1.014112 -0.02862238 1.014056 -0.02687877 1.015631 -0.02862238 1.014056 -0.02682256 1.015575 -0.02687877 1.015631 -0.02687877 1.015631 -0.02682256 1.015575 -0.02491027 1.016925 -0.02682256 1.015575 -0.024854 1.016868 -0.02491027 1.016925 -0.02491027 1.016925 -0.024854 1.016868 -0.02277296 1.017993 -0.024854 1.016868 -0.02277296 1.017881 -0.02277296 1.017993 -0.02277296 1.017993 -0.02277296 1.017881 -0.02057939 1.018781 -0.02277296 1.017881 -0.02052319 1.018668 -0.02057939 1.018781 -0.02057939 1.018781 -0.02052319 1.018668 -0.01827341 1.019287 -0.02052319 1.018668 -0.01821714 1.019231 -0.01827341 1.019287 -0.01827341 1.019287 -0.01821714 1.019231 -0.0159111 1.019568 -0.01821714 1.019231 -0.0159111 1.019456 -0.0159111 1.019568 -0.0159111 1.019568 -0.0159111 1.019456 -0.01354885 1.019512 -0.0159111 1.019456 -0.01354885 1.019399 -0.01354885 1.019512 -0.01354885 1.019512 -0.01354885 1.019399 -0.01118659 1.019174 -0.01354885 1.019399 -0.0112428 1.019062 -0.01118659 1.019174 -0.01118659 1.019174 -0.0112428 1.019062 -0.008936822 1.018556 -0.0112428 1.019062 -0.008936822 1.018443 -0.008936822 1.018556 -0.008936822 1.018443 -0.006743252 1.017656 -0.008936822 1.018556 -0.008936822 1.018556 -0.006743252 1.017656 -0.006687045 1.017768 -0.006743252 1.017656 -0.004605948 1.016643 -0.006687045 1.017768 -0.006687045 1.017768 -0.004605948 1.016643 0.001074671 1.026711 -0.004605948 1.016643 0.004505574 1.024293 0.001074671 1.026711 0.001074671 1.026711 0.004505574 1.024293 0.001130938 1.026767 0.004505574 1.024293 0.004561841 1.024405 0.001130938 1.026767 0.001130938 1.026767 0.004561841 1.024405 0.001187145 1.02688 0.004561841 1.024405 0.004674315 1.024461 0.001187145 1.02688 0.001187145 1.02688 0.004674315 1.024461 0.001243412 1.026992 0.004674315 1.024461 0.004730582 1.024574 0.001243412 1.026992 0.004730582 1.024574 -0.02924108 0.9961704 0.001243412 1.026992 -0.02924108 1.001007 0.001243412 1.026992 -0.02924108 0.9987013 0.001243412 1.026992 -0.02924108 0.9961704 -0.02924108 0.9987013 -0.02924108 0.9987013 -0.02924108 0.9961704 -0.02569764 0.9948205 -0.02924108 0.9961704 -0.02924108 0.9952142 -0.02569764 0.9948205 -0.02924108 0.9952142 -0.02569764 1.023055 -0.02569764 0.9948205 0.009736359 1.023055 0.01671063 1.031829 0.005180537 1.027105 0.005180537 1.027105 0.01671063 1.031829 0.01131117 1.036385 -0.02569764 1.031829 -0.02558517 0.9838528 -0.02569764 0.9886898 -0.02558517 0.9838528 -0.02558517 0.9862151 -0.02569764 0.9886898 -0.02558517 0.9862151 -0.02558517 0.9886898 -0.02569764 0.9886898 -0.02558517 0.9886898 -0.02558517 0.991277 -0.02569764 0.9886898 -0.02569764 0.9886898 -0.02558517 0.991277 -0.02558517 0.9939768 0.008723914 1.038185 0.006080448 1.039816 0.006024181 1.03976 0.006024181 1.03976 0.006080448 1.039816 0.005293011 1.040097 0.005293011 1.040097 0.006080448 1.039816 0.003211975 1.041222 0.006080448 1.039816 0.01136744 1.049828 0.003211975 1.041222 0.003211975 1.041222 0.01136744 1.049828 2.87279e-4 1.042403 2.87279e-4 1.042403 0.01136744 1.049828 0.004168152 1.053034 0.01136744 1.049828 0.01699185 1.0775 0.004168152 1.053034 0.004168152 1.053034 0.01699185 1.0775 0.01080495 1.07975 0.01699185 1.0775 0.01136744 1.081606 0.01080495 1.07975 0.01136744 1.081606 0.004899322 1.083462 0.01080495 1.07975 0.01080495 1.07975 0.004899322 1.083462 0.004449367 1.08155 0.004899322 1.083462 -0.001681268 1.084755 0.004449367 1.08155 0.004449367 1.08155 -0.001681268 1.084755 -0.00201869 1.082843 -0.001681268 1.084755 -0.008374333 1.085543 -0.00201869 1.082843 -0.00201869 1.082843 -0.008374333 1.085543 -0.008543074 1.083574 -0.008543074 1.083574 -0.008374333 1.085543 -0.01512372 1.085824 -0.008374333 1.085543 -0.01512372 1.08768 -0.01512372 1.085824 -0.01512372 1.08768 -0.02198553 1.087399 -0.01512372 1.085824 -0.01512372 1.085824 -0.02198553 1.087399 -0.02187305 1.085543 -0.02198553 1.087399 -0.02884733 1.086611 -0.02187305 1.085543 -0.02187305 1.085543 -0.02884733 1.086611 -0.02856612 1.084755 -0.02884733 1.086611 -0.03559672 1.085262 -0.02856612 1.084755 -0.02856612 1.084755 -0.03559672 1.085262 -0.03514677 1.083462 -0.03559672 1.085262 -0.04223358 1.083406 -0.03514677 1.083462 -0.03514677 1.083462 -0.04223358 1.083406 -0.04161489 1.081606 -0.04223358 1.083406 -0.0487017 1.080987 -0.04161489 1.081606 -0.04161489 1.081606 -0.0487017 1.080987 -0.04797047 1.0793 -0.0487017 1.080987 -0.05494481 1.078119 -0.04797047 1.0793 -0.04797047 1.0793 -0.05494481 1.078119 -0.05410116 1.076431 -0.05494481 1.078119 -0.06096297 1.074744 -0.05410116 1.076431 -0.06096297 1.074744 -0.05995059 1.073169 -0.05410116 1.076431 -0.05410116 1.076431 -0.05995059 1.073169 -0.05320125 1.074744 -0.05320125 1.074744 -0.05995059 1.073169 -0.0589382 1.071482 -0.05995059 1.073169 -0.06557506 1.069401 -0.0589382 1.071482 -0.06557506 1.069401 -0.06439393 1.067826 -0.0589382 1.071482 -0.0589382 1.071482 -0.06439393 1.067826 -0.04830795 1.045665 -0.06439393 1.067826 -0.06956839 1.063776 -0.04830795 1.045665 -0.04830795 1.045665 -0.06956839 1.063776 -0.05432611 1.040603 -0.06956839 1.063776 -0.07440543 1.059277 -0.05432611 1.040603 -0.07440543 1.059277 -0.07890498 1.05444 -0.05432611 1.040603 -0.07890498 1.05444 -0.0596131 1.034754 -0.05432611 1.040603 -0.04864543 1.030198 -0.05432611 1.040603 -0.05067026 1.02778 -0.05432611 1.040603 -0.0596131 1.034754 -0.05067026 1.02778 -0.0596131 1.034754 -0.05252629 1.025249 -0.05067026 1.02778 -0.05055773 1.027724 -0.05067026 1.02778 -0.05151391 1.02643 -0.05067026 1.02778 -0.05252629 1.025249 -0.05151391 1.02643 -0.05151391 1.02643 -0.05252629 1.025249 -0.05241382 1.025136 -0.05252629 1.025249 -0.05421364 1.022549 -0.05241382 1.025136 -0.05421364 1.022549 -0.05410116 1.022493 -0.05241382 1.025136 0.02559727 1.025136 0.02559727 1.022493 0.02565354 1.020412 0.02559727 1.022493 0.02559727 1.020412 0.02565354 1.020412 0.02559727 1.020412 0.02559727 1.019737 0.02565354 1.020412 0.02559727 1.019737 0.02565354 1.013887 0.02565354 1.020412 -0.05522602 1.020412 -0.05792576 1.013887 -0.04802674 1.008038 -0.05792576 1.013887 -0.0595569 1.007025 -0.04802674 1.008038 -0.0595569 1.007025 -0.04892665 1.00202 -0.04802674 1.008038 0.02565354 1.00202 0.02925318 1.003538 0.02565354 1.008038 0.02925318 1.003538 0.02925318 1.007475 0.02565354 1.008038 0.02565354 1.008038 0.02925318 1.007475 0.02925318 1.0077 0.02925318 1.007475 -0.04572069 1.007644 0.02925318 1.0077 0.02925318 1.011694 0.02925318 1.0077 -0.04442709 1.011694 0.02925318 1.0077 -0.04572069 1.007644 -0.04442709 1.011694 -0.04572069 1.007644 -0.04437083 1.011638 -0.04442709 1.011694 -0.04437083 1.011638 -0.042571 1.015406 -0.04442709 1.011694 -0.04442709 1.011694 -0.042571 1.015406 -0.04262727 1.015462 -0.04262727 1.015462 -0.042571 1.015406 -0.04026502 1.018949 -0.042571 1.015406 -0.04015249 1.018893 -0.04026502 1.018949 -0.04026502 1.018949 -0.04015249 1.018893 -0.03739655 1.022043 -0.04015249 1.018893 -0.03734028 1.02193 -0.03739655 1.022043 -0.03734028 1.02193 -0.03419059 1.024743 -0.03739655 1.022043 -0.03739655 1.022043 -0.03419059 1.024743 -0.03430306 1.024799 -0.03430306 1.024799 -0.03419059 1.024743 -0.03075969 1.027049 -0.03419059 1.024743 -0.02693504 1.015743 -0.03075969 1.027049 -0.03075969 1.027049 -0.02693504 1.015743 -0.02496647 1.017037 -0.02693504 1.015743 -0.02687877 1.015631 -0.02496647 1.017037 -0.02687877 1.015631 -0.02491027 1.016925 -0.02496647 1.017037 -0.02496647 1.017037 -0.02491027 1.016925 -0.02282917 1.018106 -0.02491027 1.016925 -0.02277296 1.017993 -0.02282917 1.018106 -0.02282917 1.018106 -0.02277296 1.017993 -0.02057939 1.018893 -0.02277296 1.017993 -0.02057939 1.018781 -0.02057939 1.018893 -0.02057939 1.018893 -0.02057939 1.018781 -0.01827341 1.019399 -0.02057939 1.018781 -0.01827341 1.019287 -0.01827341 1.019399 -0.01827341 1.019399 -0.01827341 1.019287 -0.0159111 1.019624 -0.01827341 1.019287 -0.0159111 1.019568 -0.0159111 1.019624 -0.0159111 1.019624 -0.0159111 1.019568 -0.01354885 1.019624 -0.0159111 1.019568 -0.01354885 1.019512 -0.01354885 1.019624 -0.01354885 1.019624 -0.01354885 1.019512 -0.01118659 1.019287 -0.01354885 1.019512 -0.01118659 1.019174 -0.01118659 1.019287 -0.01118659 1.019287 -0.01118659 1.019174 -0.008880555 1.018668 -0.01118659 1.019174 -0.008936822 1.018556 -0.008880555 1.018668 -0.008936822 1.018556 -0.006687045 1.017768 -0.008880555 1.018668 -0.008880555 1.018668 -0.006687045 1.017768 -0.002637386 1.028623 -0.006687045 1.017768 0.001074671 1.026711 -0.002637386 1.028623 -0.002637386 1.028623 0.001074671 1.026711 -0.002581179 1.028736 0.001074671 1.026711 0.001130938 1.026767 -0.002581179 1.028736 -0.002581179 1.028736 0.001130938 1.026767 -0.002524912 1.028848 0.001130938 1.026767 0.001187145 1.02688 -0.002524912 1.028848 -0.002524912 1.028848 0.001187145 1.02688 -0.002468705 1.028905 0.001187145 1.02688 0.001243412 1.026992 -0.002468705 1.028905 0.001243412 1.026992 -0.02924108 1.001007 -0.002468705 1.028905 -0.002468705 1.028905 -0.02924108 1.001007 -0.02924108 1.00247 -0.02924108 1.006238 -0.02924108 1.00247 -0.02569764 0.9999387 -0.02924108 1.00247 -0.02924108 1.001007 -0.02569764 0.9999387 -0.02924108 1.001007 -0.02924108 0.9987013 -0.02569764 0.9999387 -0.02924108 0.9987013 -0.02569764 0.9948205 -0.02569764 0.9999387 0.005180537 1.027105 0.01131117 1.036385 6.23018e-5 1.030311 6.23018e-5 1.030311 0.01131117 1.036385 0.005293011 1.040097 -0.02569764 0.9886898 -0.02558517 0.9939768 -0.02569764 0.994708 -0.02558517 0.9939768 -0.02558517 0.994708 -0.02569764 0.994708 -0.02569764 0.994708 -0.02558517 0.994708 -0.02558517 0.9968453 0.005293011 1.040097 0.003211975 1.041222 0.003155708 1.04111 0.003211975 1.041222 2.87279e-4 1.042403 0.003155708 1.04111 0.003155708 1.04111 2.87279e-4 1.042403 2.87279e-4 1.042291 2.87279e-4 1.042291 2.87279e-4 1.042403 -0.001231312 1.042797 -0.001231312 1.042797 2.87279e-4 1.042403 -0.002693653 1.043359 2.87279e-4 1.042403 0.004168152 1.053034 -0.002693653 1.043359 -0.002693653 1.043359 0.004168152 1.053034 -0.005730867 1.044147 -0.005730867 1.044147 0.004168152 1.053034 -0.003368616 1.055227 0.004168152 1.053034 0.01080495 1.07975 -0.003368616 1.055227 0.01080495 1.07975 0.004449367 1.08155 -0.003368616 1.055227 0.004449367 1.08155 -0.00201869 1.082843 -0.003368616 1.055227 -0.003368616 1.055227 -0.00201869 1.082843 -0.01118659 1.056296 -0.00201869 1.082843 -0.008543074 1.083574 -0.01118659 1.056296 -0.01118659 1.056296 -0.008543074 1.083574 -0.01512372 1.083855 -0.008543074 1.083574 -0.01512372 1.085824 -0.01512372 1.083855 -0.01512372 1.085824 -0.02187305 1.085543 -0.01512372 1.083855 -0.01512372 1.083855 -0.02187305 1.085543 -0.02170431 1.083574 -0.02187305 1.085543 -0.02856612 1.084755 -0.02170431 1.083574 -0.02170431 1.083574 -0.02856612 1.084755 -0.0282287 1.082843 -0.02856612 1.084755 -0.03514677 1.083462 -0.0282287 1.082843 -0.0282287 1.082843 -0.03514677 1.083462 -0.03469681 1.08155 -0.03514677 1.083462 -0.04161489 1.081606 -0.03469681 1.08155 -0.03469681 1.08155 -0.04161489 1.081606 -0.0410524 1.07975 -0.04161489 1.081606 -0.04797047 1.0793 -0.0410524 1.07975 -0.0410524 1.07975 -0.04797047 1.0793 -0.0472393 1.0775 -0.04797047 1.0793 -0.05410116 1.076431 -0.0472393 1.0775 -0.05410116 1.076431 -0.05320125 1.074744 -0.0472393 1.0775 -0.0472393 1.0775 -0.05320125 1.074744 -0.04161489 1.049828 -0.05320125 1.074744 -0.0589382 1.071482 -0.04161489 1.049828 -0.0589382 1.071482 -0.04830795 1.045665 -0.04161489 1.049828 -0.04161489 1.049828 -0.04830795 1.045665 -0.04161489 1.036498 -0.04161489 1.036498 -0.04830795 1.045665 -0.04414588 1.034529 -0.04414588 1.034529 -0.04830795 1.045665 -0.04645192 1.032448 -0.04830795 1.045665 -0.05432611 1.040603 -0.04645192 1.032448 -0.05432611 1.040603 -0.04864543 1.030198 -0.04645192 1.032448 -0.04645192 1.032448 -0.04864543 1.030198 -0.04690188 1.031829 -0.04690188 1.031829 -0.04864543 1.030198 -0.04858916 1.030086 -0.04864543 1.030198 -0.05067026 1.02778 -0.04858916 1.030086 -0.05067026 1.02778 -0.05055773 1.027724 -0.04858916 1.030086 0.02559727 1.030086 0.02559727 1.027724 0.02565354 1.02643 0.02559727 1.027724 0.02559727 1.02643 0.02565354 1.02643 0.02559727 1.02643 0.02559727 1.025136 0.02565354 1.02643 0.02559727 1.025136 0.02565354 1.020412 0.02565354 1.02643 -0.05151391 1.02643 -0.05522602 1.020412 -0.04605817 1.013775 -0.05522602 1.020412 -0.04802674 1.008038 -0.04605817 1.013775 0.02565354 1.008038 0.02925318 1.0077 0.02565354 1.013775 0.02925318 1.0077 0.02925318 1.011694 0.02565354 1.013775 0.02565354 1.013775 0.02925318 1.011694 0.02925318 1.012819 0.02925318 1.011694 -0.04442709 1.011694 0.02925318 1.012819 -0.04442709 1.011694 -0.04262727 1.015462 0.02925318 1.012819 0.02925318 1.012819 -0.04262727 1.015462 0.02925318 1.015518 0.02925318 1.015518 -0.04262727 1.015462 0.02925318 1.017768 0.02925318 1.017768 -0.04262727 1.015462 -0.04032123 1.019006 -0.04262727 1.015462 -0.04026502 1.018949 -0.04032123 1.019006 -0.04032123 1.019006 -0.04026502 1.018949 -0.03750902 1.022099 -0.04026502 1.018949 -0.03739655 1.022043 -0.03750902 1.022099 -0.03739655 1.022043 -0.03430306 1.024799 -0.03750902 1.022099 -0.03750902 1.022099 -0.03430306 1.024799 -0.03435933 1.024911 -0.03435933 1.024911 -0.03430306 1.024799 -0.03081589 1.027161 -0.03430306 1.024799 -0.03075969 1.027049 -0.03081589 1.027161 -0.03081589 1.027161 -0.03075969 1.027049 -0.0269913 1.028905 -0.03075969 1.027049 -0.02496647 1.017037 -0.0269913 1.028905 -0.02496647 1.017037 -0.02282917 1.018106 -0.0269913 1.028905 -0.0269913 1.028905 -0.02282917 1.018106 -0.02305418 1.030198 -0.02282917 1.018106 -0.02057939 1.018893 -0.02305418 1.030198 -0.02305418 1.030198 -0.02057939 1.018893 -0.01894831 1.030986 -0.02057939 1.018893 -0.01827341 1.019399 -0.01894831 1.030986 -0.01894831 1.030986 -0.01827341 1.019399 -0.01478624 1.031211 -0.01827341 1.019399 -0.0159111 1.019624 -0.01478624 1.031211 -0.01478624 1.031211 -0.0159111 1.019624 -0.01062411 1.030873 -0.0159111 1.019624 -0.01354885 1.019624 -0.01062411 1.030873 -0.01354885 1.019624 -0.01118659 1.019287 -0.01062411 1.030873 -0.01062411 1.030873 -0.01118659 1.019287 -0.006518304 1.03003 -0.01118659 1.019287 -0.008880555 1.018668 -0.006518304 1.03003 -0.008880555 1.018668 -0.002637386 1.028623 -0.006518304 1.03003 -0.006518304 1.03003 -0.002637386 1.028623 -0.006518304 1.030142 -0.002637386 1.028623 -0.002581179 1.028736 -0.006518304 1.030142 -0.006518304 1.030142 -0.002581179 1.028736 -0.006462037 1.030254 -0.002581179 1.028736 -0.002524912 1.028848 -0.006462037 1.030254 -0.006462037 1.030254 -0.002524912 1.028848 -0.006462037 1.030367 -0.002524912 1.028848 -0.002468705 1.028905 -0.006462037 1.030367 -0.002468705 1.028905 -0.02924108 1.00247 -0.006462037 1.030367 -0.02924108 1.00247 -0.02924108 1.006238 -0.006462037 1.030367 -0.02924108 1.006238 -0.02924108 1.006407 -0.006462037 1.030367 -0.006462037 1.030367 -0.02924108 1.006407 -0.02924108 1.010569 -0.02924108 1.010569 -0.02924108 1.006407 -0.02569764 1.005619 -0.02924108 1.006407 -0.02924108 1.006238 -0.02569764 1.005619 -0.02924108 1.006238 -0.02569764 0.9999387 -0.02569764 1.005619 6.23018e-5 1.030311 0.005293011 1.040097 -0.005618393 1.032504 -0.005618393 1.032504 0.005293011 1.040097 -0.001231312 1.042797 -0.02569764 0.994708 -0.02558517 0.9968453 -0.02569764 1.001232 -0.02558517 0.9968453 -0.02558517 0.9997137 -0.02569764 1.001232 -0.02558517 0.9997137 -0.02558517 1.001232 -0.02569764 1.001232 -0.02569764 1.001232 -0.02558517 1.001232 -0.02558517 1.002695 -0.001231312 1.042797 -0.002693653 1.043359 -0.002693653 1.043247 -0.002693653 1.043359 -0.005730867 1.044147 -0.002693653 1.043247 -0.002693653 1.043247 -0.005730867 1.044147 -0.005787074 1.044034 -0.005787074 1.044034 -0.005730867 1.044147 -0.008093118 1.044428 -0.008093118 1.044428 -0.005730867 1.044147 -0.008824288 1.044653 -0.005730867 1.044147 -0.003368616 1.055227 -0.008824288 1.044653 -0.008824288 1.044653 -0.003368616 1.055227 -0.01197397 1.044991 -0.003368616 1.055227 -0.01118659 1.056296 -0.01197397 1.044991 -0.01197397 1.044991 -0.01118659 1.056296 -0.01512372 1.045103 -0.01827341 1.044991 -0.01512372 1.045103 -0.01906079 1.056296 -0.01512372 1.045103 -0.01118659 1.056296 -0.01906079 1.056296 -0.01118659 1.056296 -0.01512372 1.083855 -0.01906079 1.056296 -0.01512372 1.083855 -0.02170431 1.083574 -0.01906079 1.056296 -0.02170431 1.083574 -0.0282287 1.082843 -0.01906079 1.056296 -0.01906079 1.056296 -0.0282287 1.082843 -0.02687877 1.055227 -0.0282287 1.082843 -0.03469681 1.08155 -0.02687877 1.055227 -0.02687877 1.055227 -0.03469681 1.08155 -0.03441554 1.053034 -0.03469681 1.08155 -0.0410524 1.07975 -0.03441554 1.053034 -0.0410524 1.07975 -0.0472393 1.0775 -0.03441554 1.053034 -0.0472393 1.0775 -0.04161489 1.049828 -0.03441554 1.053034 -0.03441554 1.053034 -0.04161489 1.049828 -0.03632789 1.039816 -0.03632789 1.039816 -0.04161489 1.049828 -0.03902763 1.038241 -0.04161489 1.049828 -0.04161489 1.036498 -0.03902763 1.038241 -0.03902763 1.038241 -0.04161489 1.036498 -0.03897136 1.038185 -0.03897136 1.038185 -0.04161489 1.036498 -0.04155862 1.036385 -0.04161489 1.036498 -0.04414588 1.034529 -0.04155862 1.036385 -0.04155862 1.036385 -0.04414588 1.034529 -0.0440334 1.034473 -0.04414588 1.034529 -0.04645192 1.032448 -0.0440334 1.034473 -0.0440334 1.034473 -0.04645192 1.032448 -0.04639565 1.032392 -0.04645192 1.032448 -0.04690188 1.031829 -0.04639565 1.032392 -0.02558517 1.046397 -0.02558517 1.046903 0.02565354 1.031829 -0.02558517 1.046903 0.02559727 1.030086 0.02565354 1.031829 0.02559727 1.030086 0.02565354 1.02643 0.02565354 1.031829 -0.04695808 1.031829 -0.05151391 1.02643 -0.04313349 1.019118 -0.05151391 1.02643 -0.04605817 1.013775 -0.04313349 1.019118 0.02565354 1.013775 0.02925318 1.012819 0.02565354 1.019118 0.02925318 1.012819 0.02925318 1.015518 0.02565354 1.019118 0.02925318 1.015518 0.02925318 1.017768 0.02565354 1.019118 0.02565354 1.019118 0.02925318 1.017768 0.02925318 1.019062 0.02925318 1.017768 -0.04032123 1.019006 0.02925318 1.019062 0.02925318 1.019062 -0.04032123 1.019006 0.02925318 1.022212 0.02925318 1.022212 -0.04032123 1.019006 -0.03756529 1.022212 -0.04032123 1.019006 -0.03750902 1.022099 -0.03756529 1.022212 -0.03750902 1.022099 -0.03435933 1.024911 -0.03756529 1.022212 -0.03756529 1.022212 -0.03435933 1.024911 -0.03441554 1.024968 -0.03441554 1.024968 -0.03435933 1.024911 -0.03087216 1.027274 -0.03435933 1.024911 -0.03081589 1.027161 -0.03087216 1.027274 -0.03087216 1.027274 -0.03081589 1.027161 -0.02704751 1.029017 -0.03081589 1.027161 -0.0269913 1.028905 -0.02704751 1.029017 -0.0269913 1.028905 -0.02305418 1.030198 -0.02704751 1.029017 -0.02704751 1.029017 -0.02305418 1.030198 -0.02305418 1.030311 -0.02305418 1.030198 -0.01894831 1.030986 -0.02305418 1.030311 -0.02305418 1.030311 -0.01894831 1.030986 -0.01894831 1.031098 -0.01894831 1.030986 -0.01478624 1.031211 -0.01894831 1.031098 -0.01894831 1.031098 -0.01478624 1.031211 -0.01478624 1.031323 -0.01478624 1.031211 -0.01062411 1.030873 -0.01478624 1.031323 -0.01478624 1.031323 -0.01062411 1.030873 -0.01062411 1.031042 -0.01062411 1.030873 -0.006518304 1.03003 -0.01062411 1.031042 -0.006518304 1.03003 -0.006518304 1.030142 -0.01062411 1.031042 -0.01062411 1.031042 -0.006518304 1.030142 -0.0105679 1.031154 -0.006518304 1.030142 -0.006462037 1.030254 -0.0105679 1.031154 -0.0105679 1.031154 -0.006462037 1.030254 -0.0105679 1.031211 -0.006462037 1.030254 -0.006462037 1.030367 -0.0105679 1.031211 -0.006462037 1.030367 -0.02924108 1.010569 -0.0105679 1.031211 -0.0105679 1.031211 -0.02924108 1.010569 -0.02924108 1.011806 -0.02924108 1.014787 -0.02924108 1.011806 -0.02569764 1.011581 -0.02924108 1.011806 -0.02924108 1.010569 -0.02569764 1.011581 -0.02924108 1.010569 -0.02569764 1.005619 -0.02569764 1.011581 -0.005618393 1.032504 -0.001231312 1.042797 -0.01158028 1.033685 -0.01158028 1.033685 -0.001231312 1.042797 -0.008093118 1.044428 -0.02569764 1.001232 -0.02558517 1.002695 -0.02569764 1.008094 -0.02558517 1.002695 -0.02558517 1.005788 -0.02569764 1.008094 -0.02558517 1.005788 -0.02558517 1.008094 -0.02569764 1.008094 -0.02569764 1.008094 -0.02558517 1.008094 -0.02558517 1.008882 -0.008093118 1.044428 -0.008824288 1.044653 -0.008880555 1.044541 -0.008824288 1.044653 -0.01197397 1.044991 -0.008880555 1.044541 -0.008880555 1.044541 -0.01197397 1.044991 -0.01197397 1.044878 -0.01197397 1.044991 -0.01512372 1.045103 -0.01197397 1.044878 -0.01197397 1.044878 -0.01512372 1.045103 -0.01512372 1.044991 -0.01512372 1.045103 -0.01827341 1.044991 -0.01512372 1.044991 -0.01512372 1.044991 -0.01827341 1.044991 -0.01827341 1.044878 -0.01827341 1.044878 -0.01827341 1.044991 -0.0214231 1.044653 -0.01827341 1.044991 -0.01906079 1.056296 -0.0214231 1.044653 -0.0214231 1.044653 -0.01906079 1.056296 -0.02451652 1.044147 -0.01906079 1.056296 -0.02687877 1.055227 -0.02451652 1.044147 -0.02451652 1.044147 -0.02687877 1.055227 -0.02755373 1.043359 -0.02755373 1.043359 -0.02687877 1.055227 -0.03053468 1.042403 -0.02687877 1.055227 -0.03441554 1.053034 -0.03053468 1.042403 -0.03053468 1.042403 -0.03441554 1.053034 -0.03345942 1.041222 -0.03441554 1.053034 -0.03632789 1.039816 -0.03345942 1.041222 -0.03340315 1.04111 -0.03345942 1.041222 -0.03554046 1.040097 -0.03345942 1.041222 -0.03632789 1.039816 -0.03554046 1.040097 -0.03554046 1.040097 -0.03632789 1.039816 -0.03627163 1.03976 -0.03632789 1.039816 -0.03902763 1.038241 -0.03627163 1.03976 -0.03902763 1.038241 -0.03897136 1.038185 -0.03627163 1.03976 -0.02558517 1.036273 -0.02558517 1.038972 -0.02569764 1.04156 -0.02558517 1.038972 -0.02558517 1.04156 -0.02569764 1.04156 -0.02558517 1.04156 -0.02558517 1.044034 -0.02569764 1.04156 -0.02558517 1.044034 -0.02558517 1.046397 -0.02569764 1.04156 -0.02558517 1.046397 0.02565354 1.031829 -0.02569764 1.04156 -0.04155862 1.036385 -0.04695808 1.031829 -0.03925257 1.023786 -0.04695808 1.031829 -0.04313349 1.019118 -0.03925257 1.023786 0.02565354 1.019118 0.02925318 1.019062 0.02565354 1.023786 0.02925318 1.019062 0.02925318 1.022212 0.02565354 1.023786 0.02565354 1.023786 0.02925318 1.022212 0.02925318 1.022268 0.02925318 1.022212 -0.03756529 1.022212 0.02925318 1.022268 -0.03756529 1.022212 -0.03441554 1.024968 0.02925318 1.022268 0.02925318 1.022268 -0.03441554 1.024968 -0.02924108 1.034473 -0.02924108 1.034473 -0.03441554 1.024968 -0.02924108 1.033292 -0.02924108 1.033292 -0.03441554 1.024968 -0.03092843 1.02733 -0.03441554 1.024968 -0.03087216 1.027274 -0.03092843 1.02733 -0.03092843 1.02733 -0.03087216 1.027274 -0.02710378 1.02913 -0.03087216 1.027274 -0.02704751 1.029017 -0.02710378 1.02913 -0.02704751 1.029017 -0.02305418 1.030311 -0.02710378 1.02913 -0.02710378 1.02913 -0.02305418 1.030311 -0.02311038 1.030423 -0.02305418 1.030311 -0.01894831 1.031098 -0.02311038 1.030423 -0.02311038 1.030423 -0.01894831 1.031098 -0.01894831 1.031211 -0.01894831 1.031098 -0.01478624 1.031323 -0.01894831 1.031211 -0.01894831 1.031211 -0.01478624 1.031323 -0.01478624 1.031436 -0.01478624 1.031323 -0.01062411 1.031042 -0.01478624 1.031436 -0.01062411 1.031042 -0.0105679 1.031154 -0.01478624 1.031436 -0.01478624 1.031436 -0.0105679 1.031154 -0.01478624 1.031548 -0.0105679 1.031154 -0.0105679 1.031211 -0.01478624 1.031548 -0.0105679 1.031211 -0.02924108 1.011806 -0.01478624 1.031548 -0.02924108 1.011806 -0.02924108 1.014787 -0.01478624 1.031548 -0.01478624 1.031548 -0.02924108 1.014787 -0.02924108 1.017487 -0.02924108 1.017487 -0.02924108 1.014787 -0.02569764 1.015125 -0.02924108 1.014787 -0.02569764 1.011581 -0.02569764 1.015125 -0.01158028 1.033685 -0.008093118 1.044428 -0.01512372 1.03391 -0.01512372 1.03391 -0.008093118 1.044428 -0.01512372 1.044991 -0.02569764 1.008094 -0.02558517 1.008882 -0.02569764 1.015125 -0.02558517 1.008882 -0.02558517 1.011975 -0.02569764 1.015125 -0.02558517 1.011975 -0.02558517 1.015125 -0.02569764 1.015125 -0.02558517 1.015125 -0.02558517 1.018274 -0.02569764 1.015125 -0.02569764 1.015125 -0.02558517 1.018274 -0.02558517 1.021368 -0.01827341 1.044878 -0.0214231 1.044653 -0.02136683 1.044541 -0.02136683 1.044541 -0.0214231 1.044653 -0.02215427 1.044428 -0.0214231 1.044653 -0.02451652 1.044147 -0.02215427 1.044428 -0.02215427 1.044428 -0.02451652 1.044147 -0.02446031 1.044034 -0.02451652 1.044147 -0.02755373 1.043359 -0.02446031 1.044034 -0.02446031 1.044034 -0.02755373 1.043359 -0.02755373 1.043247 -0.02755373 1.043247 -0.02755373 1.043359 -0.02901607 1.042797 -0.02755373 1.043359 -0.03053468 1.042403 -0.02901607 1.042797 -0.02901607 1.042797 -0.03053468 1.042403 -0.03053468 1.042291 -0.03053468 1.042403 -0.03345942 1.041222 -0.03053468 1.042291 -0.03345942 1.041222 -0.03340315 1.04111 -0.03053468 1.042291 -0.02558517 1.030536 -0.02558517 1.033404 -0.02569764 1.035542 -0.02558517 1.033404 -0.02558517 1.035542 -0.02569764 1.035542 -0.02558517 1.035542 -0.02558517 1.036273 -0.02569764 1.035542 -0.02558517 1.036273 -0.02569764 1.04156 -0.02569764 1.035542 -0.03554046 1.040097 -0.04155862 1.036385 -0.03464055 1.027724 -0.04155862 1.036385 -0.03925257 1.023786 -0.03464055 1.027724 0.02565354 1.023786 0.02925318 1.022268 -0.02569764 1.034642 0.02925318 1.022268 -0.02924108 1.034473 -0.02569764 1.034642 -0.02924108 1.034473 -0.02924108 1.033292 -0.02569764 1.034642 -0.02569764 1.034642 -0.02924108 1.033292 -0.02924108 1.030929 -0.02924108 1.033292 -0.03092843 1.02733 -0.02924108 1.030929 -0.02924108 1.030929 -0.03092843 1.02733 -0.02924108 1.028398 -0.02924108 1.028398 -0.03092843 1.02733 -0.02710378 1.029186 -0.03092843 1.02733 -0.02710378 1.02913 -0.02710378 1.029186 -0.02710378 1.02913 -0.02311038 1.030423 -0.02710378 1.029186 -0.02710378 1.029186 -0.02311038 1.030423 -0.02311038 1.030536 -0.02311038 1.030423 -0.01894831 1.031211 -0.02311038 1.030536 -0.02311038 1.030536 -0.01894831 1.031211 -0.01900458 1.031323 -0.01894831 1.031211 -0.01478624 1.031436 -0.01900458 1.031323 -0.01478624 1.031436 -0.01478624 1.031548 -0.01900458 1.031323 -0.01478624 1.031548 -0.02924108 1.017487 -0.01900458 1.031323 -0.01900458 1.031323 -0.02924108 1.017487 -0.02924108 1.019006 -0.02924108 1.019006 -0.02924108 1.017487 -0.02569764 1.017656 -0.02924108 1.017487 -0.02569764 1.015125 -0.02569764 1.017656 -0.01512372 1.03391 -0.01512372 1.044991 -0.01765471 1.033798 -0.01765471 1.033798 -0.01512372 1.044991 -0.02215427 1.044428 -0.02569764 1.015125 -0.02558517 1.021368 -0.02569764 1.022155 -0.02558517 1.021368 -0.02558517 1.022155 -0.02569764 1.022155 -0.02558517 1.022155 -0.02558517 1.024461 -0.02569764 1.022155 -0.02569764 1.022155 -0.02558517 1.024461 -0.02569764 1.029017 -0.02558517 1.024461 -0.02558517 1.027555 -0.02569764 1.029017 -0.02558517 1.027555 -0.02558517 1.029017 -0.02569764 1.029017 -0.02558517 1.029017 -0.02558517 1.030536 -0.02569764 1.029017 -0.02558517 1.030536 -0.02569764 1.035542 -0.02569764 1.029017 -0.02901607 1.042797 -0.03554046 1.040097 -0.02935355 1.030761 -0.03554046 1.040097 -0.03464055 1.027724 -0.02935355 1.030761 -0.02569764 1.034642 -0.02924108 1.030929 -0.02569764 1.029355 -0.02924108 1.030929 -0.02924108 1.028398 -0.02569764 1.029355 -0.02569764 1.029355 -0.02924108 1.028398 -0.02924108 1.027161 -0.02924108 1.028398 -0.02710378 1.029186 -0.02924108 1.027161 -0.02710378 1.029186 -0.02311038 1.030536 -0.02924108 1.027161 -0.02924108 1.027161 -0.02311038 1.030536 -0.02924108 1.023168 -0.02924108 1.023168 -0.02311038 1.030536 -0.02924108 1.023111 -0.02311038 1.030536 -0.01900458 1.031323 -0.02924108 1.023111 -0.01900458 1.031323 -0.02924108 1.019006 -0.02924108 1.023111 -0.02924108 1.019006 -0.02569764 1.017656 -0.02924108 1.023111 -0.02924108 1.023111 -0.02569764 1.017656 -0.02569764 1.023674 -0.01765471 1.033798 -0.02215427 1.044428 -0.02367287 1.032786 -0.02215427 1.044428 -0.02901607 1.042797 -0.02367287 1.032786 -0.02901607 1.042797 -0.02935355 1.030761 -0.02367287 1.032786 -0.02569764 1.029355 -0.02924108 1.027161 -0.02569764 1.023674 -0.02924108 1.027161 -0.02924108 1.023168 -0.02569764 1.023674 -0.02924108 1.023111 -0.02569764 1.023674 -0.02924108 1.023168</float_array>
          <technique_common>
            <accessor source="#Mesh_0_002-mesh-map-0-array" count="18360" stride="2">
              <param name="S" type="float"/>
              <param name="T" type="float"/>
            </accessor>
          </technique_common>
        </source>
        <vertices id="Mesh_0_002-mesh-vertices">
          <input semantic="POSITION" source="#Mesh_0_002-mesh-positions"/>
        </vertices>
        <triangles material="polished_steel_001-material" count="72">
          <input semantic="VERTEX" source="#Mesh_0_002-mesh-vertices" offset="0"/>
          <input semantic="NORMAL" source="#Mesh_0_002-mesh-normals" offset="1"/>
          <input semantic="TEXCOORD" source="#Mesh_0_002-mesh-map-0" offset="2" set="0"/>
          <p>1 0 0 2 0 1 4 0 2 4 0 3 2 0 4 6 0 5 6 0 6 2 0 7 8 0 8 8 0 9 2 0 10 10 0 11 10 0 12 2 0 13 12 0 14 12 1 15 2 1 16 13 1 17 13 2 18 2 2 19 15 2 20 15 3 21 2 3 22 17 3 23 17 4 24 2 4 25 19 4 26 19 0 27 2 0 28 21 0 29 21 0 30 2 0 31 23 0 32 23 0 33 2 0 34 25 0 35 25 0 36 2 0 37 27 0 38 27 0 39 2 0 40 29 0 41 29 0 42 2 0 43 31 0 44 31 0 45 2 0 46 33 0 47 33 0 48 2 0 49 35 0 50 35 0 51 2 0 52 36 0 53 36 0 54 2 0 55 38 0 56 38 0 57 2 0 58 40 0 59 40 0 60 2 0 61 42 0 62 42 0 63 2 0 64 44 0 65 44 5 66 2 5 67 45 5 68 2 0 69 1 0 70 45 0 71 46 6 72 0 7 73 47 8 74 47 8 75 0 7 76 48 9 77 0 7 78 3 10 79 48 9 80 48 9 81 3 10 82 49 11 83 3 10 84 5 12 85 49 11 86 49 11 87 5 12 88 50 13 89 5 12 90 7 14 91 50 13 92 50 13 93 7 14 94 51 15 95 7 14 96 9 16 97 51 15 98 51 15 99 9 16 100 52 17 101 9 16 102 11 18 103 52 17 104 52 17 105 11 18 106 53 19 107 11 18 108 14 20 109 53 19 110 53 19 111 14 20 112 54 21 113 14 20 114 55 22 115 54 21 116 54 21 117 55 22 118 56 23 119 55 22 120 16 24 121 56 23 122 56 23 123 16 24 124 57 25 125 16 24 126 18 26 127 57 25 128 57 25 129 18 26 130 58 27 131 18 26 132 20 28 133 58 27 134 58 27 135 20 28 136 59 29 137 20 28 138 22 30 139 59 29 140 59 29 141 22 30 142 60 31 143 22 30 144 24 32 145 60 31 146 60 31 147 24 32 148 61 33 149 24 32 150 26 34 151 61 33 152 61 33 153 26 34 154 62 35 155 26 34 156 28 36 157 62 35 158 62 35 159 28 36 160 63 37 161 28 36 162 30 38 163 63 37 164 63 37 165 30 38 166 64 39 167 30 38 168 32 40 169 64 39 170 64 39 171 32 40 172 65 41 173 32 40 174 34 42 175 65 41 176 65 41 177 34 42 178 66 43 179 34 42 180 37 44 181 66 43 182 66 43 183 37 44 184 67 45 185 37 44 186 68 46 187 67 45 188 67 45 189 68 46 190 69 47 191 68 46 192 39 48 193 69 47 194 69 47 195 39 48 196 70 49 197 39 48 198 41 50 199 70 49 200 70 49 201 41 50 202 71 51 203 41 50 204 43 52 205 71 51 206 71 51 207 43 52 208 72 53 209 43 52 210 46 6 211 72 53 212 46 6 213 47 8 214 72 53 215</p>
        </triangles>
        <triangles material="color_002-material" count="6048">
          <input semantic="VERTEX" source="#Mesh_0_002-mesh-vertices" offset="0"/>
          <input semantic="NORMAL" source="#Mesh_0_002-mesh-normals" offset="1"/>
          <input semantic="TEXCOORD" source="#Mesh_0_002-mesh-map-0" offset="2" set="0"/>
          <p>74 54 216 76 55 217 78 56 218 76 55 219 79 57 220 78 56 221 79 57 222 80 58 223 78 56 224 78 56 225 80 58 226 82 59 227 80 58 228 84 60 229 82 59 230 82 59 231 84 60 232 85 61 233 87 62 234 89 63 235 91 64 236 91 64 237 89 63 238 92 65 239 89 63 240 94 66 241 92 65 242 92 65 243 94 66 244 95 67 245 94 66 246 97 68 247 95 67 248 95 67 249 97 68 250 99 69 251 97 68 252 100 70 253 99 69 254 99 69 255 100 70 256 101 71 257 100 70 258 85 61 259 101 71 260 85 61 261 84 60 262 101 71 263 102 72 264 83 73 265 103 74 266 83 73 267 80 58 268 103 74 269 80 58 270 79 57 271 103 74 272 103 74 273 79 57 274 104 75 275 79 57 276 75 76 277 104 75 278 104 75 279 75 76 280 105 77 281 105 77 282 75 76 283 106 78 284 76 55 285 74 54 286 107 79 287 74 54 288 109 80 289 107 79 290 107 79 291 109 80 292 111 81 293 109 80 294 113 82 295 111 81 296 113 82 297 114 83 298 111 81 299 111 81 300 114 83 301 116 84 302 114 83 303 117 85 304 116 84 305 116 84 306 117 85 307 119 86 308 117 85 309 121 87 310 119 86 311 119 86 312 121 87 313 122 88 314 121 87 315 124 89 316 122 88 317 122 88 318 124 89 319 125 90 320 125 90 321 124 89 322 127 91 323 124 89 324 129 92 325 127 91 326 127 91 327 129 92 328 131 93 329 129 92 330 133 94 331 131 93 332 131 93 333 133 94 334 135 95 335 133 94 336 137 96 337 135 95 338 135 95 339 137 96 340 138 97 341 138 97 342 137 96 343 139 98 344 141 99 345 142 100 346 143 101 347 142 100 348 144 102 349 143 101 350 143 101 351 144 102 352 145 103 353 144 102 354 147 104 355 145 103 356 145 103 357 147 104 358 148 105 359 147 104 360 150 106 361 148 105 362 150 106 363 152 107 364 148 105 365 148 105 366 152 107 367 153 108 368 152 107 369 155 109 370 153 108 371 153 108 372 155 109 373 156 110 374 155 109 375 158 111 376 156 110 377 158 111 378 159 112 379 156 110 380 159 112 381 139 98 382 156 110 383 156 110 384 139 98 385 160 113 386 139 98 387 136 114 388 160 113 389 160 113 390 136 114 391 161 115 392 136 114 393 132 116 394 161 115 395 132 116 396 128 117 397 161 115 398 161 115 399 128 117 400 162 118 401 128 117 402 123 119 403 162 118 404 123 119 405 120 120 406 162 118 407 162 118 408 120 120 409 163 121 410 120 120 411 117 85 412 163 121 413 117 85 414 114 83 415 163 121 416 163 121 417 114 83 418 164 122 419 114 83 420 112 123 421 164 122 422 164 122 423 112 123 424 165 124 425 112 123 426 108 125 427 165 124 428 165 124 429 108 125 430 166 126 431 108 125 432 73 127 433 166 126 434 73 127 435 77 128 436 166 126 437 77 128 438 81 129 439 166 126 440 166 126 441 81 129 442 167 130 443 81 129 444 85 61 445 167 130 446 85 61 447 100 70 448 167 130 449 167 130 450 100 70 451 168 131 452 100 70 453 96 132 454 168 131 455 168 131 456 96 132 457 169 133 458 96 132 459 93 134 460 169 133 461 169 133 462 93 134 463 170 135 464 93 134 465 88 136 466 170 135 467 88 136 468 86 137 469 170 135 470 86 137 471 172 138 472 170 135 473 170 135 474 172 138 475 173 139 476 172 138 477 175 140 478 173 139 479 175 140 480 177 141 481 173 139 482 173 139 483 177 141 484 178 142 485 179 143 486 180 144 487 182 145 488 182 145 489 180 144 490 183 146 491 180 144 492 178 142 493 183 146 494 178 142 495 177 141 496 183 146 497 184 147 498 176 148 499 185 149 500 185 149 501 176 148 502 186 150 503 176 148 504 174 151 505 186 150 506 186 150 507 174 151 508 188 152 509 174 151 510 171 153 511 188 152 512 188 152 513 171 153 514 189 154 515 171 153 516 87 62 517 189 154 518 87 62 519 91 64 520 189 154 521 190 155 522 90 156 523 191 157 524 90 156 525 92 65 526 191 157 527 92 65 528 95 67 529 191 157 530 191 157 531 95 67 532 192 158 533 95 67 534 98 159 535 192 158 536 192 158 537 98 159 538 193 160 539 98 159 540 102 72 541 193 160 542 102 72 543 103 74 544 193 160 545 193 160 546 103 74 547 194 161 548 194 161 549 103 74 550 195 162 551 103 74 552 104 75 553 195 162 554 196 163 555 195 162 556 197 164 557 195 162 558 104 75 559 197 164 560 104 75 561 105 77 562 197 164 563 197 164 564 105 77 565 198 165 566 198 165 567 105 77 568 199 166 569 105 77 570 106 78 571 199 166 572 106 78 573 110 167 574 199 166 575 110 167 576 115 168 577 199 166 578 115 168 579 118 169 580 199 166 581 199 166 582 118 169 583 200 170 584 118 169 585 122 88 586 200 170 587 122 88 588 125 90 589 200 170 590 200 170 591 125 90 592 201 171 593 125 90 594 126 172 595 201 171 596 201 171 597 126 172 598 202 173 599 126 172 600 130 174 601 202 173 602 130 174 603 134 175 604 202 173 605 202 173 606 134 175 607 203 176 608 134 175 609 138 97 610 203 176 611 203 176 612 138 97 613 204 177 614 138 97 615 139 98 616 204 177 617 139 98 618 159 112 619 204 177 620 204 177 621 159 112 622 206 178 623 159 112 624 157 179 625 206 178 626 206 178 627 157 179 628 208 180 629 157 179 630 154 181 631 208 180 632 208 180 633 154 181 634 210 182 635 154 181 636 151 183 637 210 182 638 210 182 639 151 183 640 211 184 641 151 183 642 149 185 643 211 184 644 211 184 645 149 185 646 212 186 647 149 185 648 146 187 649 212 186 650 212 186 651 146 187 652 214 188 653 146 187 654 144 102 655 214 188 656 214 188 657 144 102 658 216 189 659 144 102 660 142 100 661 216 189 662 216 189 663 142 100 664 218 190 665 142 100 666 140 191 667 218 190 668 218 190 669 140 191 670 219 192 671 219 192 672 140 191 673 220 193 674 141 99 675 143 101 676 221 194 677 143 101 678 222 195 679 221 194 680 221 194 681 222 195 682 224 196 683 224 196 684 222 195 685 225 197 686 226 198 687 227 199 688 228 200 689 227 199 690 225 197 691 228 200 692 228 200 693 225 197 694 229 201 695 225 197 696 222 195 697 229 201 698 229 201 699 222 195 700 230 202 701 222 195 702 143 101 703 230 202 704 230 202 705 143 101 706 231 203 707 143 101 708 145 103 709 231 203 710 231 203 711 145 103 712 232 204 713 145 103 714 148 105 715 232 204 716 232 204 717 148 105 718 233 205 719 148 105 720 153 108 721 233 205 722 233 205 723 153 108 724 234 206 725 153 108 726 156 110 727 234 206 728 234 206 729 156 110 730 235 207 731 156 110 732 160 113 733 235 207 734 235 207 735 160 113 736 236 208 737 160 113 738 161 115 739 236 208 740 236 208 741 161 115 742 237 209 743 161 115 744 162 118 745 237 209 746 237 209 747 162 118 748 238 210 749 162 118 750 163 121 751 238 210 752 238 210 753 163 121 754 239 211 755 163 121 756 164 122 757 239 211 758 239 211 759 164 122 760 240 212 761 164 122 762 165 124 763 240 212 764 240 212 765 165 124 766 241 213 767 165 124 768 166 126 769 241 213 770 241 213 771 166 126 772 242 214 773 166 126 774 167 130 775 242 214 776 242 214 777 167 130 778 243 215 779 167 130 780 168 131 781 243 215 782 243 215 783 168 131 784 244 216 785 168 131 786 169 133 787 244 216 788 244 216 789 169 133 790 245 217 791 169 133 792 170 135 793 245 217 794 245 217 795 170 135 796 246 218 797 170 135 798 173 139 799 246 218 800 246 218 801 173 139 802 247 219 803 173 139 804 178 142 805 247 219 806 247 219 807 178 142 808 248 220 809 178 142 810 180 144 811 248 220 812 248 220 813 180 144 814 249 221 815 180 144 816 179 143 817 249 221 818 249 221 819 179 143 820 250 222 821 251 223 822 252 224 823 253 225 824 253 225 825 252 224 826 254 226 827 252 224 828 255 227 829 254 226 830 254 226 831 255 227 832 256 228 833 255 227 834 250 222 835 256 228 836 250 222 837 179 143 838 256 228 839 256 228 840 179 143 841 257 229 842 257 229 843 179 143 844 258 230 845 258 230 846 179 143 847 259 231 848 179 143 849 182 145 850 259 231 851 260 232 852 181 233 853 262 234 854 262 234 855 181 233 856 263 235 857 181 233 858 184 147 859 263 235 860 184 147 861 185 149 862 263 235 863 264 236 864 185 149 865 265 237 866 185 149 867 186 150 868 265 237 869 265 237 870 186 150 871 266 238 872 186 150 873 187 239 874 266 238 875 266 238 876 187 239 877 267 240 878 187 239 879 190 155 880 267 240 881 190 155 882 191 157 883 267 240 884 267 240 885 191 157 886 268 241 887 268 241 888 191 157 889 269 242 890 191 157 891 192 158 892 269 242 893 269 242 894 192 158 895 270 243 896 192 158 897 193 160 898 270 243 899 193 160 900 194 161 901 270 243 902 270 243 903 194 161 904 271 244 905 271 244 906 194 161 907 272 245 908 194 161 909 195 162 910 272 245 911 195 162 912 196 163 913 272 245 914 272 245 915 196 163 916 274 246 917 274 246 918 196 163 919 276 247 920 278 248 921 280 249 922 281 250 923 280 249 924 276 247 925 281 250 926 276 247 927 196 163 928 281 250 929 196 163 930 197 164 931 281 250 932 197 164 933 198 165 934 281 250 935 281 250 936 198 165 937 282 251 938 282 251 939 198 165 940 283 252 941 198 165 942 199 166 943 283 252 944 199 166 945 200 170 946 283 252 947 283 252 948 200 170 949 284 253 950 200 170 951 201 171 952 284 253 953 284 253 954 201 171 955 285 254 956 201 171 957 202 173 958 285 254 959 285 254 960 202 173 961 286 255 962 202 173 963 203 176 964 286 255 965 286 255 966 203 176 967 287 256 968 287 256 969 203 176 970 288 257 971 203 176 972 204 177 973 288 257 974 204 177 975 205 258 976 288 257 977 288 257 978 205 258 979 289 259 980 205 258 981 207 260 982 289 259 983 289 259 984 207 260 985 290 261 986 207 260 987 209 262 988 290 261 989 209 262 990 211 184 991 290 261 992 211 184 993 212 186 994 290 261 995 290 261 996 212 186 997 291 263 998 212 186 999 213 264 1000 291 263 1001 291 263 1002 213 264 1003 292 265 1004 213 264 1005 215 266 1006 292 265 1007 292 265 1008 215 266 1009 293 267 1010 215 266 1011 217 268 1012 293 267 1013 217 268 1014 219 192 1015 293 267 1016 293 267 1017 219 192 1018 294 269 1019 219 192 1020 220 193 1021 294 269 1022 220 193 1023 223 270 1024 294 269 1025 294 269 1026 223 270 1027 296 271 1028 296 271 1029 223 270 1030 298 272 1031 224 196 1032 225 197 1033 297 273 1034 225 197 1035 227 199 1036 297 273 1037 297 273 1038 227 199 1039 299 274 1040 301 275 1041 303 276 1042 304 277 1043 303 276 1044 299 274 1045 304 277 1046 299 274 1047 227 199 1048 304 277 1049 227 199 1050 226 198 1051 304 277 1052 226 198 1053 305 278 1054 304 277 1055 304 277 1056 305 278 1057 306 279 1058 306 279 1059 305 278 1060 307 280 1061 308 281 1062 309 282 1063 310 283 1064 309 282 1065 311 284 1066 310 283 1067 310 283 1068 311 284 1069 312 285 1070 311 284 1071 313 286 1072 312 285 1073 312 285 1074 313 286 1075 314 287 1076 313 286 1077 307 280 1078 314 287 1079 314 287 1080 307 280 1081 315 288 1082 307 280 1083 305 278 1084 315 288 1085 315 288 1086 305 278 1087 316 289 1088 305 278 1089 226 198 1090 316 289 1091 316 289 1092 226 198 1093 317 290 1094 226 198 1095 228 200 1096 317 290 1097 317 290 1098 228 200 1099 318 291 1100 228 200 1101 229 201 1102 318 291 1103 318 291 1104 229 201 1105 319 292 1106 229 201 1107 230 202 1108 319 292 1109 319 292 1110 230 202 1111 320 293 1112 230 202 1113 231 203 1114 320 293 1115 320 293 1116 231 203 1117 321 294 1118 231 203 1119 232 204 1120 321 294 1121 321 294 1122 232 204 1123 322 295 1124 232 204 1125 233 205 1126 322 295 1127 322 295 1128 233 205 1129 323 296 1130 233 205 1131 234 206 1132 323 296 1133 323 296 1134 234 206 1135 324 297 1136 234 206 1137 235 207 1138 324 297 1139 324 297 1140 235 207 1141 325 298 1142 235 207 1143 236 208 1144 325 298 1145 325 298 1146 236 208 1147 326 299 1148 236 208 1149 237 209 1150 326 299 1151 326 299 1152 237 209 1153 327 300 1154 237 209 1155 238 210 1156 327 300 1157 327 300 1158 238 210 1159 328 301 1160 238 210 1161 239 211 1162 328 301 1163 328 301 1164 239 211 1165 329 302 1166 239 211 1167 240 212 1168 329 302 1169 329 302 1170 240 212 1171 330 303 1172 240 212 1173 241 213 1174 330 303 1175 330 303 1176 241 213 1177 331 304 1178 241 213 1179 242 214 1180 331 304 1181 331 304 1182 242 214 1183 332 305 1184 242 214 1185 243 215 1186 332 305 1187 332 305 1188 243 215 1189 333 306 1190 243 215 1191 244 216 1192 333 306 1193 333 306 1194 244 216 1195 334 307 1196 244 216 1197 245 217 1198 334 307 1199 334 307 1200 245 217 1201 335 308 1202 245 217 1203 246 218 1204 335 308 1205 335 308 1206 246 218 1207 336 309 1208 246 218 1209 247 219 1210 336 309 1211 336 309 1212 247 219 1213 337 310 1214 247 219 1215 248 220 1216 337 310 1217 337 310 1218 248 220 1219 338 311 1220 248 220 1221 249 221 1222 338 311 1223 338 311 1224 249 221 1225 339 312 1226 249 221 1227 250 222 1228 339 312 1229 339 312 1230 250 222 1231 340 313 1232 250 222 1233 255 227 1234 340 313 1235 340 313 1236 255 227 1237 341 314 1238 255 227 1239 252 224 1240 341 314 1241 341 314 1242 252 224 1243 342 315 1244 252 224 1245 251 223 1246 342 315 1247 342 315 1248 251 223 1249 343 316 1250 251 223 1251 344 317 1252 343 316 1253 343 316 1254 344 317 1255 345 318 1256 344 317 1257 346 319 1258 345 318 1259 345 318 1260 346 319 1261 347 320 1262 346 319 1263 348 321 1264 347 320 1265 347 320 1266 348 321 1267 349 322 1268 348 321 1269 350 323 1270 349 322 1271 349 322 1272 350 323 1273 351 324 1274 350 323 1275 352 325 1276 351 324 1277 351 324 1278 352 325 1279 353 326 1280 352 325 1281 354 327 1282 353 326 1283 353 326 1284 354 327 1285 355 328 1286 356 329 1287 357 330 1288 358 331 1289 358 331 1290 357 330 1291 359 332 1292 357 330 1293 360 333 1294 359 332 1295 359 332 1296 360 333 1297 361 334 1298 360 333 1299 362 335 1300 361 334 1301 361 334 1302 362 335 1303 363 336 1304 362 335 1305 355 328 1306 363 336 1307 355 328 1308 354 327 1309 363 336 1310 363 336 1311 354 327 1312 364 337 1313 364 337 1314 354 327 1315 365 338 1316 354 327 1317 352 325 1318 365 338 1319 365 338 1320 352 325 1321 366 339 1322 352 325 1323 350 323 1324 366 339 1325 366 339 1326 350 323 1327 367 340 1328 350 323 1329 348 321 1330 367 340 1331 367 340 1332 348 321 1333 368 341 1334 348 321 1335 346 319 1336 368 341 1337 368 341 1338 346 319 1339 369 342 1340 346 319 1341 344 317 1342 369 342 1343 369 342 1344 344 317 1345 370 343 1346 344 317 1347 251 223 1348 370 343 1349 251 223 1350 253 225 1351 370 343 1352 370 343 1353 253 225 1354 372 344 1355 372 344 1356 253 225 1357 374 345 1358 253 225 1359 254 226 1360 374 345 1361 374 345 1362 254 226 1363 376 346 1364 376 346 1365 254 226 1366 377 347 1367 254 226 1368 256 228 1369 377 347 1370 256 228 1371 257 229 1372 377 347 1373 378 348 1374 257 229 1375 380 349 1376 380 349 1377 257 229 1378 382 350 1379 257 229 1380 258 230 1381 382 350 1382 382 350 1383 258 230 1384 383 351 1385 258 230 1386 260 232 1387 383 351 1388 260 232 1389 262 234 1390 383 351 1391 384 352 1392 261 353 1393 385 354 1394 261 353 1395 264 236 1396 385 354 1397 264 236 1398 265 237 1399 385 354 1400 385 354 1401 265 237 1402 386 355 1403 386 355 1404 265 237 1405 387 356 1406 265 237 1407 266 238 1408 387 356 1409 387 356 1410 266 238 1411 388 357 1412 266 238 1413 267 240 1414 388 357 1415 267 240 1416 268 241 1417 388 357 1418 388 357 1419 268 241 1420 389 358 1421 389 358 1422 268 241 1423 390 359 1424 268 241 1425 269 242 1426 390 359 1427 390 359 1428 269 242 1429 391 360 1430 269 242 1431 270 243 1432 391 360 1433 270 243 1434 271 244 1435 391 360 1436 393 361 1437 391 360 1438 395 362 1439 391 360 1440 271 244 1441 395 362 1442 395 362 1443 271 244 1444 397 363 1445 397 363 1446 271 244 1447 399 364 1448 271 244 1449 272 245 1450 399 364 1451 399 364 1452 272 245 1453 400 365 1454 272 245 1455 274 246 1456 400 365 1457 401 366 1458 273 367 1459 403 368 1460 403 368 1461 273 367 1462 404 369 1463 273 367 1464 275 370 1465 404 369 1466 406 371 1467 405 372 1468 407 373 1469 404 369 1470 275 370 1471 408 374 1472 275 370 1473 279 375 1474 408 374 1475 408 374 1476 279 375 1477 411 376 1478 279 375 1479 277 377 1480 411 376 1481 411 376 1482 277 377 1483 413 378 1484 413 378 1485 277 377 1486 414 379 1487 278 248 1488 281 250 1489 415 380 1490 281 250 1491 282 251 1492 415 380 1493 415 380 1494 282 251 1495 417 381 1496 417 381 1497 282 251 1498 418 382 1499 282 251 1500 283 252 1501 418 382 1502 283 252 1503 284 253 1504 418 382 1505 418 382 1506 284 253 1507 419 383 1508 284 253 1509 285 254 1510 419 383 1511 419 383 1512 285 254 1513 420 384 1514 285 254 1515 286 255 1516 420 384 1517 420 384 1518 286 255 1519 421 385 1520 286 255 1521 287 256 1522 421 385 1523 421 385 1524 287 256 1525 422 386 1526 422 386 1527 287 256 1528 423 387 1529 287 256 1530 288 257 1531 423 387 1532 288 257 1533 289 259 1534 423 387 1535 423 387 1536 289 259 1537 424 388 1538 289 259 1539 290 261 1540 424 388 1541 424 388 1542 290 261 1543 425 389 1544 290 261 1545 291 263 1546 425 389 1547 425 389 1548 291 263 1549 426 390 1550 291 263 1551 292 265 1552 426 390 1553 426 390 1554 292 265 1555 427 391 1556 292 265 1557 293 267 1558 427 391 1559 427 391 1560 293 267 1561 428 392 1562 428 392 1563 293 267 1564 429 393 1565 293 267 1566 294 269 1567 429 393 1568 294 269 1569 295 394 1570 429 393 1571 429 393 1572 295 394 1573 430 395 1574 430 395 1575 295 394 1576 431 396 1577 296 271 1578 298 272 1579 432 397 1580 298 272 1581 433 398 1582 432 397 1583 432 397 1584 433 398 1585 435 399 1586 435 399 1587 433 398 1588 437 400 1589 433 398 1590 302 401 1591 437 400 1592 437 400 1593 302 401 1594 439 402 1595 302 401 1596 300 403 1597 439 402 1598 439 402 1599 300 403 1600 440 404 1601 441 405 1602 440 404 1603 442 406 1604 440 404 1605 300 403 1606 442 406 1607 301 275 1608 304 277 1609 443 407 1610 304 277 1611 306 279 1612 443 407 1613 443 407 1614 306 279 1615 445 408 1616 445 408 1617 306 279 1618 446 409 1619 306 279 1620 307 280 1621 446 409 1622 307 280 1623 313 286 1624 446 409 1625 446 409 1626 313 286 1627 447 410 1628 313 286 1629 311 284 1630 447 410 1631 447 410 1632 311 284 1633 448 411 1634 311 284 1635 309 282 1636 448 411 1637 448 411 1638 309 282 1639 449 412 1640 449 412 1641 309 282 1642 450 413 1643 309 282 1644 308 281 1645 450 413 1646 450 413 1647 308 281 1648 451 414 1649 453 415 1650 451 414 1651 455 416 1652 451 414 1653 308 281 1654 455 416 1655 455 416 1656 308 281 1657 457 417 1658 308 281 1659 310 283 1660 457 417 1661 457 417 1662 310 283 1663 459 418 1664 310 283 1665 312 285 1666 459 418 1667 459 418 1668 312 285 1669 461 419 1670 312 285 1671 314 287 1672 461 419 1673 461 419 1674 314 287 1675 463 420 1676 314 287 1677 315 288 1678 463 420 1679 463 420 1680 315 288 1681 465 421 1682 315 288 1683 316 289 1684 465 421 1685 465 421 1686 316 289 1687 467 422 1688 316 289 1689 317 290 1690 467 422 1691 467 422 1692 317 290 1693 468 423 1694 317 290 1695 318 291 1696 468 423 1697 468 423 1698 318 291 1699 470 424 1700 318 291 1701 319 292 1702 470 424 1703 470 424 1704 319 292 1705 472 425 1706 319 292 1707 320 293 1708 472 425 1709 472 425 1710 320 293 1711 474 426 1712 320 293 1713 321 294 1714 474 426 1715 474 426 1716 321 294 1717 476 427 1718 321 294 1719 322 295 1720 476 427 1721 476 427 1722 322 295 1723 478 428 1724 322 295 1725 323 296 1726 478 428 1727 478 428 1728 323 296 1729 480 429 1730 323 296 1731 324 297 1732 480 429 1733 480 429 1734 324 297 1735 482 430 1736 324 297 1737 325 298 1738 482 430 1739 482 430 1740 325 298 1741 484 431 1742 325 298 1743 326 299 1744 484 431 1745 484 431 1746 326 299 1747 486 432 1748 326 299 1749 327 300 1750 486 432 1751 486 432 1752 327 300 1753 488 433 1754 327 300 1755 328 301 1756 488 433 1757 488 433 1758 328 301 1759 490 434 1760 328 301 1761 329 302 1762 490 434 1763 490 434 1764 329 302 1765 492 435 1766 329 302 1767 330 303 1768 492 435 1769 492 435 1770 330 303 1771 494 436 1772 330 303 1773 331 304 1774 494 436 1775 494 436 1776 331 304 1777 496 437 1778 331 304 1779 332 305 1780 496 437 1781 496 437 1782 332 305 1783 498 438 1784 332 305 1785 333 306 1786 498 438 1787 498 438 1788 333 306 1789 500 439 1790 333 306 1791 334 307 1792 500 439 1793 500 439 1794 334 307 1795 502 440 1796 334 307 1797 335 308 1798 502 440 1799 502 440 1800 335 308 1801 504 441 1802 335 308 1803 336 309 1804 504 441 1805 504 441 1806 336 309 1807 506 442 1808 336 309 1809 337 310 1810 506 442 1811 506 442 1812 337 310 1813 508 443 1814 337 310 1815 338 311 1816 508 443 1817 508 443 1818 338 311 1819 510 444 1820 338 311 1821 339 312 1822 510 444 1823 510 444 1824 339 312 1825 512 445 1826 339 312 1827 340 313 1828 512 445 1829 512 445 1830 340 313 1831 514 446 1832 340 313 1833 341 314 1834 514 446 1835 514 446 1836 341 314 1837 516 447 1838 341 314 1839 342 315 1840 516 447 1841 516 447 1842 342 315 1843 518 448 1844 342 315 1845 343 316 1846 518 448 1847 518 448 1848 343 316 1849 520 449 1850 343 316 1851 345 318 1852 520 449 1853 520 449 1854 345 318 1855 522 450 1856 345 318 1857 347 320 1858 522 450 1859 522 450 1860 347 320 1861 524 451 1862 347 320 1863 349 322 1864 524 451 1865 524 451 1866 349 322 1867 526 452 1868 349 322 1869 351 324 1870 526 452 1871 526 452 1872 351 324 1873 528 453 1874 351 324 1875 353 326 1876 528 453 1877 528 453 1878 353 326 1879 530 454 1880 353 326 1881 355 328 1882 530 454 1883 530 454 1884 355 328 1885 532 455 1886 355 328 1887 362 335 1888 532 455 1889 532 455 1890 362 335 1891 534 456 1892 362 335 1893 360 333 1894 534 456 1895 534 456 1896 360 333 1897 536 457 1898 360 333 1899 357 330 1900 536 457 1901 536 457 1902 357 330 1903 538 458 1904 357 330 1905 356 329 1906 538 458 1907 538 458 1908 356 329 1909 540 459 1910 542 460 1911 540 459 1912 543 461 1913 540 459 1914 356 329 1915 543 461 1916 543 461 1917 356 329 1918 544 462 1919 356 329 1920 358 331 1921 544 462 1922 544 462 1923 358 331 1924 545 463 1925 545 463 1926 358 331 1927 546 464 1928 358 331 1929 359 332 1930 546 464 1931 546 464 1932 359 332 1933 547 465 1934 359 332 1935 361 334 1936 547 465 1937 547 465 1938 361 334 1939 548 466 1940 361 334 1941 363 336 1942 548 466 1943 363 336 1944 364 337 1945 548 466 1946 550 467 1947 548 466 1948 552 468 1949 552 468 1950 548 466 1951 554 469 1952 548 466 1953 364 337 1954 554 469 1955 554 469 1956 364 337 1957 556 470 1958 364 337 1959 365 338 1960 556 470 1961 556 470 1962 365 338 1963 557 471 1964 365 338 1965 366 339 1966 557 471 1967 557 471 1968 366 339 1969 558 472 1970 558 472 1971 366 339 1972 560 473 1973 560 473 1974 366 339 1975 562 474 1976 366 339 1977 367 340 1978 562 474 1979 562 474 1980 367 340 1981 564 475 1982 367 340 1983 368 341 1984 564 475 1985 564 475 1986 368 341 1987 566 476 1988 566 476 1989 368 341 1990 568 477 1991 368 341 1992 369 342 1993 568 477 1994 568 477 1995 369 342 1996 569 478 1997 369 342 1998 370 343 1999 569 478 2000 569 478 2001 370 343 2002 570 479 2003 570 479 2004 370 343 2005 571 480 2006 370 343 2007 372 344 2008 571 480 2009 572 481 2010 371 482 2011 574 483 2012 574 483 2013 371 482 2014 576 484 2015 371 482 2016 373 485 2017 576 484 2018 576 484 2019 373 485 2020 577 486 2021 373 485 2022 375 487 2023 577 486 2024 577 486 2025 375 487 2026 578 488 2027 375 487 2028 378 348 2029 578 488 2030 378 348 2031 380 349 2032 578 488 2033 578 488 2034 379 489 2035 579 490 2036 579 490 2037 379 489 2038 580 491 2039 379 489 2040 381 492 2041 580 491 2042 381 492 2043 384 352 2044 580 491 2045 384 352 2046 385 354 2047 580 491 2048 580 491 2049 385 354 2050 581 493 2051 385 354 2052 386 355 2053 581 493 2054 581 493 2055 386 355 2056 582 494 2057 582 494 2058 386 355 2059 583 495 2060 386 355 2061 387 356 2062 583 495 2063 583 495 2064 387 356 2065 584 496 2066 387 356 2067 388 357 2068 584 496 2069 388 357 2070 389 358 2071 584 496 2072 586 497 2073 584 496 2074 588 498 2075 588 498 2076 584 496 2077 590 499 2078 584 496 2079 389 358 2080 590 499 2081 590 499 2082 389 358 2083 592 500 2084 389 358 2085 390 359 2086 592 500 2087 592 500 2088 390 359 2089 593 501 2090 390 359 2091 391 360 2092 593 501 2093 391 360 2094 393 361 2095 593 501 2096 594 502 2097 392 503 2098 596 504 2099 596 504 2100 392 503 2101 598 505 2102 392 503 2103 394 506 2104 598 505 2105 598 505 2106 394 506 2107 600 507 2108 394 506 2109 396 508 2110 600 507 2111 600 507 2112 396 508 2113 601 509 2114 396 508 2115 398 510 2116 601 509 2117 398 510 2118 401 366 2119 601 509 2120 401 366 2121 403 368 2122 601 509 2123 602 511 2124 402 512 2125 603 513 2126 603 513 2127 402 512 2128 604 514 2129 402 512 2130 405 372 2131 604 514 2132 405 372 2133 406 371 2134 604 514 2135 604 514 2136 406 371 2137 605 515 2138 605 515 2139 406 371 2140 606 516 2141 606 516 2142 406 371 2143 607 517 2144 406 371 2145 407 373 2146 607 517 2147 407 373 2148 409 518 2149 607 517 2150 410 519 2151 412 520 2152 607 517 2153 607 517 2154 412 520 2155 608 521 2156 413 378 2157 414 379 2158 609 522 2159 414 379 2160 416 523 2161 609 522 2162 609 522 2163 416 523 2164 611 524 2165 611 524 2166 416 523 2167 612 525 2168 417 381 2169 418 382 2170 613 526 2171 418 382 2172 419 383 2173 613 526 2174 613 526 2175 419 383 2176 615 527 2177 615 527 2178 419 383 2179 617 528 2180 617 528 2181 419 383 2182 619 529 2183 419 383 2184 420 384 2185 619 529 2186 619 529 2187 420 384 2188 621 530 2189 420 384 2190 421 385 2191 621 530 2192 621 530 2193 421 385 2194 623 531 2195 421 385 2196 422 386 2197 623 531 2198 623 531 2199 422 386 2200 625 532 2201 627 533 2202 629 534 2203 630 535 2204 629 534 2205 625 532 2206 630 535 2207 625 532 2208 422 386 2209 630 535 2210 422 386 2211 423 387 2212 630 535 2213 423 387 2214 424 388 2215 630 535 2216 630 535 2217 424 388 2218 631 536 2219 424 388 2220 425 389 2221 631 536 2222 631 536 2223 425 389 2224 632 537 2225 425 389 2226 426 390 2227 632 537 2228 632 537 2229 426 390 2230 633 538 2231 426 390 2232 427 391 2233 633 538 2234 633 538 2235 427 391 2236 634 539 2237 427 391 2238 428 392 2239 634 539 2240 634 539 2241 428 392 2242 635 540 2243 635 540 2244 428 392 2245 636 541 2246 428 392 2247 429 393 2248 636 541 2249 429 393 2250 430 395 2251 636 541 2252 636 541 2253 430 395 2254 637 542 2255 637 542 2256 430 395 2257 638 543 2258 430 395 2259 431 396 2260 638 543 2261 431 396 2262 434 544 2263 638 543 2264 434 544 2265 436 545 2266 638 543 2267 436 545 2268 438 546 2269 638 543 2270 638 543 2271 438 546 2272 639 547 2273 438 546 2274 440 404 2275 639 547 2276 440 404 2277 441 405 2278 639 547 2279 639 547 2280 441 405 2281 640 548 2282 640 548 2283 441 405 2284 641 549 2285 441 405 2286 442 406 2287 642 550 2288 442 406 2289 444 551 2290 642 550 2291 642 550 2292 444 551 2293 643 552 2294 445 408 2295 446 409 2296 643 552 2297 446 409 2298 447 410 2299 643 552 2300 643 552 2301 447 410 2302 644 553 2303 644 553 2304 447 410 2305 646 554 2306 447 410 2307 448 411 2308 646 554 2309 646 554 2310 448 411 2311 648 555 2312 648 555 2313 448 411 2314 650 556 2315 650 556 2316 448 411 2317 652 557 2318 448 411 2319 449 412 2320 652 557 2321 652 557 2322 449 412 2323 654 558 2324 655 559 2325 654 558 2326 656 560 2327 654 558 2328 449 412 2329 656 560 2330 449 412 2331 450 413 2332 656 560 2333 656 560 2334 450 413 2335 657 561 2336 450 413 2337 451 414 2338 657 561 2339 657 561 2340 451 414 2341 658 562 2342 451 414 2343 453 415 2344 658 562 2345 658 562 2346 453 415 2347 659 563 2348 662 564 2349 664 564 2350 665 564 2351 664 564 2352 667 564 2353 665 564 2354 667 564 2355 669 564 2356 665 564 2357 669 565 2358 660 565 2359 665 565 2360 660 566 2361 452 566 2362 665 566 2363 452 564 2364 454 564 2365 665 564 2366 454 564 2367 456 564 2368 665 564 2369 456 564 2370 458 564 2371 665 564 2372 458 564 2373 460 564 2374 665 564 2375 460 564 2376 462 564 2377 665 564 2378 462 564 2379 464 564 2380 665 564 2381 464 564 2382 466 564 2383 665 564 2384 466 564 2385 469 564 2386 665 564 2387 469 564 2388 670 564 2389 665 564 2390 670 564 2391 471 564 2392 665 564 2393 471 564 2394 473 564 2395 665 564 2396 473 564 2397 475 564 2398 665 564 2399 475 564 2400 477 564 2401 665 564 2402 477 564 2403 479 564 2404 665 564 2405 479 564 2406 481 564 2407 665 564 2408 481 564 2409 483 564 2410 665 564 2411 483 564 2412 485 564 2413 665 564 2414 485 564 2415 487 564 2416 665 564 2417 487 567 2418 489 567 2419 665 567 2420 489 568 2421 491 568 2422 665 568 2423 491 564 2424 493 564 2425 665 564 2426 493 564 2427 495 564 2428 665 564 2429 495 564 2430 497 564 2431 665 564 2432 497 569 2433 499 569 2434 665 569 2435 499 570 2436 501 570 2437 665 570 2438 501 564 2439 503 564 2440 665 564 2441 503 571 2442 505 571 2443 665 571 2444 505 564 2445 507 564 2446 665 564 2447 507 564 2448 509 564 2449 665 564 2450 509 564 2451 511 564 2452 665 564 2453 511 564 2454 513 564 2455 665 564 2456 513 564 2457 515 564 2458 665 564 2459 515 564 2460 517 564 2461 665 564 2462 517 564 2463 519 564 2464 665 564 2465 519 564 2466 521 564 2467 665 564 2468 521 572 2469 523 572 2470 665 572 2471 523 564 2472 525 564 2473 665 564 2474 525 573 2475 527 573 2476 665 573 2477 527 564 2478 529 564 2479 665 564 2480 529 564 2481 531 564 2482 665 564 2483 531 564 2484 533 564 2485 665 564 2486 533 564 2487 535 564 2488 665 564 2489 535 564 2490 537 564 2491 665 564 2492 537 574 2493 539 574 2494 665 574 2495 539 564 2496 541 564 2497 665 564 2498 541 575 2499 672 575 2500 665 575 2501 672 564 2502 674 564 2503 665 564 2504 678 564 2505 665 564 2506 675 564 2507 675 564 2508 665 564 2509 677 564 2510 665 576 2511 674 576 2512 677 576 2513 679 577 2514 680 578 2515 681 579 2516 681 579 2517 680 578 2518 682 580 2519 680 578 2520 676 581 2521 682 580 2522 682 580 2523 676 581 2524 683 582 2525 676 581 2526 673 583 2527 683 582 2528 683 582 2529 673 583 2530 684 584 2531 673 583 2532 671 585 2533 684 584 2534 684 584 2535 671 585 2536 685 586 2537 671 585 2538 542 460 2539 685 586 2540 542 460 2541 543 461 2542 685 586 2543 685 586 2544 543 461 2545 686 587 2546 543 461 2547 544 462 2548 686 587 2549 686 587 2550 544 462 2551 687 588 2552 544 462 2553 545 463 2554 687 588 2555 689 589 2556 687 588 2557 691 590 2558 687 588 2559 545 463 2560 691 590 2561 691 590 2562 545 463 2563 693 591 2564 545 463 2565 546 464 2566 693 591 2567 693 591 2568 546 464 2569 694 592 2570 546 464 2571 547 465 2572 694 592 2573 694 592 2574 547 465 2575 695 593 2576 695 593 2577 547 465 2578 696 594 2579 547 465 2580 548 466 2581 696 594 2582 548 466 2583 550 467 2584 696 594 2585 697 595 2586 549 596 2587 699 597 2588 699 597 2589 549 596 2590 701 598 2591 549 596 2592 551 599 2593 701 598 2594 701 598 2595 551 599 2596 702 600 2597 551 599 2598 553 601 2599 702 600 2600 702 600 2601 553 601 2602 703 602 2603 553 601 2604 555 603 2605 703 602 2606 703 602 2607 555 603 2608 705 604 2609 555 603 2610 557 471 2611 705 604 2612 705 604 2613 557 471 2614 707 605 2615 557 471 2616 558 472 2617 707 605 2618 707 605 2619 558 472 2620 709 606 2621 558 472 2622 559 607 2623 709 606 2624 709 606 2625 559 607 2626 710 608 2627 559 607 2628 561 609 2629 710 608 2630 710 608 2631 561 609 2632 711 610 2633 711 610 2634 561 609 2635 713 611 2636 561 609 2637 563 612 2638 713 611 2639 713 611 2640 563 612 2641 715 613 2642 563 612 2643 565 614 2644 715 613 2645 715 613 2646 565 614 2647 717 615 2648 565 614 2649 567 616 2650 717 615 2651 567 616 2652 569 478 2653 717 615 2654 717 615 2655 569 478 2656 718 617 2657 569 478 2658 570 479 2659 718 617 2660 718 617 2661 570 479 2662 719 618 2663 719 618 2664 570 479 2665 720 619 2666 570 479 2667 572 481 2668 720 619 2669 572 481 2670 574 483 2671 720 619 2672 721 620 2673 573 621 2674 722 622 2675 722 622 2676 573 621 2677 723 623 2678 573 621 2679 575 624 2680 723 623 2681 575 624 2682 577 486 2683 723 623 2684 577 486 2685 578 488 2686 723 623 2687 578 488 2688 579 490 2689 723 623 2690 723 623 2691 579 490 2692 724 625 2693 724 625 2694 579 490 2695 725 626 2696 579 490 2697 580 491 2698 725 626 2699 580 491 2700 581 493 2701 725 626 2702 725 626 2703 581 493 2704 726 627 2705 581 493 2706 582 494 2707 726 627 2708 728 628 2709 726 627 2710 730 629 2711 730 629 2712 726 627 2713 732 630 2714 726 627 2715 582 494 2716 732 630 2717 732 630 2718 582 494 2719 734 631 2720 582 494 2721 583 495 2722 734 631 2723 734 631 2724 583 495 2725 735 632 2726 583 495 2727 584 496 2728 735 632 2729 584 496 2730 586 497 2731 735 632 2732 736 633 2733 585 634 2734 738 635 2735 738 635 2736 585 634 2737 740 636 2738 585 634 2739 587 637 2740 740 636 2741 740 636 2742 587 637 2743 742 638 2744 587 637 2745 589 639 2746 742 638 2747 742 638 2748 589 639 2749 744 640 2750 744 640 2751 589 639 2752 745 641 2753 589 639 2754 591 642 2755 745 641 2756 591 642 2757 594 502 2758 745 641 2759 594 502 2760 596 504 2761 745 641 2762 746 643 2763 595 644 2764 747 645 2765 747 645 2766 595 644 2767 748 646 2768 595 644 2769 597 647 2770 748 646 2771 597 647 2772 599 648 2773 748 646 2774 599 648 2775 602 511 2776 748 646 2777 602 511 2778 603 513 2779 748 646 2780 748 646 2781 603 513 2782 749 649 2783 749 649 2784 603 513 2785 750 650 2786 603 513 2787 604 514 2788 750 650 2789 604 514 2790 605 515 2791 750 650 2792 750 650 2793 605 515 2794 751 651 2795 751 651 2796 605 515 2797 752 652 2798 605 515 2799 606 516 2800 752 652 2801 752 652 2802 606 516 2803 753 653 2804 753 653 2805 606 516 2806 754 654 2807 606 516 2808 607 517 2809 754 654 2810 754 654 2811 607 517 2812 755 655 2813 607 517 2814 608 521 2815 755 655 2816 608 521 2817 610 656 2818 755 655 2819 755 655 2820 610 656 2821 756 657 2822 756 657 2823 610 656 2824 757 658 2825 611 524 2826 612 525 2827 758 659 2828 612 525 2829 614 660 2830 758 659 2831 758 659 2832 614 660 2833 760 661 2834 614 660 2835 616 662 2836 760 661 2837 760 661 2838 616 662 2839 762 663 2840 616 662 2841 618 664 2842 762 663 2843 762 663 2844 618 664 2845 764 665 2846 764 665 2847 618 664 2848 766 666 2849 618 664 2850 620 667 2851 766 666 2852 620 667 2853 622 668 2854 766 666 2855 766 666 2856 622 668 2857 768 669 2858 622 668 2859 624 670 2860 768 669 2861 768 669 2862 624 670 2863 770 671 2864 770 671 2865 624 670 2866 772 672 2867 624 670 2868 628 673 2869 772 672 2870 772 672 2871 628 673 2872 774 674 2873 628 673 2874 626 675 2875 774 674 2876 774 674 2877 626 675 2878 776 676 2879 776 676 2880 626 675 2881 777 677 2882 627 533 2883 630 535 2884 778 678 2885 630 535 2886 631 536 2887 778 678 2888 778 678 2889 631 536 2890 780 679 2891 631 536 2892 632 537 2893 780 679 2894 780 679 2895 632 537 2896 782 680 2897 632 537 2898 633 538 2899 782 680 2900 782 680 2901 633 538 2902 784 681 2903 784 681 2904 633 538 2905 786 682 2906 786 682 2907 633 538 2908 788 683 2909 633 538 2910 634 539 2911 788 683 2912 788 683 2913 634 539 2914 790 684 2915 634 539 2916 635 540 2917 790 684 2918 790 684 2919 635 540 2920 792 685 2921 794 686 2922 792 685 2923 795 687 2924 792 685 2925 635 540 2926 795 687 2927 635 540 2928 636 541 2929 795 687 2930 636 541 2931 637 542 2932 795 687 2933 795 687 2934 637 542 2935 796 688 2936 796 688 2937 637 542 2938 797 689 2939 637 542 2940 638 543 2941 797 689 2942 638 543 2943 639 547 2944 797 689 2945 797 689 2946 639 547 2947 798 690 2948 639 547 2949 640 548 2950 798 690 2951 798 690 2952 640 548 2953 799 691 2954 799 691 2955 640 548 2956 800 692 2957 640 548 2958 641 549 2959 800 692 2960 800 692 2961 641 549 2962 801 693 2963 642 550 2964 643 552 2965 802 694 2966 643 552 2967 644 553 2968 802 694 2969 802 694 2970 644 553 2971 804 695 2972 644 553 2973 645 696 2974 804 695 2975 804 695 2976 645 696 2977 805 697 2978 645 696 2979 647 698 2980 805 697 2981 805 697 2982 647 698 2983 806 699 2984 806 699 2985 647 698 2986 808 700 2987 647 698 2988 649 701 2989 808 700 2990 808 700 2991 649 701 2992 810 702 2993 649 701 2994 651 703 2995 810 702 2996 810 702 2997 651 703 2998 812 704 2999 651 703 3000 653 705 3001 812 704 3002 812 704 3003 653 705 3004 813 706 3005 653 705 3006 655 559 3007 813 706 3008 813 706 3009 655 559 3010 814 707 3011 814 707 3012 655 559 3013 815 708 3014 815 708 3015 655 559 3016 816 709 3017 655 559 3018 656 560 3019 816 709 3020 656 560 3021 657 561 3022 816 709 3023 816 709 3024 657 561 3025 817 710 3026 657 561 3027 658 562 3028 817 710 3029 817 710 3030 658 562 3031 818 711 3032 658 562 3033 659 563 3034 818 711 3035 659 563 3036 668 712 3037 818 711 3038 818 711 3039 668 712 3040 819 713 3041 668 712 3042 666 714 3043 819 713 3044 819 713 3045 666 714 3046 820 715 3047 666 714 3048 663 716 3049 820 715 3050 820 715 3051 663 716 3052 821 717 3053 663 716 3054 661 718 3055 821 717 3056 821 717 3057 661 718 3058 822 719 3059 822 719 3060 661 718 3061 823 720 3062 662 721 3063 665 721 3064 824 721 3065 824 722 3066 665 722 3067 826 722 3068 826 564 3069 665 564 3070 828 564 3071 828 723 3072 665 723 3073 830 723 3074 830 564 3075 665 564 3076 832 564 3077 832 564 3078 665 564 3079 834 564 3080 834 564 3081 665 564 3082 836 564 3083 836 564 3084 665 564 3085 838 564 3086 838 564 3087 665 564 3088 840 564 3089 840 564 3090 665 564 3091 842 564 3092 842 564 3093 665 564 3094 844 564 3095 844 564 3096 665 564 3097 846 564 3098 846 724 3099 665 724 3100 848 724 3101 848 564 3102 665 564 3103 850 564 3104 850 725 3105 665 725 3106 852 725 3107 852 564 3108 665 564 3109 854 564 3110 854 564 3111 665 564 3112 856 564 3113 856 564 3114 665 564 3115 858 564 3116 858 564 3117 665 564 3118 860 564 3119 860 564 3120 665 564 3121 862 564 3122 862 726 3123 665 726 3124 864 726 3125 864 564 3126 665 564 3127 866 564 3128 866 727 3129 665 727 3130 868 727 3131 868 564 3132 665 564 3133 869 564 3134 665 728 3135 678 728 3136 869 728 3137 870 729 3138 679 577 3139 871 730 3140 679 577 3141 681 579 3142 871 730 3143 871 730 3144 681 579 3145 872 731 3146 872 731 3147 681 579 3148 873 732 3149 681 579 3150 682 580 3151 873 732 3152 873 732 3153 682 580 3154 874 733 3155 682 580 3156 683 582 3157 874 733 3158 874 733 3159 683 582 3160 875 734 3161 683 582 3162 684 584 3163 875 734 3164 875 734 3165 684 584 3166 876 735 3167 684 584 3168 685 586 3169 876 735 3170 685 586 3171 686 587 3172 876 735 3173 876 735 3174 686 587 3175 877 736 3176 686 587 3177 687 588 3178 877 736 3179 878 737 3180 877 736 3181 880 738 3182 877 736 3183 687 588 3184 880 738 3185 880 738 3186 687 588 3187 881 739 3188 687 588 3189 689 589 3190 881 739 3191 882 740 3192 688 741 3193 884 742 3194 884 742 3195 688 741 3196 885 743 3197 688 741 3198 690 744 3199 885 743 3200 885 743 3201 690 744 3202 886 745 3203 690 744 3204 692 746 3205 886 745 3206 886 745 3207 692 746 3208 888 747 3209 692 746 3210 694 592 3211 888 747 3212 888 747 3213 694 592 3214 890 748 3215 694 592 3216 695 593 3217 890 748 3218 890 748 3219 695 593 3220 891 749 3221 695 593 3222 697 595 3223 891 749 3224 697 595 3225 699 597 3226 891 749 3227 892 750 3228 698 751 3229 893 752 3230 698 751 3231 700 753 3232 893 752 3233 893 752 3234 700 753 3235 894 754 3236 700 753 3237 702 600 3238 894 754 3239 702 600 3240 703 602 3241 894 754 3242 894 754 3243 703 602 3244 895 755 3245 703 602 3246 704 756 3247 895 755 3248 895 755 3249 704 756 3250 896 757 3251 704 756 3252 706 758 3253 896 757 3254 896 757 3255 706 758 3256 897 759 3257 706 758 3258 708 760 3259 897 759 3260 708 760 3261 710 608 3262 897 759 3263 710 608 3264 711 610 3265 897 759 3266 897 759 3267 711 610 3268 898 761 3269 711 610 3270 712 762 3271 898 761 3272 898 761 3273 712 762 3274 899 763 3275 712 762 3276 714 764 3277 899 763 3278 899 763 3279 714 764 3280 900 765 3281 714 764 3282 716 766 3283 900 765 3284 716 766 3285 718 617 3286 900 765 3287 718 617 3288 719 618 3289 900 765 3290 900 765 3291 719 618 3292 901 767 3293 719 618 3294 721 620 3295 901 767 3296 721 620 3297 722 622 3298 901 767 3299 901 767 3300 722 622 3301 902 768 3302 902 768 3303 722 622 3304 903 769 3305 722 622 3306 723 623 3307 903 769 3308 723 623 3309 724 625 3310 903 769 3311 903 769 3312 724 625 3313 904 770 3314 904 770 3315 724 625 3316 905 771 3317 724 625 3318 725 626 3319 905 771 3320 725 626 3321 726 627 3322 905 771 3323 905 771 3324 726 627 3325 906 772 3326 726 627 3327 728 628 3328 906 772 3329 907 773 3330 727 774 3331 909 775 3332 909 775 3333 727 774 3334 911 776 3335 727 774 3336 729 777 3337 911 776 3338 911 776 3339 729 777 3340 913 778 3341 729 777 3342 731 779 3343 913 778 3344 913 778 3345 731 779 3346 915 780 3347 731 779 3348 733 781 3349 915 780 3350 915 780 3351 733 781 3352 916 782 3353 733 781 3354 736 633 3355 916 782 3356 736 633 3357 738 635 3358 916 782 3359 917 783 3360 737 784 3361 918 785 3362 918 785 3363 737 784 3364 919 786 3365 737 784 3366 739 787 3367 919 786 3368 739 787 3369 741 788 3370 919 786 3371 741 788 3372 743 789 3373 919 786 3374 919 786 3375 743 789 3376 920 790 3377 743 789 3378 746 643 3379 920 790 3380 746 643 3381 747 645 3382 920 790 3383 920 790 3384 747 645 3385 921 791 3386 921 791 3387 747 645 3388 922 792 3389 747 645 3390 748 646 3391 922 792 3392 748 646 3393 749 649 3394 922 792 3395 922 792 3396 749 649 3397 923 793 3398 923 793 3399 749 649 3400 924 794 3401 749 649 3402 750 650 3403 924 794 3404 750 650 3405 751 651 3406 924 794 3407 924 794 3408 751 651 3409 925 795 3410 925 795 3411 751 651 3412 926 796 3413 926 796 3414 751 651 3415 928 797 3416 928 797 3417 751 651 3418 930 798 3419 751 651 3420 752 652 3421 930 798 3422 930 798 3423 752 652 3424 932 799 3425 752 652 3426 753 653 3427 932 799 3428 932 799 3429 753 653 3430 933 800 3431 934 801 3432 933 800 3433 935 802 3434 933 800 3435 753 653 3436 935 802 3437 753 653 3438 754 654 3439 935 802 3440 935 802 3441 754 654 3442 936 803 3443 754 654 3444 755 655 3445 936 803 3446 755 655 3447 756 657 3448 936 803 3449 936 803 3450 756 657 3451 937 804 3452 937 804 3453 756 657 3454 938 805 3455 756 657 3456 757 658 3457 938 805 3458 757 658 3459 759 806 3460 938 805 3461 759 806 3462 761 807 3463 938 805 3464 761 807 3465 763 808 3466 938 805 3467 938 805 3468 763 808 3469 939 809 3470 763 808 3471 765 810 3472 939 809 3473 939 809 3474 765 810 3475 940 811 3476 765 810 3477 767 812 3478 940 811 3479 767 812 3480 769 813 3481 940 811 3482 940 811 3483 769 813 3484 941 814 3485 769 813 3486 771 815 3487 941 814 3488 771 815 3489 773 816 3490 941 814 3491 941 814 3492 773 816 3493 942 817 3494 773 816 3495 775 818 3496 942 817 3497 942 817 3498 775 818 3499 943 819 3500 776 676 3501 777 677 3502 944 820 3503 777 677 3504 779 821 3505 944 820 3506 944 820 3507 779 821 3508 946 822 3509 779 821 3510 781 823 3511 946 822 3512 946 822 3513 781 823 3514 948 824 3515 781 823 3516 783 825 3517 948 824 3518 948 824 3519 783 825 3520 950 826 3521 783 825 3522 785 827 3523 950 826 3524 950 826 3525 785 827 3526 952 828 3527 785 827 3528 787 829 3529 952 828 3530 952 828 3531 787 829 3532 954 830 3533 954 830 3534 787 829 3535 956 831 3536 787 829 3537 789 832 3538 956 831 3539 789 832 3540 791 833 3541 956 831 3542 956 831 3543 791 833 3544 958 834 3545 791 833 3546 793 835 3547 958 834 3548 958 834 3549 793 835 3550 961 836 3551 961 836 3552 793 835 3553 962 837 3554 794 686 3555 795 687 3556 963 838 3557 795 687 3558 796 688 3559 963 838 3560 963 838 3561 796 688 3562 965 839 3563 965 839 3564 796 688 3565 967 840 3566 969 841 3567 967 840 3568 970 842 3569 967 840 3570 796 688 3571 970 842 3572 796 688 3573 797 689 3574 970 842 3575 797 689 3576 798 690 3577 970 842 3578 970 842 3579 798 690 3580 971 843 3581 798 690 3582 799 691 3583 971 843 3584 971 843 3585 799 691 3586 972 844 3587 972 844 3588 799 691 3589 973 845 3590 799 691 3591 800 692 3592 973 845 3593 973 845 3594 800 692 3595 974 846 3596 800 692 3597 801 693 3598 974 846 3599 801 693 3600 803 847 3601 974 846 3602 803 847 3603 805 697 3604 974 846 3605 805 697 3606 806 699 3607 974 846 3608 974 846 3609 806 699 3610 975 848 3611 806 699 3612 807 849 3613 975 848 3614 975 848 3615 807 849 3616 976 850 3617 807 849 3618 809 851 3619 976 850 3620 976 850 3621 809 851 3622 977 852 3623 809 851 3624 811 853 3625 977 852 3626 811 853 3627 813 706 3628 977 852 3629 813 706 3630 814 707 3631 977 852 3632 977 852 3633 814 707 3634 978 854 3635 978 854 3636 814 707 3637 979 855 3638 814 707 3639 815 708 3640 980 856 3641 980 856 3642 815 708 3643 981 857 3644 815 708 3645 816 709 3646 982 858 3647 984 859 3648 986 860 3649 987 861 3650 986 860 3651 982 858 3652 987 861 3653 982 858 3654 816 709 3655 987 861 3656 816 709 3657 817 710 3658 987 861 3659 987 861 3660 817 710 3661 988 862 3662 817 710 3663 818 711 3664 988 862 3665 818 711 3666 819 713 3667 988 862 3668 988 862 3669 819 713 3670 989 863 3671 819 713 3672 820 715 3673 989 863 3674 989 863 3675 820 715 3676 990 864 3677 820 715 3678 821 717 3679 990 864 3680 990 864 3681 821 717 3682 991 865 3683 821 717 3684 822 719 3685 991 865 3686 991 865 3687 822 719 3688 992 866 3689 992 866 3690 822 719 3691 993 867 3692 822 719 3693 823 720 3694 993 867 3695 823 720 3696 825 868 3697 993 867 3698 993 867 3699 825 868 3700 994 869 3701 825 868 3702 827 870 3703 994 869 3704 994 869 3705 827 870 3706 995 871 3707 827 870 3708 829 872 3709 995 871 3710 995 871 3711 829 872 3712 996 873 3713 829 872 3714 831 874 3715 996 873 3716 996 873 3717 831 874 3718 997 875 3719 831 874 3720 833 876 3721 997 875 3722 997 875 3723 833 876 3724 998 877 3725 833 876 3726 835 878 3727 998 877 3728 998 877 3729 835 878 3730 999 879 3731 835 878 3732 837 880 3733 999 879 3734 999 879 3735 837 880 3736 1000 881 3737 837 880 3738 839 882 3739 1000 881 3740 1000 881 3741 839 882 3742 1001 883 3743 839 882 3744 841 884 3745 1001 883 3746 1001 883 3747 841 884 3748 1002 885 3749 841 884 3750 843 886 3751 1002 885 3752 1002 885 3753 843 886 3754 1003 887 3755 843 886 3756 845 888 3757 1003 887 3758 1003 887 3759 845 888 3760 1004 889 3761 845 888 3762 847 890 3763 1004 889 3764 1004 889 3765 847 890 3766 1005 891 3767 847 890 3768 849 892 3769 1005 891 3770 1005 891 3771 849 892 3772 1006 893 3773 849 892 3774 851 894 3775 1006 893 3776 1006 893 3777 851 894 3778 1007 895 3779 851 894 3780 853 896 3781 1007 895 3782 1007 895 3783 853 896 3784 1008 897 3785 853 896 3786 855 898 3787 1008 897 3788 1008 897 3789 855 898 3790 1009 899 3791 855 898 3792 857 900 3793 1009 899 3794 1009 899 3795 857 900 3796 1010 901 3797 857 900 3798 859 902 3799 1010 901 3800 1010 901 3801 859 902 3802 1011 903 3803 859 902 3804 861 904 3805 1011 903 3806 1011 903 3807 861 904 3808 1012 905 3809 861 904 3810 863 906 3811 1012 905 3812 1012 905 3813 863 906 3814 1013 907 3815 863 906 3816 865 908 3817 1013 907 3818 1013 907 3819 865 908 3820 1014 909 3821 865 908 3822 867 910 3823 1014 909 3824 1014 909 3825 867 910 3826 1015 911 3827 867 910 3828 870 729 3829 1015 911 3830 870 729 3831 871 730 3832 1015 911 3833 1015 911 3834 871 730 3835 1016 912 3836 871 730 3837 872 731 3838 1016 912 3839 1016 912 3840 872 731 3841 1017 913 3842 1017 913 3843 872 731 3844 1018 914 3845 872 731 3846 873 732 3847 1018 914 3848 1018 914 3849 873 732 3850 1019 915 3851 873 732 3852 874 733 3853 1019 915 3854 1019 915 3855 874 733 3856 1020 916 3857 874 733 3858 875 734 3859 1020 916 3860 1020 916 3861 875 734 3862 1021 917 3863 875 734 3864 876 735 3865 1021 917 3866 876 735 3867 877 736 3868 1021 917 3869 1021 917 3870 877 736 3871 1022 918 3872 877 736 3873 878 737 3874 1022 918 3875 1022 918 3876 878 737 3877 1023 919 3878 1023 919 3879 878 737 3880 1025 920 3881 878 737 3882 879 921 3883 1025 920 3884 1025 920 3885 879 921 3886 1026 922 3887 879 921 3888 882 740 3889 1026 922 3890 882 740 3891 884 742 3892 1026 922 3893 1027 923 3894 883 924 3895 1028 925 3896 883 924 3897 885 743 3898 1028 925 3899 885 743 3900 886 745 3901 1028 925 3902 1028 925 3903 886 745 3904 1029 926 3905 886 745 3906 887 927 3907 1029 926 3908 1029 926 3909 887 927 3910 1030 928 3911 887 927 3912 889 929 3913 1030 928 3914 889 929 3915 892 750 3916 1030 928 3917 892 750 3918 893 752 3919 1030 928 3920 1030 928 3921 893 752 3922 1031 930 3923 1031 930 3924 893 752 3925 1032 931 3926 893 752 3927 894 754 3928 1032 931 3929 1032 931 3930 894 754 3931 1033 932 3932 894 754 3933 895 755 3934 1033 932 3935 1033 932 3936 895 755 3937 1034 933 3938 895 755 3939 896 757 3940 1034 933 3941 1034 933 3942 896 757 3943 1035 934 3944 896 757 3945 897 759 3946 1035 934 3947 1035 934 3948 897 759 3949 1036 935 3950 897 759 3951 898 761 3952 1036 935 3953 1036 935 3954 898 761 3955 1037 936 3956 898 761 3957 899 763 3958 1037 936 3959 1037 936 3960 899 763 3961 1038 937 3962 899 763 3963 900 765 3964 1038 937 3965 1038 937 3966 900 765 3967 1039 938 3968 900 765 3969 901 767 3970 1039 938 3971 901 767 3972 902 768 3973 1039 938 3974 1039 938 3975 902 768 3976 1040 939 3977 1040 939 3978 902 768 3979 1041 940 3980 902 768 3981 903 769 3982 1041 940 3983 903 769 3984 904 770 3985 1041 940 3986 1041 940 3987 904 770 3988 1043 941 3989 1043 941 3990 904 770 3991 1044 942 3992 904 770 3993 905 771 3994 1044 942 3995 905 771 3996 906 772 3997 1044 942 3998 1045 943 3999 907 773 4000 1047 944 4001 1047 944 4002 907 773 4003 1048 945 4004 907 773 4005 909 775 4006 1048 945 4007 1049 946 4008 908 947 4009 1050 948 4010 908 947 4011 910 949 4012 1050 948 4013 1050 948 4014 910 949 4015 1051 950 4016 910 949 4017 912 951 4018 1051 950 4019 912 951 4020 914 952 4021 1051 950 4022 1051 950 4023 914 952 4024 1052 953 4025 914 952 4026 917 783 4027 1052 953 4028 917 783 4029 918 785 4030 1052 953 4031 1052 953 4032 918 785 4033 1053 954 4034 1053 954 4035 918 785 4036 1054 955 4037 918 785 4038 919 786 4039 1054 955 4040 1054 955 4041 919 786 4042 1055 956 4043 919 786 4044 920 790 4045 1055 956 4046 920 790 4047 921 791 4048 1055 956 4049 1055 956 4050 921 791 4051 1056 957 4052 1056 957 4053 921 791 4054 1057 958 4055 921 791 4056 922 792 4057 1057 958 4058 922 792 4059 923 793 4060 1057 958 4061 1059 959 4062 1057 958 4063 1061 960 4064 1057 958 4065 923 793 4066 1061 960 4067 1061 960 4068 923 793 4069 1063 961 4070 1063 961 4071 923 793 4072 1064 962 4073 923 793 4074 924 794 4075 1064 962 4076 924 794 4077 925 795 4078 1064 962 4079 1065 963 4080 925 795 4081 1067 964 4082 1067 964 4083 925 795 4084 1069 965 4085 925 795 4086 926 796 4087 1069 965 4088 1069 965 4089 926 796 4090 1070 966 4091 926 796 4092 927 967 4093 1070 966 4094 1072 968 4095 1071 969 4096 1073 970 4097 1070 966 4098 927 967 4099 1074 971 4100 927 967 4101 929 972 4102 1074 971 4103 1074 971 4104 929 972 4105 1076 973 4106 929 972 4107 931 974 4108 1076 973 4109 1076 973 4110 931 974 4111 1077 975 4112 931 974 4113 933 800 4114 1077 975 4115 933 800 4116 934 801 4117 1077 975 4118 1077 975 4119 934 801 4120 1078 976 4121 1078 976 4122 934 801 4123 1079 977 4124 934 801 4125 935 802 4126 1080 978 4127 1080 978 4128 935 802 4129 1082 979 4130 1082 979 4131 935 802 4132 1083 980 4133 935 802 4134 936 803 4135 1083 980 4136 936 803 4137 937 804 4138 1083 980 4139 1083 980 4140 937 804 4141 1084 981 4142 1084 981 4143 937 804 4144 1085 982 4145 937 804 4146 938 805 4147 1085 982 4148 938 805 4149 939 809 4150 1085 982 4151 1085 982 4152 939 809 4153 1086 983 4154 939 809 4155 940 811 4156 1086 983 4157 1086 983 4158 940 811 4159 1087 984 4160 940 811 4161 941 814 4162 1087 984 4163 1087 984 4164 941 814 4165 1088 985 4166 941 814 4167 942 817 4168 1088 985 4169 1088 985 4170 942 817 4171 1089 986 4172 1089 986 4173 942 817 4174 1090 987 4175 942 817 4176 943 819 4177 1090 987 4178 943 819 4179 945 988 4180 1090 987 4181 1090 987 4182 945 988 4183 1091 989 4184 945 988 4185 947 990 4186 1091 989 4187 1091 989 4188 947 990 4189 1092 991 4190 947 990 4191 949 992 4192 1092 991 4193 949 992 4194 951 993 4195 1092 991 4196 951 993 4197 953 994 4198 1092 991 4199 1092 991 4200 953 994 4201 1093 995 4202 953 994 4203 955 996 4204 1093 995 4205 1093 995 4206 955 996 4207 1094 997 4208 955 996 4209 957 998 4210 1094 997 4211 1094 997 4212 957 998 4213 1095 999 4214 957 998 4215 959 1000 4216 1095 999 4217 1101 1001 4218 1096 1002 4219 1097 1003 4220 1096 1002 4221 1095 999 4222 1097 1003 4223 1097 1003 4224 1095 999 4225 1099 1004 4226 1095 999 4227 960 1005 4228 1099 1004 4229 961 836 4230 962 837 4231 1098 1006 4232 962 837 4233 964 1007 4234 1098 1006 4235 1098 1006 4236 964 1007 4237 1100 1008 4238 964 1007 4239 966 1009 4240 1100 1008 4241 966 1009 4242 968 1010 4243 1100 1008 4244 1100 1008 4245 968 1010 4246 1102 1011 4247 1102 1011 4248 968 1010 4249 1103 1012 4250 969 841 4251 970 842 4252 1104 1013 4253 970 842 4254 971 843 4255 1104 1013 4256 1104 1013 4257 971 843 4258 1106 1014 4259 971 843 4260 972 844 4261 1106 1014 4262 1106 1014 4263 972 844 4264 1108 1015 4265 1108 1015 4266 972 844 4267 1110 1016 4268 1110 1016 4269 972 844 4270 1112 1017 4271 1112 1017 4272 972 844 4273 1113 1018 4274 972 844 4275 973 845 4276 1113 1018 4277 1113 1018 4278 973 845 4279 1114 1019 4280 973 845 4281 974 846 4282 1114 1019 4283 974 846 4284 975 848 4285 1114 1019 4286 1114 1019 4287 975 848 4288 1115 1020 4289 975 848 4290 976 850 4291 1115 1020 4292 1115 1020 4293 976 850 4294 1116 1021 4295 976 850 4296 977 852 4297 1116 1021 4298 1116 1021 4299 977 852 4300 1117 1022 4301 977 852 4302 978 854 4303 1117 1022 4304 1117 1022 4305 978 854 4306 1118 1023 4307 1118 1023 4308 978 854 4309 1119 1024 4310 978 854 4311 979 855 4312 1119 1024 4313 1119 1024 4314 979 855 4315 1120 1025 4316 980 856 4317 981 857 4318 1121 1026 4319 981 857 4320 985 1027 4321 1121 1026 4322 1121 1026 4323 985 1027 4324 1123 1028 4325 985 1027 4326 983 1029 4327 1123 1028 4328 1123 1028 4329 983 1029 4330 1124 1030 4331 1124 1030 4332 983 1029 4333 1125 1031 4334 984 859 4335 987 861 4336 1126 1032 4337 1126 1032 4338 987 861 4339 1127 1033 4340 987 861 4341 988 862 4342 1127 1033 4343 988 862 4344 989 863 4345 1127 1033 4346 1127 1033 4347 989 863 4348 1128 1034 4349 989 863 4350 990 864 4351 1128 1034 4352 1128 1034 4353 990 864 4354 1129 1035 4355 990 864 4356 991 865 4357 1129 1035 4358 1129 1035 4359 991 865 4360 1130 1036 4361 991 865 4362 992 866 4363 1130 1036 4364 1130 1036 4365 992 866 4366 1131 1037 4367 1131 1037 4368 992 866 4369 1132 1038 4370 992 866 4371 993 867 4372 1132 1038 4373 993 867 4374 994 869 4375 1132 1038 4376 1132 1038 4377 994 869 4378 1133 1039 4379 994 869 4380 995 871 4381 1133 1039 4382 1133 1039 4383 995 871 4384 1134 1040 4385 995 871 4386 996 873 4387 1134 1040 4388 1134 1040 4389 996 873 4390 1135 1041 4391 996 873 4392 997 875 4393 1135 1041 4394 1135 1041 4395 997 875 4396 1136 1042 4397 997 875 4398 998 877 4399 1136 1042 4400 1136 1042 4401 998 877 4402 1137 1043 4403 998 877 4404 999 879 4405 1137 1043 4406 1137 1043 4407 999 879 4408 1138 1044 4409 999 879 4410 1000 881 4411 1138 1044 4412 1138 1044 4413 1000 881 4414 1139 1045 4415 1000 881 4416 1001 883 4417 1139 1045 4418 1139 1045 4419 1001 883 4420 1140 1046 4421 1001 883 4422 1002 885 4423 1140 1046 4424 1140 1046 4425 1002 885 4426 1141 1047 4427 1002 885 4428 1003 887 4429 1141 1047 4430 1141 1047 4431 1003 887 4432 1142 1048 4433 1003 887 4434 1004 889 4435 1142 1048 4436 1142 1048 4437 1004 889 4438 1143 1049 4439 1004 889 4440 1005 891 4441 1143 1049 4442 1143 1049 4443 1005 891 4444 1144 1050 4445 1005 891 4446 1006 893 4447 1144 1050 4448 1144 1050 4449 1006 893 4450 1145 1051 4451 1006 893 4452 1007 895 4453 1145 1051 4454 1145 1051 4455 1007 895 4456 1146 1052 4457 1007 895 4458 1008 897 4459 1146 1052 4460 1146 1052 4461 1008 897 4462 1147 1053 4463 1008 897 4464 1009 899 4465 1147 1053 4466 1147 1053 4467 1009 899 4468 1148 1054 4469 1009 899 4470 1010 901 4471 1148 1054 4472 1148 1054 4473 1010 901 4474 1149 1055 4475 1010 901 4476 1011 903 4477 1149 1055 4478 1149 1055 4479 1011 903 4480 1150 1056 4481 1011 903 4482 1012 905 4483 1150 1056 4484 1150 1056 4485 1012 905 4486 1151 1057 4487 1012 905 4488 1013 907 4489 1151 1057 4490 1151 1057 4491 1013 907 4492 1152 1058 4493 1013 907 4494 1014 909 4495 1152 1058 4496 1152 1058 4497 1014 909 4498 1153 1059 4499 1014 909 4500 1015 911 4501 1153 1059 4502 1015 911 4503 1016 912 4504 1153 1059 4505 1153 1059 4506 1016 912 4507 1154 1060 4508 1016 912 4509 1017 913 4510 1154 1060 4511 1154 1060 4512 1017 913 4513 1156 1061 4514 1156 1061 4515 1017 913 4516 1158 1062 4517 1158 1062 4518 1017 913 4519 1160 1063 4520 1017 913 4521 1018 914 4522 1160 1063 4523 1160 1063 4524 1018 914 4525 1161 1064 4526 1018 914 4527 1019 915 4528 1161 1064 4529 1161 1064 4530 1019 915 4531 1162 1065 4532 1162 1065 4533 1019 915 4534 1163 1066 4535 1163 1066 4536 1019 915 4537 1165 1067 4538 1019 915 4539 1020 916 4540 1165 1067 4541 1165 1067 4542 1020 916 4543 1167 1068 4544 1020 916 4545 1021 917 4546 1167 1068 4547 1021 917 4548 1022 918 4549 1167 1068 4550 1166 1069 4551 1022 918 4552 1168 1070 4553 1022 918 4554 1023 919 4555 1168 1070 4556 1168 1070 4557 1023 919 4558 1169 1071 4559 1169 1071 4560 1023 919 4561 1170 1072 4562 1023 919 4563 1024 1073 4564 1170 1072 4565 1170 1072 4566 1024 1073 4567 1171 1074 4568 1024 1073 4569 1027 923 4570 1171 1074 4571 1027 923 4572 1028 925 4573 1171 1074 4574 1171 1074 4575 1028 925 4576 1172 1075 4577 1172 1075 4578 1028 925 4579 1173 1076 4580 1028 925 4581 1029 926 4582 1173 1076 4583 1173 1076 4584 1029 926 4585 1174 1077 4586 1029 926 4587 1030 928 4588 1174 1077 4589 1030 928 4590 1031 930 4591 1174 1077 4592 1174 1077 4593 1031 930 4594 1175 1078 4595 1175 1078 4596 1031 930 4597 1176 1079 4598 1031 930 4599 1032 931 4600 1176 1079 4601 1176 1079 4602 1032 931 4603 1177 1080 4604 1032 931 4605 1033 932 4606 1177 1080 4607 1177 1080 4608 1033 932 4609 1178 1081 4610 1033 932 4611 1034 933 4612 1178 1081 4613 1178 1081 4614 1034 933 4615 1179 1082 4616 1034 933 4617 1035 934 4618 1179 1082 4619 1179 1082 4620 1035 934 4621 1180 1083 4622 1035 934 4623 1036 935 4624 1180 1083 4625 1180 1083 4626 1036 935 4627 1181 1084 4628 1036 935 4629 1037 936 4630 1181 1084 4631 1181 1084 4632 1037 936 4633 1182 1085 4634 1037 936 4635 1038 937 4636 1182 1085 4637 1182 1085 4638 1038 937 4639 1183 1086 4640 1038 937 4641 1039 938 4642 1183 1086 4643 1039 938 4644 1040 939 4645 1183 1086 4646 1183 1086 4647 1040 939 4648 1185 1087 4649 1185 1087 4650 1040 939 4651 1187 1088 4652 1187 1088 4653 1040 939 4654 1189 1089 4655 1189 1089 4656 1040 939 4657 1190 1090 4658 1040 939 4659 1041 940 4660 1190 1090 4661 1041 940 4662 1043 941 4663 1190 1090 4664 1191 1091 4665 1042 1092 4666 1192 1093 4667 1042 1092 4668 1045 943 4669 1192 1093 4670 1045 943 4671 1047 944 4672 1192 1093 4673 1193 1094 4674 1046 1095 4675 1194 1096 4676 1046 1095 4677 1049 946 4678 1194 1096 4679 1049 946 4680 1050 948 4681 1194 1096 4682 1194 1096 4683 1050 948 4684 1195 1097 4685 1195 1097 4686 1050 948 4687 1196 1098 4688 1050 948 4689 1051 950 4690 1196 1098 4691 1196 1098 4692 1051 950 4693 1197 1099 4694 1051 950 4695 1052 953 4696 1197 1099 4697 1052 953 4698 1053 954 4699 1197 1099 4700 1197 1099 4701 1053 954 4702 1198 1100 4703 1198 1100 4704 1053 954 4705 1199 1101 4706 1053 954 4707 1054 955 4708 1199 1101 4709 1199 1101 4710 1054 955 4711 1200 1102 4712 1054 955 4713 1055 956 4714 1200 1102 4715 1055 956 4716 1056 957 4717 1200 1102 4718 1200 1102 4719 1056 957 4720 1201 1103 4721 1201 1103 4722 1056 957 4723 1202 1104 4724 1202 1104 4725 1056 957 4726 1203 1105 4727 1056 957 4728 1057 958 4729 1203 1105 4730 1057 958 4731 1059 959 4732 1203 1105 4733 1204 1106 4734 1058 1107 4735 1206 1108 4736 1206 1108 4737 1058 1107 4738 1208 1109 4739 1058 1107 4740 1060 1110 4741 1208 1109 4742 1208 1109 4743 1060 1110 4744 1209 1111 4745 1060 1110 4746 1062 1112 4747 1209 1111 4748 1209 1111 4749 1062 1112 4750 1210 1113 4751 1062 1112 4752 1065 963 4753 1210 1113 4754 1065 963 4755 1067 964 4756 1210 1113 4757 1210 1113 4758 1066 1114 4759 1211 1115 4760 1211 1115 4761 1066 1114 4762 1212 1116 4763 1066 1114 4764 1068 1117 4765 1212 1116 4766 1068 1117 4767 1071 969 4768 1212 1116 4769 1071 969 4770 1072 968 4771 1212 1116 4772 1212 1116 4773 1072 968 4774 1213 1118 4775 1213 1118 4776 1072 968 4777 1214 1119 4778 1214 1119 4779 1072 968 4780 1215 1120 4781 1072 968 4782 1073 970 4783 1215 1120 4784 1073 970 4785 1075 1121 4786 1215 1120 4787 1075 1121 4788 1077 975 4789 1215 1120 4790 1077 975 4791 1078 976 4792 1215 1120 4793 1215 1120 4794 1078 976 4795 1216 1122 4796 1216 1122 4797 1078 976 4798 1217 1123 4799 1078 976 4800 1079 977 4801 1218 1124 4802 1218 1124 4803 1079 977 4804 1220 1125 4805 1079 977 4806 1081 1126 4807 1220 1125 4808 1220 1125 4809 1081 1126 4810 1222 1127 4811 1222 1127 4812 1081 1126 4813 1223 1128 4814 1082 979 4815 1083 980 4816 1224 1129 4817 1083 980 4818 1084 981 4819 1224 1129 4820 1224 1129 4821 1084 981 4822 1225 1130 4823 1227 1131 4824 1228 1132 4825 1229 1133 4826 1228 1132 4827 1225 1130 4828 1229 1133 4829 1225 1130 4830 1084 981 4831 1229 1133 4832 1084 981 4833 1085 982 4834 1229 1133 4835 1085 982 4836 1086 983 4837 1229 1133 4838 1229 1133 4839 1086 983 4840 1230 1134 4841 1086 983 4842 1087 984 4843 1230 1134 4844 1230 1134 4845 1087 984 4846 1231 1135 4847 1087 984 4848 1088 985 4849 1231 1135 4850 1231 1135 4851 1088 985 4852 1232 1136 4853 1088 985 4854 1089 986 4855 1232 1136 4856 1232 1136 4857 1089 986 4858 1233 1137 4859 1233 1137 4860 1089 986 4861 1234 1138 4862 1089 986 4863 1090 987 4864 1234 1138 4865 1090 987 4866 1091 989 4867 1234 1138 4868 1234 1138 4869 1091 989 4870 1235 1139 4871 1091 989 4872 1092 991 4873 1235 1139 4874 1235 1139 4875 1092 991 4876 1236 1140 4877 1092 991 4878 1093 995 4879 1236 1140 4880 1236 1140 4881 1093 995 4882 1237 1141 4883 1093 995 4884 1094 997 4885 1237 1141 4886 1237 1141 4887 1094 997 4888 1238 1142 4889 1094 997 4890 1095 999 4891 1238 1142 4892 1238 1142 4893 1095 999 4894 1239 1143 4895 1095 999 4896 1096 1002 4897 1239 1143 4898 1239 1143 4899 1096 1002 4900 1240 1144 4901 1240 1144 4902 1096 1002 4903 1241 1145 4904 1096 1002 4905 1101 1001 4906 1241 1145 4907 1241 1145 4908 1101 1001 4909 1242 1146 4910 1102 1011 4911 1103 1012 4912 1243 1147 4913 1103 1012 4914 1105 1148 4915 1243 1147 4916 1243 1147 4917 1105 1148 4918 1245 1149 4919 1105 1148 4920 1107 1150 4921 1245 1149 4922 1245 1149 4923 1107 1150 4924 1247 1151 4925 1107 1150 4926 1109 1152 4927 1247 1151 4928 1247 1151 4929 1109 1152 4930 1249 1153 4931 1109 1152 4932 1111 1154 4933 1249 1153 4934 1249 1153 4935 1111 1154 4936 1251 1155 4937 1251 1155 4938 1111 1154 4939 1252 1156 4940 1112 1017 4941 1113 1018 4942 1253 1157 4943 1253 1157 4944 1113 1018 4945 1254 1158 4946 1113 1018 4947 1114 1019 4948 1254 1158 4949 1114 1019 4950 1115 1020 4951 1254 1158 4952 1254 1158 4953 1115 1020 4954 1255 1159 4955 1115 1020 4956 1116 1021 4957 1255 1159 4958 1255 1159 4959 1116 1021 4960 1256 1160 4961 1116 1021 4962 1117 1022 4963 1256 1160 4964 1256 1160 4965 1117 1022 4966 1257 1161 4967 1117 1022 4968 1118 1023 4969 1257 1161 4970 1257 1161 4971 1118 1023 4972 1258 1162 4973 1258 1162 4974 1118 1023 4975 1259 1163 4976 1118 1023 4977 1119 1024 4978 1259 1163 4979 1259 1163 4980 1119 1024 4981 1260 1164 4982 1119 1024 4983 1120 1025 4984 1260 1164 4985 1120 1025 4986 1122 1165 4987 1260 1164 4988 1122 1165 4989 1124 1030 4990 1260 1164 4991 1260 1164 4992 1124 1030 4993 1261 1166 4994 1124 1030 4995 1125 1031 4996 1261 1166 4997 1261 1166 4998 1125 1031 4999 1262 1167 5000 1126 1032 5001 1127 1033 5002 1263 1168 5003 1127 1033 5004 1128 1034 5005 1263 1168 5006 1263 1168 5007 1128 1034 5008 1264 1169 5009 1128 1034 5010 1129 1035 5011 1264 1169 5012 1264 1169 5013 1129 1035 5014 1265 1170 5015 1265 1170 5016 1129 1035 5017 1267 1171 5018 1267 1171 5019 1129 1035 5020 1269 1172 5021 1129 1035 5022 1130 1036 5023 1269 1172 5024 1269 1172 5025 1130 1036 5026 1271 1173 5027 1130 1036 5028 1131 1037 5029 1271 1173 5030 1271 1173 5031 1131 1037 5032 1273 1174 5033 1273 1174 5034 1131 1037 5035 1275 1175 5036 1275 1175 5037 1131 1037 5038 1276 1176 5039 1131 1037 5040 1132 1038 5041 1276 1176 5042 1132 1038 5043 1133 1039 5044 1276 1176 5045 1276 1176 5046 1133 1039 5047 1277 1177 5048 1133 1039 5049 1134 1040 5050 1277 1177 5051 1277 1177 5052 1134 1040 5053 1278 1178 5054 1134 1040 5055 1135 1041 5056 1278 1178 5057 1278 1178 5058 1135 1041 5059 1279 1179 5060 1135 1041 5061 1136 1042 5062 1279 1179 5063 1279 1179 5064 1136 1042 5065 1280 1180 5066 1136 1042 5067 1137 1043 5068 1280 1180 5069 1280 1180 5070 1137 1043 5071 1281 1181 5072 1137 1043 5073 1138 1044 5074 1281 1181 5075 1281 1181 5076 1138 1044 5077 1282 1182 5078 1138 1044 5079 1139 1045 5080 1282 1182 5081 1282 1182 5082 1139 1045 5083 1283 1183 5084 1139 1045 5085 1140 1046 5086 1283 1183 5087 1283 1183 5088 1140 1046 5089 1284 1184 5090 1140 1046 5091 1141 1047 5092 1284 1184 5093 1284 1184 5094 1141 1047 5095 1285 1185 5096 1141 1047 5097 1142 1048 5098 1285 1185 5099 1285 1185 5100 1142 1048 5101 1286 1186 5102 1142 1048 5103 1143 1049 5104 1286 1186 5105 1286 1186 5106 1143 1049 5107 1287 1187 5108 1143 1049 5109 1144 1050 5110 1287 1187 5111 1287 1187 5112 1144 1050 5113 1288 1188 5114 1144 1050 5115 1145 1051 5116 1288 1188 5117 1288 1188 5118 1145 1051 5119 1289 1189 5120 1145 1051 5121 1146 1052 5122 1289 1189 5123 1289 1189 5124 1146 1052 5125 1290 1190 5126 1146 1052 5127 1147 1053 5128 1290 1190 5129 1290 1190 5130 1147 1053 5131 1291 1191 5132 1147 1053 5133 1148 1054 5134 1291 1191 5135 1291 1191 5136 1148 1054 5137 1292 1192 5138 1148 1054 5139 1149 1055 5140 1292 1192 5141 1292 1192 5142 1149 1055 5143 1293 1193 5144 1149 1055 5145 1150 1056 5146 1293 1193 5147 1293 1193 5148 1150 1056 5149 1294 1194 5150 1150 1056 5151 1151 1057 5152 1294 1194 5153 1294 1194 5154 1151 1057 5155 1295 1195 5156 1151 1057 5157 1152 1058 5158 1295 1195 5159 1295 1195 5160 1152 1058 5161 1296 1196 5162 1152 1058 5163 1153 1059 5164 1296 1196 5165 1153 1059 5166 1154 1060 5167 1296 1196 5168 1296 1196 5169 1154 1060 5170 1297 1197 5171 1154 1060 5172 1156 1061 5173 1297 1197 5174 1298 1198 5175 1155 1199 5176 1300 1200 5177 1300 1200 5178 1155 1199 5179 1302 1201 5180 1155 1199 5181 1157 1202 5182 1302 1201 5183 1302 1201 5184 1157 1202 5185 1304 1203 5186 1157 1202 5187 1159 1204 5188 1304 1203 5189 1159 1204 5190 1161 1064 5191 1304 1203 5192 1304 1203 5193 1161 1064 5194 1305 1205 5195 1161 1064 5196 1162 1065 5197 1305 1205 5198 1305 1205 5199 1162 1065 5200 1306 1206 5201 1306 1206 5202 1162 1065 5203 1312 1207 5204 1162 1065 5205 1164 1208 5206 1312 1207 5207 1312 1207 5208 1164 1208 5209 1307 1209 5210 1164 1208 5211 1308 1210 5212 1307 1209 5213 1307 1209 5214 1308 1210 5215 1310 1211 5216 1308 1210 5217 1166 1069 5218 1310 1211 5219 1166 1069 5220 1168 1070 5221 1310 1211 5222 1168 1070 5223 1169 1071 5224 1309 1212 5225 1309 1212 5226 1169 1071 5227 1311 1213 5228 1313 1214 5229 1311 1213 5230 1314 1215 5231 1311 1213 5232 1169 1071 5233 1314 1215 5234 1314 1215 5235 1169 1071 5236 1315 1216 5237 1315 1216 5238 1169 1071 5239 1316 1217 5240 1169 1071 5241 1170 1072 5242 1316 1217 5243 1316 1217 5244 1170 1072 5245 1317 1218 5246 1170 1072 5247 1171 1074 5248 1317 1218 5249 1171 1074 5250 1172 1075 5251 1317 1218 5252 1317 1218 5253 1172 1075 5254 1318 1219 5255 1318 1219 5256 1172 1075 5257 1319 1220 5258 1172 1075 5259 1173 1076 5260 1319 1220 5261 1319 1220 5262 1173 1076 5263 1320 1221 5264 1173 1076 5265 1174 1077 5266 1320 1221 5267 1174 1077 5268 1175 1078 5269 1320 1221 5270 1322 1222 5271 1320 1221 5272 1324 1223 5273 1320 1221 5274 1175 1078 5275 1324 1223 5276 1324 1223 5277 1175 1078 5278 1326 1224 5279 1175 1078 5280 1176 1079 5281 1326 1224 5282 1326 1224 5283 1176 1079 5284 1328 1225 5285 1176 1079 5286 1177 1080 5287 1328 1225 5288 1328 1225 5289 1177 1080 5290 1330 1226 5291 1330 1226 5292 1177 1080 5293 1332 1227 5294 1177 1080 5295 1178 1081 5296 1332 1227 5297 1332 1227 5298 1178 1081 5299 1334 1228 5300 1334 1228 5301 1178 1081 5302 1336 1229 5303 1336 1229 5304 1178 1081 5305 1338 1230 5306 1178 1081 5307 1179 1082 5308 1338 1230 5309 1338 1230 5310 1179 1082 5311 1340 1231 5312 1179 1082 5313 1180 1083 5314 1340 1231 5315 1340 1231 5316 1180 1083 5317 1342 1232 5318 1180 1083 5319 1181 1084 5320 1342 1232 5321 1342 1232 5322 1181 1084 5323 1344 1233 5324 1344 1233 5325 1181 1084 5326 1346 1234 5327 1346 1234 5328 1181 1084 5329 1348 1235 5330 1181 1084 5331 1182 1085 5332 1348 1235 5333 1348 1235 5334 1182 1085 5335 1349 1236 5336 1182 1085 5337 1183 1086 5338 1349 1236 5339 1183 1086 5340 1185 1087 5341 1349 1236 5342 1350 1237 5343 1184 1238 5344 1352 1239 5345 1352 1239 5346 1184 1238 5347 1354 1240 5348 1184 1238 5349 1186 1241 5350 1354 1240 5351 1354 1240 5352 1186 1241 5353 1356 1242 5354 1186 1241 5355 1188 1243 5356 1356 1242 5357 1356 1242 5358 1188 1243 5359 1358 1244 5360 1188 1243 5361 1191 1091 5362 1358 1244 5363 1358 1244 5364 1191 1091 5365 1359 1245 5366 1191 1091 5367 1192 1093 5368 1359 1245 5369 1360 1246 5370 1193 1094 5371 1361 1247 5372 1193 1094 5373 1194 1096 5374 1361 1247 5375 1361 1247 5376 1194 1096 5377 1362 1248 5378 1194 1096 5379 1195 1097 5380 1362 1248 5381 1362 1248 5382 1195 1097 5383 1363 1249 5384 1363 1249 5385 1195 1097 5386 1364 1250 5387 1195 1097 5388 1196 1098 5389 1364 1250 5390 1364 1250 5391 1196 1098 5392 1365 1251 5393 1196 1098 5394 1197 1099 5395 1365 1251 5396 1197 1099 5397 1198 1100 5398 1365 1251 5399 1365 1251 5400 1198 1100 5401 1366 1252 5402 1366 1252 5403 1198 1100 5404 1367 1253 5405 1367 1253 5406 1198 1100 5407 1369 1254 5408 1369 1254 5409 1198 1100 5410 1371 1255 5411 1198 1100 5412 1199 1101 5413 1371 1255 5414 1371 1255 5415 1199 1101 5416 1372 1256 5417 1199 1101 5418 1200 1102 5419 1372 1256 5420 1200 1102 5421 1201 1103 5422 1372 1256 5423 1373 1257 5424 1201 1103 5425 1375 1258 5426 1375 1258 5427 1201 1103 5428 1377 1259 5429 1201 1103 5430 1202 1104 5431 1377 1259 5432 1377 1259 5433 1202 1104 5434 1378 1260 5435 1202 1104 5436 1204 1106 5437 1378 1260 5438 1204 1106 5439 1206 1108 5440 1378 1260 5441 1379 1261 5442 1205 1262 5443 1380 1263 5444 1380 1263 5445 1205 1262 5446 1381 1264 5447 1205 1262 5448 1207 1265 5449 1381 1264 5450 1207 1265 5451 1209 1111 5452 1381 1264 5453 1209 1111 5454 1210 1113 5455 1381 1264 5456 1210 1113 5457 1211 1115 5458 1381 1264 5459 1381 1264 5460 1211 1115 5461 1382 1266 5462 1382 1266 5463 1211 1115 5464 1383 1267 5465 1211 1115 5466 1212 1116 5467 1383 1267 5468 1212 1116 5469 1213 1118 5470 1383 1267 5471 1383 1267 5472 1213 1118 5473 1384 1268 5474 1384 1268 5475 1213 1118 5476 1385 1269 5477 1213 1118 5478 1214 1119 5479 1385 1269 5480 1385 1269 5481 1214 1119 5482 1386 1270 5483 1386 1270 5484 1214 1119 5485 1387 1271 5486 1214 1119 5487 1215 1120 5488 1387 1271 5489 1215 1120 5490 1216 1122 5491 1387 1271 5492 1387 1271 5493 1216 1122 5494 1388 1272 5495 1388 1272 5496 1216 1122 5497 1389 1273 5498 1216 1122 5499 1217 1123 5500 1389 1273 5501 1217 1123 5502 1219 1274 5503 1389 1273 5504 1219 1274 5505 1221 1275 5506 1389 1273 5507 1389 1273 5508 1221 1275 5509 1390 1276 5510 1390 1276 5511 1221 1275 5512 1391 1277 5513 1222 1127 5514 1223 1128 5515 1392 1278 5516 1223 1128 5517 1225 1130 5518 1392 1278 5519 1225 1130 5520 1228 1132 5521 1392 1278 5522 1392 1278 5523 1228 1132 5524 1394 1279 5525 1228 1132 5526 1226 1280 5527 1394 1279 5528 1394 1279 5529 1226 1280 5530 1395 1281 5531 1395 1281 5532 1226 1280 5533 1396 1282 5534 1227 1131 5535 1229 1133 5536 1397 1283 5537 1229 1133 5538 1230 1134 5539 1397 1283 5540 1397 1283 5541 1230 1134 5542 1399 1284 5543 1230 1134 5544 1231 1135 5545 1399 1284 5546 1399 1284 5547 1231 1135 5548 1400 1285 5549 1231 1135 5550 1232 1136 5551 1400 1285 5552 1400 1285 5553 1232 1136 5554 1401 1286 5555 1401 1286 5556 1232 1136 5557 1403 1287 5558 1232 1136 5559 1233 1137 5560 1403 1287 5561 1403 1287 5562 1233 1137 5563 1405 1288 5564 1405 1288 5565 1233 1137 5566 1407 1289 5567 1407 1289 5568 1233 1137 5569 1408 1290 5570 1233 1137 5571 1234 1138 5572 1408 1290 5573 1234 1138 5574 1235 1139 5575 1408 1290 5576 1408 1290 5577 1235 1139 5578 1409 1291 5579 1235 1139 5580 1236 1140 5581 1409 1291 5582 1409 1291 5583 1236 1140 5584 1410 1292 5585 1236 1140 5586 1237 1141 5587 1410 1292 5588 1410 1292 5589 1237 1141 5590 1411 1293 5591 1237 1141 5592 1238 1142 5593 1411 1293 5594 1411 1293 5595 1238 1142 5596 1412 1294 5597 1238 1142 5598 1239 1143 5599 1412 1294 5600 1412 1294 5601 1239 1143 5602 1413 1295 5603 1239 1143 5604 1240 1144 5605 1413 1295 5606 1413 1295 5607 1240 1144 5608 1414 1296 5609 1414 1296 5610 1240 1144 5611 1415 1297 5612 1240 1144 5613 1241 1145 5614 1415 1297 5615 1415 1297 5616 1241 1145 5617 1416 1298 5618 1241 1145 5619 1242 1146 5620 1416 1298 5621 1242 1146 5622 1244 1299 5623 1416 1298 5624 1416 1298 5625 1244 1299 5626 1417 1300 5627 1244 1299 5628 1246 1301 5629 1417 1300 5630 1246 1301 5631 1248 1302 5632 1417 1300 5633 1248 1302 5634 1250 1303 5635 1417 1300 5636 1417 1300 5637 1250 1303 5638 1418 1304 5639 1418 1304 5640 1250 1303 5641 1419 1305 5642 1251 1155 5643 1252 1156 5644 1420 1306 5645 1420 1306 5646 1252 1156 5647 1421 1307 5648 1253 1157 5649 1254 1158 5650 1422 1308 5651 1254 1158 5652 1255 1159 5653 1422 1308 5654 1422 1308 5655 1255 1159 5656 1424 1309 5657 1424 1309 5658 1255 1159 5659 1426 1310 5660 1426 1310 5661 1255 1159 5662 1428 1311 5663 1255 1159 5664 1256 1160 5665 1428 1311 5666 1428 1311 5667 1256 1160 5668 1430 1312 5669 1256 1160 5670 1257 1161 5671 1430 1312 5672 1430 1312 5673 1257 1161 5674 1432 1313 5675 1257 1161 5676 1258 1162 5677 1432 1313 5678 1432 1313 5679 1258 1162 5680 1434 1314 5681 1434 1314 5682 1258 1162 5683 1435 1315 5684 1258 1162 5685 1259 1163 5686 1435 1315 5687 1435 1315 5688 1259 1163 5689 1436 1316 5690 1259 1163 5691 1260 1164 5692 1436 1316 5693 1436 1316 5694 1260 1164 5695 1437 1317 5696 1260 1164 5697 1261 1166 5698 1437 1317 5699 1437 1317 5700 1261 1166 5701 1438 1318 5702 1261 1166 5703 1262 1167 5704 1439 1319 5705 1262 1167 5706 1264 1169 5707 1439 1319 5708 1439 1319 5709 1264 1169 5710 1441 1320 5711 1264 1169 5712 1265 1170 5713 1441 1320 5714 1441 1320 5715 1265 1170 5716 1443 1321 5717 1265 1170 5718 1266 1322 5719 1443 1321 5720 1443 1321 5721 1266 1322 5722 1445 1323 5723 1266 1322 5724 1268 1324 5725 1445 1323 5726 1445 1323 5727 1268 1324 5728 1447 1325 5729 1268 1324 5730 1270 1326 5731 1447 1325 5732 1447 1325 5733 1270 1326 5734 1448 1327 5735 1270 1326 5736 1272 1328 5737 1448 1327 5738 1448 1327 5739 1272 1328 5740 1449 1329 5741 1272 1328 5742 1274 1330 5743 1449 1329 5744 1449 1329 5745 1274 1330 5746 1451 1331 5747 1451 1331 5748 1274 1330 5749 1452 1332 5750 1275 1175 5751 1276 1176 5752 1452 1332 5753 1276 1176 5754 1277 1177 5755 1452 1332 5756 1452 1332 5757 1277 1177 5758 1453 1333 5759 1453 1333 5760 1277 1177 5761 1455 1334 5762 1455 1334 5763 1277 1177 5764 1457 1335 5765 1277 1177 5766 1278 1178 5767 1457 1335 5768 1457 1335 5769 1278 1178 5770 1459 1336 5771 1278 1178 5772 1279 1179 5773 1459 1336 5774 1459 1336 5775 1279 1179 5776 1461 1337 5777 1461 1337 5778 1279 1179 5779 1463 1338 5780 1279 1179 5781 1280 1180 5782 1463 1338 5783 1463 1338 5784 1280 1180 5785 1465 1339 5786 1280 1180 5787 1281 1181 5788 1465 1339 5789 1465 1339 5790 1281 1181 5791 1467 1340 5792 1467 1340 5793 1281 1181 5794 1469 1341 5795 1469 1341 5796 1281 1181 5797 1471 1342 5798 1281 1181 5799 1282 1182 5800 1471 1342 5801 1471 1342 5802 1282 1182 5803 1473 1343 5804 1282 1182 5805 1283 1183 5806 1473 1343 5807 1473 1343 5808 1283 1183 5809 1474 1344 5810 1283 1183 5811 1284 1184 5812 1474 1344 5813 1474 1344 5814 1284 1184 5815 1475 1345 5816 1475 1345 5817 1284 1184 5818 1477 1346 5819 1284 1184 5820 1285 1185 5821 1477 1346 5822 1477 1346 5823 1285 1185 5824 1479 1347 5825 1479 1347 5826 1285 1185 5827 1481 1348 5828 1481 1348 5829 1285 1185 5830 1483 1349 5831 1285 1185 5832 1286 1186 5833 1483 1349 5834 1483 1349 5835 1286 1186 5836 1485 1350 5837 1286 1186 5838 1287 1187 5839 1485 1350 5840 1485 1350 5841 1287 1187 5842 1486 1351 5843 1287 1187 5844 1288 1188 5845 1486 1351 5846 1486 1351 5847 1288 1188 5848 1487 1352 5849 1487 1352 5850 1288 1188 5851 1489 1353 5852 1288 1188 5853 1289 1189 5854 1489 1353 5855 1489 1353 5856 1289 1189 5857 1491 1354 5858 1491 1354 5859 1289 1189 5860 1493 1355 5861 1493 1355 5862 1289 1189 5863 1495 1356 5864 1289 1189 5865 1290 1190 5866 1495 1356 5867 1495 1356 5868 1290 1190 5869 1497 1357 5870 1290 1190 5871 1291 1191 5872 1497 1357 5873 1497 1357 5874 1291 1191 5875 1498 1358 5876 1291 1191 5877 1292 1192 5878 1498 1358 5879 1498 1358 5880 1292 1192 5881 1499 1359 5882 1499 1359 5883 1292 1192 5884 1501 1360 5885 1501 1360 5886 1292 1192 5887 1503 1361 5888 1292 1192 5889 1293 1193 5890 1503 1361 5891 1503 1361 5892 1293 1193 5893 1505 1362 5894 1293 1193 5895 1294 1194 5896 1505 1362 5897 1505 1362 5898 1294 1194 5899 1507 1363 5900 1507 1363 5901 1294 1194 5902 1509 1364 5903 1294 1194 5904 1295 1195 5905 1509 1364 5906 1509 1364 5907 1295 1195 5908 1510 1365 5909 1295 1195 5910 1296 1196 5911 1510 1365 5912 1510 1365 5913 1296 1196 5914 1511 1366 5915 1511 1366 5916 1296 1196 5917 1512 1367 5918 1296 1196 5919 1297 1197 5920 1512 1367 5921 1513 1368 5922 1298 1198 5923 1514 1369 5924 1514 1369 5925 1298 1198 5926 1515 1370 5927 1298 1198 5928 1300 1200 5929 1515 1370 5930 1515 1370 5931 1299 1371 5932 1516 1372 5933 1516 1372 5934 1299 1371 5935 1517 1373 5936 1299 1371 5937 1301 1374 5938 1517 1373 5939 1517 1373 5940 1301 1374 5941 1518 1375 5942 1301 1374 5943 1303 1376 5944 1518 1375 5945 1303 1376 5946 1305 1205 5947 1518 1375 5948 1305 1205 5949 1306 1206 5950 1518 1375 5951 1518 1375 5952 1306 1206 5953 1519 1377 5954 1306 1206 5955 1313 1214 5956 1519 1377 5957 1313 1214 5958 1314 1215 5959 1519 1377 5960 1519 1377 5961 1314 1215 5962 1520 1378 5963 1314 1215 5964 1315 1216 5965 1520 1378 5966 1520 1378 5967 1315 1216 5968 1521 1379 5969 1521 1379 5970 1315 1216 5971 1522 1380 5972 1315 1216 5973 1316 1217 5974 1522 1380 5975 1522 1380 5976 1316 1217 5977 1523 1381 5978 1316 1217 5979 1317 1218 5980 1523 1381 5981 1317 1218 5982 1318 1219 5983 1523 1381 5984 1525 1382 5985 1523 1381 5986 1527 1383 5987 1523 1381 5988 1318 1219 5989 1527 1383 5990 1527 1383 5991 1318 1219 5992 1529 1384 5993 1318 1219 5994 1319 1220 5995 1529 1384 5996 1529 1384 5997 1319 1220 5998 1531 1385 5999 1319 1220 6000 1320 1221 6001 1531 1385 6002 1531 1385 6003 1320 1221 6004 1532 1386 6005 1320 1221 6006 1322 1222 6007 1532 1386 6008 1533 1387 6009 1321 1388 6010 1535 1389 6011 1535 1389 6012 1321 1388 6013 1537 1390 6014 1321 1388 6015 1323 1391 6016 1537 1390 6017 1537 1390 6018 1323 1391 6019 1539 1392 6020 1539 1392 6021 1323 1391 6022 1541 1393 6023 1323 1391 6024 1325 1394 6025 1541 1393 6026 1325 1394 6027 1327 1395 6028 1541 1393 6029 1541 1393 6030 1327 1395 6031 1543 1396 6032 1327 1395 6033 1329 1397 6034 1543 1396 6035 1543 1396 6036 1329 1397 6037 1545 1398 6038 1329 1397 6039 1331 1399 6040 1545 1398 6041 1545 1398 6042 1331 1399 6043 1547 1400 6044 1331 1399 6045 1333 1401 6046 1547 1400 6047 1547 1400 6048 1333 1401 6049 1549 1402 6050 1333 1401 6051 1335 1403 6052 1549 1402 6053 1335 1403 6054 1337 1404 6055 1549 1402 6056 1549 1402 6057 1337 1404 6058 1551 1405 6059 1337 1404 6060 1339 1406 6061 1551 1405 6062 1551 1405 6063 1339 1406 6064 1553 1407 6065 1339 1406 6066 1341 1408 6067 1553 1407 6068 1553 1407 6069 1341 1408 6070 1555 1409 6071 1341 1408 6072 1343 1410 6073 1555 1409 6074 1555 1409 6075 1343 1410 6076 1558 1411 6077 1343 1410 6078 1345 1412 6079 1558 1411 6080 1558 1411 6081 1345 1412 6082 1560 1413 6083 1345 1412 6084 1347 1414 6085 1560 1413 6086 1560 1413 6087 1347 1414 6088 1561 1415 6089 1347 1414 6090 1350 1237 6091 1561 1415 6092 1350 1237 6093 1352 1239 6094 1561 1415 6095 1562 1416 6096 1351 1417 6097 1563 1418 6098 1563 1418 6099 1351 1417 6100 1564 1419 6101 1351 1417 6102 1353 1420 6103 1564 1419 6104 1564 1419 6105 1353 1420 6106 1565 1421 6107 1353 1420 6108 1355 1422 6109 1565 1421 6110 1355 1422 6111 1357 1423 6112 1565 1421 6113 1357 1423 6114 1360 1246 6115 1565 1421 6116 1360 1246 6117 1361 1247 6118 1565 1421 6119 1565 1421 6120 1361 1247 6121 1566 1424 6122 1361 1247 6123 1362 1248 6124 1566 1424 6125 1566 1424 6126 1362 1248 6127 1567 1425 6128 1362 1248 6129 1363 1249 6130 1567 1425 6131 1569 1426 6132 1567 1425 6133 1570 1427 6134 1567 1425 6135 1363 1249 6136 1570 1427 6137 1570 1427 6138 1363 1249 6139 1571 1428 6140 1571 1428 6141 1363 1249 6142 1573 1429 6143 1573 1429 6144 1363 1249 6145 1575 1430 6146 1363 1249 6147 1364 1250 6148 1575 1430 6149 1575 1430 6150 1364 1250 6151 1576 1431 6152 1364 1250 6153 1365 1251 6154 1576 1431 6155 1365 1251 6156 1366 1252 6157 1576 1431 6158 1577 1432 6159 1366 1252 6160 1579 1433 6161 1579 1433 6162 1366 1252 6163 1581 1434 6164 1366 1252 6165 1367 1253 6166 1581 1434 6167 1581 1434 6168 1367 1253 6169 1583 1435 6170 1367 1253 6171 1368 1436 6172 1583 1435 6173 1583 1435 6174 1368 1436 6175 1585 1437 6176 1368 1436 6177 1370 1438 6178 1585 1437 6179 1585 1437 6180 1370 1438 6181 1586 1439 6182 1370 1438 6183 1373 1257 6184 1586 1439 6185 1373 1257 6186 1375 1258 6187 1586 1439 6188 1587 1440 6189 1374 1441 6190 1588 1442 6191 1374 1441 6192 1376 1443 6193 1588 1442 6194 1588 1442 6195 1376 1443 6196 1589 1444 6197 1376 1443 6198 1379 1261 6199 1589 1444 6200 1379 1261 6201 1380 1263 6202 1589 1444 6203 1589 1444 6204 1380 1263 6205 1590 1445 6206 1590 1445 6207 1380 1263 6208 1591 1446 6209 1380 1263 6210 1381 1264 6211 1591 1446 6212 1381 1264 6213 1382 1266 6214 1591 1446 6215 1591 1446 6216 1382 1266 6217 1592 1447 6218 1592 1447 6219 1382 1266 6220 1593 1448 6221 1382 1266 6222 1383 1267 6223 1593 1448 6224 1383 1267 6225 1384 1268 6226 1593 1448 6227 1593 1448 6228 1384 1268 6229 1595 1449 6230 1595 1449 6231 1384 1268 6232 1596 1450 6233 1384 1268 6234 1385 1269 6235 1596 1450 6236 1599 1451 6237 1597 1451 6238 1600 1451 6239 1596 1450 6240 1385 1269 6241 1601 1452 6242 1385 1269 6243 1386 1270 6244 1601 1452 6245 1601 1452 6246 1386 1270 6247 1603 1453 6248 1603 1453 6249 1386 1270 6250 1604 1454 6251 1386 1270 6252 1387 1271 6253 1604 1454 6254 1387 1271 6255 1388 1272 6256 1604 1454 6257 1604 1454 6258 1388 1272 6259 1605 1455 6260 1605 1455 6261 1388 1272 6262 1606 1456 6263 1388 1272 6264 1389 1273 6265 1606 1456 6266 1389 1273 6267 1390 1276 6268 1606 1456 6269 1606 1456 6270 1390 1276 6271 1607 1457 6272 1607 1457 6273 1390 1276 6274 1608 1458 6275 1390 1276 6276 1391 1277 6277 1608 1458 6278 1391 1277 6279 1393 1459 6280 1608 1458 6281 1393 1459 6282 1395 1281 6283 1608 1458 6284 1608 1458 6285 1395 1281 6286 1609 1460 6287 1395 1281 6288 1396 1282 6289 1609 1460 6290 1396 1282 6291 1398 1461 6292 1609 1460 6293 1609 1460 6294 1398 1461 6295 1611 1462 6296 1398 1461 6297 1400 1285 6298 1611 1462 6299 1611 1462 6300 1400 1285 6301 1613 1463 6302 1400 1285 6303 1401 1286 6304 1613 1463 6305 1613 1463 6306 1401 1286 6307 1615 1464 6308 1401 1286 6309 1402 1465 6310 1615 1464 6311 1615 1464 6312 1402 1465 6313 1617 1466 6314 1402 1465 6315 1404 1467 6316 1617 1466 6317 1617 1466 6318 1404 1467 6319 1619 1468 6320 1404 1467 6321 1406 1469 6322 1619 1468 6323 1619 1468 6324 1406 1469 6325 1620 1470 6326 1620 1470 6327 1406 1469 6328 1621 1471 6329 1407 1289 6330 1408 1290 6331 1622 1472 6332 1622 1472 6333 1408 1290 6334 1624 1473 6335 1408 1290 6336 1409 1291 6337 1624 1473 6338 1624 1473 6339 1409 1291 6340 1625 1474 6341 1409 1291 6342 1410 1292 6343 1625 1474 6344 1625 1474 6345 1410 1292 6346 1626 1475 6347 1626 1475 6348 1410 1292 6349 1628 1476 6350 1628 1476 6351 1410 1292 6352 1630 1477 6353 1410 1292 6354 1411 1293 6355 1630 1477 6356 1630 1477 6357 1411 1293 6358 1632 1478 6359 1411 1293 6360 1412 1294 6361 1632 1478 6362 1632 1478 6363 1412 1294 6364 1633 1479 6365 1412 1294 6366 1413 1295 6367 1633 1479 6368 1633 1479 6369 1413 1295 6370 1634 1480 6371 1634 1480 6372 1413 1295 6373 1635 1481 6374 1635 1481 6375 1413 1295 6376 1637 1482 6377 1413 1295 6378 1414 1296 6379 1637 1482 6380 1637 1482 6381 1414 1296 6382 1639 1483 6383 1640 1484 6384 1639 1483 6385 1641 1485 6386 1639 1483 6387 1414 1296 6388 1641 1485 6389 1414 1296 6390 1415 1297 6391 1641 1485 6392 1641 1485 6393 1415 1297 6394 1642 1486 6395 1415 1297 6396 1416 1298 6397 1642 1486 6398 1416 1298 6399 1417 1300 6400 1642 1486 6401 1642 1486 6402 1417 1300 6403 1643 1487 6404 1417 1300 6405 1418 1304 6406 1643 1487 6407 1643 1487 6408 1418 1304 6409 1644 1488 6410 1644 1488 6411 1418 1304 6412 1645 1489 6413 1418 1304 6414 1419 1305 6415 1645 1489 6416 1645 1489 6417 1419 1305 6418 1646 1490 6419 1420 1306 6420 1421 1307 6421 1647 1491 6422 1421 1307 6423 1423 1492 6424 1647 1491 6425 1647 1491 6426 1423 1492 6427 1649 1493 6428 1423 1492 6429 1425 1494 6430 1649 1493 6431 1649 1493 6432 1425 1494 6433 1651 1495 6434 1425 1494 6435 1427 1496 6436 1651 1495 6437 1651 1495 6438 1427 1496 6439 1653 1497 6440 1653 1497 6441 1427 1496 6442 1655 1498 6443 1427 1496 6444 1429 1499 6445 1655 1498 6446 1429 1499 6447 1431 1500 6448 1655 1498 6449 1655 1498 6450 1431 1500 6451 1657 1501 6452 1431 1500 6453 1433 1502 6454 1657 1501 6455 1657 1501 6456 1433 1502 6457 1659 1503 6458 1659 1503 6459 1433 1502 6460 1661 1504 6461 1661 1504 6462 1433 1502 6463 1662 1505 6464 1434 1314 6465 1435 1315 6466 1663 1506 6467 1663 1506 6468 1435 1315 6469 1665 1507 6470 1665 1507 6471 1435 1315 6472 1667 1508 6473 1667 1508 6474 1435 1315 6475 1668 1509 6476 1435 1315 6477 1436 1316 6478 1668 1509 6479 1668 1509 6480 1436 1316 6481 1669 1510 6482 1436 1316 6483 1437 1317 6484 1669 1510 6485 1669 1510 6486 1437 1317 6487 1670 1511 6488 1437 1317 6489 1438 1318 6490 1670 1511 6491 1438 1318 6492 1440 1512 6493 1670 1511 6494 1440 1512 6495 1442 1513 6496 1670 1511 6497 1670 1511 6498 1442 1513 6499 1671 1514 6500 1442 1513 6501 1444 1515 6502 1671 1514 6503 1444 1515 6504 1446 1516 6505 1671 1514 6506 1671 1514 6507 1446 1516 6508 1672 1517 6509 1446 1516 6510 1448 1327 6511 1672 1517 6512 1448 1327 6513 1449 1329 6514 1672 1517 6515 1672 1517 6516 1449 1329 6517 1673 1518 6518 1449 1329 6519 1450 1519 6520 1673 1518 6521 1673 1518 6522 1450 1519 6523 1674 1520 6524 1674 1520 6525 1450 1519 6526 1675 1521 6527 1451 1331 6528 1452 1332 6529 1676 1522 6530 1452 1332 6531 1453 1333 6532 1676 1522 6533 1676 1522 6534 1453 1333 6535 1678 1523 6536 1453 1333 6537 1454 1524 6538 1678 1523 6539 1678 1523 6540 1454 1524 6541 1679 1525 6542 1454 1524 6543 1456 1526 6544 1679 1525 6545 1679 1525 6546 1456 1526 6547 1680 1527 6548 1680 1527 6549 1456 1526 6550 1682 1528 6551 1456 1526 6552 1458 1529 6553 1682 1528 6554 1682 1528 6555 1458 1529 6556 1684 1530 6557 1458 1529 6558 1460 1531 6559 1684 1530 6560 1684 1530 6561 1460 1531 6562 1686 1532 6563 1460 1531 6564 1462 1533 6565 1686 1532 6566 1462 1533 6567 1464 1534 6568 1686 1532 6569 1686 1532 6570 1464 1534 6571 1687 1535 6572 1464 1534 6573 1466 1536 6574 1687 1535 6575 1687 1535 6576 1466 1536 6577 1688 1537 6578 1688 1537 6579 1466 1536 6580 1690 1538 6581 1466 1536 6582 1468 1539 6583 1690 1538 6584 1690 1538 6585 1468 1539 6586 1692 1540 6587 1468 1539 6588 1470 1541 6589 1692 1540 6590 1692 1540 6591 1470 1541 6592 1694 1542 6593 1470 1541 6594 1472 1543 6595 1694 1542 6596 1694 1542 6597 1472 1543 6598 1696 1544 6599 1472 1543 6600 1474 1344 6601 1696 1544 6602 1696 1544 6603 1474 1344 6604 1698 1545 6605 1474 1344 6606 1475 1345 6607 1698 1545 6608 1475 1345 6609 1476 1546 6610 1698 1545 6611 1698 1545 6612 1476 1546 6613 1699 1547 6614 1476 1546 6615 1478 1548 6616 1699 1547 6617 1699 1547 6618 1478 1548 6619 1700 1549 6620 1700 1549 6621 1478 1548 6622 1702 1550 6623 1478 1548 6624 1480 1551 6625 1702 1550 6626 1702 1550 6627 1480 1551 6628 1704 1552 6629 1480 1551 6630 1482 1553 6631 1704 1552 6632 1704 1552 6633 1482 1553 6634 1706 1554 6635 1482 1553 6636 1484 1555 6637 1706 1554 6638 1706 1554 6639 1484 1555 6640 1707 1556 6641 1484 1555 6642 1486 1351 6643 1707 1556 6644 1707 1556 6645 1486 1351 6646 1708 1557 6647 1486 1351 6648 1487 1352 6649 1708 1557 6650 1708 1557 6651 1487 1352 6652 1710 1558 6653 1487 1352 6654 1488 1559 6655 1710 1558 6656 1710 1558 6657 1488 1559 6658 1712 1560 6659 1488 1559 6660 1490 1561 6661 1712 1560 6662 1712 1560 6663 1490 1561 6664 1714 1562 6665 1490 1561 6666 1492 1563 6667 1714 1562 6668 1714 1562 6669 1492 1563 6670 1715 1564 6671 1492 1563 6672 1494 1565 6673 1715 1564 6674 1715 1564 6675 1494 1565 6676 1716 1566 6677 1494 1565 6678 1496 1567 6679 1716 1566 6680 1716 1566 6681 1496 1567 6682 1718 1568 6683 1496 1567 6684 1498 1358 6685 1718 1568 6686 1718 1568 6687 1498 1358 6688 1720 1569 6689 1498 1358 6690 1499 1359 6691 1720 1569 6692 1720 1569 6693 1499 1359 6694 1722 1570 6695 1499 1359 6696 1500 1571 6697 1722 1570 6698 1722 1570 6699 1500 1571 6700 1723 1572 6701 1500 1571 6702 1502 1573 6703 1723 1572 6704 1723 1572 6705 1502 1573 6706 1724 1574 6707 1724 1574 6708 1502 1573 6709 1726 1575 6710 1502 1573 6711 1504 1576 6712 1726 1575 6713 1726 1575 6714 1504 1576 6715 1728 1577 6716 1504 1576 6717 1506 1578 6718 1728 1577 6719 1728 1577 6720 1506 1578 6721 1730 1579 6722 1506 1578 6723 1508 1580 6724 1730 1579 6725 1508 1580 6726 1510 1365 6727 1730 1579 6728 1730 1579 6729 1510 1365 6730 1732 1581 6731 1510 1365 6732 1511 1366 6733 1732 1581 6734 1732 1581 6735 1511 1366 6736 1733 1582 6737 1511 1366 6738 1513 1368 6739 1733 1582 6740 1513 1368 6741 1514 1369 6742 1733 1582 6743 1734 1583 6744 1514 1369 6745 1735 1584 6746 1514 1369 6747 1515 1370 6748 1735 1584 6749 1515 1370 6750 1516 1372 6751 1735 1584 6752 1735 1584 6753 1516 1372 6754 1736 1585 6755 1736 1585 6756 1516 1372 6757 1737 1586 6758 1516 1372 6759 1517 1373 6760 1737 1586 6761 1737 1586 6762 1517 1373 6763 1738 1587 6764 1517 1373 6765 1518 1375 6766 1738 1587 6767 1738 1587 6768 1518 1375 6769 1739 1588 6770 1518 1375 6771 1519 1377 6772 1739 1588 6773 1519 1377 6774 1520 1378 6775 1739 1588 6776 1739 1588 6777 1520 1378 6778 1740 1589 6779 1520 1378 6780 1521 1379 6781 1740 1589 6782 1740 1589 6783 1521 1379 6784 1742 1590 6785 1742 1590 6786 1521 1379 6787 1743 1591 6788 1521 1379 6789 1522 1380 6790 1743 1591 6791 1743 1591 6792 1522 1380 6793 1745 1592 6794 1522 1380 6795 1523 1381 6796 1745 1592 6797 1745 1592 6798 1523 1381 6799 1747 1593 6800 1523 1381 6801 1525 1382 6802 1747 1593 6803 1748 1594 6804 1746 1595 6805 1750 1596 6806 1750 1596 6807 1746 1595 6808 1752 1597 6809 1746 1595 6810 1524 1598 6811 1752 1597 6812 1752 1597 6813 1524 1598 6814 1754 1599 6815 1524 1598 6816 1526 1600 6817 1754 1599 6818 1754 1599 6819 1526 1600 6820 1756 1601 6821 1526 1600 6822 1528 1602 6823 1756 1601 6824 1756 1601 6825 1528 1602 6826 1758 1603 6827 1528 1602 6828 1530 1604 6829 1758 1603 6830 1758 1603 6831 1530 1604 6832 1759 1605 6833 1530 1604 6834 1533 1387 6835 1759 1605 6836 1533 1387 6837 1535 1389 6838 1759 1605 6839 1760 1606 6840 1534 1607 6841 1761 1608 6842 1534 1607 6843 1536 1609 6844 1761 1608 6845 1536 1609 6846 1538 1610 6847 1761 1608 6848 1761 1608 6849 1538 1610 6850 1762 1611 6851 1538 1610 6852 1540 1612 6853 1762 1611 6854 1762 1611 6855 1540 1612 6856 1763 1613 6857 1540 1612 6858 1542 1614 6859 1763 1613 6860 1763 1613 6861 1542 1614 6862 1764 1615 6863 1542 1614 6864 1544 1616 6865 1764 1615 6866 1544 1616 6867 1546 1617 6868 1764 1615 6869 1546 1617 6870 1548 1618 6871 1764 1615 6872 1764 1615 6873 1548 1618 6874 1765 1619 6875 1548 1618 6876 1550 1620 6877 1765 1619 6878 1765 1619 6879 1550 1620 6880 1766 1621 6881 1550 1620 6882 1552 1622 6883 1766 1621 6884 1766 1621 6885 1552 1622 6886 1767 1623 6887 1552 1622 6888 1554 1624 6889 1767 1623 6890 1767 1623 6891 1554 1624 6892 1768 1625 6893 1554 1624 6894 1556 1626 6895 1768 1625 6896 1557 1627 6897 1559 1628 6898 1768 1625 6899 1559 1628 6900 1562 1416 6901 1768 1625 6902 1562 1416 6903 1563 1418 6904 1768 1625 6905 1768 1625 6906 1563 1418 6907 1769 1629 6908 1769 1629 6909 1563 1418 6910 1770 1630 6911 1563 1418 6912 1564 1419 6913 1770 1630 6914 1770 1630 6915 1564 1419 6916 1771 1631 6917 1564 1419 6918 1565 1421 6919 1771 1631 6920 1565 1421 6921 1566 1424 6922 1771 1631 6923 1771 1631 6924 1566 1424 6925 1772 1632 6926 1566 1424 6927 1567 1425 6928 1772 1632 6929 1567 1425 6930 1569 1426 6931 1772 1632 6932 1772 1632 6933 1569 1426 6934 1773 1633 6935 1774 1634 6936 1568 1635 6937 1776 1636 6938 1776 1636 6939 1568 1635 6940 1778 1637 6941 1568 1635 6942 1570 1427 6943 1778 1637 6944 1570 1427 6945 1571 1428 6946 1778 1637 6947 1778 1637 6948 1571 1428 6949 1780 1638 6950 1571 1428 6951 1572 1639 6952 1780 1638 6953 1780 1638 6954 1572 1639 6955 1781 1640 6956 1572 1639 6957 1574 1641 6958 1781 1640 6959 1781 1640 6960 1574 1641 6961 1782 1642 6962 1574 1641 6963 1577 1432 6964 1782 1642 6965 1577 1432 6966 1579 1433 6967 1782 1642 6968 1782 1642 6969 1578 1643 6970 1783 1644 6971 1783 1644 6972 1578 1643 6973 1784 1645 6974 1578 1643 6975 1580 1646 6976 1784 1645 6977 1784 1645 6978 1580 1646 6979 1785 1647 6980 1580 1646 6981 1582 1648 6982 1785 1647 6983 1582 1648 6984 1584 1649 6985 1785 1647 6986 1584 1649 6987 1587 1440 6988 1785 1647 6989 1587 1440 6990 1588 1442 6991 1785 1647 6992 1785 1647 6993 1588 1442 6994 1786 1650 6995 1786 1650 6996 1588 1442 6997 1787 1651 6998 1588 1442 6999 1589 1444 7000 1787 1651 7001 1589 1444 7002 1590 1445 7003 1787 1651 7004 1787 1651 7005 1590 1445 7006 1788 1652 7007 1788 1652 7008 1590 1445 7009 1789 1653 7010 1590 1445 7011 1591 1446 7012 1789 1653 7013 1591 1446 7014 1592 1447 7015 1789 1653 7016 1789 1653 7017 1592 1447 7018 1791 1654 7019 1791 1654 7020 1592 1447 7021 1792 1655 7022 1592 1447 7023 1593 1448 7024 1792 1655 7025 1593 1448 7026 1595 1449 7027 1792 1655 7028 1793 0 7029 1594 0 7030 1794 0 7031 1594 0 7032 1597 0 7033 1794 0 7034 1597 0 7035 1599 0 7036 1794 0 7037 1796 1656 7038 1795 1657 7039 1797 1658 7040 1795 1657 7041 1598 1659 7042 1797 1658 7043 1799 1660 7044 1797 1658 7045 1801 1661 7046 1801 1661 7047 1797 1658 7048 1802 1662 7049 1797 1658 7050 1598 1659 7051 1802 1662 7052 1802 1662 7053 1598 1659 7054 1803 1663 7055 1803 1663 7056 1598 1659 7057 1804 1664 7058 1599 1665 7059 1600 1665 7060 1805 1665 7061 1600 0 7062 1602 0 7063 1805 0 7064 1805 0 7065 1602 0 7066 1806 0 7067 1603 1453 7068 1604 1454 7069 1807 1666 7070 1604 1454 7071 1605 1455 7072 1807 1666 7073 1807 1666 7074 1605 1455 7075 1809 1667 7076 1809 1667 7077 1605 1455 7078 1810 1668 7079 1605 1455 7080 1606 1456 7081 1810 1668 7082 1606 1456 7083 1607 1457 7084 1810 1668 7085 1810 1668 7086 1607 1457 7087 1811 1669 7088 1811 1669 7089 1607 1457 7090 1812 1670 7091 1607 1457 7092 1608 1458 7093 1812 1670 7094 1812 1670 7095 1608 1458 7096 1813 1671 7097 1608 1458 7098 1609 1460 7099 1813 1671 7100 1609 1460 7101 1610 1672 7102 1813 1671 7103 1813 1671 7104 1610 1672 7105 1814 1673 7106 1610 1672 7107 1612 1674 7108 1814 1673 7109 1814 1673 7110 1612 1674 7111 1815 1675 7112 1612 1674 7113 1614 1676 7114 1815 1675 7115 1614 1676 7116 1616 1677 7117 1815 1675 7118 1616 1677 7119 1618 1678 7120 1815 1675 7121 1815 1675 7122 1618 1678 7123 1816 1679 7124 1618 1678 7125 1620 1470 7126 1816 1679 7127 1816 1679 7128 1620 1470 7129 1817 1680 7130 1620 1470 7131 1621 1471 7132 1817 1680 7133 1621 1471 7134 1623 1681 7135 1817 1680 7136 1817 1680 7137 1623 1681 7138 1819 1682 7139 1623 1681 7140 1625 1474 7141 1819 1682 7142 1819 1682 7143 1625 1474 7144 1821 1683 7145 1625 1474 7146 1626 1475 7147 1821 1683 7148 1821 1683 7149 1626 1475 7150 1823 1684 7151 1626 1475 7152 1627 1685 7153 1823 1684 7154 1823 1684 7155 1627 1685 7156 1825 1686 7157 1627 1685 7158 1629 1687 7159 1825 1686 7160 1825 1686 7161 1629 1687 7162 1827 1688 7163 1629 1687 7164 1631 1689 7165 1827 1688 7166 1827 1688 7167 1631 1689 7168 1828 1690 7169 1631 1689 7170 1633 1479 7171 1828 1690 7172 1828 1690 7173 1633 1479 7174 1829 1691 7175 1633 1479 7176 1634 1480 7177 1829 1691 7178 1829 1691 7179 1634 1480 7180 1830 1692 7181 1634 1480 7182 1636 1693 7183 1830 1692 7184 1830 1692 7185 1636 1693 7186 1832 1694 7187 1636 1693 7188 1833 1695 7189 1832 1694 7190 1832 1694 7191 1833 1695 7192 1835 1696 7193 1833 1695 7194 1638 1697 7195 1835 1696 7196 1835 1696 7197 1638 1697 7198 1836 1698 7199 1638 1697 7200 1640 1484 7201 1836 1698 7202 1836 1698 7203 1640 1484 7204 1837 1699 7205 1839 1700 7206 1837 1699 7207 1840 1701 7208 1837 1699 7209 1640 1484 7210 1840 1701 7211 1640 1484 7212 1641 1485 7213 1840 1701 7214 1641 1485 7215 1642 1486 7216 1840 1701 7217 1642 1486 7218 1643 1487 7219 1840 1701 7220 1840 1701 7221 1643 1487 7222 1841 1702 7223 1643 1487 7224 1644 1488 7225 1841 1702 7226 1841 1702 7227 1644 1488 7228 1842 1703 7229 1842 1703 7230 1644 1488 7231 1843 1704 7232 1644 1488 7233 1645 1489 7234 1843 1704 7235 1843 1704 7236 1645 1489 7237 1844 1705 7238 1645 1489 7239 1646 1490 7240 1844 1705 7241 1646 1490 7242 1648 1706 7243 1844 1705 7244 1648 1706 7245 1650 1707 7246 1844 1705 7247 1650 1707 7248 1652 1708 7249 1844 1705 7250 1844 1705 7251 1652 1708 7252 1845 1709 7253 1652 1708 7254 1654 1710 7255 1845 1709 7256 1845 1709 7257 1654 1710 7258 1846 1711 7259 1654 1710 7260 1656 1712 7261 1846 1711 7262 1656 1712 7263 1658 1713 7264 1846 1711 7265 1846 1711 7266 1658 1713 7267 1847 1714 7268 1658 1713 7269 1660 1715 7270 1847 1714 7271 1847 1714 7272 1660 1715 7273 1848 1716 7274 1661 1504 7275 1662 1505 7276 1849 1717 7277 1662 1505 7278 1664 1718 7279 1849 1717 7280 1849 1717 7281 1664 1718 7282 1851 1719 7283 1664 1718 7284 1666 1720 7285 1851 1719 7286 1851 1719 7287 1666 1720 7288 1853 1721 7289 1853 1721 7290 1666 1720 7291 1854 1722 7292 1667 1508 7293 1668 1509 7294 1855 1723 7295 1857 1724 7296 1855 1723 7297 1858 1725 7298 1855 1723 7299 1668 1509 7300 1858 1725 7301 1668 1509 7302 1669 1510 7303 1858 1725 7304 1858 1725 7305 1669 1510 7306 1859 1726 7307 1669 1510 7308 1670 1511 7309 1859 1726 7310 1670 1511 7311 1671 1514 7312 1859 1726 7313 1859 1726 7314 1671 1514 7315 1860 1727 7316 1671 1514 7317 1672 1517 7318 1860 1727 7319 1860 1727 7320 1672 1517 7321 1861 1728 7322 1672 1517 7323 1673 1518 7324 1861 1728 7325 1861 1728 7326 1673 1518 7327 1862 1729 7328 1673 1518 7329 1674 1520 7330 1862 1729 7331 1862 1729 7332 1674 1520 7333 1863 1730 7334 1863 1730 7335 1674 1520 7336 1864 1731 7337 1674 1520 7338 1675 1521 7339 1864 1731 7340 1675 1521 7341 1677 1732 7342 1864 1731 7343 1677 1732 7344 1679 1525 7345 1864 1731 7346 1679 1525 7347 1680 1527 7348 1864 1731 7349 1864 1731 7350 1680 1527 7351 1865 1733 7352 1680 1527 7353 1681 1734 7354 1865 1733 7355 1865 1733 7356 1681 1734 7357 1866 1735 7358 1681 1734 7359 1683 1736 7360 1866 1735 7361 1866 1735 7362 1683 1736 7363 1867 1737 7364 1683 1736 7365 1685 1738 7366 1867 1737 7367 1685 1738 7368 1687 1535 7369 1867 1737 7370 1687 1535 7371 1688 1537 7372 1867 1737 7373 1867 1737 7374 1688 1537 7375 1868 1739 7376 1688 1537 7377 1689 1740 7378 1868 1739 7379 1868 1739 7380 1689 1740 7381 1869 1741 7382 1689 1740 7383 1691 1742 7384 1869 1741 7385 1869 1741 7386 1691 1742 7387 1870 1743 7388 1691 1742 7389 1693 1744 7390 1870 1743 7391 1693 1744 7392 1695 1745 7393 1870 1743 7394 1695 1745 7395 1697 1746 7396 1870 1743 7397 1870 1743 7398 1697 1746 7399 1871 1747 7400 1697 1746 7401 1699 1547 7402 1871 1747 7403 1699 1547 7404 1700 1549 7405 1871 1747 7406 1871 1747 7407 1700 1549 7408 1872 1748 7409 1700 1549 7410 1701 1749 7411 1872 1748 7412 1872 1748 7413 1701 1749 7414 1873 1750 7415 1701 1749 7416 1703 1751 7417 1873 1750 7418 1703 1751 7419 1705 1752 7420 1873 1750 7421 1873 1750 7422 1705 1752 7423 1874 1753 7424 1705 1752 7425 1707 1556 7426 1874 1753 7427 1707 1556 7428 1708 1557 7429 1874 1753 7430 1874 1753 7431 1708 1557 7432 1875 1754 7433 1708 1557 7434 1709 1755 7435 1875 1754 7436 1875 1754 7437 1709 1755 7438 1876 1756 7439 1709 1755 7440 1711 1757 7441 1876 1756 7442 1876 1756 7443 1711 1757 7444 1877 1758 7445 1711 1757 7446 1713 1759 7447 1877 1758 7448 1713 1759 7449 1715 1564 7450 1877 1758 7451 1715 1564 7452 1716 1566 7453 1877 1758 7454 1877 1758 7455 1716 1566 7456 1878 1760 7457 1716 1566 7458 1717 1761 7459 1878 1760 7460 1878 1760 7461 1717 1761 7462 1879 1762 7463 1717 1761 7464 1719 1763 7465 1879 1762 7466 1879 1762 7467 1719 1763 7468 1880 1764 7469 1719 1763 7470 1721 1765 7471 1880 1764 7472 1721 1765 7473 1723 1572 7474 1880 1764 7475 1723 1572 7476 1724 1574 7477 1880 1764 7478 1880 1764 7479 1724 1574 7480 1881 1766 7481 1724 1574 7482 1725 1767 7483 1881 1766 7484 1881 1766 7485 1725 1767 7486 1882 1768 7487 1725 1767 7488 1727 1769 7489 1882 1768 7490 1882 1768 7491 1727 1769 7492 1883 1770 7493 1727 1769 7494 1729 1771 7495 1883 1770 7496 1729 1771 7497 1731 1772 7498 1883 1770 7499 1731 1772 7500 1734 1583 7501 1883 1770 7502 1734 1583 7503 1735 1584 7504 1883 1770 7505 1883 1770 7506 1735 1584 7507 1884 1773 7508 1735 1584 7509 1736 1585 7510 1884 1773 7511 1884 1773 7512 1736 1585 7513 1885 1774 7514 1885 1774 7515 1736 1585 7516 1886 1775 7517 1736 1585 7518 1737 1586 7519 1886 1775 7520 1886 1775 7521 1737 1586 7522 1887 1776 7523 1737 1586 7524 1738 1587 7525 1887 1776 7526 1887 1776 7527 1738 1587 7528 1888 1777 7529 1738 1587 7530 1739 1588 7531 1888 1777 7532 1739 1588 7533 1740 1589 7534 1888 1777 7535 1890 1778 7536 1888 1777 7537 1892 1779 7538 1892 1779 7539 1888 1777 7540 1893 1780 7541 1888 1777 7542 1740 1589 7543 1893 1780 7544 1740 1589 7545 1742 1590 7546 1893 1780 7547 1894 1781 7548 1741 1782 7549 1896 1783 7550 1741 1782 7551 1744 1784 7552 1896 1783 7553 1896 1783 7554 1744 1784 7555 1898 1785 7556 1744 1784 7557 1748 1594 7558 1898 1785 7559 1898 1785 7560 1748 1594 7561 1899 1786 7562 1748 1594 7563 1750 1596 7564 1899 1786 7565 1900 1787 7566 1749 1788 7567 1901 1789 7568 1749 1788 7569 1751 1790 7570 1901 1789 7571 1901 1789 7572 1751 1790 7573 1902 1791 7574 1751 1790 7575 1753 1792 7576 1902 1791 7577 1753 1792 7578 1755 1793 7579 1902 1791 7580 1902 1791 7581 1755 1793 7582 1903 1794 7583 1755 1793 7584 1757 1795 7585 1903 1794 7586 1903 1794 7587 1757 1795 7588 1904 1796 7589 1757 1795 7590 1760 1606 7591 1904 1796 7592 1760 1606 7593 1761 1608 7594 1904 1796 7595 1904 1796 7596 1761 1608 7597 1905 1797 7598 1905 1797 7599 1761 1608 7600 1906 1798 7601 1761 1608 7602 1762 1611 7603 1906 1798 7604 1906 1798 7605 1762 1611 7606 1907 1799 7607 1762 1611 7608 1763 1613 7609 1907 1799 7610 1907 1799 7611 1763 1613 7612 1908 1800 7613 1763 1613 7614 1764 1615 7615 1908 1800 7616 1908 1800 7617 1764 1615 7618 1909 1801 7619 1764 1615 7620 1765 1619 7621 1909 1801 7622 1909 1801 7623 1765 1619 7624 1910 1802 7625 1765 1619 7626 1766 1621 7627 1910 1802 7628 1910 1802 7629 1766 1621 7630 1911 1803 7631 1766 1621 7632 1767 1623 7633 1911 1803 7634 1911 1803 7635 1767 1623 7636 1912 1804 7637 1767 1623 7638 1768 1625 7639 1912 1804 7640 1768 1625 7641 1769 1629 7642 1912 1804 7643 1912 1804 7644 1769 1629 7645 1913 1805 7646 1913 1805 7647 1769 1629 7648 1914 1806 7649 1769 1629 7650 1770 1630 7651 1914 1806 7652 1914 1806 7653 1770 1630 7654 1915 1807 7655 1770 1630 7656 1771 1631 7657 1915 1807 7658 1771 1631 7659 1772 1632 7660 1915 1807 7661 1772 1632 7662 1773 1633 7663 1915 1807 7664 1917 1808 7665 1915 1807 7666 1918 1809 7667 1915 1807 7668 1773 1633 7669 1918 1809 7670 1921 1810 7671 1919 1811 7672 1922 1812 7673 1919 1811 7674 1774 1634 7675 1922 1812 7676 1774 1634 7677 1776 1636 7678 1922 1812 7679 1923 1813 7680 1775 1814 7681 1924 1815 7682 1775 1814 7683 1777 1816 7684 1924 1815 7685 1777 1816 7686 1779 1817 7687 1924 1815 7688 1924 1815 7689 1779 1817 7690 1925 1818 7691 1779 1817 7692 1781 1640 7693 1925 1818 7694 1781 1640 7695 1782 1642 7696 1925 1818 7697 1782 1642 7698 1783 1644 7699 1925 1818 7700 1925 1818 7701 1783 1644 7702 1926 1819 7703 1926 1819 7704 1783 1644 7705 1927 1820 7706 1783 1644 7707 1784 1645 7708 1927 1820 7709 1927 1820 7710 1784 1645 7711 1928 1821 7712 1784 1645 7713 1785 1647 7714 1928 1821 7715 1785 1647 7716 1786 1650 7717 1928 1821 7718 1928 1821 7719 1786 1650 7720 1929 1822 7721 1929 1822 7722 1786 1650 7723 1930 1823 7724 1786 1650 7725 1787 1651 7726 1930 1823 7727 1787 1651 7728 1788 1652 7729 1930 1823 7730 1930 1823 7731 1788 1652 7732 1932 1824 7733 1932 1824 7734 1788 1652 7735 1933 1825 7736 1788 1652 7737 1789 1653 7738 1933 1825 7739 1789 1653 7740 1791 1654 7741 1933 1825 7742 1934 0 7743 1790 0 7744 1935 0 7745 1790 0 7746 1793 0 7747 1935 0 7748 1793 0 7749 1794 0 7750 1935 0 7751 1938 1826 7752 1936 1827 7753 1939 1828 7754 1939 1828 7755 1936 1827 7756 1940 1829 7757 1936 1827 7758 1795 1657 7759 1940 1829 7760 1795 1657 7761 1796 1656 7762 1940 1829 7763 1940 1829 7764 1796 1656 7765 1942 1830 7766 1942 1830 7767 1796 1656 7768 1943 1831 7769 1796 1656 7770 1797 1658 7771 1943 1831 7772 1797 1658 7773 1799 1660 7774 1943 1831 7775 1944 1832 7776 1798 1833 7777 1946 1834 7778 1798 1833 7779 1800 1835 7780 1946 1834 7781 1946 1834 7782 1800 1835 7783 1947 1836 7784 1801 1661 7785 1802 1662 7786 1948 1837 7787 1802 1662 7788 1803 1663 7789 1948 1837 7790 1948 1837 7791 1803 1663 7792 1950 1838 7793 1950 1838 7794 1803 1663 7795 1952 1839 7796 1952 1839 7797 1803 1663 7798 1953 1840 7799 1803 1663 7800 1804 1664 7801 1953 1840 7802 1953 1840 7803 1804 1664 7804 1954 1841 7805 1955 1842 7806 1956 1843 7807 1957 1844 7808 1956 1843 7809 1954 1841 7810 1957 1844 7811 1954 1841 7812 1804 1664 7813 1957 1844 7814 1805 0 7815 1806 0 7816 1958 0 7817 1806 0 7818 1808 0 7819 1958 0 7820 1958 0 7821 1808 0 7822 1959 0 7823 1809 1667 7824 1810 1668 7825 1960 1845 7826 1810 1668 7827 1811 1669 7828 1960 1845 7829 1960 1845 7830 1811 1669 7831 1962 1846 7832 1962 1846 7833 1811 1669 7834 1963 1847 7835 1811 1669 7836 1812 1670 7837 1963 1847 7838 1963 1847 7839 1812 1670 7840 1964 1848 7841 1812 1670 7842 1813 1671 7843 1964 1848 7844 1813 1671 7845 1814 1673 7846 1964 1848 7847 1964 1848 7848 1814 1673 7849 1965 1849 7850 1814 1673 7851 1815 1675 7852 1965 1849 7853 1965 1849 7854 1815 1675 7855 1966 1850 7856 1815 1675 7857 1816 1679 7858 1966 1850 7859 1966 1850 7860 1816 1679 7861 1967 1851 7862 1967 1851 7863 1816 1679 7864 1968 1852 7865 1816 1679 7866 1817 1680 7867 1968 1852 7868 1817 1680 7869 1818 1853 7870 1968 1852 7871 1968 1852 7872 1818 1853 7873 1969 1854 7874 1818 1853 7875 1820 1855 7876 1969 1854 7877 1969 1854 7878 1820 1855 7879 1970 1856 7880 1820 1855 7881 1822 1857 7882 1970 1856 7883 1822 1857 7884 1824 1858 7885 1970 1856 7886 1824 1858 7887 1826 1859 7888 1970 1856 7889 1970 1856 7890 1826 1859 7891 1971 1860 7892 1826 1859 7893 1828 1690 7894 1971 1860 7895 1828 1690 7896 1829 1691 7897 1971 1860 7898 1971 1860 7899 1829 1691 7900 1972 1861 7901 1829 1691 7902 1831 1862 7903 1972 1861 7904 1972 1861 7905 1831 1862 7906 1973 1863 7907 1831 1862 7908 1974 1864 7909 1973 1863 7910 1973 1863 7911 1974 1864 7912 1975 1865 7913 1974 1864 7914 1834 1866 7915 1975 1865 7916 1834 1866 7917 1836 1698 7918 1975 1865 7919 1975 1865 7920 1836 1698 7921 1976 1867 7922 1836 1698 7923 1837 1699 7924 1976 1867 7925 1837 1699 7926 1838 1868 7927 1976 1867 7928 1976 1867 7929 1838 1868 7930 1978 1869 7931 1978 1869 7932 1838 1868 7933 1980 1870 7934 1980 1870 7935 1838 1868 7936 1981 1871 7937 1839 1700 7938 1840 1701 7939 1982 1872 7940 1840 1701 7941 1841 1702 7942 1982 1872 7943 1982 1872 7944 1841 1702 7945 1984 1873 7946 1841 1702 7947 1842 1703 7948 1984 1873 7949 1984 1873 7950 1842 1703 7951 1985 1874 7952 1987 1875 7953 1988 1876 7954 1989 1877 7955 1988 1876 7956 1985 1874 7957 1989 1877 7958 1985 1874 7959 1842 1703 7960 1989 1877 7961 1842 1703 7962 1843 1704 7963 1989 1877 7964 1989 1877 7965 1843 1704 7966 1990 1878 7967 1843 1704 7968 1844 1705 7969 1990 1878 7970 1844 1705 7971 1845 1709 7972 1990 1878 7973 1990 1878 7974 1845 1709 7975 1991 1879 7976 1845 1709 7977 1846 1711 7978 1991 1879 7979 1991 1879 7980 1846 1711 7981 1992 1880 7982 1846 1711 7983 1847 1714 7984 1992 1880 7985 1992 1880 7986 1847 1714 7987 1993 1881 7988 1993 1881 7989 1847 1714 7990 1994 1882 7991 1847 1714 7992 1848 1716 7993 1994 1882 7994 1848 1716 7995 1850 1883 7996 1994 1882 7997 1850 1883 7998 1852 1884 7999 1994 1882 8000 1994 1882 8001 1852 1884 8002 1995 1885 8003 1995 1885 8004 1852 1884 8005 1996 1886 8006 1853 1721 8007 1854 1722 8008 1997 1887 8009 1854 1722 8010 1856 1888 8011 1997 1887 8012 1997 1887 8013 1856 1888 8014 1999 1889 8015 1856 1888 8016 2001 1890 8017 1999 1889 8018 1999 1889 8019 2001 1890 8020 2003 1891 8021 2005 1892 8022 2003 1891 8023 2006 1893 8024 2003 1891 8025 2001 1890 8026 2006 1893 8027 2007 1894 8028 2000 1895 8029 2008 1896 8030 2000 1895 8031 1857 1724 8032 2008 1896 8033 1857 1724 8034 1858 1725 8035 2008 1896 8036 1858 1725 8037 1859 1726 8038 2008 1896 8039 1859 1726 8040 1860 1727 8041 2008 1896 8042 2008 1896 8043 1860 1727 8044 2009 1897 8045 1860 1727 8046 1861 1728 8047 2009 1897 8048 2009 1897 8049 1861 1728 8050 2010 1898 8051 1861 1728 8052 1862 1729 8053 2010 1898 8054 2010 1898 8055 1862 1729 8056 2011 1899 8057 1862 1729 8058 1863 1730 8059 2011 1899 8060 2011 1899 8061 1863 1730 8062 2012 1900 8063 2012 1900 8064 1863 1730 8065 2013 1901 8066 1863 1730 8067 1864 1731 8068 2013 1901 8069 1864 1731 8070 1865 1733 8071 2013 1901 8072 2013 1901 8073 1865 1733 8074 2014 1902 8075 1865 1733 8076 1866 1735 8077 2014 1902 8078 2014 1902 8079 1866 1735 8080 2015 1903 8081 1866 1735 8082 1867 1737 8083 2015 1903 8084 2015 1903 8085 1867 1737 8086 2016 1904 8087 1867 1737 8088 1868 1739 8089 2016 1904 8090 2016 1904 8091 1868 1739 8092 2017 1905 8093 1868 1739 8094 1869 1741 8095 2017 1905 8096 2017 1905 8097 1869 1741 8098 2018 1906 8099 1869 1741 8100 1870 1743 8101 2018 1906 8102 2018 1906 8103 1870 1743 8104 2019 1907 8105 1870 1743 8106 1871 1747 8107 2019 1907 8108 2019 1907 8109 1871 1747 8110 2020 1908 8111 1871 1747 8112 1872 1748 8113 2020 1908 8114 2020 1908 8115 1872 1748 8116 2021 1909 8117 1872 1748 8118 1873 1750 8119 2021 1909 8120 2021 1909 8121 1873 1750 8122 2022 1910 8123 1873 1750 8124 1874 1753 8125 2022 1910 8126 2022 1910 8127 1874 1753 8128 2023 1911 8129 1874 1753 8130 1875 1754 8131 2023 1911 8132 2023 1911 8133 1875 1754 8134 2024 1912 8135 1875 1754 8136 1876 1756 8137 2024 1912 8138 2024 1912 8139 1876 1756 8140 2025 1913 8141 1876 1756 8142 1877 1758 8143 2025 1913 8144 2025 1913 8145 1877 1758 8146 2026 1914 8147 1877 1758 8148 1878 1760 8149 2026 1914 8150 2026 1914 8151 1878 1760 8152 2027 1915 8153 1878 1760 8154 1879 1762 8155 2027 1915 8156 2027 1915 8157 1879 1762 8158 2028 1916 8159 1879 1762 8160 1880 1764 8161 2028 1916 8162 2028 1916 8163 1880 1764 8164 2029 1917 8165 1880 1764 8166 1881 1766 8167 2029 1917 8168 2029 1917 8169 1881 1766 8170 2030 1918 8171 1881 1766 8172 1882 1768 8173 2030 1918 8174 2030 1918 8175 1882 1768 8176 2031 1919 8177 1882 1768 8178 1883 1770 8179 2031 1919 8180 1883 1770 8181 1884 1773 8182 2031 1919 8183 2031 1919 8184 1884 1773 8185 2032 1920 8186 1884 1773 8187 1885 1774 8188 2032 1920 8189 2032 1920 8190 1885 1774 8191 2034 1921 8192 2034 1921 8193 1885 1774 8194 2036 1922 8195 2036 1922 8196 1885 1774 8197 2038 1923 8198 2038 1923 8199 1885 1774 8200 2040 1924 8201 1885 1774 8202 1886 1775 8203 2040 1924 8204 2040 1924 8205 1886 1775 8206 2042 1925 8207 1886 1775 8208 1887 1776 8209 2042 1925 8210 2042 1925 8211 1887 1776 8212 2043 1926 8213 1887 1776 8214 1888 1777 8215 2043 1926 8216 1888 1777 8217 1890 1778 8218 2043 1926 8219 2044 1927 8220 1889 1928 8221 2046 1929 8222 2046 1929 8223 1889 1928 8224 2048 1930 8225 1889 1928 8226 1891 1931 8227 2048 1930 8228 2048 1930 8229 1891 1931 8230 2050 1932 8231 1891 1931 8232 1894 1781 8233 2050 1932 8234 2050 1932 8235 1894 1781 8236 2051 1933 8237 1894 1781 8238 1896 1783 8239 2051 1933 8240 2052 1934 8241 1895 1935 8242 2053 1936 8243 2053 1936 8244 1895 1935 8245 2054 1937 8246 1895 1935 8247 1897 1938 8248 2054 1937 8249 1897 1938 8250 1900 1787 8251 2054 1937 8252 1900 1787 8253 1901 1789 8254 2054 1937 8255 2054 1937 8256 1901 1789 8257 2055 1939 8258 2055 1939 8259 1901 1789 8260 2056 1940 8261 1901 1789 8262 1902 1791 8263 2056 1940 8264 2056 1940 8265 1902 1791 8266 2057 1941 8267 1902 1791 8268 1903 1794 8269 2057 1941 8270 2057 1941 8271 1903 1794 8272 2058 1942 8273 1903 1794 8274 1904 1796 8275 2058 1942 8276 1904 1796 8277 1905 1797 8278 2058 1942 8279 2058 1942 8280 1905 1797 8281 2059 1943 8282 2059 1943 8283 1905 1797 8284 2060 1944 8285 1905 1797 8286 1906 1798 8287 2060 1944 8288 2060 1944 8289 1906 1798 8290 2061 1945 8291 1906 1798 8292 1907 1799 8293 2061 1945 8294 2061 1945 8295 1907 1799 8296 2062 1946 8297 1907 1799 8298 1908 1800 8299 2062 1946 8300 2062 1946 8301 1908 1800 8302 2063 1947 8303 1908 1800 8304 1909 1801 8305 2063 1947 8306 2063 1947 8307 1909 1801 8308 2064 1948 8309 1909 1801 8310 1910 1802 8311 2064 1948 8312 2064 1948 8313 1910 1802 8314 2065 1949 8315 1910 1802 8316 1911 1803 8317 2065 1949 8318 2065 1949 8319 1911 1803 8320 2066 1950 8321 1911 1803 8322 1912 1804 8323 2066 1950 8324 1912 1804 8325 1913 1805 8326 2066 1950 8327 2068 1951 8328 2066 1950 8329 2070 1952 8330 2066 1950 8331 1913 1805 8332 2070 1952 8333 2070 1952 8334 1913 1805 8335 2071 1953 8336 1913 1805 8337 1914 1806 8338 2071 1953 8339 2071 1953 8340 1914 1806 8341 2072 1954 8342 2072 1954 8343 1914 1806 8344 2073 1955 8345 1914 1806 8346 1915 1807 8347 2073 1955 8348 1915 1807 8349 1917 1808 8350 2073 1955 8351 2074 1956 8352 1916 1957 8353 2075 1958 8354 2075 1958 8355 1916 1957 8356 2076 1959 8357 1916 1957 8358 1919 1811 8359 2076 1959 8360 1919 1811 8361 1921 1810 8362 2076 1959 8363 2076 1959 8364 1920 1960 8365 2077 1961 8366 2077 1961 8367 1920 1960 8368 2078 1962 8369 1920 1960 8370 1923 1813 8371 2078 1962 8372 1923 1813 8373 1924 1815 8374 2078 1962 8375 2078 1962 8376 1924 1815 8377 2079 1963 8378 2079 1963 8379 1924 1815 8380 2080 1964 8381 1924 1815 8382 1925 1818 8383 2080 1964 8384 1925 1818 8385 1926 1819 8386 2080 1964 8387 2080 1964 8388 1926 1819 8389 2081 1965 8390 2081 1965 8391 1926 1819 8392 2082 1966 8393 1926 1819 8394 1927 1820 8395 2082 1966 8396 2082 1966 8397 1927 1820 8398 2083 1967 8399 1927 1820 8400 1928 1821 8401 2083 1967 8402 1928 1821 8403 1929 1822 8404 2083 1967 8405 2083 1967 8406 1929 1822 8407 2085 1968 8408 2085 1968 8409 1929 1822 8410 2086 1969 8411 1929 1822 8412 1930 1823 8413 2086 1969 8414 1930 1823 8415 1932 1824 8416 2086 1969 8417 2087 0 8418 1931 0 8419 2088 0 8420 1931 1970 8421 1934 1970 8422 2088 1970 8423 1934 0 8424 1935 0 8425 2088 0 8426 1936 1827 8427 1938 1826 8428 2089 1971 8429 2090 1972 8430 2089 1971 8431 2091 1973 8432 2089 1971 8433 1938 1826 8434 2091 1973 8435 2091 1973 8436 1937 1974 8437 2093 1975 8438 2093 1975 8439 1937 1974 8440 2095 1976 8441 1937 1974 8442 1939 1828 8443 2095 1976 8444 2095 1976 8445 1939 1828 8446 2097 1977 8447 1939 1828 8448 1940 1829 8449 2097 1977 8450 2097 1977 8451 1940 1829 8452 2098 1978 8453 1940 1829 8454 1942 1830 8455 2098 1978 8456 2099 1979 8457 1941 1980 8458 2100 1981 8459 1941 1980 8460 1944 1832 8461 2100 1981 8462 1944 1832 8463 1946 1834 8464 2100 1981 8465 2101 1982 8466 1945 1982 8467 2102 1982 8468 2104 1983 8469 2106 1984 8470 2107 1985 8471 2108 1986 8472 2109 1987 8473 2111 1988 8474 2111 1988 8475 2109 1987 8476 2113 1989 8477 2109 1987 8478 2114 1990 8479 2113 1989 8480 2113 1989 8481 2114 1990 8482 2115 1991 8483 2114 1990 8484 2107 1985 8485 2115 1991 8486 2107 1985 8487 2106 1984 8488 2115 1991 8489 2116 1992 8490 2105 1992 8491 2118 1992 8492 2118 0 8493 2105 0 8494 2120 0 8495 2120 0 8496 2105 0 8497 2121 0 8498 2106 1984 8499 2104 1983 8500 2122 1993 8501 2122 1993 8502 2104 1983 8503 2123 1994 8504 2124 1995 8505 2123 1994 8506 2125 1996 8507 2123 1994 8508 2104 1983 8509 2125 1996 8510 2125 1996 8511 2104 1983 8512 2126 1997 8513 2104 1983 8514 2107 1985 8515 2126 1997 8516 2126 1997 8517 2107 1985 8518 2127 1998 8519 2107 1985 8520 2114 1990 8521 2127 1998 8522 2127 1998 8523 2114 1990 8524 2128 1999 8525 2114 1990 8526 2109 1987 8527 2128 1999 8528 2128 1999 8529 2109 1987 8530 2129 2000 8531 2109 1987 8532 2108 1986 8533 2129 2000 8534 2129 2000 8535 2108 1986 8536 2130 2001 8537 2131 2002 8538 2130 2001 8539 2132 2003 8540 2130 2001 8541 2108 1986 8542 2132 2003 8543 2132 2003 8544 2108 1986 8545 2133 2004 8546 2108 1986 8547 2111 1988 8548 2133 2004 8549 2134 0 8550 2110 0 8551 2136 0 8552 2110 0 8553 2112 0 8554 2136 0 8555 2136 2005 8556 2112 2005 8557 2137 2005 8558 2112 2006 8559 2116 2006 8560 2137 2006 8561 2116 0 8562 2118 0 8563 2137 0 8564 2138 2007 8565 2117 2008 8566 2139 2009 8567 2140 2010 8568 2139 2009 8569 2141 2011 8570 2139 2009 8571 2117 2008 8572 2141 2011 8573 2117 2008 8574 2119 2012 8575 2141 2011 8576 2141 2011 8577 2119 2012 8578 2142 2013 8579 2142 2013 8580 2119 2012 8581 2143 2014 8582 2120 2015 8583 2121 2015 8584 2144 2015 8585 2144 2016 8586 2121 2016 8587 2145 2016 8588 2122 1993 8589 2123 1994 8590 2146 2017 8591 2146 2017 8592 2123 1994 8593 2147 2018 8594 2123 1994 8595 2124 1995 8596 2147 2018 8597 2124 1995 8598 2148 2019 8599 2147 2018 8600 2147 2018 8601 2148 2019 8602 2149 2020 8603 2149 2020 8604 2148 2019 8605 2150 2021 8606 2151 2022 8607 2150 2021 8608 2152 2023 8609 2150 2021 8610 2148 2019 8611 2152 2023 8612 2152 2023 8613 2148 2019 8614 2153 2024 8615 2148 2019 8616 2124 1995 8617 2153 2024 8618 2153 2024 8619 2124 1995 8620 2154 2025 8621 2124 1995 8622 2125 1996 8623 2154 2025 8624 2154 2025 8625 2125 1996 8626 2155 2026 8627 2125 1996 8628 2126 1997 8629 2155 2026 8630 2155 2026 8631 2126 1997 8632 2156 2027 8633 2126 1997 8634 2127 1998 8635 2156 2027 8636 2156 2027 8637 2127 1998 8638 2157 2028 8639 2127 1998 8640 2128 1999 8641 2157 2028 8642 2157 2028 8643 2128 1999 8644 2158 2029 8645 2128 1999 8646 2129 2000 8647 2158 2029 8648 2158 2029 8649 2129 2000 8650 2159 2030 8651 2129 2000 8652 2130 2001 8653 2159 2030 8654 2159 2030 8655 2130 2001 8656 2160 2031 8657 2130 2001 8658 2131 2002 8659 2160 2031 8660 2160 2031 8661 2131 2002 8662 2161 2032 8663 2131 2002 8664 2162 2033 8665 2161 2032 8666 2161 2032 8667 2162 2033 8668 2163 2034 8669 2162 2033 8670 2164 2035 8671 2163 2034 8672 2163 2034 8673 2164 2035 8674 2165 2036 8675 2166 2037 8676 2165 2036 8677 2167 2038 8678 2165 2036 8679 2164 2035 8680 2167 2038 8681 2167 2038 8682 2164 2035 8683 2168 2039 8684 2168 2039 8685 2164 2035 8686 2169 2040 8687 2164 2035 8688 2162 2033 8689 2169 2040 8690 2169 2040 8691 2162 2033 8692 2170 2041 8693 2162 2033 8694 2131 2002 8695 2170 2041 8696 2131 2002 8697 2132 2003 8698 2170 2041 8699 2170 2041 8700 2132 2003 8701 2171 2042 8702 2132 2003 8703 2133 2004 8704 2171 2042 8705 2172 0 8706 2134 0 8707 2173 0 8708 2134 2043 8709 2136 2043 8710 2173 2043 8711 2174 2044 8712 2135 2045 8713 2175 2046 8714 2175 2046 8715 2135 2045 8716 2176 2047 8717 2135 2045 8718 2138 2007 8719 2176 2047 8720 2138 2007 8721 2139 2009 8722 2176 2047 8723 2176 2047 8724 2139 2009 8725 2177 2048 8726 2139 2009 8727 2140 2010 8728 2177 2048 8729 2177 2048 8730 2140 2010 8731 2178 2049 8732 2180 2050 8733 2178 2049 8734 2181 2051 8735 2178 2049 8736 2140 2010 8737 2181 2051 8738 2181 2051 8739 2140 2010 8740 2182 2052 8741 2140 2010 8742 2141 2011 8743 2182 2052 8744 2141 2011 8745 2142 2013 8746 2182 2052 8747 2182 2052 8748 2142 2013 8749 2183 2053 8750 2183 2053 8751 2142 2013 8752 2184 2054 8753 2142 2013 8754 2143 2014 8755 2184 2054 8756 2184 2054 8757 2143 2014 8758 2185 2055 8759 2144 2056 8760 2145 2056 8761 2186 2056 8762 2186 2057 8763 2145 2057 8764 2187 2057 8765 2146 2017 8766 2147 2018 8767 2188 2058 8768 2147 2018 8769 2149 2020 8770 2188 2058 8771 2188 2058 8772 2149 2020 8773 2190 2059 8774 2190 2059 8775 2149 2020 8776 2191 2060 8777 2149 2020 8778 2150 2021 8779 2191 2060 8780 2191 2060 8781 2150 2021 8782 2192 2061 8783 2150 2021 8784 2151 2022 8785 2192 2061 8786 2151 2022 8787 2193 2062 8788 2192 2061 8789 2192 2061 8790 2193 2062 8791 2194 2063 8792 2194 2063 8793 2193 2062 8794 2195 2064 8795 2196 2065 8796 2197 2066 8797 2198 2067 8798 2197 2066 8799 2195 2064 8800 2198 2067 8801 2198 2067 8802 2195 2064 8803 2199 2068 8804 2195 2064 8805 2193 2062 8806 2199 2068 8807 2199 2068 8808 2193 2062 8809 2200 2069 8810 2193 2062 8811 2151 2022 8812 2200 2069 8813 2200 2069 8814 2151 2022 8815 2201 2070 8816 2151 2022 8817 2152 2023 8818 2201 2070 8819 2201 2070 8820 2152 2023 8821 2202 2071 8822 2152 2023 8823 2153 2024 8824 2202 2071 8825 2202 2071 8826 2153 2024 8827 2203 2072 8828 2153 2024 8829 2154 2025 8830 2203 2072 8831 2203 2072 8832 2154 2025 8833 2204 2073 8834 2154 2025 8835 2155 2026 8836 2204 2073 8837 2204 2073 8838 2155 2026 8839 2205 2074 8840 2155 2026 8841 2156 2027 8842 2205 2074 8843 2205 2074 8844 2156 2027 8845 2206 2075 8846 2156 2027 8847 2157 2028 8848 2206 2075 8849 2206 2075 8850 2157 2028 8851 2207 2076 8852 2157 2028 8853 2158 2029 8854 2207 2076 8855 2207 2076 8856 2158 2029 8857 2208 2077 8858 2158 2029 8859 2159 2030 8860 2208 2077 8861 2208 2077 8862 2159 2030 8863 2209 2078 8864 2159 2030 8865 2160 2031 8866 2209 2078 8867 2209 2078 8868 2160 2031 8869 2210 2079 8870 2160 2031 8871 2161 2032 8872 2210 2079 8873 2210 2079 8874 2161 2032 8875 2211 2080 8876 2161 2032 8877 2163 2034 8878 2211 2080 8879 2211 2080 8880 2163 2034 8881 2212 2081 8882 2163 2034 8883 2165 2036 8884 2212 2081 8885 2212 2081 8886 2165 2036 8887 2213 2082 8888 2165 2036 8889 2166 2037 8890 2213 2082 8891 2213 2082 8892 2166 2037 8893 2214 2083 8894 2166 2037 8895 2215 2084 8896 2214 2083 8897 2214 2083 8898 2215 2084 8899 2216 2085 8900 2217 2086 8901 2216 2085 8902 2218 2087 8903 2216 2085 8904 2215 2084 8905 2218 2087 8906 2218 2087 8907 2215 2084 8908 2219 2088 8909 2219 2088 8910 2215 2084 8911 2220 2089 8912 2215 2084 8913 2166 2037 8914 2220 2089 8915 2166 2037 8916 2167 2038 8917 2220 2089 8918 2220 2089 8919 2167 2038 8920 2221 2090 8921 2167 2038 8922 2168 2039 8923 2221 2090 8924 2221 2090 8925 2168 2039 8926 2223 2091 8927 2223 2091 8928 2168 2039 8929 2225 2092 8930 2168 2039 8931 2169 2040 8932 2225 2092 8933 2225 2092 8934 2169 2040 8935 2226 2093 8936 2169 2040 8937 2170 2041 8938 2226 2093 8939 2170 2041 8940 2171 2042 8941 2226 2093 8942 2227 2094 8943 2172 2094 8944 2228 2094 8945 2172 2095 8946 2173 2095 8947 2228 2095 8948 2229 2096 8949 2174 2044 8950 2230 2097 8951 2174 2044 8952 2175 2046 8953 2230 2097 8954 2230 2097 8955 2175 2046 8956 2231 2098 8957 2231 2098 8958 2175 2046 8959 2232 2099 8960 2175 2046 8961 2176 2047 8962 2232 2099 8963 2176 2047 8964 2177 2048 8965 2232 2099 8966 2232 2099 8967 2177 2048 8968 2233 2100 8969 2177 2048 8970 2178 2049 8971 2233 2100 8972 2235 2101 8973 2233 2100 8974 2237 2102 8975 2233 2100 8976 2178 2049 8977 2237 2102 8978 2237 2102 8979 2178 2049 8980 2238 2103 8981 2178 2049 8982 2180 2050 8983 2238 2103 8984 2239 2104 8985 2179 2105 8986 2103 2106 8987 2103 2106 8988 2179 2105 8989 2240 2107 8990 2180 2050 8991 2181 2051 8992 2240 2107 8993 2241 2108 8994 2240 2107 8995 2242 2109 8996 2240 2107 8997 2181 2051 8998 2242 2109 8999 2181 2051 9000 2182 2052 9001 2242 2109 9002 2182 2052 9003 2183 2053 9004 2242 2109 9005 2242 2109 9006 2183 2053 9007 2243 2110 9008 2243 2110 9009 2183 2053 9010 2244 2111 9011 2183 2053 9012 2184 2054 9013 2244 2111 9014 2244 2111 9015 2184 2054 9016 2245 2112 9017 2184 2054 9018 2185 2055 9019 2245 2112 9020 2245 2112 9021 2185 2055 9022 2246 2113 9023 2186 0 9024 2187 0 9025 2247 0 9026 2187 2114 9027 2189 2114 9028 2247 2114 9029 2247 0 9030 2189 0 9031 2249 0 9032 2249 2115 9033 2189 2115 9034 2250 2115 9035 2190 2059 9036 2191 2060 9037 2251 2116 9038 2251 2116 9039 2191 2060 9040 2252 2117 9041 2191 2060 9042 2192 2061 9043 2252 2117 9044 2192 2061 9045 2194 2063 9046 2252 2117 9047 2252 2117 9048 2194 2063 9049 2253 2118 9050 2253 2118 9051 2194 2063 9052 2254 2119 9053 2194 2063 9054 2195 2064 9055 2254 2119 9056 2195 2064 9057 2197 2066 9058 2254 2119 9059 2254 2119 9060 2197 2066 9061 2255 2120 9062 2255 2120 9063 2197 2066 9064 2256 2121 9065 2197 2066 9066 2196 2065 9067 2256 2121 9068 2196 2065 9069 2257 2122 9070 2256 2121 9071 2256 2121 9072 2257 2122 9073 2258 2123 9074 2258 2123 9075 2257 2122 9076 2259 2124 9077 2260 2125 9078 2261 2126 9079 2262 2127 9080 2261 2126 9081 2259 2124 9082 2262 2127 9083 2262 2127 9084 2259 2124 9085 2263 2128 9086 2259 2124 9087 2257 2122 9088 2263 2128 9089 2263 2128 9090 2257 2122 9091 2264 2129 9092 2257 2122 9093 2196 2065 9094 2264 2129 9095 2264 2129 9096 2196 2065 9097 2265 2130 9098 2196 2065 9099 2198 2067 9100 2265 2130 9101 2265 2130 9102 2198 2067 9103 2266 2131 9104 2198 2067 9105 2199 2068 9106 2266 2131 9107 2266 2131 9108 2199 2068 9109 2267 2132 9110 2199 2068 9111 2200 2069 9112 2267 2132 9113 2267 2132 9114 2200 2069 9115 2268 2133 9116 2200 2069 9117 2201 2070 9118 2268 2133 9119 2268 2133 9120 2201 2070 9121 2269 2134 9122 2201 2070 9123 2202 2071 9124 2269 2134 9125 2269 2134 9126 2202 2071 9127 2270 2135 9128 2202 2071 9129 2203 2072 9130 2270 2135 9131 2270 2135 9132 2203 2072 9133 2271 2136 9134 2203 2072 9135 2204 2073 9136 2271 2136 9137 2271 2136 9138 2204 2073 9139 2272 2137 9140 2204 2073 9141 2205 2074 9142 2272 2137 9143 2272 2137 9144 2205 2074 9145 2273 2138 9146 2205 2074 9147 2206 2075 9148 2273 2138 9149 2273 2138 9150 2206 2075 9151 2274 2139 9152 2206 2075 9153 2207 2076 9154 2274 2139 9155 2274 2139 9156 2207 2076 9157 2275 2140 9158 2207 2076 9159 2208 2077 9160 2275 2140 9161 2275 2140 9162 2208 2077 9163 2276 2141 9164 2208 2077 9165 2209 2078 9166 2276 2141 9167 2276 2141 9168 2209 2078 9169 2277 2142 9170 2209 2078 9171 2210 2079 9172 2277 2142 9173 2277 2142 9174 2210 2079 9175 2278 2143 9176 2210 2079 9177 2211 2080 9178 2278 2143 9179 2278 2143 9180 2211 2080 9181 2279 2144 9182 2211 2080 9183 2212 2081 9184 2279 2144 9185 2279 2144 9186 2212 2081 9187 2280 2145 9188 2212 2081 9189 2213 2082 9190 2280 2145 9191 2280 2145 9192 2213 2082 9193 2281 2146 9194 2213 2082 9195 2214 2083 9196 2281 2146 9197 2281 2146 9198 2214 2083 9199 2282 2147 9200 2214 2083 9201 2216 2085 9202 2282 2147 9203 2282 2147 9204 2216 2085 9205 2283 2148 9206 2216 2085 9207 2217 2086 9208 2283 2148 9209 2283 2148 9210 2217 2086 9211 2284 2149 9212 2217 2086 9213 2285 2150 9214 2284 2149 9215 2284 2149 9216 2285 2150 9217 2286 2151 9218 2287 2152 9219 2286 2151 9220 2288 2153 9221 2286 2151 9222 2285 2150 9223 2288 2153 9224 2288 2153 9225 2285 2150 9226 2289 2154 9227 2289 2154 9228 2285 2150 9229 2290 2155 9230 2285 2150 9231 2217 2086 9232 2290 2155 9233 2217 2086 9234 2218 2087 9235 2290 2155 9236 2290 2155 9237 2218 2087 9238 2291 2156 9239 2218 2087 9240 2219 2088 9241 2291 2156 9242 2291 2156 9243 2219 2088 9244 2292 2157 9245 2292 2157 9246 2219 2088 9247 2293 2158 9248 2219 2088 9249 2220 2089 9250 2293 2158 9251 2220 2089 9252 2221 2090 9253 2293 2158 9254 2293 2158 9255 2221 2090 9256 2294 2159 9257 2221 2090 9258 2223 2091 9259 2294 2159 9260 2295 2160 9261 2222 2160 9262 2297 2160 9263 2297 2161 9264 2222 2161 9265 2299 2161 9266 2222 2162 9267 2224 2162 9268 2299 2162 9269 2299 2163 9270 2224 2163 9271 2300 2163 9272 2224 2164 9273 2227 2164 9274 2300 2164 9275 2227 2165 9276 2228 2165 9277 2300 2165 9278 2301 2166 9279 2229 2096 9280 2302 2167 9281 2229 2096 9282 2230 2097 9283 2302 2167 9284 2302 2167 9285 2230 2097 9286 2303 2168 9287 2230 2097 9288 2231 2098 9289 2303 2168 9290 2303 2168 9291 2231 2098 9292 2304 2169 9293 2304 2169 9294 2231 2098 9295 2305 2170 9296 2231 2098 9297 2232 2099 9298 2305 2170 9299 2232 2099 9300 2233 2100 9301 2305 2170 9302 2306 2171 9303 2305 2170 9304 2307 2172 9305 2305 2170 9306 2233 2100 9307 2307 2172 9308 2233 2100 9309 2235 2101 9310 2307 2172 9311 2308 2173 9312 2234 2174 9313 2309 2175 9314 2234 2174 9315 2236 2176 9316 2309 2175 9317 2236 2176 9318 2239 2104 9319 2309 2175 9320 2239 2104 9321 2103 2106 9322 2309 2175 9323 2102 2177 9324 1945 2177 9325 2310 2177 9326 2310 2178 9327 1945 2178 9328 2311 2178 9329 1946 1834 9330 1947 1836 9331 2312 2179 9332 1947 1836 9333 1949 2180 9334 2312 2179 9335 1949 2180 9336 1951 2181 9337 2312 2179 9338 2312 2179 9339 1951 2181 9340 2313 2182 9341 1952 1839 9342 1953 1840 9343 2314 2183 9344 1953 1840 9345 1954 1841 9346 2314 2183 9347 2314 2183 9348 1954 1841 9349 2316 2184 9350 1954 1841 9351 1956 1843 9352 2316 2184 9353 2316 2184 9354 1956 1843 9355 2318 2185 9356 1956 1843 9357 1955 1842 9358 2318 2185 9359 2318 2185 9360 1955 1842 9361 2320 2186 9362 2320 2186 9363 1955 1842 9364 2321 2187 9365 2321 2187 9366 1955 1842 9367 2322 2188 9368 1955 1842 9369 1957 1844 9370 2322 2188 9371 1958 0 9372 1959 0 9373 2323 0 9374 1959 0 9375 1961 0 9376 2323 0 9377 2323 2189 9378 1961 2189 9379 2324 2189 9380 1962 1846 9381 1963 1847 9382 2325 2190 9383 2325 2190 9384 1963 1847 9385 2326 2191 9386 1963 1847 9387 1964 1848 9388 2326 2191 9389 1964 1848 9390 1965 1849 9391 2326 2191 9392 2326 2191 9393 1965 1849 9394 2327 2192 9395 1965 1849 9396 1966 1850 9397 2327 2192 9398 2327 2192 9399 1966 1850 9400 2328 2193 9401 1966 1850 9402 1967 1851 9403 2328 2193 9404 2328 2193 9405 1967 1851 9406 2329 2194 9407 2329 2194 9408 1967 1851 9409 2330 2195 9410 1967 1851 9411 1968 1852 9412 2330 2195 9413 1968 1852 9414 1969 1854 9415 2330 2195 9416 2330 2195 9417 1969 1854 9418 2331 2196 9419 1969 1854 9420 1970 1856 9421 2331 2196 9422 2331 2196 9423 1970 1856 9424 2332 2197 9425 1970 1856 9426 1971 1860 9427 2332 2197 9428 2332 2197 9429 1971 1860 9430 2333 2198 9431 1971 1860 9432 1972 1861 9433 2333 2198 9434 2333 2198 9435 1972 1861 9436 2334 2199 9437 1972 1861 9438 1973 1863 9439 2334 2199 9440 2334 2199 9441 1973 1863 9442 2335 2200 9443 1973 1863 9444 1975 1865 9445 2335 2200 9446 2335 2200 9447 1975 1865 9448 2336 2201 9449 2336 2201 9450 1975 1865 9451 2337 2202 9452 1975 1865 9453 1976 1867 9454 2337 2202 9455 1976 1867 9456 1977 2203 9457 2337 2202 9458 2337 2202 9459 1977 2203 9460 2338 2204 9461 1977 2203 9462 1979 2205 9463 2338 2204 9464 2338 2204 9465 1979 2205 9466 2339 2206 9467 1980 1870 9468 1981 1871 9469 2340 2207 9470 1981 1871 9471 1983 2208 9472 2340 2207 9473 2340 2207 9474 1983 2208 9475 2342 2209 9476 1983 2208 9477 1985 1874 9478 2342 2209 9479 1985 1874 9480 1988 1876 9481 2342 2209 9482 2342 2209 9483 1988 1876 9484 2344 2210 9485 1988 1876 9486 1986 2211 9487 2344 2210 9488 2344 2210 9489 1986 2211 9490 2345 2212 9491 2345 2212 9492 1986 2211 9493 2346 2213 9494 2347 2214 9495 1987 1875 9496 2348 2215 9497 1987 1875 9498 1989 1877 9499 2348 2215 9500 1989 1877 9501 1990 1878 9502 2348 2215 9503 1990 1878 9504 1991 1879 9505 2348 2215 9506 2348 2215 9507 1991 1879 9508 2349 2216 9509 1991 1879 9510 1992 1880 9511 2349 2216 9512 2349 2216 9513 1992 1880 9514 2350 2217 9515 1992 1880 9516 1993 1881 9517 2350 2217 9518 2350 2217 9519 1993 1881 9520 2351 2218 9521 2351 2218 9522 1993 1881 9523 2352 2219 9524 1993 1881 9525 1994 1882 9526 2352 2219 9527 1994 1882 9528 1995 1885 9529 2352 2219 9530 2352 2219 9531 1995 1885 9532 2353 2220 9533 2353 2220 9534 1995 1885 9535 2354 2221 9536 1995 1885 9537 1996 1886 9538 2354 2221 9539 1996 1886 9540 1998 2222 9541 2354 2221 9542 2354 2221 9543 1998 2222 9544 2355 2223 9545 1998 2222 9546 2002 2224 9547 2355 2223 9548 2002 2224 9549 2004 2225 9550 2355 2223 9551 2355 2223 9552 2004 2225 9553 2356 2226 9554 2357 2227 9555 2005 1892 9556 2358 2228 9557 2005 1892 9558 2006 1893 9559 2358 2228 9560 2007 1894 9561 2008 1896 9562 2359 2229 9563 2008 1896 9564 2009 1897 9565 2359 2229 9566 2359 2229 9567 2009 1897 9568 2361 2230 9569 2009 1897 9570 2010 1898 9571 2361 2230 9572 2361 2230 9573 2010 1898 9574 2363 2231 9575 2010 1898 9576 2011 1899 9577 2363 2231 9578 2363 2231 9579 2011 1899 9580 2365 2232 9581 2365 2232 9582 2011 1899 9583 2367 2233 9584 2011 1899 9585 2012 1900 9586 2367 2233 9587 2367 2233 9588 2012 1900 9589 2369 2234 9590 2369 2234 9591 2012 1900 9592 2371 2235 9593 2371 2235 9594 2012 1900 9595 2373 2236 9596 2373 2236 9597 2012 1900 9598 2374 2237 9599 2012 1900 9600 2013 1901 9601 2374 2237 9602 2013 1901 9603 2014 1902 9604 2374 2237 9605 2374 2237 9606 2014 1902 9607 2375 2238 9608 2014 1902 9609 2015 1903 9610 2375 2238 9611 2375 2238 9612 2015 1903 9613 2376 2239 9614 2015 1903 9615 2016 1904 9616 2376 2239 9617 2376 2239 9618 2016 1904 9619 2377 2240 9620 2016 1904 9621 2017 1905 9622 2377 2240 9623 2377 2240 9624 2017 1905 9625 2378 2241 9626 2017 1905 9627 2018 1906 9628 2378 2241 9629 2378 2241 9630 2018 1906 9631 2379 2242 9632 2018 1906 9633 2019 1907 9634 2379 2242 9635 2379 2242 9636 2019 1907 9637 2380 2243 9638 2019 1907 9639 2020 1908 9640 2380 2243 9641 2380 2243 9642 2020 1908 9643 2381 2244 9644 2020 1908 9645 2021 1909 9646 2381 2244 9647 2381 2244 9648 2021 1909 9649 2382 2245 9650 2021 1909 9651 2022 1910 9652 2382 2245 9653 2382 2245 9654 2022 1910 9655 2383 2246 9656 2022 1910 9657 2023 1911 9658 2383 2246 9659 2383 2246 9660 2023 1911 9661 2384 2247 9662 2023 1911 9663 2024 1912 9664 2384 2247 9665 2384 2247 9666 2024 1912 9667 2385 2248 9668 2024 1912 9669 2025 1913 9670 2385 2248 9671 2385 2248 9672 2025 1913 9673 2386 2249 9674 2025 1913 9675 2026 1914 9676 2386 2249 9677 2386 2249 9678 2026 1914 9679 2387 2250 9680 2026 1914 9681 2027 1915 9682 2387 2250 9683 2387 2250 9684 2027 1915 9685 2388 2251 9686 2027 1915 9687 2028 1916 9688 2388 2251 9689 2388 2251 9690 2028 1916 9691 2389 2252 9692 2028 1916 9693 2029 1917 9694 2389 2252 9695 2389 2252 9696 2029 1917 9697 2390 2253 9698 2029 1917 9699 2030 1918 9700 2390 2253 9701 2390 2253 9702 2030 1918 9703 2391 2254 9704 2030 1918 9705 2031 1919 9706 2391 2254 9707 2031 1919 9708 2032 1920 9709 2391 2254 9710 2391 2254 9711 2032 1920 9712 2392 2255 9713 2032 1920 9714 2034 1921 9715 2392 2255 9716 2393 2256 9717 2033 2257 9718 2395 2258 9719 2395 2258 9720 2033 2257 9721 2397 2259 9722 2033 2257 9723 2035 2260 9724 2397 2259 9725 2397 2259 9726 2035 2260 9727 2400 2261 9728 2035 2260 9729 2037 2262 9730 2400 2261 9731 2400 2261 9732 2037 2262 9733 2402 2263 9734 2037 2262 9735 2039 2264 9736 2402 2263 9737 2402 2263 9738 2039 2264 9739 2404 2265 9740 2039 2264 9741 2041 2266 9742 2404 2265 9743 2404 2265 9744 2041 2266 9745 2405 2267 9746 2041 2266 9747 2044 1927 9748 2405 2267 9749 2044 1927 9750 2046 1929 9751 2405 2267 9752 2406 2268 9753 2045 2269 9754 2407 2270 9755 2407 2270 9756 2045 2269 9757 2408 2271 9758 2045 2269 9759 2047 2272 9760 2408 2271 9761 2047 2272 9762 2049 2273 9763 2408 2271 9764 2049 2273 9765 2052 1934 9766 2408 2271 9767 2052 1934 9768 2053 1936 9769 2408 2271 9770 2408 2271 9771 2053 1936 9772 2409 2274 9773 2409 2274 9774 2053 1936 9775 2410 2275 9776 2053 1936 9777 2054 1937 9778 2410 2275 9779 2054 1937 9780 2055 1939 9781 2410 2275 9782 2410 2275 9783 2055 1939 9784 2411 2276 9785 2411 2276 9786 2055 1939 9787 2412 2277 9788 2055 1939 9789 2056 1940 9790 2412 2277 9791 2412 2277 9792 2056 1940 9793 2413 2278 9794 2056 1940 9795 2057 1941 9796 2413 2278 9797 2413 2278 9798 2057 1941 9799 2414 2279 9800 2057 1941 9801 2058 1942 9802 2414 2279 9803 2058 1942 9804 2059 1943 9805 2414 2279 9806 2414 2279 9807 2059 1943 9808 2415 2280 9809 2415 2280 9810 2059 1943 9811 2416 2281 9812 2416 2281 9813 2059 1943 9814 2418 2282 9815 2418 2282 9816 2059 1943 9817 2420 2283 9818 2059 1943 9819 2060 1944 9820 2420 2283 9821 2420 2283 9822 2060 1944 9823 2422 2284 9824 2060 1944 9825 2061 1945 9826 2422 2284 9827 2422 2284 9828 2061 1945 9829 2423 2285 9830 2061 1945 9831 2062 1946 9832 2423 2285 9833 2423 2285 9834 2062 1946 9835 2424 2286 9836 2424 2286 9837 2062 1946 9838 2426 2287 9839 2426 2287 9840 2062 1946 9841 2428 2288 9842 2062 1946 9843 2063 1947 9844 2428 2288 9845 2428 2288 9846 2063 1947 9847 2430 2289 9848 2063 1947 9849 2064 1948 9850 2430 2289 9851 2430 2289 9852 2064 1948 9853 2431 2290 9854 2064 1948 9855 2065 1949 9856 2431 2290 9857 2431 2290 9858 2065 1949 9859 2432 2291 9860 2432 2291 9861 2065 1949 9862 2433 2292 9863 2065 1949 9864 2066 1950 9865 2433 2292 9866 2066 1950 9867 2068 1951 9868 2433 2292 9869 2434 2293 9870 2067 2294 9871 2436 2295 9872 2436 2295 9873 2067 2294 9874 2438 2296 9875 2067 2294 9876 2069 2297 9877 2438 2296 9878 2438 2296 9879 2069 2297 9880 2440 2298 9881 2069 2297 9882 2071 1953 9883 2440 2298 9884 2071 1953 9885 2072 1954 9886 2440 2298 9887 2440 2298 9888 2072 1954 9889 2441 2299 9890 2072 1954 9891 2074 1956 9892 2441 2299 9893 2074 1956 9894 2075 1958 9895 2441 2299 9896 2442 2300 9897 2075 1958 9898 2443 2301 9899 2075 1958 9900 2076 1959 9901 2443 2301 9902 2076 1959 9903 2077 1961 9904 2443 2301 9905 2443 2301 9906 2077 1961 9907 2444 2302 9908 2444 2302 9909 2077 1961 9910 2445 2303 9911 2077 1961 9912 2078 1962 9913 2445 2303 9914 2078 1962 9915 2079 1963 9916 2445 2303 9917 2445 2303 9918 2079 1963 9919 2446 2304 9920 2446 2304 9921 2079 1963 9922 2447 2305 9923 2079 1963 9924 2080 1964 9925 2447 2305 9926 2080 1964 9927 2081 1965 9928 2447 2305 9929 2447 2305 9930 2081 1965 9931 2449 2306 9932 2449 2306 9933 2081 1965 9934 2451 2307 9935 2081 1965 9936 2082 1966 9937 2451 2307 9938 2451 2307 9939 2082 1966 9940 2452 2308 9941 2082 1966 9942 2083 1967 9943 2452 2308 9944 2083 1967 9945 2085 1968 9946 2452 2308 9947 2453 2309 9948 2084 2309 9949 2454 2309 9950 2084 2310 9951 2087 2310 9952 2454 2310 9953 2087 0 9954 2088 0 9955 2454 0 9956 2456 2311 9957 2455 2312 9958 2457 2313 9959 2455 2312 9960 2089 1971 9961 2457 2313 9962 2089 1971 9963 2090 1972 9964 2457 2313 9965 2459 2314 9966 2457 2313 9967 2461 2315 9968 2457 2313 9969 2090 1972 9970 2461 2315 9971 2461 2315 9972 2090 1972 9973 2462 2316 9974 2090 1972 9975 2091 1973 9976 2462 2316 9977 2091 1973 9978 2093 1975 9979 2462 2316 9980 2463 2317 9981 2092 2318 9982 2464 2319 9983 2092 2318 9984 2094 2320 9985 2464 2319 9986 2094 2320 9987 2096 2321 9988 2464 2319 9989 2096 2321 9990 2099 1979 9991 2464 2319 9992 2099 1979 9993 2100 1981 9994 2464 2319 9995 2465 2322 9996 2101 2322 9997 2466 2322 9998 2101 0 9999 2102 0 10000 2466 0 10001 2103 2106 10002 2240 2107 10003 2467 2323 10004 2240 2107 10005 2241 2108 10006 2467 2323 10007 2467 2323 10008 2241 2108 10009 2468 2324 10010 2241 2108 10011 2242 2109 10012 2469 2325 10013 2242 2109 10014 2243 2110 10015 2469 2325 10016 2469 2325 10017 2243 2110 10018 2471 2326 10019 2471 2326 10020 2243 2110 10021 2473 2327 10022 2473 2327 10023 2243 2110 10024 2474 2328 10025 2243 2110 10026 2244 2111 10027 2474 2328 10028 2474 2328 10029 2244 2111 10030 2475 2329 10031 2244 2111 10032 2245 2112 10033 2475 2329 10034 2475 2329 10035 2245 2112 10036 2476 2330 10037 2245 2112 10038 2246 2113 10039 2476 2330 10040 2246 2113 10041 2248 2331 10042 2476 2330 10043 2476 2330 10044 2248 2331 10045 2477 2332 10046 2477 2332 10047 2248 2331 10048 2478 2333 10049 2249 0 10050 2250 0 10051 2479 0 10052 2479 2334 10053 2250 2334 10054 2480 2334 10055 2251 2116 10056 2252 2117 10057 2481 2335 10058 2252 2117 10059 2253 2118 10060 2481 2335 10061 2481 2335 10062 2253 2118 10063 2483 2336 10064 2483 2336 10065 2253 2118 10066 2484 2337 10067 2253 2118 10068 2254 2119 10069 2484 2337 10070 2254 2119 10071 2255 2120 10072 2484 2337 10073 2484 2337 10074 2255 2120 10075 2485 2338 10076 2485 2338 10077 2255 2120 10078 2486 2339 10079 2255 2120 10080 2256 2121 10081 2486 2339 10082 2256 2121 10083 2258 2123 10084 2486 2339 10085 2486 2339 10086 2258 2123 10087 2487 2340 10088 2487 2340 10089 2258 2123 10090 2488 2341 10091 2258 2123 10092 2259 2124 10093 2488 2341 10094 2259 2124 10095 2261 2126 10096 2488 2341 10097 2488 2341 10098 2261 2126 10099 2489 2342 10100 2489 2342 10101 2261 2126 10102 2490 2343 10103 2261 2126 10104 2260 2125 10105 2490 2343 10106 2490 2343 10107 2260 2125 10108 2491 2344 10109 2492 2345 10110 2491 2344 10111 2493 2346 10112 2491 2344 10113 2260 2125 10114 2493 2346 10115 2493 2346 10116 2260 2125 10117 2494 2347 10118 2260 2125 10119 2262 2127 10120 2494 2347 10121 2494 2347 10122 2262 2127 10123 2495 2348 10124 2262 2127 10125 2263 2128 10126 2495 2348 10127 2495 2348 10128 2263 2128 10129 2496 2349 10130 2263 2128 10131 2264 2129 10132 2496 2349 10133 2496 2349 10134 2264 2129 10135 2497 2350 10136 2264 2129 10137 2265 2130 10138 2497 2350 10139 2497 2350 10140 2265 2130 10141 2498 2351 10142 2265 2130 10143 2266 2131 10144 2498 2351 10145 2498 2351 10146 2266 2131 10147 2499 2352 10148 2266 2131 10149 2267 2132 10150 2499 2352 10151 2499 2352 10152 2267 2132 10153 2500 2353 10154 2267 2132 10155 2268 2133 10156 2500 2353 10157 2500 2353 10158 2268 2133 10159 2501 2354 10160 2268 2133 10161 2269 2134 10162 2501 2354 10163 2501 2354 10164 2269 2134 10165 2502 2355 10166 2269 2134 10167 2270 2135 10168 2502 2355 10169 2502 2355 10170 2270 2135 10171 2503 2356 10172 2270 2135 10173 2271 2136 10174 2503 2356 10175 2503 2356 10176 2271 2136 10177 2504 2357 10178 2271 2136 10179 2272 2137 10180 2504 2357 10181 2504 2357 10182 2272 2137 10183 2505 2358 10184 2272 2137 10185 2273 2138 10186 2505 2358 10187 2505 2358 10188 2273 2138 10189 2506 2359 10190 2273 2138 10191 2274 2139 10192 2506 2359 10193 2506 2359 10194 2274 2139 10195 2507 2360 10196 2274 2139 10197 2275 2140 10198 2507 2360 10199 2507 2360 10200 2275 2140 10201 2508 2361 10202 2275 2140 10203 2276 2141 10204 2508 2361 10205 2508 2361 10206 2276 2141 10207 2509 2362 10208 2276 2141 10209 2277 2142 10210 2509 2362 10211 2509 2362 10212 2277 2142 10213 2510 2363 10214 2277 2142 10215 2278 2143 10216 2510 2363 10217 2510 2363 10218 2278 2143 10219 2511 2364 10220 2278 2143 10221 2279 2144 10222 2511 2364 10223 2511 2364 10224 2279 2144 10225 2512 2365 10226 2279 2144 10227 2280 2145 10228 2512 2365 10229 2512 2365 10230 2280 2145 10231 2513 2366 10232 2280 2145 10233 2281 2146 10234 2513 2366 10235 2513 2366 10236 2281 2146 10237 2514 2367 10238 2281 2146 10239 2282 2147 10240 2514 2367 10241 2514 2367 10242 2282 2147 10243 2515 2368 10244 2282 2147 10245 2283 2148 10246 2515 2368 10247 2515 2368 10248 2283 2148 10249 2516 2369 10250 2283 2148 10251 2284 2149 10252 2516 2369 10253 2516 2369 10254 2284 2149 10255 2517 2370 10256 2284 2149 10257 2286 2151 10258 2517 2370 10259 2517 2370 10260 2286 2151 10261 2518 2371 10262 2286 2151 10263 2287 2152 10264 2518 2371 10265 2518 2371 10266 2287 2152 10267 2519 2372 10268 2520 2373 10269 2519 2372 10270 2521 2374 10271 2519 2372 10272 2287 2152 10273 2521 2374 10274 2521 2374 10275 2287 2152 10276 2522 2375 10277 2287 2152 10278 2288 2153 10279 2522 2375 10280 2522 2375 10281 2288 2153 10282 2523 2376 10283 2288 2153 10284 2289 2154 10285 2523 2376 10286 2523 2376 10287 2289 2154 10288 2524 2377 10289 2524 2377 10290 2289 2154 10291 2525 2378 10292 2289 2154 10293 2290 2155 10294 2525 2378 10295 2290 2155 10296 2291 2156 10297 2525 2378 10298 2525 2378 10299 2291 2156 10300 2526 2379 10301 2291 2156 10302 2292 2157 10303 2526 2379 10304 2526 2379 10305 2292 2157 10306 2528 2380 10307 2528 2380 10308 2292 2157 10309 2529 2381 10310 2292 2157 10311 2293 2158 10312 2529 2381 10313 2293 2158 10314 2294 2159 10315 2529 2381 10316 2530 0 10317 2295 0 10318 2531 0 10319 2295 2382 10320 2297 2382 10321 2531 2382 10322 2532 2383 10323 2296 2384 10324 2533 2385 10325 2533 2385 10326 2296 2384 10327 2534 2386 10328 2296 2384 10329 2298 2387 10330 2534 2386 10331 2534 2386 10332 2298 2387 10333 2535 2388 10334 2298 2387 10335 2301 2166 10336 2535 2388 10337 2301 2166 10338 2302 2167 10339 2535 2388 10340 2535 2388 10341 2302 2167 10342 2536 2389 10343 2302 2167 10344 2303 2168 10345 2536 2389 10346 2536 2389 10347 2303 2168 10348 2537 2390 10349 2303 2168 10350 2304 2169 10351 2537 2390 10352 2537 2390 10353 2304 2169 10354 2539 2391 10355 2539 2391 10356 2304 2169 10357 2540 2392 10358 2304 2169 10359 2305 2170 10360 2540 2392 10361 2305 2170 10362 2306 2171 10363 2540 2392 10364 2540 2392 10365 2306 2171 10366 2541 2393 10367 2306 2171 10368 2308 2173 10369 2541 2393 10370 2308 2173 10371 2309 2175 10372 2541 2393 10373 2310 2394 10374 2311 2394 10375 2542 2394 10376 2542 0 10377 2311 0 10378 2543 0 10379 2312 2179 10380 2313 2182 10381 2544 2395 10382 2313 2182 10383 2315 2396 10384 2544 2395 10385 2315 2396 10386 2317 2397 10387 2544 2395 10388 2317 2397 10389 2319 2398 10390 2544 2395 10391 2544 2395 10392 2319 2398 10393 2545 2399 10394 2320 2186 10395 2321 2187 10396 2546 2400 10397 2546 2400 10398 2321 2187 10399 2548 2401 10400 2548 2401 10401 2321 2187 10402 2549 2402 10403 2321 2187 10404 2322 2188 10405 2549 2402 10406 2550 2403 10407 2549 2402 10408 2551 2404 10409 2549 2402 10410 2322 2188 10411 2551 2404 10412 2323 0 10413 2324 0 10414 2552 0 10415 2552 2405 10416 2324 2405 10417 2553 2405 10418 2325 2190 10419 2326 2191 10420 2554 2406 10421 2326 2191 10422 2327 2192 10423 2554 2406 10424 2554 2406 10425 2327 2192 10426 2556 2407 10427 2327 2192 10428 2328 2193 10429 2556 2407 10430 2556 2407 10431 2328 2193 10432 2558 2408 10433 2328 2193 10434 2329 2194 10435 2558 2408 10436 2558 2408 10437 2329 2194 10438 2560 2409 10439 2560 2409 10440 2329 2194 10441 2561 2410 10442 2329 2194 10443 2330 2195 10444 2561 2410 10445 2330 2195 10446 2331 2196 10447 2561 2410 10448 2561 2410 10449 2331 2196 10450 2562 2411 10451 2331 2196 10452 2332 2197 10453 2562 2411 10454 2562 2411 10455 2332 2197 10456 2563 2412 10457 2332 2197 10458 2333 2198 10459 2563 2412 10460 2563 2412 10461 2333 2198 10462 2564 2413 10463 2333 2198 10464 2334 2199 10465 2564 2413 10466 2564 2413 10467 2334 2199 10468 2565 2414 10469 2334 2199 10470 2335 2200 10471 2565 2414 10472 2565 2414 10473 2335 2200 10474 2566 2415 10475 2335 2200 10476 2336 2201 10477 2566 2415 10478 2566 2415 10479 2336 2201 10480 2567 2416 10481 2567 2416 10482 2336 2201 10483 2568 2417 10484 2336 2201 10485 2337 2202 10486 2568 2417 10487 2337 2202 10488 2338 2204 10489 2568 2417 10490 2568 2417 10491 2338 2204 10492 2569 2418 10493 2569 2418 10494 2338 2204 10495 2570 2419 10496 2338 2204 10497 2339 2206 10498 2570 2419 10499 2339 2206 10500 2341 2420 10501 2570 2419 10502 2570 2419 10503 2341 2420 10504 2571 2421 10505 2341 2420 10506 2343 2422 10507 2571 2421 10508 2343 2422 10509 2345 2212 10510 2571 2421 10511 2571 2421 10512 2345 2212 10513 2572 2423 10514 2345 2212 10515 2346 2213 10516 2572 2423 10517 2572 2423 10518 2346 2213 10519 2573 2424 10520 2347 2214 10521 2348 2215 10522 2574 2425 10523 2574 2425 10524 2348 2215 10525 2576 2426 10526 2348 2215 10527 2349 2216 10528 2576 2426 10529 2576 2426 10530 2349 2216 10531 2578 2427 10532 2349 2216 10533 2350 2217 10534 2578 2427 10535 2578 2427 10536 2350 2217 10537 2579 2428 10538 2350 2217 10539 2351 2218 10540 2579 2428 10541 2579 2428 10542 2351 2218 10543 2580 2429 10544 2580 2429 10545 2351 2218 10546 2582 2430 10547 2582 2430 10548 2351 2218 10549 2584 2431 10550 2584 2431 10551 2351 2218 10552 2585 2432 10553 2351 2218 10554 2352 2219 10555 2585 2432 10556 2352 2219 10557 2353 2220 10558 2585 2432 10559 2585 2432 10560 2353 2220 10561 2586 2433 10562 2586 2433 10563 2353 2220 10564 2587 2434 10565 2353 2220 10566 2354 2221 10567 2587 2434 10568 2354 2221 10569 2355 2223 10570 2587 2434 10571 2587 2434 10572 2355 2223 10573 2588 2435 10574 2588 2435 10575 2355 2223 10576 2589 2436 10577 2355 2223 10578 2356 2226 10579 2589 2436 10580 2589 2436 10581 2356 2226 10582 2590 2437 10583 2357 2227 10584 2358 2228 10585 2591 2438 10586 2358 2228 10587 2360 2439 10588 2591 2438 10589 2360 2439 10590 2362 2440 10591 2591 2438 10592 2591 2438 10593 2362 2440 10594 2593 2441 10595 2362 2440 10596 2364 2442 10597 2593 2441 10598 2593 2441 10599 2364 2442 10600 2595 2443 10601 2364 2442 10602 2366 2444 10603 2595 2443 10604 2595 2443 10605 2366 2444 10606 2597 2445 10607 2366 2444 10608 2368 2446 10609 2597 2445 10610 2597 2445 10611 2368 2446 10612 2599 2447 10613 2368 2446 10614 2370 2448 10615 2599 2447 10616 2370 2448 10617 2372 2449 10618 2599 2447 10619 2599 2447 10620 2372 2449 10621 2601 2450 10622 2601 2450 10623 2372 2449 10624 2602 2451 10625 2373 2236 10626 2374 2237 10627 2603 2452 10628 2374 2237 10629 2375 2238 10630 2603 2452 10631 2603 2452 10632 2375 2238 10633 2605 2453 10634 2375 2238 10635 2376 2239 10636 2605 2453 10637 2605 2453 10638 2376 2239 10639 2607 2454 10640 2607 2454 10641 2376 2239 10642 2609 2455 10643 2609 2455 10644 2376 2239 10645 2611 2456 10646 2376 2239 10647 2377 2240 10648 2611 2456 10649 2611 2456 10650 2377 2240 10651 2613 2457 10652 2377 2240 10653 2378 2241 10654 2613 2457 10655 2613 2457 10656 2378 2241 10657 2615 2458 10658 2378 2241 10659 2379 2242 10660 2615 2458 10661 2615 2458 10662 2379 2242 10663 2617 2459 10664 2617 2459 10665 2379 2242 10666 2619 2460 10667 2619 2460 10668 2379 2242 10669 2621 2461 10670 2379 2242 10671 2380 2243 10672 2621 2461 10673 2621 2461 10674 2380 2243 10675 2623 2462 10676 2380 2243 10677 2381 2244 10678 2623 2462 10679 2623 2462 10680 2381 2244 10681 2625 2463 10682 2381 2244 10683 2382 2245 10684 2625 2463 10685 2625 2463 10686 2382 2245 10687 2627 2464 10688 2382 2245 10689 2383 2246 10690 2627 2464 10691 2627 2464 10692 2383 2246 10693 2629 2465 10694 2629 2465 10695 2383 2246 10696 2631 2466 10697 2631 2466 10698 2383 2246 10699 2633 2467 10700 2383 2246 10701 2384 2247 10702 2633 2467 10703 2633 2467 10704 2384 2247 10705 2635 2468 10706 2384 2247 10707 2385 2248 10708 2635 2468 10709 2635 2468 10710 2385 2248 10711 2637 2469 10712 2385 2248 10713 2386 2249 10714 2637 2469 10715 2637 2469 10716 2386 2249 10717 2639 2470 10718 2639 2470 10719 2386 2249 10720 2641 2471 10721 2641 2471 10722 2386 2249 10723 2643 2472 10724 2386 2249 10725 2387 2250 10726 2643 2472 10727 2643 2472 10728 2387 2250 10729 2645 2473 10730 2387 2250 10731 2388 2251 10732 2645 2473 10733 2645 2473 10734 2388 2251 10735 2647 2474 10736 2388 2251 10737 2389 2252 10738 2647 2474 10739 2647 2474 10740 2389 2252 10741 2649 2475 10742 2649 2475 10743 2389 2252 10744 2651 2476 10745 2389 2252 10746 2390 2253 10747 2651 2476 10748 2651 2476 10749 2390 2253 10750 2653 2477 10751 2653 2477 10752 2390 2253 10753 2655 2478 10754 2655 2478 10755 2390 2253 10756 2656 2479 10757 2390 2253 10758 2391 2254 10759 2656 2479 10760 2391 2254 10761 2392 2255 10762 2656 2479 10763 2657 2480 10764 2393 2256 10765 2658 2481 10766 2393 2256 10767 2395 2258 10768 2658 2481 10769 2659 2482 10770 2394 2483 10771 2660 2484 10772 2660 2484 10773 2394 2483 10774 2661 2485 10775 2394 2483 10776 2396 2486 10777 2661 2485 10778 2661 2485 10779 2396 2486 10780 2662 2487 10781 2396 2486 10782 2398 2488 10783 2662 2487 10784 2399 2489 10785 2401 2490 10786 2662 2487 10787 2401 2490 10788 2403 2491 10789 2662 2487 10790 2662 2487 10791 2403 2491 10792 2663 2492 10793 2403 2491 10794 2406 2268 10795 2663 2492 10796 2406 2268 10797 2407 2270 10798 2663 2492 10799 2663 2492 10800 2407 2270 10801 2664 2493 10802 2664 2493 10803 2407 2270 10804 2665 2494 10805 2407 2270 10806 2408 2271 10807 2665 2494 10808 2408 2271 10809 2409 2274 10810 2665 2494 10811 2665 2494 10812 2409 2274 10813 2666 2495 10814 2666 2495 10815 2409 2274 10816 2667 2496 10817 2409 2274 10818 2410 2275 10819 2667 2496 10820 2410 2275 10821 2411 2276 10822 2667 2496 10823 2667 2496 10824 2411 2276 10825 2668 2497 10826 2668 2497 10827 2411 2276 10828 2669 2498 10829 2669 2498 10830 2411 2276 10831 2671 2499 10832 2411 2276 10833 2412 2277 10834 2671 2499 10835 2671 2499 10836 2412 2277 10837 2673 2500 10838 2673 2500 10839 2412 2277 10840 2675 2501 10841 2675 2501 10842 2412 2277 10843 2677 2502 10844 2412 2277 10845 2413 2278 10846 2677 2502 10847 2677 2502 10848 2413 2278 10849 2678 2503 10850 2413 2278 10851 2414 2279 10852 2678 2503 10853 2414 2279 10854 2415 2280 10855 2678 2503 10856 2679 2504 10857 2415 2280 10858 2681 2505 10859 2681 2505 10860 2415 2280 10861 2683 2506 10862 2415 2280 10863 2416 2281 10864 2683 2506 10865 2683 2506 10866 2416 2281 10867 2685 2507 10868 2416 2281 10869 2417 2508 10870 2685 2507 10871 2685 2507 10872 2417 2508 10873 2686 2509 10874 2417 2508 10875 2419 2510 10876 2686 2509 10877 2686 2509 10878 2419 2510 10879 2687 2511 10880 2419 2510 10881 2421 2512 10882 2687 2511 10883 2687 2511 10884 2421 2512 10885 2689 2513 10886 2421 2512 10887 2423 2285 10888 2689 2513 10889 2689 2513 10890 2423 2285 10891 2691 2514 10892 2423 2285 10893 2424 2286 10894 2691 2514 10895 2691 2514 10896 2424 2286 10897 2693 2515 10898 2424 2286 10899 2425 2516 10900 2693 2515 10901 2693 2515 10902 2425 2516 10903 2695 2517 10904 2425 2516 10905 2427 2518 10906 2695 2517 10907 2695 2517 10908 2427 2518 10909 2697 2519 10910 2427 2518 10911 2429 2520 10912 2697 2519 10913 2697 2519 10914 2429 2520 10915 2698 2521 10916 2429 2520 10917 2431 2290 10918 2698 2521 10919 2698 2521 10920 2431 2290 10921 2699 2522 10922 2431 2290 10923 2432 2291 10924 2699 2522 10925 2699 2522 10926 2432 2291 10927 2700 2523 10928 2432 2291 10929 2434 2293 10930 2700 2523 10931 2434 2293 10932 2436 2295 10933 2700 2523 10934 2701 2524 10935 2435 2525 10936 2702 2526 10937 2435 2525 10938 2437 2527 10939 2702 2526 10940 2702 2526 10941 2437 2527 10942 2703 2528 10943 2437 2527 10944 2439 2529 10945 2703 2528 10946 2439 2529 10947 2442 2300 10948 2703 2528 10949 2442 2300 10950 2443 2301 10951 2703 2528 10952 2703 2528 10953 2443 2301 10954 2704 2530 10955 2443 2301 10956 2444 2302 10957 2704 2530 10958 2704 2530 10959 2444 2302 10960 2705 2531 10961 2705 2531 10962 2444 2302 10963 2706 2532 10964 2444 2302 10965 2445 2303 10966 2706 2532 10967 2445 2303 10968 2446 2304 10969 2706 2532 10970 2706 2532 10971 2446 2304 10972 2708 2533 10973 2708 2533 10974 2446 2304 10975 2709 2534 10976 2446 2304 10977 2447 2305 10978 2709 2534 10979 2447 2305 10980 2449 2306 10981 2709 2534 10982 2710 0 10983 2448 0 10984 2712 0 10985 2448 2535 10986 2450 2535 10987 2712 2535 10988 2712 0 10989 2450 0 10990 2713 0 10991 2450 0 10992 2453 0 10993 2713 0 10994 2453 2536 10995 2454 2536 10996 2713 2536 10997 2715 2537 10998 2714 2538 10999 2716 2539 11000 2714 2538 11001 2455 2312 11002 2716 2539 11003 2455 2312 11004 2456 2311 11005 2716 2539 11006 2718 2540 11007 2716 2539 11008 2720 2541 11009 2716 2539 11010 2456 2311 11011 2720 2541 11012 2720 2541 11013 2456 2311 11014 2721 2542 11015 2456 2311 11016 2457 2313 11017 2721 2542 11018 2457 2313 11019 2459 2314 11020 2721 2542 11021 2722 2543 11022 2458 2544 11023 2723 2545 11024 2458 2544 11025 2460 2546 11026 2723 2545 11027 2460 2546 11028 2463 2317 11029 2723 2545 11030 2463 2317 11031 2464 2319 11032 2723 2545 11033 2724 2547 11034 2465 2547 11035 2725 2547 11036 2465 0 11037 2466 0 11038 2725 0 11039 2467 2323 11040 2468 2324 11041 2726 2548 11042 2468 2324 11043 2470 2549 11044 2726 2548 11045 2470 2549 11046 2472 2550 11047 2726 2548 11048 2726 2548 11049 2472 2550 11050 2727 2551 11051 2473 2327 11052 2474 2328 11053 2728 2552 11054 2728 2552 11055 2474 2328 11056 2730 2553 11057 2730 2553 11058 2474 2328 11059 2731 2554 11060 2474 2328 11061 2475 2329 11062 2731 2554 11063 2731 2554 11064 2475 2329 11065 2732 2555 11066 2475 2329 11067 2476 2330 11068 2732 2555 11069 2476 2330 11070 2477 2332 11071 2732 2555 11072 2732 2555 11073 2477 2332 11074 2733 2556 11075 2733 2556 11076 2477 2332 11077 2734 2557 11078 2477 2332 11079 2478 2333 11080 2734 2557 11081 2734 2557 11082 2478 2333 11083 2735 2558 11084 2479 0 11085 2480 0 11086 2736 0 11087 2480 2559 11088 2482 2559 11089 2736 2559 11090 2736 2560 11091 2482 2560 11092 2737 2560 11093 2483 2336 11094 2484 2337 11095 2738 2561 11096 2484 2337 11097 2485 2338 11098 2738 2561 11099 2738 2561 11100 2485 2338 11101 2740 2562 11102 2740 2562 11103 2485 2338 11104 2741 2563 11105 2485 2338 11106 2486 2339 11107 2741 2563 11108 2486 2339 11109 2487 2340 11110 2741 2563 11111 2741 2563 11112 2487 2340 11113 2742 2564 11114 2742 2564 11115 2487 2340 11116 2743 2565 11117 2487 2340 11118 2488 2341 11119 2743 2565 11120 2488 2341 11121 2489 2342 11122 2743 2565 11123 2743 2565 11124 2489 2342 11125 2744 2566 11126 2744 2566 11127 2489 2342 11128 2745 2567 11129 2489 2342 11130 2490 2343 11131 2745 2567 11132 2745 2567 11133 2490 2343 11134 2746 2568 11135 2490 2343 11136 2491 2344 11137 2746 2568 11138 2746 2568 11139 2491 2344 11140 2747 2569 11141 2491 2344 11142 2492 2345 11143 2747 2569 11144 2492 2345 11145 2748 2570 11146 2747 2569 11147 2747 2569 11148 2748 2570 11149 2749 2571 11150 2748 2570 11151 2750 2572 11152 2749 2571 11153 2749 2571 11154 2750 2572 11155 2751 2573 11156 2751 2573 11157 2750 2572 11158 2752 2574 11159 2754 2575 11160 2752 2574 11161 2756 2576 11162 2752 2574 11163 2750 2572 11164 2756 2576 11165 2756 2576 11166 2750 2572 11167 2758 2577 11168 2750 2572 11169 2748 2570 11170 2758 2577 11171 2758 2577 11172 2748 2570 11173 2760 2578 11174 2748 2570 11175 2492 2345 11176 2760 2578 11177 2760 2578 11178 2492 2345 11179 2762 2579 11180 2492 2345 11181 2493 2346 11182 2762 2579 11183 2762 2579 11184 2493 2346 11185 2764 2580 11186 2493 2346 11187 2494 2347 11188 2764 2580 11189 2764 2580 11190 2494 2347 11191 2766 2581 11192 2494 2347 11193 2495 2348 11194 2766 2581 11195 2766 2581 11196 2495 2348 11197 2768 2582 11198 2495 2348 11199 2496 2349 11200 2768 2582 11201 2768 2582 11202 2496 2349 11203 2770 2583 11204 2496 2349 11205 2497 2350 11206 2770 2583 11207 2770 2583 11208 2497 2350 11209 2772 2584 11210 2497 2350 11211 2498 2351 11212 2772 2584 11213 2772 2584 11214 2498 2351 11215 2774 2585 11216 2498 2351 11217 2499 2352 11218 2774 2585 11219 2774 2585 11220 2499 2352 11221 2776 2586 11222 2499 2352 11223 2500 2353 11224 2776 2586 11225 2776 2586 11226 2500 2353 11227 2778 2587 11228 2500 2353 11229 2501 2354 11230 2778 2587 11231 2778 2587 11232 2501 2354 11233 2780 2588 11234 2501 2354 11235 2502 2355 11236 2780 2588 11237 2780 2588 11238 2502 2355 11239 2782 2589 11240 2502 2355 11241 2503 2356 11242 2782 2589 11243 2782 2589 11244 2503 2356 11245 2784 2590 11246 2503 2356 11247 2504 2357 11248 2784 2590 11249 2784 2590 11250 2504 2357 11251 2786 2591 11252 2504 2357 11253 2505 2358 11254 2786 2591 11255 2786 2591 11256 2505 2358 11257 2788 2592 11258 2505 2358 11259 2506 2359 11260 2788 2592 11261 2788 2592 11262 2506 2359 11263 2790 2593 11264 2506 2359 11265 2507 2360 11266 2790 2593 11267 2790 2593 11268 2507 2360 11269 2792 2594 11270 2507 2360 11271 2508 2361 11272 2792 2594 11273 2792 2594 11274 2508 2361 11275 2794 2595 11276 2508 2361 11277 2509 2362 11278 2794 2595 11279 2794 2595 11280 2509 2362 11281 2796 2596 11282 2509 2362 11283 2510 2363 11284 2796 2596 11285 2796 2596 11286 2510 2363 11287 2798 2597 11288 2510 2363 11289 2511 2364 11290 2798 2597 11291 2798 2597 11292 2511 2364 11293 2800 2598 11294 2511 2364 11295 2512 2365 11296 2800 2598 11297 2800 2598 11298 2512 2365 11299 2802 2599 11300 2512 2365 11301 2513 2366 11302 2802 2599 11303 2802 2599 11304 2513 2366 11305 2804 2600 11306 2513 2366 11307 2514 2367 11308 2804 2600 11309 2804 2600 11310 2514 2367 11311 2806 2601 11312 2514 2367 11313 2515 2368 11314 2806 2601 11315 2806 2601 11316 2515 2368 11317 2808 2602 11318 2515 2368 11319 2516 2369 11320 2808 2602 11321 2808 2602 11322 2516 2369 11323 2810 2603 11324 2516 2369 11325 2517 2370 11326 2810 2603 11327 2810 2603 11328 2517 2370 11329 2812 2604 11330 2517 2370 11331 2518 2371 11332 2812 2604 11333 2812 2604 11334 2518 2371 11335 2814 2605 11336 2518 2371 11337 2519 2372 11338 2814 2605 11339 2814 2605 11340 2519 2372 11341 2816 2606 11342 2519 2372 11343 2520 2373 11344 2816 2606 11345 2816 2606 11346 2520 2373 11347 2818 2607 11348 2820 2608 11349 2818 2607 11350 2821 2609 11351 2818 2607 11352 2520 2373 11353 2821 2609 11354 2821 2609 11355 2520 2373 11356 2822 2610 11357 2520 2373 11358 2521 2374 11359 2822 2610 11360 2822 2610 11361 2521 2374 11362 2823 2611 11363 2521 2374 11364 2522 2375 11365 2823 2611 11366 2823 2611 11367 2522 2375 11368 2824 2612 11369 2522 2375 11370 2523 2376 11371 2824 2612 11372 2824 2612 11373 2523 2376 11374 2825 2613 11375 2523 2376 11376 2524 2377 11377 2825 2613 11378 2825 2613 11379 2524 2377 11380 2826 2614 11381 2826 2614 11382 2524 2377 11383 2827 2615 11384 2524 2377 11385 2525 2378 11386 2827 2615 11387 2525 2378 11388 2526 2379 11389 2827 2615 11390 2827 2615 11391 2526 2379 11392 2828 2616 11393 2526 2379 11394 2528 2380 11395 2828 2616 11396 2829 0 11397 2527 0 11398 2831 0 11399 2831 0 11400 2527 0 11401 2832 0 11402 2527 0 11403 2530 0 11404 2832 0 11405 2530 2617 11406 2531 2617 11407 2832 2617 11408 2833 2618 11409 2532 2383 11410 2834 2619 11411 2532 2383 11412 2533 2385 11413 2834 2619 11414 2834 2619 11415 2533 2385 11416 2835 2620 11417 2835 2620 11418 2533 2385 11419 2836 2621 11420 2533 2385 11421 2534 2386 11422 2836 2621 11423 2836 2621 11424 2534 2386 11425 2837 2622 11426 2534 2386 11427 2535 2388 11428 2837 2622 11429 2535 2388 11430 2536 2389 11431 2837 2622 11432 2837 2622 11433 2536 2389 11434 2838 2623 11435 2536 2389 11436 2537 2390 11437 2838 2623 11438 2840 2624 11439 2838 2623 11440 2842 2625 11441 2838 2623 11442 2537 2390 11443 2842 2625 11444 2842 2625 11445 2537 2390 11446 2843 2626 11447 2537 2390 11448 2539 2391 11449 2843 2626 11450 2844 2627 11451 2538 2628 11452 2845 2629 11453 2538 2628 11454 2540 2392 11455 2845 2629 11456 2540 2392 11457 2541 2393 11458 2845 2629 11459 2846 0 11460 2542 0 11461 2847 0 11462 2542 2630 11463 2543 2630 11464 2847 2630 11465 2544 2395 11466 2545 2399 11467 2848 2631 11468 2545 2399 11469 2547 2632 11470 2848 2631 11471 2848 2631 11472 2547 2632 11473 2849 2633 11474 2548 2401 11475 2549 2402 11476 2850 2634 11477 2549 2402 11478 2550 2403 11479 2850 2634 11480 2850 2634 11481 2550 2403 11482 2852 2635 11483 2852 2635 11484 2550 2403 11485 2854 2636 11486 2854 2636 11487 2550 2403 11488 2855 2637 11489 2550 2403 11490 2551 2404 11491 2855 2637 11492 2856 2638 11493 2855 2637 11494 2857 2639 11495 2855 2637 11496 2551 2404 11497 2857 2639 11498 2552 2640 11499 2553 2640 11500 2858 2640 11501 2553 2641 11502 2555 2641 11503 2858 2641 11504 2555 0 11505 2557 0 11506 2858 0 11507 2858 0 11508 2557 0 11509 2860 0 11510 2557 2642 11511 2559 2642 11512 2860 2642 11513 2860 2643 11514 2559 2643 11515 2861 2643 11516 2560 2409 11517 2561 2410 11518 2862 2644 11519 2561 2410 11520 2562 2411 11521 2862 2644 11522 2862 2644 11523 2562 2411 11524 2864 2645 11525 2562 2411 11526 2563 2412 11527 2864 2645 11528 2864 2645 11529 2563 2412 11530 2866 2646 11531 2563 2412 11532 2564 2413 11533 2866 2646 11534 2866 2646 11535 2564 2413 11536 2868 2647 11537 2564 2413 11538 2565 2414 11539 2868 2647 11540 2868 2647 11541 2565 2414 11542 2869 2648 11543 2565 2414 11544 2566 2415 11545 2869 2648 11546 2869 2648 11547 2566 2415 11548 2871 2649 11549 2566 2415 11550 2567 2416 11551 2871 2649 11552 2871 2649 11553 2567 2416 11554 2873 2650 11555 2873 2650 11556 2567 2416 11557 2874 2651 11558 2567 2416 11559 2568 2417 11560 2874 2651 11561 2568 2417 11562 2569 2418 11563 2874 2651 11564 2874 2651 11565 2569 2418 11566 2875 2652 11567 2875 2652 11568 2569 2418 11569 2876 2653 11570 2569 2418 11571 2570 2419 11572 2876 2653 11573 2570 2419 11574 2571 2421 11575 2876 2653 11576 2876 2653 11577 2571 2421 11578 2877 2654 11579 2877 2654 11580 2571 2421 11581 2878 2655 11582 2571 2421 11583 2572 2423 11584 2878 2655 11585 2878 2655 11586 2572 2423 11587 2879 2656 11588 2572 2423 11589 2573 2424 11590 2880 2657 11591 2880 2657 11592 2573 2424 11593 2882 2658 11594 2573 2424 11595 2575 2659 11596 2882 2658 11597 2882 2658 11598 2575 2659 11599 2884 2660 11600 2575 2659 11601 2577 2661 11602 2884 2660 11603 2884 2660 11604 2577 2661 11605 2886 2662 11606 2577 2661 11607 2579 2428 11608 2886 2662 11609 2579 2428 11610 2580 2429 11611 2886 2662 11612 2886 2662 11613 2580 2429 11614 2888 2663 11615 2580 2429 11616 2581 2664 11617 2888 2663 11618 2888 2663 11619 2581 2664 11620 2889 2665 11621 2581 2664 11622 2583 2666 11623 2889 2665 11624 2889 2665 11625 2583 2666 11626 2890 2667 11627 2890 2667 11628 2583 2666 11629 2891 2668 11630 2584 2431 11631 2585 2432 11632 2892 2669 11633 2585 2432 11634 2586 2433 11635 2892 2669 11636 2892 2669 11637 2586 2433 11638 2893 2670 11639 2895 2671 11640 2896 2672 11641 2897 2673 11642 2896 2672 11643 2893 2670 11644 2897 2673 11645 2893 2670 11646 2586 2433 11647 2897 2673 11648 2586 2433 11649 2587 2434 11650 2897 2673 11651 2587 2434 11652 2588 2435 11653 2897 2673 11654 2897 2673 11655 2588 2435 11656 2898 2674 11657 2898 2674 11658 2588 2435 11659 2899 2675 11660 2588 2435 11661 2589 2436 11662 2899 2675 11663 2899 2675 11664 2589 2436 11665 2900 2676 11666 2589 2436 11667 2590 2437 11668 2900 2676 11669 2590 2437 11670 2592 2677 11671 2900 2676 11672 2900 2676 11673 2592 2677 11674 2901 2678 11675 2592 2677 11676 2594 2679 11677 2901 2678 11678 2594 2679 11679 2596 2680 11680 2901 2678 11681 2596 2680 11682 2598 2681 11683 2901 2678 11684 2901 2678 11685 2598 2681 11686 2902 2682 11687 2598 2681 11688 2600 2683 11689 2902 2682 11690 2902 2682 11691 2600 2683 11692 2903 2684 11693 2903 2684 11694 2600 2683 11695 2904 2685 11696 2601 2450 11697 2602 2451 11698 2905 2686 11699 2905 2686 11700 2602 2451 11701 2907 2687 11702 2602 2451 11703 2604 2688 11704 2907 2687 11705 2604 2688 11706 2606 2689 11707 2907 2687 11708 2907 2687 11709 2606 2689 11710 2910 2690 11711 2606 2689 11712 2608 2691 11713 2910 2690 11714 2910 2690 11715 2608 2691 11716 2912 2692 11717 2608 2691 11718 2610 2693 11719 2912 2692 11720 2912 2692 11721 2610 2693 11722 2914 2694 11723 2610 2693 11724 2612 2695 11725 2914 2694 11726 2914 2694 11727 2612 2695 11728 2916 2696 11729 2612 2695 11730 2614 2697 11731 2916 2696 11732 2916 2696 11733 2614 2697 11734 2918 2698 11735 2614 2697 11736 2616 2699 11737 2918 2698 11738 2918 2698 11739 2616 2699 11740 2920 2700 11741 2616 2699 11742 2618 2701 11743 2920 2700 11744 2920 2700 11745 2618 2701 11746 2922 2702 11747 2618 2701 11748 2620 2703 11749 2922 2702 11750 2922 2702 11751 2620 2703 11752 2924 2704 11753 2620 2703 11754 2622 2705 11755 2924 2704 11756 2924 2704 11757 2622 2705 11758 2926 2706 11759 2622 2705 11760 2624 2707 11761 2926 2706 11762 2926 2706 11763 2624 2707 11764 2928 2708 11765 2624 2707 11766 2626 2709 11767 2928 2708 11768 2928 2708 11769 2626 2709 11770 2930 2710 11771 2930 2710 11772 2626 2709 11773 2932 2711 11774 2626 2709 11775 2628 2712 11776 2932 2711 11777 2932 2711 11778 2628 2712 11779 2934 2713 11780 2628 2712 11781 2630 2714 11782 2934 2713 11783 2934 2713 11784 2630 2714 11785 2936 2715 11786 2630 2714 11787 2632 2716 11788 2936 2715 11789 2936 2715 11790 2632 2716 11791 2938 2717 11792 2632 2716 11793 2634 2718 11794 2938 2717 11795 2938 2717 11796 2634 2718 11797 2940 2719 11798 2634 2718 11799 2636 2720 11800 2940 2719 11801 2940 2719 11802 2636 2720 11803 2942 2721 11804 2636 2720 11805 2638 2722 11806 2942 2721 11807 2942 2721 11808 2638 2722 11809 2944 2723 11810 2638 2722 11811 2640 2724 11812 2944 2723 11813 2944 2723 11814 2640 2724 11815 2946 2725 11816 2640 2724 11817 2642 2726 11818 2946 2725 11819 2946 2725 11820 2642 2726 11821 2948 2727 11822 2948 2727 11823 2642 2726 11824 2950 2728 11825 2642 2726 11826 2644 2729 11827 2950 2728 11828 2644 2729 11829 2646 2730 11830 2950 2728 11831 2950 2728 11832 2646 2730 11833 2952 2731 11834 2646 2730 11835 2648 2732 11836 2952 2731 11837 2952 2731 11838 2648 2732 11839 2954 2733 11840 2648 2732 11841 2650 2734 11842 2954 2733 11843 2954 2733 11844 2650 2734 11845 2956 2735 11846 2650 2734 11847 2652 2736 11848 2956 2735 11849 2956 2735 11850 2652 2736 11851 2957 2737 11852 2652 2736 11853 2654 2738 11854 2957 2737 11855 2654 2738 11856 2657 2480 11857 2957 2737 11858 2657 2480 11859 2658 2481 11860 2957 2737 11861 2958 2739 11862 2659 2482 11863 2959 2740 11864 2659 2482 11865 2660 2484 11866 2959 2740 11867 2959 2740 11868 2660 2484 11869 2960 2741 11870 2960 2741 11871 2660 2484 11872 2961 2742 11873 2660 2484 11874 2661 2485 11875 2961 2742 11876 2961 2742 11877 2661 2485 11878 2962 2743 11879 2661 2485 11880 2662 2487 11881 2962 2743 11882 2962 2743 11883 2662 2487 11884 2963 2744 11885 2662 2487 11886 2663 2492 11887 2963 2744 11888 2663 2492 11889 2664 2493 11890 2963 2744 11891 2963 2744 11892 2664 2493 11893 2964 2745 11894 2964 2745 11895 2664 2493 11896 2965 2746 11897 2664 2493 11898 2665 2494 11899 2965 2746 11900 2665 2494 11901 2666 2495 11902 2965 2746 11903 2965 2746 11904 2666 2495 11905 2967 2747 11906 2967 2747 11907 2666 2495 11908 2968 2748 11909 2666 2495 11910 2667 2496 11911 2968 2748 11912 2667 2496 11913 2668 2497 11914 2968 2748 11915 2969 2749 11916 2668 2497 11917 2971 2750 11918 2668 2497 11919 2669 2498 11920 2971 2750 11921 2971 2750 11922 2669 2498 11923 2973 2751 11924 2669 2498 11925 2670 2752 11926 2973 2751 11927 2973 2751 11928 2670 2752 11929 2974 2753 11930 2670 2752 11931 2672 2754 11932 2974 2753 11933 2974 2753 11934 2672 2754 11935 2976 2755 11936 2672 2754 11937 2674 2756 11938 2976 2755 11939 2674 2756 11940 2676 2757 11941 2976 2755 11942 2976 2755 11943 2676 2757 11944 2978 2758 11945 2676 2757 11946 2679 2504 11947 2978 2758 11948 2679 2504 11949 2681 2505 11950 2978 2758 11951 2979 2759 11952 2977 2760 11953 2980 2761 11954 2980 2761 11955 2977 2760 11956 2981 2762 11957 2977 2760 11958 2680 2763 11959 2981 2762 11960 2981 2762 11961 2680 2763 11962 2982 2764 11963 2680 2763 11964 2682 2765 11965 2982 2764 11966 2982 2764 11967 2682 2765 11968 2983 2766 11969 2682 2765 11970 2684 2767 11971 2983 2766 11972 2684 2767 11973 2686 2509 11974 2983 2766 11975 2686 2509 11976 2687 2511 11977 2983 2766 11978 2983 2766 11979 2687 2511 11980 2984 2768 11981 2687 2511 11982 2688 2769 11983 2984 2768 11984 2984 2768 11985 2688 2769 11986 2985 2770 11987 2688 2769 11988 2690 2771 11989 2985 2770 11990 2690 2771 11991 2692 2772 11992 2985 2770 11993 2985 2770 11994 2692 2772 11995 2986 2773 11996 2692 2772 11997 2694 2774 11998 2986 2773 11999 2986 2773 12000 2694 2774 12001 2987 2775 12002 2694 2774 12003 2696 2776 12004 2987 2775 12005 2696 2776 12006 2698 2521 12007 2987 2775 12008 2698 2521 12009 2699 2522 12010 2987 2775 12011 2987 2775 12012 2699 2522 12013 2988 2777 12014 2699 2522 12015 2701 2524 12016 2988 2777 12017 2701 2524 12018 2702 2526 12019 2988 2777 12020 2988 2777 12021 2702 2526 12022 2989 2778 12023 2989 2778 12024 2702 2526 12025 2990 2779 12026 2702 2526 12027 2703 2528 12028 2990 2779 12029 2703 2528 12030 2704 2530 12031 2990 2779 12032 2990 2779 12033 2704 2530 12034 2991 2780 12035 2704 2530 12036 2705 2531 12037 2991 2780 12038 2991 2780 12039 2705 2531 12040 2993 2781 12041 2993 2781 12042 2705 2531 12043 2994 2782 12044 2705 2531 12045 2706 2532 12046 2994 2782 12047 2706 2532 12048 2708 2533 12049 2994 2782 12050 2995 0 12051 2707 0 12052 2996 0 12053 2707 0 12054 2710 0 12055 2996 0 12056 2710 2783 12057 2712 2783 12058 2996 2783 12059 2997 2784 12060 2711 2785 12061 2998 2786 12062 2998 2786 12063 2711 2785 12064 2999 2787 12065 2999 2787 12066 2711 2785 12067 3000 2788 12068 2711 2785 12069 2714 2538 12070 3000 2788 12071 2714 2538 12072 2715 2537 12073 3000 2788 12074 3000 2788 12075 2715 2537 12076 3002 2789 12077 3002 2789 12078 2715 2537 12079 3003 2790 12080 2715 2537 12081 2716 2539 12082 3003 2790 12083 2716 2539 12084 2718 2540 12085 3003 2790 12086 3004 2791 12087 2717 2792 12088 3005 2793 12089 2717 2792 12090 2719 2794 12091 3005 2793 12092 2719 2794 12093 2722 2543 12094 3005 2793 12095 2722 2543 12096 2723 2545 12097 3005 2793 12098 3006 2795 12099 2724 2795 12100 3007 2795 12101 2724 0 12102 2725 0 12103 3007 0 12104 2726 2548 12105 2727 2551 12106 3008 2796 12107 2727 2551 12108 2729 2797 12109 3008 2796 12110 3008 2796 12111 2729 2797 12112 3009 2798 12113 2730 2553 12114 2731 2554 12115 3009 2798 12116 3010 2799 12117 3009 2798 12118 3011 2800 12119 3009 2798 12120 2731 2554 12121 3011 2800 12122 2731 2554 12123 2732 2555 12124 3011 2800 12125 2732 2555 12126 2733 2556 12127 3011 2800 12128 3011 2800 12129 2733 2556 12130 3012 2801 12131 3012 2801 12132 2733 2556 12133 3013 2802 12134 2733 2556 12135 2734 2557 12136 3013 2802 12137 3013 2802 12138 2734 2557 12139 3014 2803 12140 2734 2557 12141 2735 2558 12142 3014 2803 12143 3014 2803 12144 2735 2558 12145 3015 2804 12146 2736 0 12147 2737 0 12148 3016 0 12149 2737 0 12150 2739 0 12151 3016 0 12152 3016 2805 12153 2739 2805 12154 3018 2805 12155 3018 2806 12156 2739 2806 12157 3019 2806 12158 2740 2562 12159 2741 2563 12160 3020 2807 12161 2741 2563 12162 2742 2564 12163 3020 2807 12164 3020 2807 12165 2742 2564 12166 3022 2808 12167 3022 2808 12168 2742 2564 12169 3023 2809 12170 2742 2564 12171 2743 2565 12172 3023 2809 12173 2743 2565 12174 2744 2566 12175 3023 2809 12176 3023 2809 12177 2744 2566 12178 3024 2810 12179 3024 2810 12180 2744 2566 12181 3025 2811 12182 2744 2566 12183 2745 2567 12184 3025 2811 12185 3025 2811 12186 2745 2567 12187 3026 2812 12188 2745 2567 12189 2746 2568 12190 3026 2812 12191 3026 2812 12192 2746 2568 12193 3027 2813 12194 2746 2568 12195 2747 2569 12196 3027 2813 12197 2747 2569 12198 2749 2571 12199 3027 2813 12200 3027 2813 12201 2749 2571 12202 3028 2814 12203 2749 2571 12204 2751 2573 12205 3028 2814 12206 3028 2814 12207 2751 2573 12208 3029 2815 12209 3029 2815 12210 2751 2573 12211 3030 2816 12212 2751 2573 12213 2752 2574 12214 3030 2816 12215 3030 2816 12216 2752 2574 12217 3031 2817 12218 2752 2574 12219 2754 2575 12220 3031 2817 12221 2754 2575 12222 3033 2818 12223 3031 2817 12224 3031 2817 12225 3033 2818 12226 3034 2819 12227 3034 2819 12228 3033 2818 12229 3035 2820 12230 3037 2821 12231 3036 2821 12232 3038 2821 12233 3036 2822 12234 3032 2822 12235 3038 2822 12236 3032 2823 12237 2753 2823 12238 3038 2823 12239 2753 0 12240 2755 0 12241 3038 0 12242 3038 0 12243 2755 0 12244 3039 0 12245 2755 0 12246 2757 0 12247 3039 0 12248 2757 0 12249 2759 0 12250 3039 0 12251 3039 0 12252 2759 0 12253 3040 0 12254 2759 0 12255 2761 0 12256 3040 0 12257 2761 0 12258 2763 0 12259 3040 0 12260 3040 0 12261 2763 0 12262 3041 0 12263 2763 0 12264 2765 0 12265 3041 0 12266 2765 0 12267 2767 0 12268 3041 0 12269 3041 0 12270 2767 0 12271 3042 0 12272 2767 0 12273 2769 0 12274 3042 0 12275 2769 2824 12276 2771 2824 12277 3042 2824 12278 3042 2825 12279 2771 2825 12280 3043 2825 12281 2771 0 12282 2773 0 12283 3043 0 12284 2773 0 12285 2775 0 12286 3043 0 12287 2775 0 12288 2777 0 12289 3043 0 12290 3043 2826 12291 2777 2826 12292 3044 2826 12293 2777 2827 12294 2779 2827 12295 3044 2827 12296 2779 2828 12297 2781 2828 12298 3044 2828 12299 3044 2829 12300 2781 2829 12301 3045 2829 12302 2781 2830 12303 2783 2830 12304 3045 2830 12305 2783 0 12306 2785 0 12307 3045 0 12308 3045 2831 12309 2785 2831 12310 3046 2831 12311 2785 2832 12312 2787 2832 12313 3046 2832 12314 2787 0 12315 2789 0 12316 3046 0 12317 3046 0 12318 2789 0 12319 3047 0 12320 2789 0 12321 2791 0 12322 3047 0 12323 2791 0 12324 2793 0 12325 3047 0 12326 3047 0 12327 2793 0 12328 3048 0 12329 2793 2833 12330 2795 2833 12331 3048 2833 12332 2795 0 12333 2797 0 12334 3048 0 12335 3048 2834 12336 2797 2834 12337 3049 2834 12338 2797 2835 12339 2799 2835 12340 3049 2835 12341 2799 2836 12342 2801 2836 12343 3049 2836 12344 3049 2837 12345 2801 2837 12346 3050 2837 12347 2801 2838 12348 2803 2838 12349 3050 2838 12350 2803 2839 12351 2805 2839 12352 3050 2839 12353 3050 0 12354 2805 0 12355 3051 0 12356 2805 0 12357 2807 0 12358 3051 0 12359 2807 0 12360 2809 0 12361 3051 0 12362 2809 0 12363 2811 0 12364 3051 0 12365 3051 0 12366 2811 0 12367 3052 0 12368 2811 0 12369 2813 0 12370 3052 0 12371 2813 0 12372 2815 0 12373 3052 0 12374 3052 0 12375 2815 0 12376 3053 0 12377 2815 0 12378 2817 0 12379 3053 0 12380 2817 0 12381 2819 0 12382 3053 0 12383 3053 0 12384 2819 0 12385 3054 0 12386 3054 2840 12387 2819 2840 12388 3055 2840 12389 3056 2841 12390 2820 2608 12391 3057 2842 12392 2820 2608 12393 2821 2609 12394 3057 2842 12395 3057 2842 12396 2821 2609 12397 3058 2843 12398 2821 2609 12399 2822 2610 12400 3058 2843 12401 3058 2843 12402 2822 2610 12403 3059 2844 12404 2822 2610 12405 2823 2611 12406 3059 2844 12407 3059 2844 12408 2823 2611 12409 3060 2845 12410 2823 2611 12411 2824 2612 12412 3060 2845 12413 3060 2845 12414 2824 2612 12415 3061 2846 12416 2824 2612 12417 2825 2613 12418 3061 2846 12419 3061 2846 12420 2825 2613 12421 3062 2847 12422 2825 2613 12423 2826 2614 12424 3062 2847 12425 3062 2847 12426 2826 2614 12427 3064 2848 12428 3064 2848 12429 2826 2614 12430 3065 2849 12431 2826 2614 12432 2827 2615 12433 3065 2849 12434 2827 2615 12435 2828 2616 12436 3065 2849 12437 3066 2850 12438 2829 2850 12439 3067 2850 12440 2829 2851 12441 2831 2851 12442 3067 2851 12443 3068 2852 12444 2830 2853 12445 3069 2854 12446 3069 2854 12447 2830 2853 12448 3070 2855 12449 2830 2853 12450 2833 2618 12451 3070 2855 12452 2833 2618 12453 2834 2619 12454 3070 2855 12455 3070 2855 12456 2834 2619 12457 3071 2856 12458 2834 2619 12459 2835 2620 12460 3071 2856 12461 3071 2856 12462 2835 2620 12463 3072 2857 12464 3072 2857 12465 2835 2620 12466 3073 2858 12467 2835 2620 12468 2836 2621 12469 3073 2858 12470 3073 2858 12471 2836 2621 12472 3074 2859 12473 2836 2621 12474 2837 2622 12475 3074 2859 12476 2837 2622 12477 2838 2623 12478 3074 2859 12479 3075 2860 12480 3074 2859 12481 3076 2861 12482 3074 2859 12483 2838 2623 12484 3076 2861 12485 2838 2623 12486 2840 2624 12487 3076 2861 12488 3077 2862 12489 2839 2863 12490 3078 2864 12491 2839 2863 12492 2841 2865 12493 3078 2864 12494 2841 2865 12495 2844 2627 12496 3078 2864 12497 2844 2627 12498 2845 2629 12499 3078 2864 12500 3079 0 12501 2846 0 12502 3080 0 12503 2846 2866 12504 2847 2866 12505 3080 2866 12506 2848 2631 12507 2849 2633 12508 3081 2867 12509 2849 2633 12510 2851 2868 12511 3081 2867 12512 2851 2868 12513 2853 2869 12514 3081 2867 12515 3081 2867 12516 2853 2869 12517 3082 2870 12518 2854 2636 12519 2855 2637 12520 3083 2871 12521 2855 2637 12522 2856 2638 12523 3083 2871 12524 3083 2871 12525 2856 2638 12526 3085 2872 12527 3085 2872 12528 2856 2638 12529 3087 2873 12530 3087 2873 12531 2856 2638 12532 3088 2874 12533 2856 2638 12534 2857 2639 12535 3088 2874 12536 2857 2639 12537 2859 2875 12538 3088 2874 12539 3088 2874 12540 2859 2875 12541 3089 2876 12542 3089 2876 12543 2859 2875 12544 3090 2877 12545 3091 2878 12546 3090 2877 12547 3092 2879 12548 3090 2877 12549 2859 2875 12550 3092 2879 12551 2860 0 12552 2861 0 12553 3093 0 12554 2861 0 12555 2863 0 12556 3093 0 12557 2863 2880 12558 2865 2880 12559 3093 2880 12560 3093 2881 12561 2865 2881 12562 3095 2881 12563 2865 2882 12564 2867 2882 12565 3095 2882 12566 2867 0 12567 2870 0 12568 3095 0 12569 3095 0 12570 2870 0 12571 3097 0 12572 2870 0 12573 3098 0 12574 3097 0 12575 3097 0 12576 3098 0 12577 3100 0 12578 3098 0 12579 2872 0 12580 3100 0 12581 3100 0 12582 2872 0 12583 3101 0 12584 2873 2650 12585 2874 2651 12586 3102 2883 12587 2874 2651 12588 2875 2652 12589 3102 2883 12590 3102 2883 12591 2875 2652 12592 3104 2884 12593 3104 2884 12594 2875 2652 12595 3105 2885 12596 2875 2652 12597 2876 2653 12598 3105 2885 12599 2876 2653 12600 2877 2654 12601 3105 2885 12602 3105 2885 12603 2877 2654 12604 3106 2886 12605 3106 2886 12606 2877 2654 12607 3107 2887 12608 2877 2654 12609 2878 2655 12610 3107 2887 12611 3107 2887 12612 2878 2655 12613 3108 2888 12614 2878 2655 12615 2879 2656 12616 3108 2888 12617 2879 2656 12618 2881 2889 12619 3108 2888 12620 2881 2889 12621 2883 2890 12622 3108 2888 12623 3108 2888 12624 2883 2890 12625 3109 2891 12626 2883 2890 12627 2885 2892 12628 3109 2891 12629 3109 2891 12630 2885 2892 12631 3110 2893 12632 2885 2892 12633 2887 2894 12634 3110 2893 12635 2887 2894 12636 2889 2665 12637 3110 2893 12638 2889 2665 12639 2890 2667 12640 3110 2893 12641 3110 2893 12642 2890 2667 12643 3111 2895 12644 3111 2895 12645 2890 2667 12646 3112 2896 12647 2890 2667 12648 2891 2668 12649 3113 2897 12650 2891 2668 12651 2893 2670 12652 3113 2897 12653 3113 2897 12654 2893 2670 12655 3115 2898 12656 2893 2670 12657 2896 2672 12658 3115 2898 12659 3115 2898 12660 2896 2672 12661 3117 2899 12662 2896 2672 12663 2894 2900 12664 3117 2899 12665 3117 2899 12666 2894 2900 12667 3119 2901 12668 3119 2901 12669 2894 2900 12670 3120 2902 12671 2895 2671 12672 2897 2673 12673 3121 2903 12674 2897 2673 12675 2898 2674 12676 3121 2903 12677 3121 2903 12678 2898 2674 12679 3123 2904 12680 3124 2905 12681 3123 2904 12682 3125 2906 12683 3123 2904 12684 2898 2674 12685 3125 2906 12686 2898 2674 12687 2899 2675 12688 3125 2906 12689 3125 2906 12690 2899 2675 12691 3126 2907 12692 2899 2675 12693 2900 2676 12694 3126 2907 12695 2900 2676 12696 2901 2678 12697 3126 2907 12698 3126 2907 12699 2901 2678 12700 3127 2908 12701 2901 2678 12702 2902 2682 12703 3127 2908 12704 3127 2908 12705 2902 2682 12706 3128 2909 12707 2902 2682 12708 2903 2684 12709 3128 2909 12710 3128 2909 12711 2903 2684 12712 3129 2910 12713 3129 2910 12714 2903 2684 12715 3130 2911 12716 2903 2684 12717 2904 2685 12718 3130 2911 12719 2904 2685 12720 2906 2912 12721 3130 2911 12722 3130 2911 12723 2906 2912 12724 3131 2913 12725 2906 2912 12726 2908 2914 12727 3131 2913 12728 2909 2915 12729 2911 2916 12730 3131 2913 12731 2911 2916 12732 2913 2917 12733 3131 2913 12734 3131 2913 12735 2913 2917 12736 3132 2918 12737 2913 2917 12738 2915 2919 12739 3132 2918 12740 3132 2918 12741 2915 2919 12742 3133 2920 12743 2915 2919 12744 2917 2921 12745 3133 2920 12746 3133 2920 12747 2917 2921 12748 3134 2922 12749 2917 2921 12750 2919 2923 12751 3134 2922 12752 2919 2923 12753 2921 2924 12754 3134 2922 12755 2921 2924 12756 2923 2925 12757 3134 2922 12758 3134 2922 12759 2923 2925 12760 3135 2926 12761 2923 2925 12762 2925 2927 12763 3135 2926 12764 3135 2926 12765 2925 2927 12766 3136 2928 12767 2925 2927 12768 2927 2929 12769 3136 2928 12770 2927 2929 12771 2929 2930 12772 3136 2928 12773 3136 2928 12774 2929 2930 12775 3137 2931 12776 2929 2930 12777 2931 2932 12778 3137 2931 12779 2931 2932 12780 2933 2933 12781 3137 2931 12782 3137 2931 12783 2933 2933 12784 3138 2934 12785 2933 2933 12786 2935 2935 12787 3138 2934 12788 2935 2935 12789 2937 2936 12790 3138 2934 12791 3138 2934 12792 2937 2936 12793 3139 2937 12794 2937 2936 12795 2939 2938 12796 3139 2937 12797 3139 2937 12798 2939 2938 12799 3140 2939 12800 2939 2938 12801 2941 2940 12802 3140 2939 12803 3140 2939 12804 2941 2940 12805 3141 2941 12806 2941 2940 12807 2943 2942 12808 3141 2941 12809 2943 2942 12810 2945 2943 12811 3141 2941 12812 2945 2943 12813 2947 2944 12814 3141 2941 12815 3141 2941 12816 2947 2944 12817 3142 2945 12818 2947 2944 12819 2949 2946 12820 3142 2945 12821 3142 2945 12822 2949 2946 12823 3143 2947 12824 2949 2946 12825 2951 2948 12826 3143 2947 12827 3143 2947 12828 2951 2948 12829 3144 2949 12830 2951 2948 12831 2953 2950 12832 3144 2949 12833 2953 2950 12834 2955 2951 12835 3144 2949 12836 2955 2951 12837 2958 2739 12838 3144 2949 12839 2958 2739 12840 2959 2740 12841 3144 2949 12842 3144 2949 12843 2959 2740 12844 3145 2952 12845 2959 2740 12846 2960 2741 12847 3145 2952 12848 3145 2952 12849 2960 2741 12850 3146 2953 12851 3146 2953 12852 2960 2741 12853 3147 2954 12854 2960 2741 12855 2961 2742 12856 3147 2954 12857 3147 2954 12858 2961 2742 12859 3148 2955 12860 2961 2742 12861 2962 2743 12862 3148 2955 12863 3148 2955 12864 2962 2743 12865 3149 2956 12866 2962 2743 12867 2963 2744 12868 3149 2956 12869 2963 2744 12870 2964 2745 12871 3149 2956 12872 3149 2956 12873 2964 2745 12874 3151 2957 12875 3151 2957 12876 2964 2745 12877 3152 2958 12878 2964 2745 12879 2965 2746 12880 3152 2958 12881 3152 2958 12882 2965 2746 12883 3153 2959 12884 3153 2959 12885 2965 2746 12886 3154 2960 12887 2965 2746 12888 2967 2747 12889 3154 2960 12890 3155 2961 12891 2966 2962 12892 3156 2963 12893 3156 2963 12894 2966 2962 12895 3157 2964 12896 2966 2962 12897 2969 2749 12898 3157 2964 12899 3157 2964 12900 2969 2749 12901 3158 2965 12902 2969 2749 12903 2971 2750 12904 3158 2965 12905 3159 2966 12906 2970 2967 12907 3160 2968 12908 3160 2968 12909 2970 2967 12910 3161 2969 12911 2970 2967 12912 2972 2970 12913 3161 2969 12914 2972 2970 12915 2975 2971 12916 3161 2969 12917 2975 2971 12918 2979 2759 12919 3161 2969 12920 2979 2759 12921 2980 2761 12922 3161 2969 12923 3161 2969 12924 2980 2761 12925 3162 2972 12926 3162 2972 12927 2980 2761 12928 3163 2973 12929 2980 2761 12930 2981 2762 12931 3163 2973 12932 3163 2973 12933 2981 2762 12934 3164 2974 12935 2981 2762 12936 2982 2764 12937 3164 2974 12938 3164 2974 12939 2982 2764 12940 3165 2975 12941 2982 2764 12942 2983 2766 12943 3165 2975 12944 3165 2975 12945 2983 2766 12946 3166 2976 12947 2983 2766 12948 2984 2768 12949 3166 2976 12950 3166 2976 12951 2984 2768 12952 3167 2977 12953 2984 2768 12954 2985 2770 12955 3167 2977 12956 3167 2977 12957 2985 2770 12958 3168 2978 12959 2985 2770 12960 2986 2773 12961 3168 2978 12962 3168 2978 12963 2986 2773 12964 3169 2979 12965 2986 2773 12966 2987 2775 12967 3169 2979 12968 3169 2979 12969 2987 2775 12970 3170 2980 12971 2987 2775 12972 2988 2777 12973 3170 2980 12974 2988 2777 12975 2989 2778 12976 3170 2980 12977 3170 2980 12978 2989 2778 12979 3171 2981 12980 3171 2981 12981 2989 2778 12982 3172 2982 12983 2989 2778 12984 2990 2779 12985 3172 2982 12986 2990 2779 12987 2991 2780 12988 3172 2982 12989 3172 2982 12990 2991 2780 12991 3173 2983 12992 2991 2780 12993 2993 2781 12994 3173 2983 12995 3174 2984 12996 2992 2984 12997 3175 2984 12998 2992 0 12999 2995 0 13000 3175 0 13001 2995 2985 13002 2996 2985 13003 3175 2985 13004 3176 2986 13005 2997 2784 13006 3177 2987 13007 3177 2987 13008 2997 2784 13009 3178 2988 13010 2997 2784 13011 2998 2786 13012 3178 2988 13013 3178 2988 13014 2998 2786 13015 3180 2989 13016 3180 2989 13017 2998 2786 13018 3182 2990 13019 2998 2786 13020 2999 2787 13021 3182 2990 13022 3182 2990 13023 2999 2787 13024 3184 2991 13025 2999 2787 13026 3000 2788 13027 3184 2991 13028 3184 2991 13029 3000 2788 13030 3185 2992 13031 3000 2788 13032 3002 2789 13033 3185 2992 13034 3186 2993 13035 3001 2994 13036 3187 2995 13037 3001 2994 13038 3004 2791 13039 3187 2995 13040 3004 2791 13041 3005 2793 13042 3187 2995 13043 3188 0 13044 3006 0 13045 3189 0 13046 3006 0 13047 3007 0 13048 3189 0 13049 3008 2796 13050 3009 2798 13051 3190 2996 13052 3009 2798 13053 3010 2799 13054 3190 2996 13055 3190 2996 13056 3010 2799 13057 3191 2997 13058 3010 2799 13059 3011 2800 13060 3192 2998 13061 3011 2800 13062 3012 2801 13063 3192 2998 13064 3192 2998 13065 3012 2801 13066 3194 2999 13067 3194 2999 13068 3012 2801 13069 3196 3000 13070 3196 3000 13071 3012 2801 13072 3197 3001 13073 3012 2801 13074 3013 2802 13075 3197 3001 13076 3197 3001 13077 3013 2802 13078 3198 3002 13079 3013 2802 13080 3014 2803 13081 3198 3002 13082 3198 3002 13083 3014 2803 13084 3199 3003 13085 3014 2803 13086 3015 2804 13087 3199 3003 13088 3015 2804 13089 3017 3004 13090 3199 3003 13091 3199 3003 13092 3017 3004 13093 3200 3005 13094 3200 3005 13095 3017 3004 13096 3201 3006 13097 3018 3007 13098 3019 3007 13099 3202 3007 13100 3019 3008 13101 3021 3008 13102 3202 3008 13103 3202 0 13104 3021 0 13105 3204 0 13106 3204 3009 13107 3021 3009 13108 3205 3009 13109 3022 2808 13110 3023 2809 13111 3206 3010 13112 3023 2809 13113 3024 2810 13114 3206 3010 13115 3206 3010 13116 3024 2810 13117 3208 3011 13118 3208 3011 13119 3024 2810 13120 3209 3012 13121 3024 2810 13122 3025 2811 13123 3209 3012 13124 3209 3012 13125 3025 2811 13126 3210 3013 13127 3025 2811 13128 3026 2812 13129 3210 3013 13130 3210 3013 13131 3026 2812 13132 3211 3014 13133 3026 2812 13134 3027 2813 13135 3211 3014 13136 3027 2813 13137 3028 2814 13138 3211 3014 13139 3211 3014 13140 3028 2814 13141 3212 3015 13142 3028 2814 13143 3029 2815 13144 3212 3015 13145 3212 3015 13146 3029 2815 13147 3213 3016 13148 3213 3016 13149 3029 2815 13150 3214 3017 13151 3029 2815 13152 3030 2816 13153 3214 3017 13154 3214 3017 13155 3030 2816 13156 3215 3018 13157 3030 2816 13158 3031 2817 13159 3215 3018 13160 3031 2817 13161 3034 2819 13162 3215 3018 13163 3215 3018 13164 3034 2819 13165 3216 3019 13166 3216 3019 13167 3034 2819 13168 3217 3020 13169 3034 2819 13170 3035 2820 13171 3217 3020 13172 3217 3020 13173 3035 2820 13174 3218 3021 13175 3036 3022 13176 3037 3022 13177 3219 3022 13178 3219 3023 13179 3037 3023 13180 3221 3023 13181 3037 3024 13182 3222 3024 13183 3221 3024 13184 3221 3025 13185 3222 3025 13186 3224 3025 13187 3224 0 13188 3222 0 13189 3226 0 13190 3222 3026 13191 3227 3026 13192 3226 3026 13193 3226 0 13194 3227 0 13195 3229 0 13196 3229 0 13197 3227 0 13198 3231 0 13199 3227 0 13200 3232 0 13201 3231 0 13202 3231 3027 13203 3232 3027 13204 3234 3027 13205 3234 3028 13206 3232 3028 13207 3236 3028 13208 3232 0 13209 3237 0 13210 3236 0 13211 3236 3029 13212 3237 3029 13213 3239 3029 13214 3239 3030 13215 3237 3030 13216 3241 3030 13217 3237 0 13218 3242 0 13219 3241 0 13220 3241 3031 13221 3242 3031 13222 3244 3031 13223 3244 0 13224 3242 0 13225 3246 0 13226 3242 0 13227 3247 0 13228 3246 0 13229 3246 0 13230 3247 0 13231 3249 0 13232 3249 0 13233 3247 0 13234 3251 0 13235 3251 0 13236 3247 0 13237 3252 0 13238 3247 3032 13239 3054 3032 13240 3252 3032 13241 3054 3033 13242 3055 3033 13243 3252 3033 13244 3253 3034 13245 3056 2841 13246 3254 3035 13247 3056 2841 13248 3057 2842 13249 3254 3035 13250 3254 3035 13251 3057 2842 13252 3255 3036 13253 3057 2842 13254 3058 2843 13255 3255 3036 13256 3255 3036 13257 3058 2843 13258 3256 3037 13259 3058 2843 13260 3059 2844 13261 3256 3037 13262 3256 3037 13263 3059 2844 13264 3257 3038 13265 3059 2844 13266 3060 2845 13267 3257 3038 13268 3257 3038 13269 3060 2845 13270 3258 3039 13271 3060 2845 13272 3061 2846 13273 3258 3039 13274 3258 3039 13275 3061 2846 13276 3259 3040 13277 3061 2846 13278 3062 2847 13279 3259 3040 13280 3259 3040 13281 3062 2847 13282 3260 3041 13283 3062 2847 13284 3064 2848 13285 3260 3041 13286 3261 0 13287 3063 0 13288 3262 0 13289 3063 0 13290 3066 0 13291 3262 0 13292 3066 3042 13293 3067 3042 13294 3262 3042 13295 3263 3043 13296 3068 2852 13297 3264 3044 13298 3068 2852 13299 3069 2854 13300 3264 3044 13301 3264 3044 13302 3069 2854 13303 3265 3045 13304 3265 3045 13305 3069 2854 13306 3266 3046 13307 3069 2854 13308 3070 2855 13309 3266 3046 13310 3070 2855 13311 3071 2856 13312 3266 3046 13313 3266 3046 13314 3071 2856 13315 3267 3047 13316 3071 2856 13317 3072 2857 13318 3267 3047 13319 3269 3048 13320 3267 3047 13321 3271 3049 13322 3267 3047 13323 3072 2857 13324 3271 3049 13325 3271 3049 13326 3072 2857 13327 3273 3050 13328 3273 3050 13329 3072 2857 13330 3275 3051 13331 3072 2857 13332 3073 2858 13333 3275 3051 13334 3275 3051 13335 3073 2858 13336 3276 3052 13337 3073 2858 13338 3074 2859 13339 3276 3052 13340 3074 2859 13341 3075 2860 13342 3276 3052 13343 3276 3052 13344 3075 2860 13345 3277 3053 13346 3075 2860 13347 3077 2862 13348 3277 3053 13349 3077 2862 13350 3078 2864 13351 3277 3053 13352 3278 0 13353 3079 0 13354 3279 0 13355 3079 3054 13356 3080 3054 13357 3279 3054 13358 3081 2867 13359 3082 2870 13360 3280 3055 13361 3082 2870 13362 3084 3056 13363 3280 3055 13364 3084 3056 13365 3086 3057 13366 3280 3055 13367 3280 3055 13368 3086 3057 13369 3281 3058 13370 3087 2873 13371 3088 2874 13372 3282 3059 13373 3088 2874 13374 3089 2876 13375 3282 3059 13376 3282 3059 13377 3089 2876 13378 3284 3060 13379 3089 2876 13380 3090 2877 13381 3284 3060 13382 3284 3060 13383 3090 2877 13384 3286 3061 13385 3090 2877 13386 3091 2878 13387 3286 3061 13388 3286 3061 13389 3091 2878 13390 3288 3062 13391 3288 3062 13392 3091 2878 13393 3289 3063 13394 3091 2878 13395 3092 2879 13396 3289 3063 13397 3092 2879 13398 3094 3064 13399 3289 3063 13400 3289 3063 13401 3094 3064 13402 3290 3065 13403 3290 3065 13404 3094 3064 13405 3291 3066 13406 3094 3064 13407 3096 3067 13408 3291 3066 13409 3291 3066 13410 3096 3067 13411 3292 3068 13412 3292 3068 13413 3096 3067 13414 3293 3069 13415 3096 3067 13416 3099 3070 13417 3293 3069 13418 3293 3069 13419 3099 3070 13420 3294 3071 13421 3294 3071 13422 3099 3070 13423 3295 3072 13424 3296 3073 13425 3297 3074 13426 3298 3075 13427 3297 3074 13428 3295 3072 13429 3298 3075 13430 3295 3072 13431 3099 3070 13432 3298 3075 13433 3100 0 13434 3101 0 13435 3299 0 13436 3101 3076 13437 3103 3076 13438 3299 3076 13439 3299 3077 13440 3103 3077 13441 3300 3077 13442 3104 2884 13443 3105 2885 13444 3301 3078 13445 3105 2885 13446 3106 2886 13447 3301 3078 13448 3301 3078 13449 3106 2886 13450 3303 3079 13451 3303 3079 13452 3106 2886 13453 3304 3080 13454 3106 2886 13455 3107 2887 13456 3304 3080 13457 3304 3080 13458 3107 2887 13459 3305 3081 13460 3107 2887 13461 3108 2888 13462 3305 3081 13463 3108 2888 13464 3109 2891 13465 3305 3081 13466 3305 3081 13467 3109 2891 13468 3306 3082 13469 3109 2891 13470 3110 2893 13471 3306 3082 13472 3306 3082 13473 3110 2893 13474 3307 3083 13475 3110 2893 13476 3111 2895 13477 3307 3083 13478 3307 3083 13479 3111 2895 13480 3308 3084 13481 3308 3084 13482 3111 2895 13483 3309 3085 13484 3111 2895 13485 3112 2896 13486 3309 3085 13487 3112 2896 13488 3114 3086 13489 3309 3085 13490 3309 3085 13491 3114 3086 13492 3310 3087 13493 3114 3086 13494 3116 3088 13495 3310 3087 13496 3116 3088 13497 3118 3089 13498 3310 3087 13499 3310 3087 13500 3118 3089 13501 3311 3090 13502 3119 2901 13503 3120 2902 13504 3312 3091 13505 3120 2902 13506 3122 3092 13507 3312 3091 13508 3312 3091 13509 3122 3092 13510 3313 3093 13511 3122 3092 13512 3124 2905 13513 3313 3093 13514 3313 3093 13515 3124 2905 13516 3314 3094 13517 3314 3094 13518 3124 2905 13519 3315 3095 13520 3315 3095 13521 3124 2905 13522 3316 3096 13523 3124 2905 13524 3125 2906 13525 3316 3096 13526 3125 2906 13527 3126 2907 13528 3316 3096 13529 3126 2907 13530 3127 2908 13531 3316 3096 13532 3316 3096 13533 3127 2908 13534 3317 3097 13535 3127 2908 13536 3128 2909 13537 3317 3097 13538 3317 3097 13539 3128 2909 13540 3318 3098 13541 3128 2909 13542 3129 2910 13543 3318 3098 13544 3318 3098 13545 3129 2910 13546 3319 3099 13547 3319 3099 13548 3129 2910 13549 3320 3100 13550 3129 2910 13551 3130 2911 13552 3320 3100 13553 3130 2911 13554 3131 2913 13555 3320 3100 13556 3320 3100 13557 3131 2913 13558 3321 3101 13559 3131 2913 13560 3132 2918 13561 3321 3101 13562 3321 3101 13563 3132 2918 13564 3322 3102 13565 3132 2918 13566 3133 2920 13567 3322 3102 13568 3322 3102 13569 3133 2920 13570 3323 3103 13571 3133 2920 13572 3134 2922 13573 3323 3103 13574 3323 3103 13575 3134 2922 13576 3324 3104 13577 3134 2922 13578 3135 2926 13579 3324 3104 13580 3324 3104 13581 3135 2926 13582 3325 3105 13583 3135 2926 13584 3136 2928 13585 3325 3105 13586 3325 3105 13587 3136 2928 13588 3326 3106 13589 3136 2928 13590 3137 2931 13591 3326 3106 13592 3326 3106 13593 3137 2931 13594 3327 3107 13595 3137 2931 13596 3138 2934 13597 3327 3107 13598 3327 3107 13599 3138 2934 13600 3328 3108 13601 3138 2934 13602 3139 2937 13603 3328 3108 13604 3328 3108 13605 3139 2937 13606 3329 3109 13607 3139 2937 13608 3140 2939 13609 3329 3109 13610 3329 3109 13611 3140 2939 13612 3330 3110 13613 3140 2939 13614 3141 2941 13615 3330 3110 13616 3330 3110 13617 3141 2941 13618 3331 3111 13619 3141 2941 13620 3142 2945 13621 3331 3111 13622 3331 3111 13623 3142 2945 13624 3332 3112 13625 3142 2945 13626 3143 2947 13627 3332 3112 13628 3332 3112 13629 3143 2947 13630 3333 3113 13631 3143 2947 13632 3144 2949 13633 3333 3113 13634 3144 2949 13635 3145 2952 13636 3333 3113 13637 3333 3113 13638 3145 2952 13639 3334 3114 13640 3145 2952 13641 3146 2953 13642 3334 3114 13643 3336 3115 13644 3334 3114 13645 3338 3116 13646 3334 3114 13647 3146 2953 13648 3338 3116 13649 3338 3116 13650 3146 2953 13651 3340 3117 13652 3146 2953 13653 3147 2954 13654 3340 3117 13655 3340 3117 13656 3147 2954 13657 3341 3118 13658 3147 2954 13659 3148 2955 13660 3341 3118 13661 3341 3118 13662 3148 2955 13663 3342 3119 13664 3342 3119 13665 3148 2955 13666 3344 3120 13667 3344 3120 13668 3148 2955 13669 3345 3121 13670 3148 2955 13671 3149 2956 13672 3345 3121 13673 3149 2956 13674 3151 2957 13675 3345 3121 13676 3346 3122 13677 3150 3123 13678 3348 3124 13679 3348 3124 13680 3150 3123 13681 3350 3125 13682 3150 3123 13683 3152 2958 13684 3350 3125 13685 3152 2958 13686 3153 2959 13687 3350 3125 13688 3350 3125 13689 3153 2959 13690 3351 3126 13691 3153 2959 13692 3155 2961 13693 3351 3126 13694 3155 2961 13695 3156 2963 13696 3351 3126 13697 3352 3127 13698 3156 2963 13699 3353 3128 13700 3156 2963 13701 3157 2964 13702 3353 3128 13703 3353 3128 13704 3157 2964 13705 3354 3129 13706 3157 2964 13707 3159 2966 13708 3354 3129 13709 3159 2966 13710 3160 2968 13711 3354 3129 13712 3354 3129 13713 3160 2968 13714 3355 3130 13715 3355 3130 13716 3160 2968 13717 3356 3131 13718 3160 2968 13719 3161 2969 13720 3356 3131 13721 3161 2969 13722 3162 2972 13723 3356 3131 13724 3356 3131 13725 3162 2972 13726 3357 3132 13727 3357 3132 13728 3162 2972 13729 3358 3133 13730 3162 2972 13731 3163 2973 13732 3358 3133 13733 3358 3133 13734 3163 2973 13735 3359 3134 13736 3163 2973 13737 3164 2974 13738 3359 3134 13739 3359 3134 13740 3164 2974 13741 3360 3135 13742 3164 2974 13743 3165 2975 13744 3360 3135 13745 3360 3135 13746 3165 2975 13747 3361 3136 13748 3165 2975 13749 3166 2976 13750 3361 3136 13751 3361 3136 13752 3166 2976 13753 3362 3137 13754 3166 2976 13755 3167 2977 13756 3362 3137 13757 3362 3137 13758 3167 2977 13759 3363 3138 13760 3167 2977 13761 3168 2978 13762 3363 3138 13763 3363 3138 13764 3168 2978 13765 3364 3139 13766 3168 2978 13767 3169 2979 13768 3364 3139 13769 3364 3139 13770 3169 2979 13771 3365 3140 13772 3169 2979 13773 3170 2980 13774 3365 3140 13775 3170 2980 13776 3171 2981 13777 3365 3140 13778 3365 3140 13779 3171 2981 13780 3367 3141 13781 3367 3141 13782 3171 2981 13783 3368 3142 13784 3171 2981 13785 3172 2982 13786 3368 3142 13787 3172 2982 13788 3173 2983 13789 3368 3142 13790 3369 0 13791 3174 0 13792 3370 0 13793 3174 3143 13794 3175 3143 13795 3370 3143 13796 3371 3144 13797 3176 2986 13798 3372 3145 13799 3372 3145 13800 3176 2986 13801 3373 3146 13802 3176 2986 13803 3177 2987 13804 3373 3146 13805 3375 3147 13806 3373 3146 13807 3377 3148 13808 3373 3146 13809 3177 2987 13810 3377 3148 13811 3377 3148 13812 3177 2987 13813 3378 3149 13814 3177 2987 13815 3178 2988 13816 3378 3149 13817 3178 2988 13818 3180 2989 13819 3378 3149 13820 3379 3150 13821 3179 3151 13822 3380 3152 13823 3179 3151 13824 3181 3153 13825 3380 3152 13826 3181 3153 13827 3183 3154 13828 3380 3152 13829 3183 3154 13830 3186 2993 13831 3380 3152 13832 3186 2993 13833 3187 2995 13834 3380 3152 13835 3381 3155 13836 3188 3155 13837 3382 3155 13838 3188 3156 13839 3189 3156 13840 3382 3156 13841 3190 2996 13842 3191 2997 13843 3383 3157 13844 3191 2997 13845 3193 3158 13846 3383 3157 13847 3193 3158 13848 3195 3159 13849 3383 3157 13850 3383 3157 13851 3195 3159 13852 3384 3160 13853 3196 3000 13854 3197 3001 13855 3385 3161 13856 3385 3161 13857 3197 3001 13858 3387 3162 13859 3387 3162 13860 3197 3001 13861 3388 3163 13862 3197 3001 13863 3198 3002 13864 3388 3163 13865 3388 3163 13866 3198 3002 13867 3389 3164 13868 3198 3002 13869 3199 3003 13870 3389 3164 13871 3199 3003 13872 3200 3005 13873 3389 3164 13874 3389 3164 13875 3200 3005 13876 3390 3165 13877 3390 3165 13878 3200 3005 13879 3391 3166 13880 3200 3005 13881 3201 3006 13882 3391 3166 13883 3201 3006 13884 3203 3167 13885 3391 3166 13886 3391 3166 13887 3203 3167 13888 3392 3168 13889 3392 3168 13890 3203 3167 13891 3393 3169 13892 3204 0 13893 3205 0 13894 3394 0 13895 3205 0 13896 3207 0 13897 3394 0 13898 3394 0 13899 3207 0 13900 3396 0 13901 3396 3170 13902 3207 3170 13903 3397 3170 13904 3208 3011 13905 3209 3012 13906 3398 3171 13907 3398 3171 13908 3209 3012 13909 3399 3172 13910 3209 3012 13911 3210 3013 13912 3399 3172 13913 3399 3172 13914 3210 3013 13915 3400 3173 13916 3210 3013 13917 3211 3014 13918 3400 3173 13919 3211 3014 13920 3212 3015 13921 3400 3173 13922 3400 3173 13923 3212 3015 13924 3401 3174 13925 3212 3015 13926 3213 3016 13927 3401 3174 13928 3401 3174 13929 3213 3016 13930 3402 3175 13931 3402 3175 13932 3213 3016 13933 3403 3176 13934 3213 3016 13935 3214 3017 13936 3403 3176 13937 3403 3176 13938 3214 3017 13939 3404 3177 13940 3214 3017 13941 3215 3018 13942 3404 3177 13943 3215 3018 13944 3216 3019 13945 3404 3177 13946 3404 3177 13947 3216 3019 13948 3405 3178 13949 3405 3178 13950 3216 3019 13951 3406 3179 13952 3216 3019 13953 3217 3020 13954 3406 3179 13955 3406 3179 13956 3217 3020 13957 3407 3180 13958 3217 3020 13959 3218 3021 13960 3407 3180 13961 3218 3021 13962 3220 3181 13963 3407 3180 13964 3407 3180 13965 3220 3181 13966 3408 3182 13967 3220 3181 13968 3223 3183 13969 3408 3182 13970 3408 3182 13971 3223 3183 13972 3409 3184 13973 3223 3183 13974 3225 3185 13975 3409 3184 13976 3409 3184 13977 3225 3185 13978 3410 3186 13979 3225 3185 13980 3228 3187 13981 3410 3186 13982 3410 3186 13983 3228 3187 13984 3411 3188 13985 3228 3187 13986 3230 3189 13987 3411 3188 13988 3411 3188 13989 3230 3189 13990 3412 3190 13991 3230 3189 13992 3233 3191 13993 3412 3190 13994 3412 3190 13995 3233 3191 13996 3413 3192 13997 3233 3191 13998 3235 3193 13999 3413 3192 14000 3413 3192 14001 3235 3193 14002 3414 3194 14003 3235 3193 14004 3238 3195 14005 3414 3194 14006 3414 3194 14007 3238 3195 14008 3415 3196 14009 3238 3195 14010 3240 3197 14011 3415 3196 14012 3415 3196 14013 3240 3197 14014 3416 3198 14015 3240 3197 14016 3243 3199 14017 3416 3198 14018 3416 3198 14019 3243 3199 14020 3417 3200 14021 3243 3199 14022 3245 3201 14023 3417 3200 14024 3417 3200 14025 3245 3201 14026 3418 3202 14027 3245 3201 14028 3248 3203 14029 3418 3202 14030 3418 3202 14031 3248 3203 14032 3419 3204 14033 3248 3203 14034 3250 3205 14035 3419 3204 14036 3419 3204 14037 3250 3205 14038 3420 3206 14039 3250 3205 14040 3253 3034 14041 3420 3206 14042 3253 3034 14043 3254 3035 14044 3420 3206 14045 3420 3206 14046 3254 3035 14047 3421 3207 14048 3254 3035 14049 3255 3036 14050 3421 3207 14051 3421 3207 14052 3255 3036 14053 3422 3208 14054 3255 3036 14055 3256 3037 14056 3422 3208 14057 3422 3208 14058 3256 3037 14059 3423 3209 14060 3256 3037 14061 3257 3038 14062 3423 3209 14063 3423 3209 14064 3257 3038 14065 3424 3210 14066 3257 3038 14067 3258 3039 14068 3424 3210 14069 3424 3210 14070 3258 3039 14071 3425 3211 14072 3258 3039 14073 3259 3040 14074 3425 3211 14075 3425 3211 14076 3259 3040 14077 3426 3212 14078 3259 3040 14079 3260 3041 14080 3426 3212 14081 3427 3213 14082 3261 3213 14083 3428 3213 14084 3261 3214 14085 3262 3214 14086 3428 3214 14087 3429 3215 14088 3263 3043 14089 3430 3216 14090 3263 3043 14091 3264 3044 14092 3430 3216 14093 3430 3216 14094 3264 3044 14095 3431 3217 14096 3264 3044 14097 3265 3045 14098 3431 3217 14099 3431 3217 14100 3265 3045 14101 3432 3218 14102 3432 3218 14103 3265 3045 14104 3433 3219 14105 3265 3045 14106 3266 3046 14107 3433 3219 14108 3266 3046 14109 3267 3047 14110 3433 3219 14111 3434 3220 14112 3433 3219 14113 3435 3221 14114 3433 3219 14115 3267 3047 14116 3435 3221 14117 3267 3047 14118 3269 3048 14119 3435 3221 14120 3436 3222 14121 3268 3223 14122 3438 3224 14123 3268 3223 14124 3270 3225 14125 3438 3224 14126 3270 3225 14127 3272 3226 14128 3438 3224 14129 3438 3224 14130 3272 3226 14131 3439 3227 14132 3272 3226 14133 3274 3228 14134 3439 3227 14135 3274 3228 14136 3276 3052 14137 3439 3227 14138 3276 3052 14139 3277 3053 14140 3439 3227 14141 3440 0 14142 3278 0 14143 3441 0 14144 3278 3229 14145 3279 3229 14146 3441 3229 14147 3280 3055 14148 3281 3058 14149 3442 3230 14150 3281 3058 14151 3283 3231 14152 3442 3230 14153 3283 3231 14154 3285 3232 14155 3442 3230 14156 3285 3232 14157 3287 3233 14158 3442 3230 14159 3442 3230 14160 3287 3233 14161 3443 3234 14162 3288 3062 14163 3289 3063 14164 3444 3235 14165 3444 3235 14166 3289 3063 14167 3446 3236 14168 3289 3063 14169 3290 3065 14170 3446 3236 14171 3446 3236 14172 3290 3065 14173 3448 3237 14174 3290 3065 14175 3291 3066 14176 3448 3237 14177 3448 3237 14178 3291 3066 14179 3450 3238 14180 3450 3238 14181 3291 3066 14182 3452 3239 14183 3291 3066 14184 3292 3068 14185 3452 3239 14186 3452 3239 14187 3292 3068 14188 3454 3240 14189 3292 3068 14190 3293 3069 14191 3454 3240 14192 3454 3240 14193 3293 3069 14194 3456 3241 14195 3456 3241 14196 3293 3069 14197 3458 3242 14198 3293 3069 14199 3294 3071 14200 3458 3242 14201 3458 3242 14202 3294 3071 14203 3460 3243 14204 3294 3071 14205 3295 3072 14206 3460 3243 14207 3460 3243 14208 3295 3072 14209 3462 3244 14210 3295 3072 14211 3297 3074 14212 3462 3244 14213 3462 3244 14214 3297 3074 14215 3464 3245 14216 3297 3074 14217 3296 3073 14218 3464 3245 14219 3464 3245 14220 3296 3073 14221 3466 3246 14222 3466 3246 14223 3296 3073 14224 3467 3247 14225 3467 3247 14226 3296 3073 14227 3468 3248 14228 3296 3073 14229 3298 3075 14230 3468 3248 14231 3299 0 14232 3300 0 14233 3469 0 14234 3300 0 14235 3302 0 14236 3469 0 14237 3469 3249 14238 3302 3249 14239 3470 3249 14240 3303 3079 14241 3304 3080 14242 3471 3250 14243 3471 3250 14244 3304 3080 14245 3472 3251 14246 3304 3080 14247 3305 3081 14248 3472 3251 14249 3305 3081 14250 3306 3082 14251 3472 3251 14252 3472 3251 14253 3306 3082 14254 3473 3252 14255 3306 3082 14256 3307 3083 14257 3473 3252 14258 3473 3252 14259 3307 3083 14260 3474 3253 14261 3307 3083 14262 3308 3084 14263 3474 3253 14264 3474 3253 14265 3308 3084 14266 3475 3254 14267 3475 3254 14268 3308 3084 14269 3476 3255 14270 3308 3084 14271 3309 3085 14272 3476 3255 14273 3309 3085 14274 3310 3087 14275 3476 3255 14276 3476 3255 14277 3310 3087 14278 3477 3256 14279 3477 3256 14280 3310 3087 14281 3478 3257 14282 3310 3087 14283 3311 3090 14284 3478 3257 14285 3311 3090 14286 3313 3093 14287 3478 3257 14288 3313 3093 14289 3314 3094 14290 3478 3257 14291 3478 3257 14292 3314 3094 14293 3479 3258 14294 3479 3258 14295 3314 3094 14296 3480 3259 14297 3314 3094 14298 3315 3095 14299 3481 3260 14300 3481 3260 14301 3315 3095 14302 3482 3261 14303 3315 3095 14304 3316 3096 14305 3483 3262 14306 3316 3096 14307 3317 3097 14308 3483 3262 14309 3483 3262 14310 3317 3097 14311 3485 3263 14312 3485 3263 14313 3317 3097 14314 3487 3264 14315 3317 3097 14316 3318 3098 14317 3487 3264 14318 3487 3264 14319 3318 3098 14320 3488 3265 14321 3318 3098 14322 3319 3099 14323 3488 3265 14324 3488 3265 14325 3319 3099 14326 3489 3266 14327 3489 3266 14328 3319 3099 14329 3491 3267 14330 3493 3268 14331 3491 3267 14332 3494 3269 14333 3491 3267 14334 3319 3099 14335 3494 3269 14336 3319 3099 14337 3320 3100 14338 3494 3269 14339 3320 3100 14340 3321 3101 14341 3494 3269 14342 3494 3269 14343 3321 3101 14344 3495 3270 14345 3321 3101 14346 3322 3102 14347 3495 3270 14348 3495 3270 14349 3322 3102 14350 3496 3271 14351 3322 3102 14352 3323 3103 14353 3496 3271 14354 3496 3271 14355 3323 3103 14356 3497 3272 14357 3323 3103 14358 3324 3104 14359 3497 3272 14360 3497 3272 14361 3324 3104 14362 3498 3273 14363 3324 3104 14364 3325 3105 14365 3498 3273 14366 3498 3273 14367 3325 3105 14368 3499 3274 14369 3325 3105 14370 3326 3106 14371 3499 3274 14372 3499 3274 14373 3326 3106 14374 3500 3275 14375 3326 3106 14376 3327 3107 14377 3500 3275 14378 3500 3275 14379 3327 3107 14380 3501 3276 14381 3327 3107 14382 3328 3108 14383 3501 3276 14384 3501 3276 14385 3328 3108 14386 3502 3277 14387 3328 3108 14388 3329 3109 14389 3502 3277 14390 3502 3277 14391 3329 3109 14392 3503 3278 14393 3329 3109 14394 3330 3110 14395 3503 3278 14396 3503 3278 14397 3330 3110 14398 3504 3279 14399 3330 3110 14400 3331 3111 14401 3504 3279 14402 3504 3279 14403 3331 3111 14404 3505 3280 14405 3331 3111 14406 3332 3112 14407 3505 3280 14408 3505 3280 14409 3332 3112 14410 3506 3281 14411 3332 3112 14412 3333 3113 14413 3506 3281 14414 3333 3113 14415 3334 3114 14416 3506 3281 14417 3506 3281 14418 3334 3114 14419 3507 3282 14420 3507 3282 14421 3334 3114 14422 3508 3283 14423 3334 3114 14424 3336 3115 14425 3508 3283 14426 3508 3283 14427 3335 3284 14428 3510 3285 14429 3510 3285 14430 3335 3284 14431 3512 3286 14432 3335 3284 14433 3337 3287 14434 3512 3286 14435 3512 3286 14436 3337 3287 14437 3514 3288 14438 3337 3287 14439 3339 3289 14440 3514 3288 14441 3514 3288 14442 3339 3289 14443 3515 3290 14444 3339 3289 14445 3341 3118 14446 3515 3290 14447 3515 3290 14448 3341 3118 14449 3516 3291 14450 3341 3118 14451 3342 3119 14452 3516 3291 14453 3516 3291 14454 3342 3119 14455 3518 3292 14456 3342 3119 14457 3343 3293 14458 3518 3292 14459 3518 3292 14460 3343 3293 14461 3519 3294 14462 3343 3293 14463 3346 3122 14464 3519 3294 14465 3346 3122 14466 3348 3124 14467 3519 3294 14468 3520 3295 14469 3347 3296 14470 3521 3297 14471 3347 3296 14472 3349 3298 14473 3521 3297 14474 3349 3298 14475 3352 3127 14476 3521 3297 14477 3352 3127 14478 3353 3128 14479 3521 3297 14480 3521 3297 14481 3353 3128 14482 3522 3299 14483 3522 3299 14484 3353 3128 14485 3523 3300 14486 3353 3128 14487 3354 3129 14488 3523 3300 14489 3354 3129 14490 3355 3130 14491 3523 3300 14492 3523 3300 14493 3355 3130 14494 3524 3301 14495 3524 3301 14496 3355 3130 14497 3525 3302 14498 3355 3130 14499 3356 3131 14500 3525 3302 14501 3356 3131 14502 3357 3132 14503 3525 3302 14504 3525 3302 14505 3357 3132 14506 3527 3303 14507 3527 3303 14508 3357 3132 14509 3529 3304 14510 3357 3132 14511 3358 3133 14512 3529 3304 14513 3529 3304 14514 3358 3133 14515 3531 3305 14516 3358 3133 14517 3359 3134 14518 3531 3305 14519 3531 3305 14520 3359 3134 14521 3533 3306 14522 3359 3134 14523 3360 3135 14524 3533 3306 14525 3533 3306 14526 3360 3135 14527 3535 3307 14528 3360 3135 14529 3361 3136 14530 3535 3307 14531 3535 3307 14532 3361 3136 14533 3537 3308 14534 3361 3136 14535 3362 3137 14536 3537 3308 14537 3537 3308 14538 3362 3137 14539 3539 3309 14540 3362 3137 14541 3363 3138 14542 3539 3309 14543 3539 3309 14544 3363 3138 14545 3541 3310 14546 3363 3138 14547 3364 3139 14548 3541 3310 14549 3541 3310 14550 3364 3139 14551 3542 3311 14552 3364 3139 14553 3365 3140 14554 3542 3311 14555 3365 3140 14556 3367 3141 14557 3542 3311 14558 3543 0 14559 3366 0 14560 3544 0 14561 3366 2642 14562 3369 2642 14563 3544 2642 14564 3369 0 14565 3370 0 14566 3544 0 14567 3545 3312 14568 3371 3144 14569 3546 3313 14570 3546 3313 14571 3371 3144 14572 3547 3314 14573 3371 3144 14574 3372 3145 14575 3547 3314 14576 3549 3315 14577 3547 3314 14578 3551 3316 14579 3547 3314 14580 3372 3145 14581 3551 3316 14582 3551 3316 14583 3372 3145 14584 3552 3317 14585 3372 3145 14586 3373 3146 14587 3552 3317 14588 3373 3146 14589 3375 3147 14590 3552 3317 14591 3553 3318 14592 3374 3319 14593 3554 3320 14594 3374 3319 14595 3376 3321 14596 3554 3320 14597 3376 3321 14598 3379 3150 14599 3554 3320 14600 3379 3150 14601 3380 3152 14602 3554 3320 14603 3381 3322 14604 3382 3322 14605 3555 3322 14606 3555 3323 14607 3382 3323 14608 3556 3323 14609 3383 3157 14610 3384 3160 14611 3557 3324 14612 3384 3160 14613 3386 3325 14614 3557 3324 14615 3557 3324 14616 3386 3325 14617 3558 3326 14618 3387 3162 14619 3388 3163 14620 3558 3326 14621 3559 3327 14622 3558 3326 14623 3560 3328 14624 3558 3326 14625 3388 3163 14626 3560 3328 14627 3388 3163 14628 3389 3164 14629 3560 3328 14630 3389 3164 14631 3390 3165 14632 3560 3328 14633 3560 3328 14634 3390 3165 14635 3561 3329 14636 3561 3329 14637 3390 3165 14638 3562 3330 14639 3390 3165 14640 3391 3166 14641 3562 3330 14642 3391 3166 14643 3392 3168 14644 3562 3330 14645 3562 3330 14646 3392 3168 14647 3563 3331 14648 3563 3331 14649 3392 3168 14650 3564 3332 14651 3392 3168 14652 3393 3169 14653 3564 3332 14654 3393 3169 14655 3395 3333 14656 3564 3332 14657 3564 3332 14658 3395 3333 14659 3565 3334 14660 3565 3334 14661 3395 3333 14662 3566 3335 14663 3396 0 14664 3397 0 14665 3567 0 14666 3567 3336 14667 3397 3336 14668 3568 3336 14669 3398 3171 14670 3399 3172 14671 3569 3337 14672 3569 3337 14673 3399 3172 14674 3570 3338 14675 3399 3172 14676 3400 3173 14677 3570 3338 14678 3400 3173 14679 3401 3174 14680 3570 3338 14681 3570 3338 14682 3401 3174 14683 3571 3339 14684 3401 3174 14685 3402 3175 14686 3571 3339 14687 3571 3339 14688 3402 3175 14689 3572 3340 14690 3572 3340 14691 3402 3175 14692 3573 3341 14693 3402 3175 14694 3403 3176 14695 3573 3341 14696 3573 3341 14697 3403 3176 14698 3574 3342 14699 3403 3176 14700 3404 3177 14701 3574 3342 14702 3404 3177 14703 3405 3178 14704 3574 3342 14705 3574 3342 14706 3405 3178 14707 3575 3343 14708 3575 3343 14709 3405 3178 14710 3576 3344 14711 3405 3178 14712 3406 3179 14713 3576 3344 14714 3576 3344 14715 3406 3179 14716 3577 3345 14717 3406 3179 14718 3407 3180 14719 3577 3345 14720 3407 3180 14721 3408 3182 14722 3577 3345 14723 3577 3345 14724 3408 3182 14725 3578 3346 14726 3408 3182 14727 3409 3184 14728 3578 3346 14729 3578 3346 14730 3409 3184 14731 3579 3347 14732 3409 3184 14733 3410 3186 14734 3579 3347 14735 3579 3347 14736 3410 3186 14737 3580 3348 14738 3410 3186 14739 3411 3188 14740 3580 3348 14741 3580 3348 14742 3411 3188 14743 3581 3349 14744 3411 3188 14745 3412 3190 14746 3581 3349 14747 3581 3349 14748 3412 3190 14749 3582 3350 14750 3412 3190 14751 3413 3192 14752 3582 3350 14753 3582 3350 14754 3413 3192 14755 3583 3351 14756 3413 3192 14757 3414 3194 14758 3583 3351 14759 3583 3351 14760 3414 3194 14761 3584 3352 14762 3414 3194 14763 3415 3196 14764 3584 3352 14765 3584 3352 14766 3415 3196 14767 3585 3353 14768 3415 3196 14769 3416 3198 14770 3585 3353 14771 3585 3353 14772 3416 3198 14773 3586 3354 14774 3416 3198 14775 3417 3200 14776 3586 3354 14777 3586 3354 14778 3417 3200 14779 3587 3355 14780 3417 3200 14781 3418 3202 14782 3587 3355 14783 3587 3355 14784 3418 3202 14785 3588 3356 14786 3418 3202 14787 3419 3204 14788 3588 3356 14789 3588 3356 14790 3419 3204 14791 3589 3357 14792 3419 3204 14793 3420 3206 14794 3589 3357 14795 3420 3206 14796 3421 3207 14797 3589 3357 14798 3589 3357 14799 3421 3207 14800 3590 3358 14801 3421 3207 14802 3422 3208 14803 3590 3358 14804 3590 3358 14805 3422 3208 14806 3591 3359 14807 3422 3208 14808 3423 3209 14809 3591 3359 14810 3591 3359 14811 3423 3209 14812 3592 3360 14813 3423 3209 14814 3424 3210 14815 3592 3360 14816 3592 3360 14817 3424 3210 14818 3593 3361 14819 3424 3210 14820 3425 3211 14821 3593 3361 14822 3593 3361 14823 3425 3211 14824 3594 3362 14825 3425 3211 14826 3426 3212 14827 3594 3362 14828 3595 0 14829 3427 0 14830 3596 0 14831 3427 3363 14832 3428 3363 14833 3596 3363 14834 3597 3364 14835 3429 3215 14836 3598 3365 14837 3429 3215 14838 3430 3216 14839 3598 3365 14840 3598 3365 14841 3430 3216 14842 3599 3366 14843 3430 3216 14844 3431 3217 14845 3599 3366 14846 3599 3366 14847 3431 3217 14848 3600 3367 14849 3431 3217 14850 3432 3218 14851 3600 3367 14852 3600 3367 14853 3432 3218 14854 3602 3368 14855 3602 3368 14856 3432 3218 14857 3603 3369 14858 3432 3218 14859 3433 3219 14860 3603 3369 14861 3433 3219 14862 3434 3220 14863 3603 3369 14864 3603 3369 14865 3434 3220 14866 3604 3370 14867 3434 3220 14868 3436 3222 14869 3604 3370 14870 3436 3222 14871 3438 3224 14872 3604 3370 14873 3610 0 14874 3605 0 14875 3606 0 14876 3605 0 14877 3437 0 14878 3606 0 14879 3606 0 14880 3437 0 14881 3608 0 14882 3437 3371 14883 3440 3371 14884 3608 3371 14885 3440 3372 14886 3441 3372 14887 3608 3372 14888 3442 3230 14889 3443 3234 14890 3607 3373 14891 3443 3234 14892 3445 3374 14893 3607 3373 14894 3445 3374 14895 3447 3375 14896 3607 3373 14897 3607 3373 14898 3447 3375 14899 3609 3376 14900 3447 3375 14901 3449 3377 14902 3609 3376 14903 3449 3377 14904 3451 3378 14905 3609 3376 14906 3451 3378 14907 3453 3379 14908 3609 3376 14909 3609 3376 14910 3453 3379 14911 3611 3380 14912 3453 3379 14913 3455 3381 14914 3611 3380 14915 3455 3381 14916 3457 3382 14917 3611 3380 14918 3457 3382 14919 3459 3383 14920 3611 3380 14921 3611 3380 14922 3459 3383 14923 3613 3384 14924 3459 3383 14925 3461 3385 14926 3613 3384 14927 3461 3385 14928 3463 3386 14929 3613 3384 14930 3463 3386 14931 3465 3387 14932 3613 3384 14933 3613 3384 14934 3465 3387 14935 3614 3388 14936 3466 3246 14937 3467 3247 14938 3615 3389 14939 3615 3389 14940 3467 3247 14941 3617 3390 14942 3617 3390 14943 3467 3247 14944 3618 3391 14945 3467 3247 14946 3468 3248 14947 3618 3391 14948 3619 3392 14949 3618 3391 14950 3620 3393 14951 3618 3391 14952 3468 3248 14953 3620 3393 14954 3469 0 14955 3470 0 14956 3621 0 14957 3621 3394 14958 3470 3394 14959 3622 3394 14960 3471 3250 14961 3472 3251 14962 3623 3395 14963 3472 3251 14964 3473 3252 14965 3623 3395 14966 3623 3395 14967 3473 3252 14968 3625 3396 14969 3473 3252 14970 3474 3253 14971 3625 3396 14972 3625 3396 14973 3474 3253 14974 3627 3397 14975 3474 3253 14976 3475 3254 14977 3627 3397 14978 3627 3397 14979 3475 3254 14980 3629 3398 14981 3629 3398 14982 3475 3254 14983 3630 3399 14984 3475 3254 14985 3476 3255 14986 3630 3399 14987 3476 3255 14988 3477 3256 14989 3630 3399 14990 3630 3399 14991 3477 3256 14992 3631 3400 14993 3631 3400 14994 3477 3256 14995 3632 3401 14996 3477 3256 14997 3478 3257 14998 3632 3401 14999 3478 3257 15000 3479 3258 15001 3632 3401 15002 3632 3401 15003 3479 3258 15004 3633 3402 15005 3633 3402 15006 3479 3258 15007 3634 3403 15008 3479 3258 15009 3480 3259 15010 3634 3403 15011 3634 3403 15012 3480 3259 15013 3635 3404 15014 3481 3260 15015 3482 3261 15016 3636 3405 15017 3482 3261 15018 3484 3406 15019 3636 3405 15020 3636 3405 15021 3484 3406 15022 3638 3407 15023 3484 3406 15024 3486 3408 15025 3638 3407 15026 3638 3407 15027 3486 3408 15028 3640 3409 15029 3486 3408 15030 3488 3265 15031 3640 3409 15032 3488 3265 15033 3489 3266 15034 3640 3409 15035 3640 3409 15036 3489 3266 15037 3642 3410 15038 3489 3266 15039 3490 3411 15040 3642 3410 15041 3642 3410 15042 3490 3411 15043 3643 3412 15044 3643 3412 15045 3490 3411 15046 3644 3413 15047 3490 3411 15048 3492 3414 15049 3644 3413 15050 3644 3413 15051 3492 3414 15052 3646 3415 15053 3646 3415 15054 3492 3414 15055 3647 3416 15056 3493 3268 15057 3494 3269 15058 3648 3417 15059 3648 3417 15060 3494 3269 15061 3650 3418 15062 3494 3269 15063 3495 3270 15064 3650 3418 15065 3650 3418 15066 3495 3270 15067 3652 3419 15068 3495 3270 15069 3496 3271 15070 3652 3419 15071 3652 3419 15072 3496 3271 15073 3653 3420 15074 3496 3271 15075 3497 3272 15076 3653 3420 15077 3653 3420 15078 3497 3272 15079 3654 3421 15080 3654 3421 15081 3497 3272 15082 3656 3422 15083 3656 3422 15084 3497 3272 15085 3658 3423 15086 3497 3272 15087 3498 3273 15088 3658 3423 15089 3658 3423 15090 3498 3273 15091 3660 3424 15092 3498 3273 15093 3499 3274 15094 3660 3424 15095 3660 3424 15096 3499 3274 15097 3661 3425 15098 3499 3274 15099 3500 3275 15100 3661 3425 15101 3661 3425 15102 3500 3275 15103 3662 3426 15104 3662 3426 15105 3500 3275 15106 3664 3427 15107 3664 3427 15108 3500 3275 15109 3666 3428 15110 3500 3275 15111 3501 3276 15112 3666 3428 15113 3666 3428 15114 3501 3276 15115 3668 3429 15116 3501 3276 15117 3502 3277 15118 3668 3429 15119 3668 3429 15120 3502 3277 15121 3669 3430 15122 3502 3277 15123 3503 3278 15124 3669 3430 15125 3669 3430 15126 3503 3278 15127 3670 3431 15128 3670 3431 15129 3503 3278 15130 3672 3432 15131 3503 3278 15132 3504 3279 15133 3672 3432 15134 3672 3432 15135 3504 3279 15136 3674 3433 15137 3674 3433 15138 3504 3279 15139 3676 3434 15140 3504 3279 15141 3505 3280 15142 3676 3434 15143 3676 3434 15144 3505 3280 15145 3678 3435 15146 3678 3435 15147 3505 3280 15148 3679 3436 15149 3505 3280 15150 3506 3281 15151 3679 3436 15152 3506 3281 15153 3507 3282 15154 3679 3436 15155 3680 3437 15156 3507 3282 15157 3682 3438 15158 3682 3438 15159 3507 3282 15160 3683 3439 15161 3507 3282 15162 3508 3283 15163 3683 3439 15164 3508 3283 15165 3510 3285 15166 3683 3439 15167 3684 3440 15168 3509 3441 15169 3685 3442 15170 3509 3441 15171 3511 3443 15172 3685 3442 15173 3511 3443 15174 3513 3444 15175 3685 3442 15176 3685 3442 15177 3513 3444 15178 3686 3445 15179 3513 3444 15180 3515 3290 15181 3686 3445 15182 3515 3290 15183 3516 3291 15184 3686 3445 15185 3686 3445 15186 3516 3291 15187 3687 3446 15188 3516 3291 15189 3517 3447 15190 3687 3446 15191 3687 3446 15192 3517 3447 15193 3688 3448 15194 3517 3447 15195 3520 3295 15196 3688 3448 15197 3520 3295 15198 3521 3297 15199 3688 3448 15200 3688 3448 15201 3521 3297 15202 3689 3449 15203 3521 3297 15204 3522 3299 15205 3689 3449 15206 3689 3449 15207 3522 3299 15208 3690 3450 15209 3690 3450 15210 3522 3299 15211 3691 3451 15212 3522 3299 15213 3523 3300 15214 3691 3451 15215 3523 3300 15216 3524 3301 15217 3691 3451 15218 3691 3451 15219 3524 3301 15220 3693 3452 15221 3693 3452 15222 3524 3301 15223 3694 3453 15224 3524 3301 15225 3525 3302 15226 3694 3453 15227 3525 3302 15228 3527 3303 15229 3694 3453 15230 3695 0 15231 3526 0 15232 3697 0 15233 3526 3454 15234 3528 3454 15235 3697 3454 15236 3697 0 15237 3528 0 15238 3698 0 15239 3528 0 15240 3530 0 15241 3698 0 15242 3698 0 15243 3530 0 15244 3700 0 15245 3530 0 15246 3532 0 15247 3700 0 15248 3700 0 15249 3532 0 15250 3702 0 15251 3532 3455 15252 3534 3455 15253 3702 3455 15254 3702 3456 15255 3534 3456 15256 3704 3456 15257 3534 3457 15258 3536 3457 15259 3704 3457 15260 3536 3458 15261 3538 3458 15262 3704 3458 15263 3704 3459 15264 3538 3459 15265 3705 3459 15266 3538 0 15267 3540 0 15268 3705 0 15269 3540 0 15270 3543 0 15271 3705 0 15272 3543 3460 15273 3544 3460 15274 3705 3460 15275 3707 3461 15276 3706 3462 15277 3708 3463 15278 3706 3462 15279 3545 3312 15280 3708 3463 15281 3708 3463 15282 3545 3312 15283 3709 3464 15284 3545 3312 15285 3546 3313 15286 3709 3464 15287 3709 3464 15288 3546 3313 15289 3711 3465 15290 3711 3465 15291 3546 3313 15292 3712 3466 15293 3546 3313 15294 3547 3314 15295 3712 3466 15296 3547 3314 15297 3549 3315 15298 3712 3466 15299 3713 3467 15300 3548 3468 15301 3714 3469 15302 3548 3468 15303 3550 3470 15304 3714 3469 15305 3550 3470 15306 3553 3318 15307 3714 3469 15308 3553 3318 15309 3554 3320 15310 3714 3469 15311 3555 3471 15312 3556 3471 15313 3715 3471 15314 3715 3472 15315 3556 3472 15316 3716 3472 15317 3557 3324 15318 3558 3326 15319 3717 3473 15320 3558 3326 15321 3559 3327 15322 3717 3473 15323 3717 3473 15324 3559 3327 15325 3718 3474 15326 3559 3327 15327 3560 3328 15328 3719 3475 15329 3560 3328 15330 3561 3329 15331 3719 3475 15332 3719 3475 15333 3561 3329 15334 3721 3476 15335 3721 3476 15336 3561 3329 15337 3723 3477 15338 3723 3477 15339 3561 3329 15340 3724 3478 15341 3561 3329 15342 3562 3330 15343 3724 3478 15344 3562 3330 15345 3563 3331 15346 3724 3478 15347 3724 3478 15348 3563 3331 15349 3725 3479 15350 3725 3479 15351 3563 3331 15352 3726 3480 15353 3563 3331 15354 3564 3332 15355 3726 3480 15356 3564 3332 15357 3565 3334 15358 3726 3480 15359 3726 3480 15360 3565 3334 15361 3727 3481 15362 3727 3481 15363 3565 3334 15364 3728 3482 15365 3565 3334 15366 3566 3335 15367 3728 3482 15368 3728 3482 15369 3566 3335 15370 3729 3483 15371 3567 3484 15372 3568 3484 15373 3730 3484 15374 3730 3485 15375 3568 3485 15376 3731 3485 15377 3569 3337 15378 3570 3338 15379 3732 3486 15380 3570 3338 15381 3571 3339 15382 3732 3486 15383 3732 3486 15384 3571 3339 15385 3734 3487 15386 3571 3339 15387 3572 3340 15388 3734 3487 15389 3734 3487 15390 3572 3340 15391 3736 3488 15392 3736 3488 15393 3572 3340 15394 3737 3489 15395 3572 3340 15396 3573 3341 15397 3737 3489 15398 3737 3489 15399 3573 3341 15400 3738 3490 15401 3573 3341 15402 3574 3342 15403 3738 3490 15404 3574 3342 15405 3575 3343 15406 3738 3490 15407 3738 3490 15408 3575 3343 15409 3739 3491 15410 3739 3491 15411 3575 3343 15412 3740 3492 15413 3575 3343 15414 3576 3344 15415 3740 3492 15416 3740 3492 15417 3576 3344 15418 3741 3493 15419 3576 3344 15420 3577 3345 15421 3741 3493 15422 3577 3345 15423 3578 3346 15424 3741 3493 15425 3741 3493 15426 3578 3346 15427 3742 3494 15428 3578 3346 15429 3579 3347 15430 3742 3494 15431 3742 3494 15432 3579 3347 15433 3743 3495 15434 3579 3347 15435 3580 3348 15436 3743 3495 15437 3743 3495 15438 3580 3348 15439 3744 3496 15440 3580 3348 15441 3581 3349 15442 3744 3496 15443 3744 3496 15444 3581 3349 15445 3745 3497 15446 3581 3349 15447 3582 3350 15448 3745 3497 15449 3745 3497 15450 3582 3350 15451 3746 3498 15452 3582 3350 15453 3583 3351 15454 3746 3498 15455 3746 3498 15456 3583 3351 15457 3747 3499 15458 3583 3351 15459 3584 3352 15460 3747 3499 15461 3747 3499 15462 3584 3352 15463 3748 3500 15464 3584 3352 15465 3585 3353 15466 3748 3500 15467 3748 3500 15468 3585 3353 15469 3749 3501 15470 3585 3353 15471 3586 3354 15472 3749 3501 15473 3749 3501 15474 3586 3354 15475 3750 3502 15476 3586 3354 15477 3587 3355 15478 3750 3502 15479 3750 3502 15480 3587 3355 15481 3751 3503 15482 3587 3355 15483 3588 3356 15484 3751 3503 15485 3751 3503 15486 3588 3356 15487 3752 3504 15488 3588 3356 15489 3589 3357 15490 3752 3504 15491 3589 3357 15492 3590 3358 15493 3752 3504 15494 3752 3504 15495 3590 3358 15496 3753 3505 15497 3590 3358 15498 3591 3359 15499 3753 3505 15500 3753 3505 15501 3591 3359 15502 3754 3506 15503 3591 3359 15504 3592 3360 15505 3754 3506 15506 3754 3506 15507 3592 3360 15508 3755 3507 15509 3592 3360 15510 3593 3361 15511 3755 3507 15512 3755 3507 15513 3593 3361 15514 3756 3508 15515 3593 3361 15516 3594 3362 15517 3756 3508 15518 3757 0 15519 3595 0 15520 3758 0 15521 3595 3509 15522 3596 3509 15523 3758 3509 15524 3759 3510 15525 3597 3364 15526 3760 3511 15527 3597 3364 15528 3598 3365 15529 3760 3511 15530 3760 3511 15531 3598 3365 15532 3761 3512 15533 3598 3365 15534 3599 3366 15535 3761 3512 15536 3761 3512 15537 3599 3366 15538 3762 3513 15539 3599 3366 15540 3600 3367 15541 3762 3513 15542 3764 3514 15543 3762 3513 15544 3766 3515 15545 3762 3513 15546 3600 3367 15547 3766 3515 15548 3766 3515 15549 3600 3367 15550 3767 3516 15551 3600 3367 15552 3602 3368 15553 3767 3516 15554 3768 3517 15555 3601 3518 15556 3769 3519 15557 3601 3518 15558 3603 3369 15559 3769 3519 15560 3603 3369 15561 3604 3370 15562 3769 3519 15563 3605 0 15564 3610 0 15565 3770 0 15566 3610 0 15567 3612 0 15568 3770 0 15569 3770 3520 15570 3612 3520 15571 3771 3520 15572 3613 3384 15573 3614 3388 15574 3772 3521 15575 3614 3388 15576 3616 3522 15577 3772 3521 15578 3772 3521 15579 3616 3522 15580 3773 3523 15581 3617 3390 15582 3618 3391 15583 3774 3524 15584 3618 3391 15585 3619 3392 15586 3774 3524 15587 3774 3524 15588 3619 3392 15589 3776 3525 15590 3776 3525 15591 3619 3392 15592 3778 3526 15593 3778 3526 15594 3619 3392 15595 3779 3527 15596 3619 3392 15597 3620 3393 15598 3779 3527 15599 3780 3528 15600 3779 3527 15601 3781 3529 15602 3779 3527 15603 3620 3393 15604 3781 3529 15605 3621 0 15606 3622 0 15607 3782 0 15608 3622 3530 15609 3624 3530 15610 3782 3530 15611 3624 3531 15612 3626 3531 15613 3782 3531 15614 3782 3532 15615 3626 3532 15616 3784 3532 15617 3626 0 15618 3628 0 15619 3784 0 15620 3784 3533 15621 3628 3533 15622 3785 3533 15623 3629 3398 15624 3630 3399 15625 3786 3534 15626 3630 3399 15627 3631 3400 15628 3786 3534 15629 3786 3534 15630 3631 3400 15631 3788 3535 15632 3788 3535 15633 3631 3400 15634 3789 3536 15635 3631 3400 15636 3632 3401 15637 3789 3536 15638 3632 3401 15639 3633 3402 15640 3789 3536 15641 3789 3536 15642 3633 3402 15643 3790 3537 15644 3790 3537 15645 3633 3402 15646 3791 3538 15647 3633 3402 15648 3634 3403 15649 3791 3538 15650 3791 3538 15651 3634 3403 15652 3792 3539 15653 3634 3403 15654 3635 3404 15655 3792 3539 15656 3635 3404 15657 3637 3540 15658 3792 3539 15659 3637 3540 15660 3639 3541 15661 3792 3539 15662 3639 3541 15663 3641 3542 15664 3792 3539 15665 3792 3539 15666 3641 3542 15667 3793 3543 15668 3641 3542 15669 3643 3412 15670 3793 3543 15671 3643 3412 15672 3644 3413 15673 3793 3543 15674 3793 3543 15675 3644 3413 15676 3794 3544 15677 3644 3413 15678 3645 3545 15679 3794 3544 15680 3794 3544 15681 3645 3545 15682 3795 3546 15683 3795 3546 15684 3645 3545 15685 3796 3547 15686 3646 3415 15687 3647 3416 15688 3797 3548 15689 3647 3416 15690 3649 3549 15691 3797 3548 15692 3797 3548 15693 3649 3549 15694 3799 3550 15695 3649 3549 15696 3651 3551 15697 3799 3550 15698 3799 3550 15699 3651 3551 15700 3801 3552 15701 3651 3551 15702 3653 3420 15703 3801 3552 15704 3653 3420 15705 3654 3421 15706 3801 3552 15707 3801 3552 15708 3654 3421 15709 3803 3553 15710 3654 3421 15711 3655 3554 15712 3803 3553 15713 3803 3553 15714 3655 3554 15715 3805 3555 15716 3805 3555 15717 3655 3554 15718 3807 3556 15719 3655 3554 15720 3657 3557 15721 3807 3556 15722 3807 3556 15723 3657 3557 15724 3809 3558 15725 3657 3557 15726 3659 3559 15727 3809 3558 15728 3809 3558 15729 3659 3559 15730 3811 3560 15731 3659 3559 15732 3661 3425 15733 3811 3560 15734 3661 3425 15735 3662 3426 15736 3811 3560 15737 3811 3560 15738 3662 3426 15739 3813 3561 15740 3662 3426 15741 3663 3562 15742 3813 3561 15743 3813 3561 15744 3663 3562 15745 3814 3563 15746 3663 3562 15747 3665 3564 15748 3814 3563 15749 3814 3563 15750 3665 3564 15751 3815 3565 15752 3665 3564 15753 3667 3566 15754 3815 3565 15755 3815 3565 15756 3667 3566 15757 3817 3567 15758 3667 3566 15759 3669 3430 15760 3817 3567 15761 3817 3567 15762 3669 3430 15763 3819 3568 15764 3669 3430 15765 3670 3431 15766 3819 3568 15767 3819 3568 15768 3670 3431 15769 3821 3569 15770 3670 3431 15771 3671 3570 15772 3821 3569 15773 3821 3569 15774 3671 3570 15775 3823 3571 15776 3671 3570 15777 3673 3572 15778 3823 3571 15779 3823 3571 15780 3673 3572 15781 3825 3573 15782 3673 3572 15783 3675 3574 15784 3825 3573 15785 3825 3573 15786 3675 3574 15787 3826 3575 15788 3675 3574 15789 3677 3576 15790 3826 3575 15791 3826 3575 15792 3677 3576 15793 3827 3577 15794 3677 3576 15795 3680 3437 15796 3827 3577 15797 3680 3437 15798 3682 3438 15799 3827 3577 15800 3827 3577 15801 3681 3578 15802 3828 3579 15803 3828 3579 15804 3681 3578 15805 3829 3580 15806 3681 3578 15807 3684 3440 15808 3829 3580 15809 3684 3440 15810 3685 3442 15811 3829 3580 15812 3829 3580 15813 3685 3442 15814 3830 3581 15815 3830 3581 15816 3685 3442 15817 3831 3582 15818 3685 3442 15819 3686 3445 15820 3831 3582 15821 3831 3582 15822 3686 3445 15823 3832 3583 15824 3686 3445 15825 3687 3446 15826 3832 3583 15827 3832 3583 15828 3687 3446 15829 3833 3584 15830 3687 3446 15831 3688 3448 15832 3833 3584 15833 3688 3448 15834 3689 3449 15835 3833 3584 15836 3833 3584 15837 3689 3449 15838 3834 3585 15839 3689 3449 15840 3690 3450 15841 3834 3585 15842 3834 3585 15843 3690 3450 15844 3836 3586 15845 3836 3586 15846 3690 3450 15847 3837 3587 15848 3690 3450 15849 3691 3451 15850 3837 3587 15851 3691 3451 15852 3693 3452 15853 3837 3587 15854 3838 0 15855 3692 0 15856 3839 0 15857 3692 0 15858 3695 0 15859 3839 0 15860 3695 0 15861 3697 0 15862 3839 0 15863 3841 3588 15864 3840 3589 15865 3842 3590 15866 3840 3589 15867 3696 3591 15868 3842 3590 15869 3842 3590 15870 3696 3591 15871 3843 3592 15872 3843 3592 15873 3696 3591 15874 3844 3593 15875 3696 3591 15876 3699 3594 15877 3844 3593 15878 3844 3593 15879 3699 3594 15880 3845 3595 15881 3699 3594 15882 3846 3596 15883 3845 3595 15884 3845 3595 15885 3846 3596 15886 3847 3597 15887 3846 3596 15888 3701 3598 15889 3847 3597 15890 3847 3597 15891 3701 3598 15892 3848 3599 15893 3848 3599 15894 3701 3598 15895 3849 3600 15896 3701 3598 15897 3703 3601 15898 3849 3600 15899 3849 3600 15900 3703 3601 15901 3850 3602 15902 3703 3601 15903 3706 3462 15904 3850 3602 15905 3706 3462 15906 3707 3461 15907 3850 3602 15908 3850 3602 15909 3707 3461 15910 3852 3603 15911 3852 3603 15912 3707 3461 15913 3854 3604 15914 3707 3461 15915 3708 3463 15916 3854 3604 15917 3854 3604 15918 3708 3463 15919 3856 3605 15920 3708 3463 15921 3709 3464 15922 3856 3605 15923 3856 3605 15924 3709 3464 15925 3857 3606 15926 3709 3464 15927 3711 3465 15928 3857 3606 15929 3858 3607 15930 3710 3608 15931 3859 3609 15932 3710 3608 15933 3713 3467 15934 3859 3609 15935 3713 3467 15936 3714 3469 15937 3859 3609 15938 3715 0 15939 3716 0 15940 3860 0 15941 3860 3610 15942 3716 3610 15943 3861 3610 15944 3717 3473 15945 3718 3474 15946 3862 3611 15947 3718 3474 15948 3720 3612 15949 3862 3611 15950 3720 3612 15951 3722 3613 15952 3862 3611 15953 3862 3611 15954 3722 3613 15955 3863 3614 15956 3723 3477 15957 3724 3478 15958 3864 3615 15959 3864 3615 15960 3724 3478 15961 3866 3616 15962 3724 3478 15963 3725 3479 15964 3866 3616 15965 3866 3616 15966 3725 3479 15967 3867 3617 15968 3868 3618 15969 3867 3617 15970 3869 3619 15971 3867 3617 15972 3725 3479 15973 3869 3619 15974 3725 3479 15975 3726 3480 15976 3869 3619 15977 3726 3480 15978 3727 3481 15979 3869 3619 15980 3869 3619 15981 3727 3481 15982 3870 3620 15983 3870 3620 15984 3727 3481 15985 3871 3621 15986 3727 3481 15987 3728 3482 15988 3871 3621 15989 3871 3621 15990 3728 3482 15991 3872 3622 15992 3728 3482 15993 3729 3483 15994 3872 3622 15995 3872 3622 15996 3729 3483 15997 3873 3623 15998 3730 0 15999 3731 0 16000 3874 0 16001 3731 0 16002 3733 0 16003 3874 0 16004 3733 0 16005 3735 0 16006 3874 0 16007 3874 3624 16008 3735 3624 16009 3876 3624 16010 3876 3625 16011 3735 3625 16012 3877 3625 16013 3736 3488 16014 3737 3489 16015 3878 3626 16016 3878 3626 16017 3737 3489 16018 3879 3627 16019 3737 3489 16020 3738 3490 16021 3879 3627 16022 3738 3490 16023 3739 3491 16024 3879 3627 16025 3879 3627 16026 3739 3491 16027 3880 3628 16028 3880 3628 16029 3739 3491 16030 3881 3629 16031 3739 3491 16032 3740 3492 16033 3881 3629 16034 3881 3629 16035 3740 3492 16036 3882 3630 16037 3740 3492 16038 3741 3493 16039 3882 3630 16040 3741 3493 16041 3742 3494 16042 3882 3630 16043 3882 3630 16044 3742 3494 16045 3883 3631 16046 3742 3494 16047 3743 3495 16048 3883 3631 16049 3883 3631 16050 3743 3495 16051 3884 3632 16052 3743 3495 16053 3744 3496 16054 3884 3632 16055 3884 3632 16056 3744 3496 16057 3885 3633 16058 3744 3496 16059 3745 3497 16060 3885 3633 16061 3885 3633 16062 3745 3497 16063 3886 3634 16064 3745 3497 16065 3746 3498 16066 3886 3634 16067 3886 3634 16068 3746 3498 16069 3887 3635 16070 3746 3498 16071 3747 3499 16072 3887 3635 16073 3887 3635 16074 3747 3499 16075 3888 3636 16076 3747 3499 16077 3748 3500 16078 3888 3636 16079 3888 3636 16080 3748 3500 16081 3889 3637 16082 3748 3500 16083 3749 3501 16084 3889 3637 16085 3889 3637 16086 3749 3501 16087 3890 3638 16088 3749 3501 16089 3750 3502 16090 3890 3638 16091 3890 3638 16092 3750 3502 16093 3891 3639 16094 3750 3502 16095 3751 3503 16096 3891 3639 16097 3891 3639 16098 3751 3503 16099 3892 3640 16100 3751 3503 16101 3752 3504 16102 3892 3640 16103 3752 3504 16104 3753 3505 16105 3892 3640 16106 3892 3640 16107 3753 3505 16108 3893 3641 16109 3753 3505 16110 3754 3506 16111 3893 3641 16112 3893 3641 16113 3754 3506 16114 3894 3642 16115 3754 3506 16116 3755 3507 16117 3894 3642 16118 3894 3642 16119 3755 3507 16120 3895 3643 16121 3755 3507 16122 3756 3508 16123 3895 3643 16124 3896 0 16125 3757 0 16126 3897 0 16127 3757 3644 16128 3758 3644 16129 3897 3644 16130 3898 3645 16131 3759 3510 16132 3899 3646 16133 3759 3510 16134 3760 3511 16135 3899 3646 16136 3899 3646 16137 3760 3511 16138 3900 3647 16139 3760 3511 16140 3761 3512 16141 3900 3647 16142 3900 3647 16143 3761 3512 16144 3901 3648 16145 3761 3512 16146 3762 3513 16147 3901 3648 16148 3762 3513 16149 3764 3514 16150 3901 3648 16151 3902 3649 16152 3901 3648 16153 3903 3650 16154 3901 3648 16155 3764 3514 16156 3903 3650 16157 3904 3651 16158 3763 3652 16159 3905 3653 16160 3763 3652 16161 3765 3654 16162 3905 3653 16163 3765 3654 16164 3768 3517 16165 3905 3653 16166 3768 3517 16167 3769 3519 16168 3905 3653 16169 3770 0 16170 3771 0 16171 3906 0 16172 3906 0 16173 3771 0 16174 3907 0 16175 3772 3521 16176 3773 3523 16177 3908 3655 16178 3773 3523 16179 3775 3656 16180 3908 3655 16181 3775 3656 16182 3777 3657 16183 3908 3655 16184 3908 3655 16185 3777 3657 16186 3909 3658 16187 3778 3526 16188 3779 3527 16189 3910 3659 16190 3779 3527 16191 3780 3528 16192 3910 3659 16193 3910 3659 16194 3780 3528 16195 3912 3660 16196 3912 3660 16197 3780 3528 16198 3914 3661 16199 3914 3661 16200 3780 3528 16201 3915 3662 16202 3780 3528 16203 3781 3529 16204 3915 3662 16205 3781 3529 16206 3783 3663 16207 3915 3662 16208 3915 3662 16209 3783 3663 16210 3916 3664 16211 3916 3664 16212 3783 3663 16213 3917 3665 16214 3918 3666 16215 3917 3665 16216 3919 3667 16217 3917 3665 16218 3783 3663 16219 3919 3667 16220 3784 0 16221 3785 0 16222 3920 0 16223 3785 0 16224 3787 0 16225 3920 0 16226 3920 0 16227 3787 0 16228 3921 0 16229 3788 3535 16230 3789 3536 16231 3922 3668 16232 3789 3536 16233 3790 3537 16234 3922 3668 16235 3922 3668 16236 3790 3537 16237 3924 3669 16238 3924 3669 16239 3790 3537 16240 3925 3670 16241 3790 3537 16242 3791 3538 16243 3925 3670 16244 3925 3670 16245 3791 3538 16246 3926 3671 16247 3791 3538 16248 3792 3539 16249 3926 3671 16250 3792 3539 16251 3793 3543 16252 3926 3671 16253 3926 3671 16254 3793 3543 16255 3927 3672 16256 3793 3543 16257 3794 3544 16258 3927 3672 16259 3927 3672 16260 3794 3544 16261 3928 3673 16262 3794 3544 16263 3795 3546 16264 3928 3673 16265 3928 3673 16266 3795 3546 16267 3929 3674 16268 3929 3674 16269 3795 3546 16270 3930 3675 16271 3795 3546 16272 3796 3547 16273 3930 3675 16274 3796 3547 16275 3798 3676 16276 3930 3675 16277 3798 3676 16278 3800 3677 16279 3930 3675 16280 3800 3677 16281 3802 3678 16282 3930 3675 16283 3930 3675 16284 3802 3678 16285 3931 3679 16286 3802 3678 16287 3804 3680 16288 3931 3679 16289 3931 3679 16290 3804 3680 16291 3932 3681 16292 3804 3680 16293 3806 3682 16294 3932 3681 16295 3806 3682 16296 3808 3683 16297 3932 3681 16298 3932 3681 16299 3808 3683 16300 3933 3684 16301 3808 3683 16302 3810 3685 16303 3933 3684 16304 3933 3684 16305 3810 3685 16306 3934 3686 16307 3810 3685 16308 3812 3687 16309 3934 3686 16310 3812 3687 16311 3814 3563 16312 3934 3686 16313 3814 3563 16314 3815 3565 16315 3934 3686 16316 3934 3686 16317 3815 3565 16318 3935 3688 16319 3815 3565 16320 3816 3689 16321 3935 3688 16322 3935 3688 16323 3816 3689 16324 3936 3690 16325 3816 3689 16326 3818 3691 16327 3936 3690 16328 3818 3691 16329 3820 3692 16330 3936 3690 16331 3936 3690 16332 3820 3692 16333 3937 3693 16334 3820 3692 16335 3822 3694 16336 3937 3693 16337 3937 3693 16338 3822 3694 16339 3938 3695 16340 3822 3694 16341 3824 3696 16342 3938 3695 16343 3824 3696 16344 3826 3575 16345 3938 3695 16346 3826 3575 16347 3827 3577 16348 3938 3695 16349 3827 3577 16350 3828 3579 16351 3938 3695 16352 3938 3695 16353 3828 3579 16354 3939 3697 16355 3939 3697 16356 3828 3579 16357 3940 3698 16358 3828 3579 16359 3829 3580 16360 3940 3698 16361 3829 3580 16362 3830 3581 16363 3940 3698 16364 3940 3698 16365 3830 3581 16366 3941 3699 16367 3941 3699 16368 3830 3581 16369 3942 3700 16370 3830 3581 16371 3831 3582 16372 3942 3700 16373 3942 3700 16374 3831 3582 16375 3943 3701 16376 3831 3582 16377 3832 3583 16378 3943 3701 16379 3943 3701 16380 3832 3583 16381 3944 3702 16382 3832 3583 16383 3833 3584 16384 3944 3702 16385 3833 3584 16386 3834 3585 16387 3944 3702 16388 3944 3702 16389 3834 3585 16390 3945 3703 16391 3834 3585 16392 3836 3586 16393 3945 3703 16394 3946 3704 16395 3835 3704 16396 3947 3704 16397 3835 0 16398 3838 0 16399 3947 0 16400 3838 3705 16401 3839 3705 16402 3947 3705 16403 3948 3706 16404 3840 3589 16405 3949 3707 16406 3949 3707 16407 3840 3589 16408 3950 3708 16409 3840 3589 16410 3841 3588 16411 3950 3708 16412 3950 3708 16413 3841 3588 16414 3952 3709 16415 3952 3709 16416 3841 3588 16417 3954 3710 16418 3841 3588 16419 3842 3590 16420 3954 3710 16421 3954 3710 16422 3842 3590 16423 3956 3711 16424 3842 3590 16425 3843 3592 16426 3956 3711 16427 3956 3711 16428 3843 3592 16429 3958 3712 16430 3958 3712 16431 3843 3592 16432 3960 3713 16433 3843 3592 16434 3844 3593 16435 3960 3713 16436 3960 3713 16437 3844 3593 16438 3962 3714 16439 3844 3593 16440 3845 3595 16441 3962 3714 16442 3962 3714 16443 3845 3595 16444 3964 3715 16445 3964 3715 16446 3845 3595 16447 3966 3716 16448 3845 3595 16449 3847 3597 16450 3966 3716 16451 3966 3716 16452 3847 3597 16453 3968 3717 16454 3847 3597 16455 3848 3599 16456 3968 3717 16457 3968 3717 16458 3848 3599 16459 3970 3718 16460 3970 3718 16461 3848 3599 16462 3972 3719 16463 3848 3599 16464 3849 3600 16465 3972 3719 16466 3972 3719 16467 3849 3600 16468 3973 3720 16469 3849 3600 16470 3850 3602 16471 3973 3720 16472 3850 3602 16473 3852 3603 16474 3973 3720 16475 3974 3721 16476 3851 3722 16477 3975 3723 16478 3851 3722 16479 3853 3724 16480 3975 3723 16481 3853 3724 16482 3855 3725 16483 3975 3723 16484 3855 3725 16485 3858 3607 16486 3975 3723 16487 3858 3607 16488 3859 3609 16489 3975 3723 16490 3860 0 16491 3861 0 16492 3976 0 16493 3976 3726 16494 3861 3726 16495 3977 3726 16496 3862 3611 16497 3863 3614 16498 3978 3727 16499 3863 3614 16500 3865 3728 16501 3978 3727 16502 3865 3728 16503 3867 3617 16504 3978 3727 16505 3978 3727 16506 3867 3617 16507 3980 3729 16508 3867 3617 16509 3868 3618 16510 3980 3729 16511 3980 3729 16512 3868 3618 16513 3981 3730 16514 3868 3618 16515 3869 3619 16516 3982 3731 16517 3869 3619 16518 3870 3620 16519 3982 3731 16520 3982 3731 16521 3870 3620 16522 3984 3732 16523 3984 3732 16524 3870 3620 16525 3986 3733 16526 3986 3733 16527 3870 3620 16528 3987 3734 16529 3870 3620 16530 3871 3621 16531 3987 3734 16532 3987 3734 16533 3871 3621 16534 3988 3735 16535 3871 3621 16536 3872 3622 16537 3988 3735 16538 3988 3735 16539 3872 3622 16540 3989 3736 16541 3872 3622 16542 3873 3623 16543 3989 3736 16544 3873 3623 16545 3875 3737 16546 3989 3736 16547 3989 3736 16548 3875 3737 16549 3990 3738 16550 3990 3738 16551 3875 3737 16552 3991 3739 16553 3876 3740 16554 3877 3740 16555 3992 3740 16556 3992 3741 16557 3877 3741 16558 3993 3741 16559 3878 3626 16560 3879 3627 16561 3994 3742 16562 3879 3627 16563 3880 3628 16564 3994 3742 16565 3994 3742 16566 3880 3628 16567 3996 3743 16568 3996 3743 16569 3880 3628 16570 3997 3744 16571 3880 3628 16572 3881 3629 16573 3997 3744 16574 3997 3744 16575 3881 3629 16576 3998 3745 16577 3881 3629 16578 3882 3630 16579 3998 3745 16580 3882 3630 16581 3883 3631 16582 3998 3745 16583 3998 3745 16584 3883 3631 16585 3999 3746 16586 3883 3631 16587 3884 3632 16588 3999 3746 16589 3999 3746 16590 3884 3632 16591 4000 3747 16592 3884 3632 16593 3885 3633 16594 4000 3747 16595 4000 3747 16596 3885 3633 16597 4001 3748 16598 3885 3633 16599 3886 3634 16600 4001 3748 16601 4001 3748 16602 3886 3634 16603 4002 3749 16604 3886 3634 16605 3887 3635 16606 4002 3749 16607 4002 3749 16608 3887 3635 16609 4003 3750 16610 3887 3635 16611 3888 3636 16612 4003 3750 16613 4003 3750 16614 3888 3636 16615 4004 3751 16616 3888 3636 16617 3889 3637 16618 4004 3751 16619 4004 3751 16620 3889 3637 16621 4005 3752 16622 3889 3637 16623 3890 3638 16624 4005 3752 16625 4005 3752 16626 3890 3638 16627 4006 3753 16628 3890 3638 16629 3891 3639 16630 4006 3753 16631 4006 3753 16632 3891 3639 16633 4007 3754 16634 3891 3639 16635 3892 3640 16636 4007 3754 16637 3892 3640 16638 3893 3641 16639 4007 3754 16640 4007 3754 16641 3893 3641 16642 4008 3755 16643 3893 3641 16644 3894 3642 16645 4008 3755 16646 4008 3755 16647 3894 3642 16648 4009 3756 16649 3894 3642 16650 3895 3643 16651 4009 3756 16652 4010 0 16653 3896 0 16654 4011 0 16655 3896 0 16656 3897 0 16657 4011 0 16658 4012 3757 16659 3898 3645 16660 4013 3758 16661 3898 3645 16662 3899 3646 16663 4013 3758 16664 4013 3758 16665 3899 3646 16666 4014 3759 16667 3899 3646 16668 3900 3647 16669 4014 3759 16670 4014 3759 16671 3900 3647 16672 4015 3760 16673 3900 3647 16674 3901 3648 16675 4015 3760 16676 4017 3761 16677 4015 3760 16678 4018 3762 16679 4015 3760 16680 3901 3648 16681 4018 3762 16682 3901 3648 16683 3902 3649 16684 4018 3762 16685 4018 3762 16686 3902 3649 16687 4019 3763 16688 3902 3649 16689 3904 3651 16690 4019 3763 16691 3904 3651 16692 3905 3653 16693 4019 3763 16694 3906 0 16695 3907 0 16696 4020 0 16697 4020 3764 16698 3907 3764 16699 4021 3764 16700 3908 3655 16701 3909 3658 16702 4022 3765 16703 3909 3658 16704 3911 3766 16705 4022 3765 16706 3911 3766 16707 3913 3767 16708 4022 3765 16709 4022 3765 16710 3913 3767 16711 4023 3768 16712 3914 3661 16713 3915 3662 16714 4024 3769 16715 3915 3662 16716 3916 3664 16717 4024 3769 16718 4024 3769 16719 3916 3664 16720 4026 3770 16721 3916 3664 16722 3917 3665 16723 4026 3770 16724 4026 3770 16725 3917 3665 16726 4028 3771 16727 3917 3665 16728 3918 3666 16729 4028 3771 16730 4028 3771 16731 3918 3666 16732 4030 3772 16733 4030 3772 16734 3918 3666 16735 4031 3773 16736 3918 3666 16737 3919 3667 16738 4031 3773 16739 4031 3773 16740 3919 3667 16741 4032 3774 16742 3920 0 16743 3921 0 16744 4033 0 16745 3921 0 16746 3923 0 16747 4033 0 16748 4033 3775 16749 3923 3775 16750 4034 3775 16751 3924 3669 16752 3925 3670 16753 4035 3776 16754 4035 3776 16755 3925 3670 16756 4036 3777 16757 3925 3670 16758 3926 3671 16759 4036 3777 16760 3926 3671 16761 3927 3672 16762 4036 3777 16763 4036 3777 16764 3927 3672 16765 4037 3778 16766 3927 3672 16767 3928 3673 16768 4037 3778 16769 4037 3778 16770 3928 3673 16771 4038 3779 16772 3928 3673 16773 3929 3674 16774 4038 3779 16775 4038 3779 16776 3929 3674 16777 4039 3780 16778 4039 3780 16779 3929 3674 16780 4040 3781 16781 3929 3674 16782 3930 3675 16783 4040 3781 16784 3930 3675 16785 3931 3679 16786 4040 3781 16787 4040 3781 16788 3931 3679 16789 4041 3782 16790 3931 3679 16791 3932 3681 16792 4041 3782 16793 4041 3782 16794 3932 3681 16795 4042 3783 16796 3932 3681 16797 3933 3684 16798 4042 3783 16799 4042 3783 16800 3933 3684 16801 4043 3784 16802 3933 3684 16803 3934 3686 16804 4043 3784 16805 4043 3784 16806 3934 3686 16807 4044 3785 16808 3934 3686 16809 3935 3688 16810 4044 3785 16811 4044 3785 16812 3935 3688 16813 4045 3786 16814 3935 3688 16815 3936 3690 16816 4045 3786 16817 4045 3786 16818 3936 3690 16819 4046 3787 16820 3936 3690 16821 3937 3693 16822 4046 3787 16823 4046 3787 16824 3937 3693 16825 4047 3788 16826 3937 3693 16827 3938 3695 16828 4047 3788 16829 3938 3695 16830 3939 3697 16831 4047 3788 16832 4047 3788 16833 3939 3697 16834 4048 3789 16835 4048 3789 16836 3939 3697 16837 4049 3790 16838 3939 3697 16839 3940 3698 16840 4049 3790 16841 3940 3698 16842 3941 3699 16843 4049 3790 16844 4049 3790 16845 3941 3699 16846 4051 3791 16847 4051 3791 16848 3941 3699 16849 4053 3792 16850 3941 3699 16851 3942 3700 16852 4053 3792 16853 4053 3792 16854 3942 3700 16855 4055 3793 16856 3942 3700 16857 3943 3701 16858 4055 3793 16859 4055 3793 16860 3943 3701 16861 4056 3794 16862 3943 3701 16863 3944 3702 16864 4056 3794 16865 3944 3702 16866 3945 3703 16867 4056 3794 16868 4057 3795 16869 3946 3795 16870 4058 3795 16871 3946 3796 16872 3947 3796 16873 4058 3796 16874 4060 3797 16875 4059 3798 16876 4061 3799 16877 4059 3798 16878 3948 3706 16879 4061 3799 16880 3948 3706 16881 3949 3707 16882 4061 3799 16883 4063 3800 16884 4061 3799 16885 4065 3801 16886 4061 3799 16887 3949 3707 16888 4065 3801 16889 4065 3801 16890 3949 3707 16891 4066 3802 16892 3949 3707 16893 3950 3708 16894 4066 3802 16895 3950 3708 16896 3952 3709 16897 4066 3802 16898 4067 3803 16899 3951 3804 16900 4069 3805 16901 3951 3804 16902 3953 3806 16903 4069 3805 16904 3953 3806 16905 3955 3807 16906 4069 3805 16907 3955 3807 16908 3957 3808 16909 4069 3805 16910 4069 3805 16911 3957 3808 16912 4074 3809 16913 3957 3808 16914 3959 3810 16915 4074 3809 16916 3959 3810 16917 3961 3811 16918 4074 3809 16919 4074 3809 16920 3961 3811 16921 4070 3812 16922 3961 3811 16923 3963 3813 16924 4070 3812 16925 3963 3813 16926 3965 3814 16927 4070 3812 16928 3965 3814 16929 3967 3815 16930 4070 3812 16931 4070 3812 16932 3967 3815 16933 4072 3816 16934 3967 3815 16935 3969 3817 16936 4072 3816 16937 3969 3817 16938 3971 3818 16939 4072 3816 16940 3971 3818 16941 3974 3721 16942 4072 3816 16943 3974 3721 16944 3975 3723 16945 4072 3816 16946 3976 0 16947 3977 0 16948 4071 0 16949 3977 0 16950 3979 0 16951 4071 0 16952 4071 0 16953 3979 0 16954 4073 0 16955 4075 0 16956 4073 0 16957 4076 0 16958 4073 0 16959 3979 0 16960 4076 0 16961 3980 3729 16962 3981 3730 16963 4077 3819 16964 3981 3730 16965 3983 3820 16966 4077 3819 16967 3983 3820 16968 3985 3821 16969 4077 3819 16970 4077 3819 16971 3985 3821 16972 4078 3822 16973 3986 3733 16974 3987 3734 16975 4079 3823 16976 4079 3823 16977 3987 3734 16978 4081 3824 16979 4081 3824 16980 3987 3734 16981 4082 3825 16982 3987 3734 16983 3988 3735 16984 4082 3825 16985 4082 3825 16986 3988 3735 16987 4083 3826 16988 3988 3735 16989 3989 3736 16990 4083 3826 16991 3989 3736 16992 3990 3738 16993 4083 3826 16994 4083 3826 16995 3990 3738 16996 4084 3827 16997 4084 3827 16998 3990 3738 16999 4085 3828 17000 3990 3738 17001 3991 3739 17002 4085 3828 17003 4085 3828 17004 3991 3739 17005 4086 3829 17006 3992 0 17007 3993 0 17008 4087 0 17009 3993 0 17010 3995 0 17011 4087 0 17012 4087 0 17013 3995 0 17014 4089 0 17015 4089 3830 17016 3995 3830 17017 4090 3830 17018 3996 3743 17019 3997 3744 17020 4091 3831 17021 4091 3831 17022 3997 3744 17023 4092 3832 17024 3997 3744 17025 3998 3745 17026 4092 3832 17027 3998 3745 17028 3999 3746 17029 4092 3832 17030 4092 3832 17031 3999 3746 17032 4093 3833 17033 3999 3746 17034 4000 3747 17035 4093 3833 17036 4093 3833 17037 4000 3747 17038 4094 3834 17039 4000 3747 17040 4001 3748 17041 4094 3834 17042 4094 3834 17043 4001 3748 17044 4095 3835 17045 4001 3748 17046 4002 3749 17047 4095 3835 17048 4095 3835 17049 4002 3749 17050 4096 3836 17051 4002 3749 17052 4003 3750 17053 4096 3836 17054 4096 3836 17055 4003 3750 17056 4097 3837 17057 4003 3750 17058 4004 3751 17059 4097 3837 17060 4097 3837 17061 4004 3751 17062 4098 3838 17063 4004 3751 17064 4005 3752 17065 4098 3838 17066 4098 3838 17067 4005 3752 17068 4099 3839 17069 4005 3752 17070 4006 3753 17071 4099 3839 17072 4099 3839 17073 4006 3753 17074 4100 3840 17075 4006 3753 17076 4007 3754 17077 4100 3840 17078 4007 3754 17079 4008 3755 17080 4100 3840 17081 4100 3840 17082 4008 3755 17083 4101 3841 17084 4008 3755 17085 4009 3756 17086 4101 3841 17087 4102 0 17088 4010 0 17089 4103 0 17090 4010 3842 17091 4011 3842 17092 4103 3842 17093 4104 3843 17094 4012 3757 17095 4105 3844 17096 4012 3757 17097 4013 3758 17098 4105 3844 17099 4105 3844 17100 4013 3758 17101 4106 3845 17102 4013 3758 17103 4014 3759 17104 4106 3845 17105 4106 3845 17106 4014 3759 17107 4107 3846 17108 4014 3759 17109 4015 3760 17110 4107 3846 17111 4015 3760 17112 4017 3761 17113 4107 3846 17114 4109 3847 17115 4107 3846 17116 4110 3848 17117 4107 3846 17118 4017 3761 17119 4110 3848 17120 4111 3849 17121 4016 3850 17122 4112 3851 17123 4016 3850 17124 4018 3762 17125 4112 3851 17126 4018 3762 17127 4019 3763 17128 4112 3851 17129 4020 0 17130 4021 0 17131 4113 0 17132 4113 3852 17133 4021 3852 17134 4114 3852 17135 4022 3765 17136 4023 3768 17137 4115 3853 17138 4023 3768 17139 4025 3854 17140 4115 3853 17141 4025 3854 17142 4027 3855 17143 4115 3853 17144 4027 3855 17145 4029 3856 17146 4115 3853 17147 4115 3853 17148 4029 3856 17149 4116 3857 17150 4030 3772 17151 4031 3773 17152 4117 3858 17153 4117 3858 17154 4031 3773 17155 4119 3859 17156 4119 3859 17157 4031 3773 17158 4120 3860 17159 4031 3773 17160 4032 3774 17161 4120 3860 17162 4120 3860 17163 4032 3774 17164 4121 3861 17165 4121 3861 17166 4032 3774 17167 4122 3862 17168 4033 3863 17169 4034 3863 17170 4123 3863 17171 4123 0 17172 4034 0 17173 4124 0 17174 4035 3776 17175 4036 3777 17176 4125 3864 17177 4036 3777 17178 4037 3778 17179 4125 3864 17180 4125 3864 17181 4037 3778 17182 4127 3865 17183 4037 3778 17184 4038 3779 17185 4127 3865 17186 4127 3865 17187 4038 3779 17188 4129 3866 17189 4038 3779 17190 4039 3780 17191 4129 3866 17192 4129 3866 17193 4039 3780 17194 4131 3867 17195 4131 3867 17196 4039 3780 17197 4132 3868 17198 4039 3780 17199 4040 3781 17200 4132 3868 17201 4040 3781 17202 4041 3782 17203 4132 3868 17204 4132 3868 17205 4041 3782 17206 4133 3869 17207 4041 3782 17208 4042 3783 17209 4133 3869 17210 4133 3869 17211 4042 3783 17212 4134 3870 17213 4042 3783 17214 4043 3784 17215 4134 3870 17216 4134 3870 17217 4043 3784 17218 4135 3871 17219 4043 3784 17220 4044 3785 17221 4135 3871 17222 4135 3871 17223 4044 3785 17224 4136 3872 17225 4044 3785 17226 4045 3786 17227 4136 3872 17228 4136 3872 17229 4045 3786 17230 4137 3873 17231 4045 3786 17232 4046 3787 17233 4137 3873 17234 4137 3873 17235 4046 3787 17236 4138 3874 17237 4046 3787 17238 4047 3788 17239 4138 3874 17240 4047 3788 17241 4048 3789 17242 4138 3874 17243 4138 3874 17244 4048 3789 17245 4140 3875 17246 4140 3875 17247 4048 3789 17248 4141 3876 17249 4048 3789 17250 4049 3790 17251 4141 3876 17252 4049 3790 17253 4051 3791 17254 4141 3876 17255 4142 0 17256 4050 0 17257 4144 0 17258 4050 0 17259 4052 0 17260 4144 0 17261 4144 0 17262 4052 0 17263 4145 0 17264 4052 0 17265 4054 0 17266 4145 0 17267 4054 0 17268 4057 0 17269 4145 0 17270 4057 0 17271 4058 0 17272 4145 0 17273 4147 3877 17274 4146 3878 17275 4148 3879 17276 4146 3878 17277 4059 3798 17278 4148 3879 17279 4059 3798 17280 4060 3797 17281 4148 3879 17282 4150 3880 17283 4148 3879 17284 4152 3881 17285 4148 3879 17286 4060 3797 17287 4152 3881 17288 4152 3881 17289 4060 3797 17290 4153 3882 17291 4060 3797 17292 4061 3799 17293 4153 3882 17294 4061 3799 17295 4063 3800 17296 4153 3882 17297 4154 3883 17298 4062 3884 17299 4155 3885 17300 4062 3884 17301 4064 3886 17302 4155 3885 17303 4064 3886 17304 4067 3803 17305 4155 3885 17306 4067 3803 17307 4069 3805 17308 4155 3885 17309 4156 0 17310 4068 0 17311 4157 0 17312 4068 0 17313 4075 0 17314 4157 0 17315 4075 3887 17316 4076 3887 17317 4157 3887 17318 4077 3819 17319 4078 3822 17320 4158 3888 17321 4078 3822 17322 4080 3889 17323 4158 3888 17324 4158 3888 17325 4080 3889 17326 4159 3890 17327 4081 3824 17328 4082 3825 17329 4159 3890 17330 4160 3891 17331 4159 3890 17332 4161 3892 17333 4159 3890 17334 4082 3825 17335 4161 3892 17336 4082 3825 17337 4083 3826 17338 4161 3892 17339 4083 3826 17340 4084 3827 17341 4161 3892 17342 4161 3892 17343 4084 3827 17344 4162 3893 17345 4162 3893 17346 4084 3827 17347 4163 3894 17348 4084 3827 17349 4085 3828 17350 4163 3894 17351 4163 3894 17352 4085 3828 17353 4164 3895 17354 4085 3828 17355 4086 3829 17356 4164 3895 17357 4086 3829 17358 4088 3896 17359 4164 3895 17360 4164 3895 17361 4088 3896 17362 4165 3897 17363 4165 3897 17364 4088 3896 17365 4166 3898 17366 4089 3899 17367 4090 3899 17368 4167 3899 17369 4167 0 17370 4090 0 17371 4168 0 17372 4091 3831 17373 4092 3832 17374 4169 3900 17375 4092 3832 17376 4093 3833 17377 4169 3900 17378 4169 3900 17379 4093 3833 17380 4171 3901 17381 4093 3833 17382 4094 3834 17383 4171 3901 17384 4171 3901 17385 4094 3834 17386 4173 3902 17387 4094 3834 17388 4095 3835 17389 4173 3902 17390 4173 3902 17391 4095 3835 17392 4175 3903 17393 4095 3835 17394 4096 3836 17395 4175 3903 17396 4175 3903 17397 4096 3836 17398 4177 3904 17399 4096 3836 17400 4097 3837 17401 4177 3904 17402 4177 3904 17403 4097 3837 17404 4179 3905 17405 4097 3837 17406 4098 3838 17407 4179 3905 17408 4179 3905 17409 4098 3838 17410 4181 3906 17411 4098 3838 17412 4099 3839 17413 4181 3906 17414 4181 3906 17415 4099 3839 17416 4182 3907 17417 4099 3839 17418 4100 3840 17419 4182 3907 17420 4100 3840 17421 4101 3841 17422 4182 3907 17423 4183 3908 17424 4102 3908 17425 4184 3908 17426 4102 3909 17427 4103 3909 17428 4184 3909 17429 4185 3910 17430 4104 3843 17431 4186 3911 17432 4104 3843 17433 4105 3844 17434 4186 3911 17435 4186 3911 17436 4105 3844 17437 4187 3912 17438 4105 3844 17439 4106 3845 17440 4187 3912 17441 4187 3912 17442 4106 3845 17443 4188 3913 17444 4106 3845 17445 4107 3846 17446 4188 3913 17447 4107 3846 17448 4109 3847 17449 4188 3913 17450 4188 3913 17451 4109 3847 17452 4189 3914 17453 4192 3915 17454 4190 3916 17455 4193 3917 17456 4190 3916 17457 4108 3918 17458 4193 3917 17459 4108 3918 17460 4111 3849 17461 4193 3917 17462 4111 3849 17463 4112 3851 17464 4193 3917 17465 4113 3919 17466 4114 3919 17467 4194 3919 17468 4194 3920 17469 4114 3920 17470 4195 3920 17471 4115 3853 17472 4116 3857 17473 4196 3921 17474 4116 3857 17475 4118 3922 17476 4196 3921 17477 4196 3921 17478 4118 3922 17479 4197 3923 17480 4119 3859 17481 4120 3860 17482 4198 3924 17483 4120 3860 17484 4121 3861 17485 4198 3924 17486 4198 3924 17487 4121 3861 17488 4200 3925 17489 4200 3925 17490 4121 3861 17491 4202 3926 17492 4202 3926 17493 4121 3861 17494 4203 3927 17495 4121 3861 17496 4122 3862 17497 4203 3927 17498 4203 3927 17499 4122 3862 17500 4204 3928 17501 4204 3928 17502 4122 3862 17503 4205 3929 17504 4123 0 17505 4124 0 17506 4206 0 17507 4124 0 17508 4126 0 17509 4206 0 17510 4126 0 17511 4128 0 17512 4206 0 17513 4206 0 17514 4128 0 17515 4208 0 17516 4128 3930 17517 4130 3930 17518 4208 3930 17519 4208 0 17520 4130 0 17521 4209 0 17522 4131 3867 17523 4132 3868 17524 4210 3931 17525 4132 3868 17526 4133 3869 17527 4210 3931 17528 4210 3931 17529 4133 3869 17530 4212 3932 17531 4133 3869 17532 4134 3870 17533 4212 3932 17534 4212 3932 17535 4134 3870 17536 4214 3933 17537 4134 3870 17538 4135 3871 17539 4214 3933 17540 4214 3933 17541 4135 3871 17542 4216 3934 17543 4135 3871 17544 4136 3872 17545 4216 3934 17546 4216 3934 17547 4136 3872 17548 4218 3935 17549 4136 3872 17550 4137 3873 17551 4218 3935 17552 4218 3935 17553 4137 3873 17554 4219 3936 17555 4137 3873 17556 4138 3874 17557 4219 3936 17558 4138 3874 17559 4140 3875 17560 4219 3936 17561 4220 0 17562 4139 0 17563 4221 0 17564 4139 0 17565 4142 0 17566 4221 0 17567 4142 3937 17568 4144 3937 17569 4221 3937 17570 4222 3938 17571 4143 3939 17572 4223 3940 17573 4223 3940 17574 4143 3939 17575 4224 3941 17576 4224 3941 17577 4143 3939 17578 4225 3942 17579 4143 3939 17580 4146 3878 17581 4225 3942 17582 4146 3878 17583 4147 3877 17584 4225 3942 17585 4225 3942 17586 4147 3877 17587 4227 3943 17588 4227 3943 17589 4147 3877 17590 4228 3944 17591 4147 3877 17592 4148 3879 17593 4228 3944 17594 4148 3879 17595 4150 3880 17596 4228 3944 17597 4229 3945 17598 4149 3946 17599 4230 3947 17600 4149 3946 17601 4151 3948 17602 4230 3947 17603 4151 3948 17604 4154 3883 17605 4230 3947 17606 4154 3883 17607 4155 3885 17608 4230 3947 17609 4231 0 17610 4156 0 17611 4232 0 17612 4156 3949 17613 4157 3949 17614 4232 3949 17615 4158 3888 17616 4159 3890 17617 4233 3950 17618 4159 3890 17619 4160 3891 17620 4233 3950 17621 4233 3950 17622 4160 3891 17623 4234 3951 17624 4160 3891 17625 4161 3892 17626 4235 3952 17627 4161 3892 17628 4162 3893 17629 4235 3952 17630 4235 3952 17631 4162 3893 17632 4237 3953 17633 4237 3953 17634 4162 3893 17635 4239 3954 17636 4239 3954 17637 4162 3893 17638 4240 3955 17639 4162 3893 17640 4163 3894 17641 4240 3955 17642 4240 3955 17643 4163 3894 17644 4241 3956 17645 4163 3894 17646 4164 3895 17647 4241 3956 17648 4164 3895 17649 4165 3897 17650 4241 3956 17651 4241 3956 17652 4165 3897 17653 4242 3957 17654 4242 3957 17655 4165 3897 17656 4243 3958 17657 4165 3897 17658 4166 3898 17659 4243 3958 17660 4243 3958 17661 4166 3898 17662 4244 3959 17663 4167 0 17664 4168 0 17665 4245 0 17666 4168 0 17667 4170 0 17668 4245 0 17669 4245 0 17670 4170 0 17671 4247 0 17672 4170 0 17673 4172 0 17674 4247 0 17675 4247 3960 17676 4172 3960 17677 4249 3960 17678 4172 3961 17679 4174 3961 17680 4249 3961 17681 4249 0 17682 4174 0 17683 4251 0 17684 4174 0 17685 4176 0 17686 4251 0 17687 4251 0 17688 4176 0 17689 4253 0 17690 4176 3962 17691 4178 3962 17692 4253 3962 17693 4178 0 17694 4180 0 17695 4253 0 17696 4253 3963 17697 4180 3963 17698 4254 3963 17699 4180 3964 17700 4183 3964 17701 4254 3964 17702 4183 3965 17703 4184 3965 17704 4254 3965 17705 4255 3966 17706 4185 3910 17707 4256 3967 17708 4185 3910 17709 4186 3911 17710 4256 3967 17711 4256 3967 17712 4186 3911 17713 4257 3968 17714 4186 3911 17715 4187 3912 17716 4257 3968 17717 4257 3968 17718 4187 3912 17719 4258 3969 17720 4187 3912 17721 4188 3913 17722 4258 3969 17723 4188 3913 17724 4189 3914 17725 4258 3969 17726 4189 3914 17727 4191 3970 17728 4258 3969 17729 4191 3970 17730 4259 3971 17731 4258 3969 17732 4258 3969 17733 4259 3971 17734 4260 3972 17735 4260 3972 17736 4259 3971 17737 4261 3973 17738 4259 3971 17739 4192 3915 17740 4261 3973 17741 4192 3915 17742 4193 3917 17743 4261 3973 17744 4194 0 17745 4195 0 17746 4262 0 17747 4262 0 17748 4195 0 17749 4263 0 17750 4196 3921 17751 4197 3923 17752 4264 3974 17753 4197 3923 17754 4199 3975 17755 4264 3974 17756 4199 3975 17757 4201 3976 17758 4264 3974 17759 4264 3974 17760 4201 3976 17761 4265 3977 17762 4202 3926 17763 4203 3927 17764 4266 3978 17765 4203 3927 17766 4204 3928 17767 4266 3978 17768 4266 3978 17769 4204 3928 17770 4268 3979 17771 4268 3979 17772 4204 3928 17773 4270 3980 17774 4270 3980 17775 4204 3928 17776 4271 3981 17777 4204 3928 17778 4205 3929 17779 4271 3981 17780 4271 3981 17781 4205 3929 17782 4272 3982 17783 4205 3929 17784 4207 3983 17785 4272 3982 17786 4272 3982 17787 4207 3983 17788 4274 3984 17789 4275 3985 17790 4274 3984 17791 4276 3986 17792 4274 3984 17793 4207 3983 17794 4276 3986 17795 4208 3987 17796 4209 3987 17797 4277 3987 17798 4209 3988 17799 4211 3988 17800 4277 3988 17801 4211 3989 17802 4213 3989 17803 4277 3989 17804 4277 0 17805 4213 0 17806 4279 0 17807 4213 0 17808 4215 0 17809 4279 0 17810 4279 3990 17811 4215 3990 17812 4280 3990 17813 4215 0 17814 4217 0 17815 4280 0 17816 4217 0 17817 4220 0 17818 4280 0 17819 4220 3991 17820 4221 3991 17821 4280 3991 17822 4281 3992 17823 4222 3938 17824 4282 3993 17825 4282 3993 17826 4222 3938 17827 4283 3994 17828 4222 3938 17829 4223 3940 17830 4283 3994 17831 4283 3994 17832 4223 3940 17833 4285 3995 17834 4285 3995 17835 4223 3940 17836 4287 3996 17837 4223 3940 17838 4224 3941 17839 4287 3996 17840 4287 3996 17841 4224 3941 17842 4289 3997 17843 4224 3941 17844 4225 3942 17845 4289 3997 17846 4289 3997 17847 4225 3942 17848 4290 3998 17849 4225 3942 17850 4227 3943 17851 4290 3998 17852 4291 3999 17853 4226 4000 17854 4292 4001 17855 4226 4000 17856 4229 3945 17857 4292 4001 17858 4229 3945 17859 4230 3947 17860 4292 4001 17861 4293 0 17862 4231 0 17863 4294 0 17864 4231 4002 17865 4232 4002 17866 4294 4002 17867 4233 3950 17868 4234 3951 17869 4295 4003 17870 4234 3951 17871 4236 4004 17872 4295 4003 17873 4236 4004 17874 4238 4005 17875 4295 4003 17876 4295 4003 17877 4238 4005 17878 4296 4006 17879 4239 3954 17880 4240 3955 17881 4297 4007 17882 4297 4007 17883 4240 3955 17884 4299 4008 17885 4299 4008 17886 4240 3955 17887 4300 4009 17888 4240 3955 17889 4241 3956 17890 4300 4009 17891 4241 3956 17892 4242 3957 17893 4300 4009 17894 4300 4009 17895 4242 3957 17896 4301 4010 17897 4301 4010 17898 4242 3957 17899 4302 4011 17900 4242 3957 17901 4243 3958 17902 4302 4011 17903 4302 4011 17904 4243 3958 17905 4303 4012 17906 4243 3958 17907 4244 3959 17908 4303 4012 17909 4244 3959 17910 4246 4013 17911 4303 4012 17912 4303 4012 17913 4246 4013 17914 4304 4014 17915 4246 4013 17916 4248 4015 17917 4304 4014 17918 4304 4014 17919 4248 4015 17920 4305 4016 17921 4248 4015 17922 4250 4017 17923 4305 4016 17924 4305 4016 17925 4250 4017 17926 4306 4018 17927 4250 4017 17928 4252 4019 17929 4306 4018 17930 4306 4018 17931 4252 4019 17932 4307 4020 17933 4252 4019 17934 4255 3966 17935 4307 4020 17936 4255 3966 17937 4256 3967 17938 4307 4020 17939 4307 4020 17940 4256 3967 17941 4308 4021 17942 4256 3967 17943 4257 3968 17944 4308 4021 17945 4308 4021 17946 4257 3968 17947 4309 4022 17948 4257 3968 17949 4258 3969 17950 4309 4022 17951 4258 3969 17952 4260 3972 17953 4309 4022 17954 4309 4022 17955 4260 3972 17956 4310 4023 17957 4313 4024 17958 4311 4025 17959 4314 4026 17960 4311 4025 17961 4260 3972 17962 4314 4026 17963 4260 3972 17964 4261 3973 17965 4314 4026 17966 4262 0 17967 4263 0 17968 4315 0 17969 4315 0 17970 4263 0 17971 4316 0 17972 4264 3974 17973 4265 3977 17974 4317 4027 17975 4265 3977 17976 4267 4028 17977 4317 4027 17978 4267 4028 17979 4269 4029 17980 4317 4027 17981 4317 4027 17982 4269 4029 17983 4318 4030 17984 4270 3980 17985 4271 3981 17986 4319 4031 17987 4271 3981 17988 4272 3982 17989 4319 4031 17990 4319 4031 17991 4272 3982 17992 4321 4032 17993 4272 3982 17994 4273 4033 17995 4321 4032 17996 4321 4032 17997 4273 4033 17998 4323 4034 17999 4273 4033 18000 4275 3985 18001 4323 4034 18002 4323 4034 18003 4275 3985 18004 4325 4035 18005 4325 4035 18006 4275 3985 18007 4326 4036 18008 4275 3985 18009 4276 3986 18010 4326 4036 18011 4326 4036 18012 4276 3986 18013 4327 4037 18014 4276 3986 18015 4278 4038 18016 4327 4037 18017 4327 4037 18018 4278 4038 18019 4328 4039 18020 4328 4039 18021 4278 4038 18022 4329 4040 18023 4278 4038 18024 4281 3992 18025 4329 4040 18026 4329 4040 18027 4281 3992 18028 4330 4041 18029 4281 3992 18030 4282 3993 18031 4330 4041 18032 4332 4042 18033 4330 4041 18034 4334 4043 18035 4330 4041 18036 4282 3993 18037 4334 4043 18038 4334 4043 18039 4282 3993 18040 4335 4044 18041 4282 3993 18042 4283 3994 18043 4335 4044 18044 4283 3994 18045 4285 3995 18046 4335 4044 18047 4336 4045 18048 4284 4046 18049 4337 4047 18050 4284 4046 18051 4286 4048 18052 4337 4047 18053 4286 4048 18054 4288 4049 18055 4337 4047 18056 4288 4049 18057 4291 3999 18058 4337 4047 18059 4291 3999 18060 4292 4001 18061 4337 4047 18062 4338 0 18063 4293 0 18064 4339 0 18065 4293 0 18066 4294 0 18067 4339 0 18068 4295 4003 18069 4296 4006 18070 4340 4050 18071 4296 4006 18072 4298 4051 18073 4340 4050 18074 4340 4050 18075 4298 4051 18076 4341 4052 18077 4299 4008 18078 4300 4009 18079 4341 4052 18080 4300 4009 18081 4301 4010 18082 4341 4052 18083 4341 4052 18084 4301 4010 18085 4342 4053 18086 4342 4053 18087 4301 4010 18088 4344 4054 18089 4344 4054 18090 4301 4010 18091 4345 4055 18092 4301 4010 18093 4302 4011 18094 4345 4055 18095 4345 4055 18096 4302 4011 18097 4346 4056 18098 4302 4011 18099 4303 4012 18100 4346 4056 18101 4303 4012 18102 4304 4014 18103 4346 4056 18104 4346 4056 18105 4304 4014 18106 4347 4057 18107 4304 4014 18108 4305 4016 18109 4347 4057 18110 4347 4057 18111 4305 4016 18112 4348 4058 18113 4305 4016 18114 4306 4018 18115 4348 4058 18116 4348 4058 18117 4306 4018 18118 4349 4059 18119 4306 4018 18120 4307 4020 18121 4349 4059 18122 4307 4020 18123 4308 4021 18124 4349 4059 18125 4349 4059 18126 4308 4021 18127 4350 4060 18128 4308 4021 18129 4309 4022 18130 4350 4060 18131 4309 4022 18132 4310 4023 18133 4350 4060 18134 4310 4023 18135 4312 4061 18136 4350 4060 18137 4350 4060 18138 4312 4061 18139 4351 4062 18140 4352 4063 18141 4313 4024 18142 4353 4064 18143 4313 4024 18144 4314 4026 18145 4353 4064 18146 4315 4065 18147 4316 4065 18148 4354 4065 18149 4354 0 18150 4316 0 18151 4355 0 18152 4317 4027 18153 4318 4030 18154 4356 4066 18155 4318 4030 18156 4320 4067 18157 4356 4066 18158 4320 4067 18159 4322 4068 18160 4356 4066 18161 4322 4068 18162 4324 4069 18163 4356 4066 18164 4356 4066 18165 4324 4069 18166 4357 4070 18167 4325 4035 18168 4326 4036 18169 4358 4071 18170 4358 4071 18171 4326 4036 18172 4360 4072 18173 4326 4036 18174 4327 4037 18175 4360 4072 18176 4360 4072 18177 4327 4037 18178 4362 4073 18179 4327 4037 18180 4328 4039 18181 4362 4073 18182 4362 4073 18183 4328 4039 18184 4364 4074 18185 4364 4074 18186 4328 4039 18187 4366 4075 18188 4328 4039 18189 4329 4040 18190 4366 4075 18191 4366 4075 18192 4329 4040 18193 4367 4076 18194 4329 4040 18195 4330 4041 18196 4367 4076 18197 4330 4041 18198 4332 4042 18199 4367 4076 18200 4368 4077 18201 4331 4078 18202 4369 4079 18203 4331 4078 18204 4333 4080 18205 4369 4079 18206 4333 4080 18207 4336 4045 18208 4369 4079 18209 4336 4045 18210 4337 4047 18211 4369 4079 18212 4370 0 18213 4338 0 18214 4371 0 18215 4338 4081 18216 4339 4081 18217 4371 4081 18218 4340 4050 18219 4341 4052 18220 4372 4082 18221 4341 4052 18222 4342 4053 18223 4372 4082 18224 4342 4053 18225 4343 4083 18226 4372 4082 18227 4372 4082 18228 4343 4083 18229 4373 4084 18230 4344 4054 18231 4345 4055 18232 4374 4085 18233 4374 4085 18234 4345 4055 18235 4376 4086 18236 4376 4086 18237 4345 4055 18238 4377 4087 18239 4345 4055 18240 4346 4056 18241 4377 4087 18242 4346 4056 18243 4347 4057 18244 4377 4087 18245 4377 4087 18246 4347 4057 18247 4378 4088 18248 4347 4057 18249 4348 4058 18250 4378 4088 18251 4378 4088 18252 4348 4058 18253 4379 4089 18254 4348 4058 18255 4349 4059 18256 4379 4089 18257 4349 4059 18258 4350 4060 18259 4379 4089 18260 4350 4060 18261 4351 4062 18262 4379 4089 18263 4379 4089 18264 4351 4062 18265 4380 4090 18266 4381 4091 18267 4352 4063 18268 4382 4092 18269 4352 4063 18270 4353 4064 18271 4382 4092 18272 4354 0 18273 4355 0 18274 4383 0 18275 4383 0 18276 4355 0 18277 4384 0 18278 4356 4066 18279 4357 4070 18280 4385 4093 18281 4357 4070 18282 4359 4094 18283 4385 4093 18284 4359 4094 18285 4361 4095 18286 4385 4093 18287 4385 4093 18288 4361 4095 18289 4386 4096 18290 4361 4095 18291 4363 4097 18292 4386 4096 18293 4363 4097 18294 4365 4098 18295 4386 4096 18296 4365 4098 18297 4368 4077 18298 4386 4096 18299 4368 4077 18300 4369 4079 18301 4386 4096 18302 4387 0 18303 4370 0 18304 4388 0 18305 4370 0 18306 4371 0 18307 4388 0 18308 4372 4082 18309 4373 4084 18310 4389 4099 18311 4373 4084 18312 4375 4100 18313 4389 4099 18314 4389 4099 18315 4375 4100 18316 4390 4101 18317 4376 4086 18318 4377 4087 18319 4390 4101 18320 4377 4087 18321 4378 4088 18322 4390 4101 18323 4390 4101 18324 4378 4088 18325 4391 4102 18326 4391 4102 18327 4378 4088 18328 4392 4103 18329 4378 4088 18330 4379 4089 18331 4392 4103 18332 4379 4089 18333 4380 4090 18334 4392 4103 18335 4381 4091 18336 4382 4092 18337 4393 4104 18338 4393 4104 18339 4382 4092 18340 4395 4105 18341 4383 4106 18342 4384 4106 18343 4394 4106 18344 4384 0 18345 4387 0 18346 4394 0 18347 4387 0 18348 4388 0 18349 4394 0 18350 4389 4099 18351 4390 4101 18352 4395 4105 18353 4390 4101 18354 4391 4102 18355 4395 4105 18356 4393 4104 18357 4395 4105 18358 4391 4102 18359</p>
        </triangles>
      </mesh>
    </geometry>
  </library_geometries>
  <library_visual_scenes>
    <visual_scene id="Scene" name="Scene">
      <node id="装配体4_简化底盘" name="装配体4^简化底盘" type="NODE">
        <matrix sid="transform">-0.8660254 -8.74228e-8 0.5 0 7.57103e-8 -1 -4.37114e-8 0 0.5 0 0.8660254 0 0 0 0 1</matrix>
        <node id="简化车轮-1" name="简化车轮-1" type="NODE">
          <matrix sid="transform">0.8660249 0.3701729 0.3361131 0.0217635 -6.55218e-8 0.672226 -0.740346 0.0111968 -0.4999999 0.641158 0.5821649 -0.0243045 0 0 0 1</matrix>
          <instance_geometry url="#Mesh_0_002-mesh" name="简化车轮-1">
            <bind_material>
              <technique_common>
                <instance_material symbol="polished_steel_001-material" target="#polished_steel_001-material">
                  <bind_vertex_input semantic="UVMap" input_semantic="TEXCOORD" input_set="0"/>
                </instance_material>
                <instance_material symbol="color_002-material" target="#color_002-material">
                  <bind_vertex_input semantic="UVMap" input_semantic="TEXCOORD" input_set="0"/>
                </instance_material>
              </technique_common>
            </bind_material>
          </instance_geometry>
        </node>
      </node>
      <node id="current" name="current" type="NODE">
        <matrix sid="transform">-0.9542179 0.1819889 -0.2373781 -0.627465 -0.0163349 -0.8241291 -0.5661661 -1.64686 -0.2986662 -0.5363679 0.7893719 2.2929 0 0 0 1</matrix>
        <instance_camera url="#current-camera"/>
      </node>
    </visual_scene>
  </library_visual_scenes>
  <scene>
    <instance_visual_scene url="#Scene"/>
  </scene>
</COLLADA>